image_a,image_b,label,cosine_score
Abel_Pacheco/Abel_Pacheco_0001.jpg,Abel_Pacheco/Abel_Pacheco_0004.jpg,1,0.98535842
Akhmed_Zakayev/Akhmed_Zakayev_0001.jpg,Akhmed_Zakayev/Akhmed_Zakayev_0003.jpg,1,0.99030125
Akhmed_Zakayev/Akhmed_Zakayev_0002.jpg,Akhmed_Zakayev/Akhmed_Zakayev_0003.jpg,1,0.98443419
Amber_Tamblyn/Amber_Tamblyn_0001.jpg,Amber_Tamblyn/Amber_Tamblyn_0002.jpg,1,0.99617797
Anders_Fogh_Rasmussen/Anders_Fogh_Rasmussen_0001.jpg,Anders_Fogh_Rasmussen/Anders_Fogh_Rasmussen_0003.jpg,1,0.99669164
Anders_Fogh_Rasmussen/Anders_Fogh_Rasmussen_0001.jpg,Anders_Fogh_Rasmussen/Anders_Fogh_Rasmussen_0004.jpg,1,0.99730760
Angela_Bassett/Angela_Bassett_0001.jpg,Angela_Bassett/Angela_Bassett_0005.jpg,1,0.99920332
Angela_Bassett/Angela_Bassett_0002.jpg,Angela_Bassett/Angela_Bassett_0005.jpg,1,0.99887222
Angela_Bassett/Angela_Bassett_0003.jpg,Angela_Bassett/Angela_Bassett_0004.jpg,1,0.97701067
Ann_Veneman/Ann_Veneman_0003.jpg,Ann_Veneman/Ann_Veneman_0005.jpg,1,0.99405617
Ann_Veneman/Ann_Veneman_0006.jpg,Ann_Veneman/Ann_Veneman_0010.jpg,1,0.97873682
Ann_Veneman/Ann_Veneman_0010.jpg,Ann_Veneman/Ann_Veneman_0011.jpg,1,0.98234695
Anthony_Fauci/Anthony_Fauci_0001.jpg,Anthony_Fauci/Anthony_Fauci_0002.jpg,1,0.98824781
Antony_Leung/Antony_Leung_0001.jpg,Antony_Leung/Antony_Leung_0002.jpg,1,0.99338657
Antony_Leung/Antony_Leung_0002.jpg,Antony_Leung/Antony_Leung_0003.jpg,1,0.98993218
Anwar_Ibrahim/Anwar_Ibrahim_0001.jpg,Anwar_Ibrahim/Anwar_Ibrahim_0002.jpg,1,0.97738206
Augusto_Pinochet/Augusto_Pinochet_0001.jpg,Augusto_Pinochet/Augusto_Pinochet_0002.jpg,1,0.99816179
Barbara_Brezigar/Barbara_Brezigar_0001.jpg,Barbara_Brezigar/Barbara_Brezigar_0002.jpg,1,0.98758441
Benjamin_Netanyahu/Benjamin_Netanyahu_0001.jpg,Benjamin_Netanyahu/Benjamin_Netanyahu_0004.jpg,1,0.99729627
Benjamin_Netanyahu/Benjamin_Netanyahu_0004.jpg,Benjamin_Netanyahu/Benjamin_Netanyahu_0005.jpg,1,0.98496425
Bernard_Law/Bernard_Law_0002.jpg,Bernard_Law/Bernard_Law_0003.jpg,1,0.99119467
Bernard_Law/Bernard_Law_0003.jpg,Bernard_Law/Bernard_Law_0004.jpg,1,0.99517709
Bertrand_Bonello/Bertrand_Bonello_0001.jpg,Bertrand_Bonello/Bertrand_Bonello_0002.jpg,1,0.98390466
Bill_Frist/Bill_Frist_0002.jpg,Bill_Frist/Bill_Frist_0009.jpg,1,0.98922104
Bill_Frist/Bill_Frist_0004.jpg,Bill_Frist/Bill_Frist_0005.jpg,1,0.97919679
Bob_Graham/Bob_Graham_0002.jpg,Bob_Graham/Bob_Graham_0004.jpg,1,0.99488348
Bob_Graham/Bob_Graham_0003.jpg,Bob_Graham/Bob_Graham_0006.jpg,1,0.99935436
Bob_Graham/Bob_Graham_0004.jpg,Bob_Graham/Bob_Graham_0006.jpg,1,0.99723363
Bob_Graham/Bob_Graham_0005.jpg,Bob_Graham/Bob_Graham_0006.jpg,1,0.99535203
Boris_Becker/Boris_Becker_0002.jpg,Boris_Becker/Boris_Becker_0006.jpg,1,0.99424183
Brad_Johnson/Brad_Johnson_0001.jpg,Brad_Johnson/Brad_Johnson_0003.jpg,1,0.98988223
Brad_Johnson/Brad_Johnson_0002.jpg,Brad_Johnson/Brad_Johnson_0003.jpg,1,0.99380040
Brad_Johnson/Brad_Johnson_0002.jpg,Brad_Johnson/Brad_Johnson_0004.jpg,1,0.98455954
Brian_Griese/Brian_Griese_0001.jpg,Brian_Griese/Brian_Griese_0002.jpg,1,0.99472046
Candice_Bergen/Candice_Bergen_0001.jpg,Candice_Bergen/Candice_Bergen_0002.jpg,1,0.96725917
Candice_Bergen/Candice_Bergen_0002.jpg,Candice_Bergen/Candice_Bergen_0003.jpg,1,0.99812365
Carla_Myers/Carla_Myers_0001.jpg,Carla_Myers/Carla_Myers_0002.jpg,1,0.99839020
Cathy_Freeman/Cathy_Freeman_0001.jpg,Cathy_Freeman/Cathy_Freeman_0002.jpg,1,0.97812116
Chang_Dae-whan/Chang_Dae-whan_0001.jpg,Chang_Dae-whan/Chang_Dae-whan_0002.jpg,1,0.99004126
Charles_Grassley/Charles_Grassley_0001.jpg,Charles_Grassley/Charles_Grassley_0002.jpg,1,0.99234593
Clare_Short/Clare_Short_0001.jpg,Clare_Short/Clare_Short_0003.jpg,1,0.99037528
Clare_Short/Clare_Short_0001.jpg,Clare_Short/Clare_Short_0004.jpg,1,0.98463625
Corinne_Coman/Corinne_Coman_0001.jpg,Corinne_Coman/Corinne_Coman_0002.jpg,1,0.99176717
Dai_Bachtiar/Dai_Bachtiar_0001.jpg,Dai_Bachtiar/Dai_Bachtiar_0002.jpg,1,0.99145353
Dale_Earnhardt_Jr/Dale_Earnhardt_Jr_0001.jpg,Dale_Earnhardt_Jr/Dale_Earnhardt_Jr_0003.jpg,1,0.98676622
David_Caruso/David_Caruso_0001.jpg,David_Caruso/David_Caruso_0002.jpg,1,0.99756420
Demi_Moore/Demi_Moore_0001.jpg,Demi_Moore/Demi_Moore_0003.jpg,1,0.99762261
Dick_Vermeil/Dick_Vermeil_0001.jpg,Dick_Vermeil/Dick_Vermeil_0002.jpg,1,0.98746002
Doris_Roberts/Doris_Roberts_0001.jpg,Doris_Roberts/Doris_Roberts_0002.jpg,1,0.99294716
Doris_Roberts/Doris_Roberts_0001.jpg,Doris_Roberts/Doris_Roberts_0003.jpg,1,0.99512094
Drew_Barrymore/Drew_Barrymore_0001.jpg,Drew_Barrymore/Drew_Barrymore_0002.jpg,1,0.98526090
Edmund_Stoiber/Edmund_Stoiber_0004.jpg,Edmund_Stoiber/Edmund_Stoiber_0007.jpg,1,0.99415112
Edmund_Stoiber/Edmund_Stoiber_0005.jpg,Edmund_Stoiber/Edmund_Stoiber_0007.jpg,1,0.99610585
Edmund_Stoiber/Edmund_Stoiber_0007.jpg,Edmund_Stoiber/Edmund_Stoiber_0012.jpg,1,0.99120808
Edmund_Stoiber/Edmund_Stoiber_0009.jpg,Edmund_Stoiber/Edmund_Stoiber_0011.jpg,1,0.98796493
Elinor_Caplan/Elinor_Caplan_0001.jpg,Elinor_Caplan/Elinor_Caplan_0002.jpg,1,0.97237200
Emmanuelle_Beart/Emmanuelle_Beart_0001.jpg,Emmanuelle_Beart/Emmanuelle_Beart_0002.jpg,1,0.99606466
Emmanuelle_Beart/Emmanuelle_Beart_0001.jpg,Emmanuelle_Beart/Emmanuelle_Beart_0003.jpg,1,0.99821091
Federico_Trillo/Federico_Trillo_0001.jpg,Federico_Trillo/Federico_Trillo_0002.jpg,1,0.98511219
Federico_Trillo/Federico_Trillo_0001.jpg,Federico_Trillo/Federico_Trillo_0003.jpg,1,0.98076558
Federico_Trillo/Federico_Trillo_0002.jpg,Federico_Trillo/Federico_Trillo_0003.jpg,1,0.99631268
Francis_Ford_Coppola/Francis_Ford_Coppola_0001.jpg,Francis_Ford_Coppola/Francis_Ford_Coppola_0002.jpg,1,0.99345994
Fred_Thompson/Fred_Thompson_0001.jpg,Fred_Thompson/Fred_Thompson_0002.jpg,1,0.99554211
Fred_Thompson/Fred_Thompson_0001.jpg,Fred_Thompson/Fred_Thompson_0003.jpg,1,0.99764800
Fred_Thompson/Fred_Thompson_0002.jpg,Fred_Thompson/Fred_Thompson_0003.jpg,1,0.99760199
Garry_Trudeau/Garry_Trudeau_0001.jpg,Garry_Trudeau/Garry_Trudeau_0002.jpg,1,0.99750233
Gary_Williams/Gary_Williams_0001.jpg,Gary_Williams/Gary_Williams_0002.jpg,1,0.98985767
Gene_Robinson/Gene_Robinson_0001.jpg,Gene_Robinson/Gene_Robinson_0002.jpg,1,0.99736923
Gene_Robinson/Gene_Robinson_0001.jpg,Gene_Robinson/Gene_Robinson_0003.jpg,1,0.99177098
Gene_Robinson/Gene_Robinson_0002.jpg,Gene_Robinson/Gene_Robinson_0003.jpg,1,0.98785877
George_Galloway/George_Galloway_0001.jpg,George_Galloway/George_Galloway_0003.jpg,1,0.98180920
George_Galloway/George_Galloway_0002.jpg,George_Galloway/George_Galloway_0003.jpg,1,0.99703407
George_Galloway/George_Galloway_0002.jpg,George_Galloway/George_Galloway_0004.jpg,1,0.97604275
Geraldine_Chaplin/Geraldine_Chaplin_0001.jpg,Geraldine_Chaplin/Geraldine_Chaplin_0002.jpg,1,0.98809391
Geraldine_Chaplin/Geraldine_Chaplin_0001.jpg,Geraldine_Chaplin/Geraldine_Chaplin_0004.jpg,1,0.97450340
Geraldine_Chaplin/Geraldine_Chaplin_0003.jpg,Geraldine_Chaplin/Geraldine_Chaplin_0004.jpg,1,0.99243689
Gerardo_Gambala/Gerardo_Gambala_0001.jpg,Gerardo_Gambala/Gerardo_Gambala_0002.jpg,1,0.99581528
Gian_Marco/Gian_Marco_0001.jpg,Gian_Marco/Gian_Marco_0002.jpg,1,0.99720943
Gian_Marco/Gian_Marco_0002.jpg,Gian_Marco/Gian_Marco_0003.jpg,1,0.99756062
Gillian_Anderson/Gillian_Anderson_0001.jpg,Gillian_Anderson/Gillian_Anderson_0002.jpg,1,0.99368531
Gordon_Brown/Gordon_Brown_0006.jpg,Gordon_Brown/Gordon_Brown_0009.jpg,1,0.99405241
Gordon_Brown/Gordon_Brown_0010.jpg,Gordon_Brown/Gordon_Brown_0013.jpg,1,0.99346441
Grant_Hackett/Grant_Hackett_0001.jpg,Grant_Hackett/Grant_Hackett_0002.jpg,1,0.98740923
Grant_Hackett/Grant_Hackett_0001.jpg,Grant_Hackett/Grant_Hackett_0003.jpg,1,0.99168682
Grant_Hackett/Grant_Hackett_0001.jpg,Grant_Hackett/Grant_Hackett_0005.jpg,1,0.98125947
Gray_Davis/Gray_Davis_0007.jpg,Gray_Davis/Gray_Davis_0022.jpg,1,0.98820341
Gray_Davis/Gray_Davis_0021.jpg,Gray_Davis/Gray_Davis_0026.jpg,1,0.99765342
Gregg_Popovich/Gregg_Popovich_0001.jpg,Gregg_Popovich/Gregg_Popovich_0005.jpg,1,0.99524784
Gregg_Popovich/Gregg_Popovich_0003.jpg,Gregg_Popovich/Gregg_Popovich_0004.jpg,1,0.99098212
Guy_Ritchie/Guy_Ritchie_0001.jpg,Guy_Ritchie/Guy_Ritchie_0002.jpg,1,0.96696198
Hamzah_Haz/Hamzah_Haz_0001.jpg,Hamzah_Haz/Hamzah_Haz_0002.jpg,1,0.99359983
Harbhajan_Singh/Harbhajan_Singh_0001.jpg,Harbhajan_Singh/Harbhajan_Singh_0002.jpg,1,0.99444127
Hootie_Johnson/Hootie_Johnson_0001.jpg,Hootie_Johnson/Hootie_Johnson_0002.jpg,1,0.98636770
Hugo_Chavez/Hugo_Chavez_0002.jpg,Hugo_Chavez/Hugo_Chavez_0027.jpg,1,0.99244511
Hugo_Chavez/Hugo_Chavez_0027.jpg,Hugo_Chavez/Hugo_Chavez_0053.jpg,1,0.99270409
Hugo_Chavez/Hugo_Chavez_0036.jpg,Hugo_Chavez/Hugo_Chavez_0051.jpg,1,0.98784494
Hugo_Chavez/Hugo_Chavez_0041.jpg,Hugo_Chavez/Hugo_Chavez_0050.jpg,1,0.98659736
Hugo_Chavez/Hugo_Chavez_0045.jpg,Hugo_Chavez/Hugo_Chavez_0056.jpg,1,0.99155241
Isaiah_Washington/Isaiah_Washington_0001.jpg,Isaiah_Washington/Isaiah_Washington_0002.jpg,1,0.99803096
Jack_Grubman/Jack_Grubman_0001.jpg,Jack_Grubman/Jack_Grubman_0002.jpg,1,0.99651134
Jacques_Rogge/Jacques_Rogge_0001.jpg,Jacques_Rogge/Jacques_Rogge_0009.jpg,1,0.99625486
Jacques_Rogge/Jacques_Rogge_0003.jpg,Jacques_Rogge/Jacques_Rogge_0007.jpg,1,0.99759936
Jacques_Rogge/Jacques_Rogge_0003.jpg,Jacques_Rogge/Jacques_Rogge_0010.jpg,1,0.99132526
Jacques_Rogge/Jacques_Rogge_0004.jpg,Jacques_Rogge/Jacques_Rogge_0006.jpg,1,0.99234408
Jacques_Rogge/Jacques_Rogge_0004.jpg,Jacques_Rogge/Jacques_Rogge_0009.jpg,1,0.99524736
Jacques_Rogge/Jacques_Rogge_0005.jpg,Jacques_Rogge/Jacques_Rogge_0008.jpg,1,0.99287224
Jacques_Rogge/Jacques_Rogge_0006.jpg,Jacques_Rogge/Jacques_Rogge_0008.jpg,1,0.98822379
James_Caan/James_Caan_0001.jpg,James_Caan/James_Caan_0002.jpg,1,0.99719554
James_Caan/James_Caan_0001.jpg,James_Caan/James_Caan_0003.jpg,1,0.99487633
James_Caan/James_Caan_0002.jpg,James_Caan/James_Caan_0003.jpg,1,0.99772358
James_Jones/James_Jones_0001.jpg,James_Jones/James_Jones_0002.jpg,1,0.98208570
Jamling_Norgay/Jamling_Norgay_0001.jpg,Jamling_Norgay/Jamling_Norgay_0002.jpg,1,0.99672186
Janica_Kostelic/Janica_Kostelic_0001.jpg,Janica_Kostelic/Janica_Kostelic_0002.jpg,1,0.96445131
Jeanne_Moreau/Jeanne_Moreau_0001.jpg,Jeanne_Moreau/Jeanne_Moreau_0002.jpg,1,0.99627960
Jeffrey_Archer/Jeffrey_Archer_0001.jpg,Jeffrey_Archer/Jeffrey_Archer_0002.jpg,1,0.99524778
Jennifer_Garner/Jennifer_Garner_0001.jpg,Jennifer_Garner/Jennifer_Garner_0003.jpg,1,0.99544859
Jennifer_Garner/Jennifer_Garner_0004.jpg,Jennifer_Garner/Jennifer_Garner_0009.jpg,1,0.98226166
Jennifer_Garner/Jennifer_Garner_0005.jpg,Jennifer_Garner/Jennifer_Garner_0006.jpg,1,0.99115324
Jennifer_Garner/Jennifer_Garner_0005.jpg,Jennifer_Garner/Jennifer_Garner_0009.jpg,1,0.99719405
Jennifer_Garner/Jennifer_Garner_0007.jpg,Jennifer_Garner/Jennifer_Garner_0012.jpg,1,0.99551725
Jennifer_Garner/Jennifer_Garner_0008.jpg,Jennifer_Garner/Jennifer_Garner_0011.jpg,1,0.99077129
Jeremy_Greenstock/Jeremy_Greenstock_0002.jpg,Jeremy_Greenstock/Jeremy_Greenstock_0024.jpg,1,0.98779476
Jeremy_Greenstock/Jeremy_Greenstock_0003.jpg,Jeremy_Greenstock/Jeremy_Greenstock_0022.jpg,1,0.99672729
Jeremy_Greenstock/Jeremy_Greenstock_0005.jpg,Jeremy_Greenstock/Jeremy_Greenstock_0011.jpg,1,0.99744141
Jeremy_Greenstock/Jeremy_Greenstock_0010.jpg,Jeremy_Greenstock/Jeremy_Greenstock_0014.jpg,1,0.99653667
Jeremy_Greenstock/Jeremy_Greenstock_0017.jpg,Jeremy_Greenstock/Jeremy_Greenstock_0021.jpg,1,0.99015307
Jessica_Lange/Jessica_Lange_0001.jpg,Jessica_Lange/Jessica_Lange_0002.jpg,1,0.98842382
Jimmy_Carter/Jimmy_Carter_0001.jpg,Jimmy_Carter/Jimmy_Carter_0007.jpg,1,0.99715298
Jimmy_Carter/Jimmy_Carter_0004.jpg,Jimmy_Carter/Jimmy_Carter_0006.jpg,1,0.99769819
Jimmy_Carter/Jimmy_Carter_0005.jpg,Jimmy_Carter/Jimmy_Carter_0008.jpg,1,0.99069607
Jimmy_Carter/Jimmy_Carter_0006.jpg,Jimmy_Carter/Jimmy_Carter_0007.jpg,1,0.99790806
Jodie_Foster/Jodie_Foster_0001.jpg,Jodie_Foster/Jodie_Foster_0002.jpg,1,0.98073781
John_Manley/John_Manley_0001.jpg,John_Manley/John_Manley_0006.jpg,1,0.98787749
John_Manley/John_Manley_0002.jpg,John_Manley/John_Manley_0005.jpg,1,0.99147666
John_McCain/John_McCain_0002.jpg,John_McCain/John_McCain_0003.jpg,1,0.99156308
John_McCain/John_McCain_0003.jpg,John_McCain/John_McCain_0007.jpg,1,0.99171162
John_McCain/John_McCain_0006.jpg,John_McCain/John_McCain_0007.jpg,1,0.99605960
John_Snow/John_Snow_0003.jpg,John_Snow/John_Snow_0015.jpg,1,0.99513471
John_Snow/John_Snow_0004.jpg,John_Snow/John_Snow_0016.jpg,1,0.99707913
John_Snow/John_Snow_0009.jpg,John_Snow/John_Snow_0011.jpg,1,0.99625158
Johnson_Panjaitan/Johnson_Panjaitan_0001.jpg,Johnson_Panjaitan/Johnson_Panjaitan_0002.jpg,1,0.99696243
Jorge_Castaneda/Jorge_Castaneda_0001.jpg,Jorge_Castaneda/Jorge_Castaneda_0002.jpg,1,0.96501571
Jose_Serra/Jose_Serra_0001.jpg,Jose_Serra/Jose_Serra_0009.jpg,1,0.99722278
Jose_Serra/Jose_Serra_0002.jpg,Jose_Serra/Jose_Serra_0008.jpg,1,0.99433869
Jose_Serra/Jose_Serra_0003.jpg,Jose_Serra/Jose_Serra_0005.jpg,1,0.98910010
Jose_Serra/Jose_Serra_0003.jpg,Jose_Serra/Jose_Serra_0007.jpg,1,0.98993504
Jose_Serra/Jose_Serra_0006.jpg,Jose_Serra/Jose_Serra_0009.jpg,1,0.99794179
Jose_Theodore/Jose_Theodore_0001.jpg,Jose_Theodore/Jose_Theodore_0002.jpg,1,0.99473262
Joseph_Blatter/Joseph_Blatter_0001.jpg,Joseph_Blatter/Joseph_Blatter_0002.jpg,1,0.99408180
Joseph_Ralston/Joseph_Ralston_0001.jpg,Joseph_Ralston/Joseph_Ralston_0002.jpg,1,0.99358165
Juan_Pablo_Montoya/Juan_Pablo_Montoya_0001.jpg,Juan_Pablo_Montoya/Juan_Pablo_Montoya_0008.jpg,1,0.99081862
Juan_Pablo_Montoya/Juan_Pablo_Montoya_0002.jpg,Juan_Pablo_Montoya/Juan_Pablo_Montoya_0004.jpg,1,0.99444473
Juan_Pablo_Montoya/Juan_Pablo_Montoya_0004.jpg,Juan_Pablo_Montoya/Juan_Pablo_Montoya_0005.jpg,1,0.97715783
Julianna_Margulies/Julianna_Margulies_0001.jpg,Julianna_Margulies/Julianna_Margulies_0002.jpg,1,0.96987855
Justin_Guarini/Justin_Guarini_0001.jpg,Justin_Guarini/Justin_Guarini_0002.jpg,1,0.97097814
Justin_Guarini/Justin_Guarini_0002.jpg,Justin_Guarini/Justin_Guarini_0003.jpg,1,0.98594034
Justine_Henin/Justine_Henin_0002.jpg,Justine_Henin/Justine_Henin_0003.jpg,1,0.99360335
Kate_Winslet/Kate_Winslet_0001.jpg,Kate_Winslet/Kate_Winslet_0002.jpg,1,0.99496174
Kate_Winslet/Kate_Winslet_0001.jpg,Kate_Winslet/Kate_Winslet_0004.jpg,1,0.99514294
Kate_Winslet/Kate_Winslet_0002.jpg,Kate_Winslet/Kate_Winslet_0003.jpg,1,0.99771261
Kate_Winslet/Kate_Winslet_0002.jpg,Kate_Winslet/Kate_Winslet_0004.jpg,1,0.99600792
Kathy_Winters/Kathy_Winters_0001.jpg,Kathy_Winters/Kathy_Winters_0002.jpg,1,0.99473369
Kelvin_Sampson/Kelvin_Sampson_0001.jpg,Kelvin_Sampson/Kelvin_Sampson_0002.jpg,1,0.98821771
Kevin_Stallings/Kevin_Stallings_0001.jpg,Kevin_Stallings/Kevin_Stallings_0002.jpg,1,0.99489897
Kim_Jong-Il/Kim_Jong-Il_0002.jpg,Kim_Jong-Il/Kim_Jong-Il_0003.jpg,1,0.99408507
Kristin_Davis/Kristin_Davis_0001.jpg,Kristin_Davis/Kristin_Davis_0002.jpg,1,0.99591666
Kristin_Davis/Kristin_Davis_0002.jpg,Kristin_Davis/Kristin_Davis_0003.jpg,1,0.99085093
Lance_Armstrong/Lance_Armstrong_0001.jpg,Lance_Armstrong/Lance_Armstrong_0017.jpg,1,0.99341577
Lance_Armstrong/Lance_Armstrong_0005.jpg,Lance_Armstrong/Lance_Armstrong_0010.jpg,1,0.99078381
Lance_Armstrong/Lance_Armstrong_0007.jpg,Lance_Armstrong/Lance_Armstrong_0011.jpg,1,0.97192901
Lance_Armstrong/Lance_Armstrong_0010.jpg,Lance_Armstrong/Lance_Armstrong_0018.jpg,1,0.99389911
Lance_Armstrong/Lance_Armstrong_0014.jpg,Lance_Armstrong/Lance_Armstrong_0017.jpg,1,0.97245312
Laurent_Jalabert/Laurent_Jalabert_0001.jpg,Laurent_Jalabert/Laurent_Jalabert_0002.jpg,1,0.99593163
Lindsey_Graham/Lindsey_Graham_0001.jpg,Lindsey_Graham/Lindsey_Graham_0002.jpg,1,0.99078000
Lisa_Gottsegen/Lisa_Gottsegen_0001.jpg,Lisa_Gottsegen/Lisa_Gottsegen_0002.jpg,1,0.98017979
Lleyton_Hewitt/Lleyton_Hewitt_0001.jpg,Lleyton_Hewitt/Lleyton_Hewitt_0013.jpg,1,0.98878080
Lleyton_Hewitt/Lleyton_Hewitt_0016.jpg,Lleyton_Hewitt/Lleyton_Hewitt_0027.jpg,1,0.99681407
Lleyton_Hewitt/Lleyton_Hewitt_0018.jpg,Lleyton_Hewitt/Lleyton_Hewitt_0037.jpg,1,0.99363673
Lleyton_Hewitt/Lleyton_Hewitt_0024.jpg,Lleyton_Hewitt/Lleyton_Hewitt_0036.jpg,1,0.98480922
Luis_Ernesto_Derbez_Bautista/Luis_Ernesto_Derbez_Bautista_0003.jpg,Luis_Ernesto_Derbez_Bautista/Luis_Ernesto_Derbez_Bautista_0006.jpg,1,0.99329394
Mario_Dumont/Mario_Dumont_0001.jpg,Mario_Dumont/Mario_Dumont_0002.jpg,1,0.98912323
Mark_Wahlberg/Mark_Wahlberg_0001.jpg,Mark_Wahlberg/Mark_Wahlberg_0003.jpg,1,0.98734289
Mark_Wahlberg/Mark_Wahlberg_0002.jpg,Mark_Wahlberg/Mark_Wahlberg_0003.jpg,1,0.98888981
Mark_Wahlberg/Mark_Wahlberg_0002.jpg,Mark_Wahlberg/Mark_Wahlberg_0004.jpg,1,0.99301422
Marlene_Weingartner/Marlene_Weingartner_0001.jpg,Marlene_Weingartner/Marlene_Weingartner_0002.jpg,1,0.98599219
Martha_Bowen/Martha_Bowen_0001.jpg,Martha_Bowen/Martha_Bowen_0002.jpg,1,0.98824710
Martin_Cauchon/Martin_Cauchon_0001.jpg,Martin_Cauchon/Martin_Cauchon_0002.jpg,1,0.99820793
Martin_Hoellwarth/Martin_Hoellwarth_0001.jpg,Martin_Hoellwarth/Martin_Hoellwarth_0002.jpg,1,0.98499644
Martin_Sheen/Martin_Sheen_0001.jpg,Martin_Sheen/Martin_Sheen_0002.jpg,1,0.99630290
Matthew_Broderick/Matthew_Broderick_0001.jpg,Matthew_Broderick/Matthew_Broderick_0004.jpg,1,0.98119807
Matthew_Broderick/Matthew_Broderick_0002.jpg,Matthew_Broderick/Matthew_Broderick_0003.jpg,1,0.99325299
Mike_Krzyzewski/Mike_Krzyzewski_0001.jpg,Mike_Krzyzewski/Mike_Krzyzewski_0006.jpg,1,0.99208760
Mikhail_Gorbachev/Mikhail_Gorbachev_0001.jpg,Mikhail_Gorbachev/Mikhail_Gorbachev_0002.jpg,1,0.97675598
Monica_Bellucci/Monica_Bellucci_0001.jpg,Monica_Bellucci/Monica_Bellucci_0004.jpg,1,0.98753965
Monica_Bellucci/Monica_Bellucci_0002.jpg,Monica_Bellucci/Monica_Bellucci_0004.jpg,1,0.99245197
Naomi_Campbell/Naomi_Campbell_0001.jpg,Naomi_Campbell/Naomi_Campbell_0002.jpg,1,0.99892396
Nestor_Kirchner/Nestor_Kirchner_0003.jpg,Nestor_Kirchner/Nestor_Kirchner_0030.jpg,1,0.98419267
Nestor_Kirchner/Nestor_Kirchner_0012.jpg,Nestor_Kirchner/Nestor_Kirchner_0021.jpg,1,0.99125350
Nestor_Kirchner/Nestor_Kirchner_0017.jpg,Nestor_Kirchner/Nestor_Kirchner_0025.jpg,1,0.98810935
Nicolas_Lapentti/Nicolas_Lapentti_0001.jpg,Nicolas_Lapentti/Nicolas_Lapentti_0002.jpg,1,0.98575747
Noah_Wyle/Noah_Wyle_0002.jpg,Noah_Wyle/Noah_Wyle_0003.jpg,1,0.99474925
Nora_Bendijo/Nora_Bendijo_0001.jpg,Nora_Bendijo/Nora_Bendijo_0002.jpg,1,0.97088009
Nursultan_Nazarbayev/Nursultan_Nazarbayev_0001.jpg,Nursultan_Nazarbayev/Nursultan_Nazarbayev_0002.jpg,1,0.97441435
Pamela_Anderson/Pamela_Anderson_0001.jpg,Pamela_Anderson/Pamela_Anderson_0002.jpg,1,0.99658233
Pamela_Anderson/Pamela_Anderson_0001.jpg,Pamela_Anderson/Pamela_Anderson_0005.jpg,1,0.96727830
Patricia_Heaton/Patricia_Heaton_0001.jpg,Patricia_Heaton/Patricia_Heaton_0002.jpg,1,0.99629158
Patty_Schnyder/Patty_Schnyder_0001.jpg,Patty_Schnyder/Patty_Schnyder_0002.jpg,1,0.97594333
Patty_Schnyder/Patty_Schnyder_0002.jpg,Patty_Schnyder/Patty_Schnyder_0003.jpg,1,0.98787600
Patty_Schnyder/Patty_Schnyder_0002.jpg,Patty_Schnyder/Patty_Schnyder_0004.jpg,1,0.98975819
Patty_Schnyder/Patty_Schnyder_0003.jpg,Patty_Schnyder/Patty_Schnyder_0004.jpg,1,0.99189019
Paul_Bremer/Paul_Bremer_0006.jpg,Paul_Bremer/Paul_Bremer_0017.jpg,1,0.99454176
Paul_Bremer/Paul_Bremer_0007.jpg,Paul_Bremer/Paul_Bremer_0010.jpg,1,0.99641359
Paul_Bremer/Paul_Bremer_0009.jpg,Paul_Bremer/Paul_Bremer_0015.jpg,1,0.99171281
Paul_Bremer/Paul_Bremer_0014.jpg,Paul_Bremer/Paul_Bremer_0016.jpg,1,0.99262381
Paul_Sarbanes/Paul_Sarbanes_0001.jpg,Paul_Sarbanes/Paul_Sarbanes_0003.jpg,1,0.99407279
Paul_Sarbanes/Paul_Sarbanes_0002.jpg,Paul_Sarbanes/Paul_Sarbanes_0003.jpg,1,0.99606478
Paul_William_Hurley/Paul_William_Hurley_0001.jpg,Paul_William_Hurley/Paul_William_Hurley_0002.jpg,1,0.99899161
Pervez_Musharraf/Pervez_Musharraf_0001.jpg,Pervez_Musharraf/Pervez_Musharraf_0006.jpg,1,0.99332273
Pervez_Musharraf/Pervez_Musharraf_0002.jpg,Pervez_Musharraf/Pervez_Musharraf_0016.jpg,1,0.98607230
Pervez_Musharraf/Pervez_Musharraf_0003.jpg,Pervez_Musharraf/Pervez_Musharraf_0010.jpg,1,0.99162948
Pervez_Musharraf/Pervez_Musharraf_0004.jpg,Pervez_Musharraf/Pervez_Musharraf_0014.jpg,1,0.99084210
Pervez_Musharraf/Pervez_Musharraf_0005.jpg,Pervez_Musharraf/Pervez_Musharraf_0007.jpg,1,0.97623950
Pervez_Musharraf/Pervez_Musharraf_0005.jpg,Pervez_Musharraf/Pervez_Musharraf_0015.jpg,1,0.98369533
Phil_Gramm/Phil_Gramm_0001.jpg,Phil_Gramm/Phil_Gramm_0002.jpg,1,0.98375809
Prince_Edward/Prince_Edward_0001.jpg,Prince_Edward/Prince_Edward_0002.jpg,1,0.98372090
Ricardo_Lagos/Ricardo_Lagos_0003.jpg,Ricardo_Lagos/Ricardo_Lagos_0012.jpg,1,0.99714983
Ricardo_Lagos/Ricardo_Lagos_0023.jpg,Ricardo_Lagos/Ricardo_Lagos_0027.jpg,1,0.99695200
Ricardo_Monasterio/Ricardo_Monasterio_0001.jpg,Ricardo_Monasterio/Ricardo_Monasterio_0002.jpg,1,0.99362391
Rich_Gannon/Rich_Gannon_0001.jpg,Rich_Gannon/Rich_Gannon_0002.jpg,1,0.99865788
Rick_Perry/Rick_Perry_0001.jpg,Rick_Perry/Rick_Perry_0004.jpg,1,0.99731469
Rick_Perry/Rick_Perry_0001.jpg,Rick_Perry/Rick_Perry_0005.jpg,1,0.99715358
Rick_Perry/Rick_Perry_0002.jpg,Rick_Perry/Rick_Perry_0004.jpg,1,0.98719251
Rick_Perry/Rick_Perry_0003.jpg,Rick_Perry/Rick_Perry_0004.jpg,1,0.99878895
Robert_Bonner/Robert_Bonner_0002.jpg,Robert_Bonner/Robert_Bonner_0003.jpg,1,0.99820930
Robert_Evans/Robert_Evans_0002.jpg,Robert_Evans/Robert_Evans_0003.jpg,1,0.98195374
Robert_Fico/Robert_Fico_0001.jpg,Robert_Fico/Robert_Fico_0002.jpg,1,0.99238747
Romano_Prodi/Romano_Prodi_0003.jpg,Romano_Prodi/Romano_Prodi_0005.jpg,1,0.99558699
Roy_Moore/Roy_Moore_0002.jpg,Roy_Moore/Roy_Moore_0005.jpg,1,0.98628408
Roy_Moore/Roy_Moore_0003.jpg,Roy_Moore/Roy_Moore_0006.jpg,1,0.98288953
Sachiko_Yamada/Sachiko_Yamada_0001.jpg,Sachiko_Yamada/Sachiko_Yamada_0002.jpg,1,0.99699438
Sachiko_Yamada/Sachiko_Yamada_0001.jpg,Sachiko_Yamada/Sachiko_Yamada_0004.jpg,1,0.98623335
Sachiko_Yamada/Sachiko_Yamada_0002.jpg,Sachiko_Yamada/Sachiko_Yamada_0003.jpg,1,0.99559903
Sachiko_Yamada/Sachiko_Yamada_0002.jpg,Sachiko_Yamada/Sachiko_Yamada_0004.jpg,1,0.99212903
Saeb_Erekat/Saeb_Erekat_0001.jpg,Saeb_Erekat/Saeb_Erekat_0002.jpg,1,0.99190146
Sam_Bith/Sam_Bith_0001.jpg,Sam_Bith/Sam_Bith_0002.jpg,1,0.99728668
Sam_Bith/Sam_Bith_0001.jpg,Sam_Bith/Sam_Bith_0003.jpg,1,0.99394685
Sam_Bith/Sam_Bith_0002.jpg,Sam_Bith/Sam_Bith_0003.jpg,1,0.99469668
Sean_Hayes/Sean_Hayes_0001.jpg,Sean_Hayes/Sean_Hayes_0002.jpg,1,0.99540108
Sergio_Garcia/Sergio_Garcia_0001.jpg,Sergio_Garcia/Sergio_Garcia_0002.jpg,1,0.99430907
Silvia_Farina_Elia/Silvia_Farina_Elia_0001.jpg,Silvia_Farina_Elia/Silvia_Farina_Elia_0002.jpg,1,0.97144938
Steve_Ballmer/Steve_Ballmer_0001.jpg,Steve_Ballmer/Steve_Ballmer_0002.jpg,1,0.99674964
Steve_Ballmer/Steve_Ballmer_0001.jpg,Steve_Ballmer/Steve_Ballmer_0003.jpg,1,0.99568760
Stockard_Channing/Stockard_Channing_0001.jpg,Stockard_Channing/Stockard_Channing_0003.jpg,1,0.99399757
Stockard_Channing/Stockard_Channing_0002.jpg,Stockard_Channing/Stockard_Channing_0003.jpg,1,0.98996270
Terry_McAuliffe/Terry_McAuliffe_0001.jpg,Terry_McAuliffe/Terry_McAuliffe_0002.jpg,1,0.98961759
Terry_McAuliffe/Terry_McAuliffe_0001.jpg,Terry_McAuliffe/Terry_McAuliffe_0003.jpg,1,0.98198891
Thomas_Rupprath/Thomas_Rupprath_0001.jpg,Thomas_Rupprath/Thomas_Rupprath_0003.jpg,1,0.98485959
Thomas_Rupprath/Thomas_Rupprath_0002.jpg,Thomas_Rupprath/Thomas_Rupprath_0003.jpg,1,0.98513317
Tom_Ridge/Tom_Ridge_0006.jpg,Tom_Ridge/Tom_Ridge_0016.jpg,1,0.99821097
Tom_Ridge/Tom_Ridge_0008.jpg,Tom_Ridge/Tom_Ridge_0025.jpg,1,0.99852997
Tom_Ridge/Tom_Ridge_0009.jpg,Tom_Ridge/Tom_Ridge_0026.jpg,1,0.99365991
Tom_Ridge/Tom_Ridge_0018.jpg,Tom_Ridge/Tom_Ridge_0022.jpg,1,0.99388945
Tommy_Haas/Tommy_Haas_0004.jpg,Tommy_Haas/Tommy_Haas_0005.jpg,1,0.98529303
Tommy_Thompson/Tommy_Thompson_0001.jpg,Tommy_Thompson/Tommy_Thompson_0002.jpg,1,0.99479491
Tommy_Thompson/Tommy_Thompson_0001.jpg,Tommy_Thompson/Tommy_Thompson_0007.jpg,1,0.99114132
Tommy_Thompson/Tommy_Thompson_0002.jpg,Tommy_Thompson/Tommy_Thompson_0008.jpg,1,0.99254304
Tommy_Thompson/Tommy_Thompson_0004.jpg,Tommy_Thompson/Tommy_Thompson_0008.jpg,1,0.99656707
Tommy_Thompson/Tommy_Thompson_0006.jpg,Tommy_Thompson/Tommy_Thompson_0009.jpg,1,0.99617875
Tomoko_Hagiwara/Tomoko_Hagiwara_0001.jpg,Tomoko_Hagiwara/Tomoko_Hagiwara_0002.jpg,1,0.96655399
Trent_Lott/Trent_Lott_0001.jpg,Trent_Lott/Trent_Lott_0002.jpg,1,0.99658126
Trent_Lott/Trent_Lott_0002.jpg,Trent_Lott/Trent_Lott_0003.jpg,1,0.99330527
Trent_Lott/Trent_Lott_0002.jpg,Trent_Lott/Trent_Lott_0008.jpg,1,0.99574149
Trent_Lott/Trent_Lott_0006.jpg,Trent_Lott/Trent_Lott_0011.jpg,1,0.99690598
Trent_Lott/Trent_Lott_0007.jpg,Trent_Lott/Trent_Lott_0010.jpg,1,0.99039519
Trent_Lott/Trent_Lott_0008.jpg,Trent_Lott/Trent_Lott_0016.jpg,1,0.98072702
Tsutomu_Takebe/Tsutomu_Takebe_0001.jpg,Tsutomu_Takebe/Tsutomu_Takebe_0002.jpg,1,0.99830568
Tyler_Hamilton/Tyler_Hamilton_0001.jpg,Tyler_Hamilton/Tyler_Hamilton_0002.jpg,1,0.98545611
Tyra_Banks/Tyra_Banks_0001.jpg,Tyra_Banks/Tyra_Banks_0002.jpg,1,0.99918467
Vaclav_Havel/Vaclav_Havel_0002.jpg,Vaclav_Havel/Vaclav_Havel_0004.jpg,1,0.99543488
Vaclav_Havel/Vaclav_Havel_0002.jpg,Vaclav_Havel/Vaclav_Havel_0005.jpg,1,0.99573934
Vaclav_Havel/Vaclav_Havel_0002.jpg,Vaclav_Havel/Vaclav_Havel_0006.jpg,1,0.99592698
Vaclav_Havel/Vaclav_Havel_0004.jpg,Vaclav_Havel/Vaclav_Havel_0009.jpg,1,0.99315053
Vaclav_Havel/Vaclav_Havel_0005.jpg,Vaclav_Havel/Vaclav_Havel_0007.jpg,1,0.99727869
Valerie_Harper/Valerie_Harper_0001.jpg,Valerie_Harper/Valerie_Harper_0002.jpg,1,0.97591209
Vince_Carter/Vince_Carter_0003.jpg,Vince_Carter/Vince_Carter_0004.jpg,1,0.99932557
Vincent_Brooks/Vincent_Brooks_0002.jpg,Vincent_Brooks/Vincent_Brooks_0003.jpg,1,0.99662983
Vincent_Brooks/Vincent_Brooks_0002.jpg,Vincent_Brooks/Vincent_Brooks_0007.jpg,1,0.99769062
Vincent_Brooks/Vincent_Brooks_0004.jpg,Vincent_Brooks/Vincent_Brooks_0005.jpg,1,0.99598306
Vincent_Brooks/Vincent_Brooks_0004.jpg,Vincent_Brooks/Vincent_Brooks_0007.jpg,1,0.98199689
Vincent_Gallo/Vincent_Gallo_0001.jpg,Vincent_Gallo/Vincent_Gallo_0002.jpg,1,0.99050754
Vitali_Klitschko/Vitali_Klitschko_0001.jpg,Vitali_Klitschko/Vitali_Klitschko_0002.jpg,1,0.98550010
Vitali_Klitschko/Vitali_Klitschko_0003.jpg,Vitali_Klitschko/Vitali_Klitschko_0004.jpg,1,0.98009527
William_Macy/William_Macy_0001.jpg,William_Macy/William_Macy_0004.jpg,1,0.99852300
William_Macy/William_Macy_0002.jpg,William_Macy/William_Macy_0004.jpg,1,0.98509991
William_Macy/William_Macy_0003.jpg,William_Macy/William_Macy_0004.jpg,1,0.99939698
Woody_Allen/Woody_Allen_0002.jpg,Woody_Allen/Woody_Allen_0004.jpg,1,0.98616534
Woody_Allen/Woody_Allen_0003.jpg,Woody_Allen/Woody_Allen_0005.jpg,1,0.99655229
Yukiko_Okudo/Yukiko_Okudo_0001.jpg,Yukiko_Okudo/Yukiko_Okudo_0002.jpg,1,0.99599761
Zico/Zico_0001.jpg,Zico/Zico_0002.jpg,1,0.99550796
Zico/Zico_0002.jpg,Zico/Zico_0003.jpg,1,0.98919886
Abdullah_Gul/Abdullah_Gul_0001.jpg,Abdullah_Gul/Abdullah_Gul_0006.jpg,1,0.99282724
Abdullah_Gul/Abdullah_Gul_0001.jpg,Abdullah_Gul/Abdullah_Gul_0008.jpg,1,0.98763525
Abdullah_Gul/Abdullah_Gul_0007.jpg,Abdullah_Gul/Abdullah_Gul_0014.jpg,1,0.99686527
Abdullah_Gul/Abdullah_Gul_0009.jpg,Abdullah_Gul/Abdullah_Gul_0012.jpg,1,0.99616820
Abdullah_Gul/Abdullah_Gul_0009.jpg,Abdullah_Gul/Abdullah_Gul_0015.jpg,1,0.98703450
Adolfo_Rodriguez_Saa/Adolfo_Rodriguez_Saa_0001.jpg,Adolfo_Rodriguez_Saa/Adolfo_Rodriguez_Saa_0002.jpg,1,0.97545087
Adrien_Brody/Adrien_Brody_0002.jpg,Adrien_Brody/Adrien_Brody_0003.jpg,1,0.99285221
Adrien_Brody/Adrien_Brody_0002.jpg,Adrien_Brody/Adrien_Brody_0012.jpg,1,0.98749548
Adrien_Brody/Adrien_Brody_0005.jpg,Adrien_Brody/Adrien_Brody_0010.jpg,1,0.98469698
Adrien_Brody/Adrien_Brody_0007.jpg,Adrien_Brody/Adrien_Brody_0008.jpg,1,0.99759895
Al_Sharpton/Al_Sharpton_0001.jpg,Al_Sharpton/Al_Sharpton_0004.jpg,1,0.98582304
Al_Sharpton/Al_Sharpton_0002.jpg,Al_Sharpton/Al_Sharpton_0004.jpg,1,0.98893380
Al_Sharpton/Al_Sharpton_0002.jpg,Al_Sharpton/Al_Sharpton_0007.jpg,1,0.99688238
Al_Sharpton/Al_Sharpton_0003.jpg,Al_Sharpton/Al_Sharpton_0004.jpg,1,0.99209851
Alexandra_Stevenson/Alexandra_Stevenson_0001.jpg,Alexandra_Stevenson/Alexandra_Stevenson_0002.jpg,1,0.98692495
Alexandra_Stevenson/Alexandra_Stevenson_0001.jpg,Alexandra_Stevenson/Alexandra_Stevenson_0003.jpg,1,0.97876060
Alexandra_Vodjanikova/Alexandra_Vodjanikova_0001.jpg,Alexandra_Vodjanikova/Alexandra_Vodjanikova_0002.jpg,1,0.99622720
Alicia_Silverstone/Alicia_Silverstone_0001.jpg,Alicia_Silverstone/Alicia_Silverstone_0002.jpg,1,0.99367237
Ana_Palacio/Ana_Palacio_0003.jpg,Ana_Palacio/Ana_Palacio_0007.jpg,1,0.99364406
Ana_Palacio/Ana_Palacio_0006.jpg,Ana_Palacio/Ana_Palacio_0008.jpg,1,0.99342287
Andre_Agassi/Andre_Agassi_0001.jpg,Andre_Agassi/Andre_Agassi_0005.jpg,1,0.99231398
Andre_Agassi/Andre_Agassi_0002.jpg,Andre_Agassi/Andre_Agassi_0016.jpg,1,0.99770713
Andre_Agassi/Andre_Agassi_0004.jpg,Andre_Agassi/Andre_Agassi_0033.jpg,1,0.99175870
Andre_Agassi/Andre_Agassi_0009.jpg,Andre_Agassi/Andre_Agassi_0025.jpg,1,0.98812938
Andre_Agassi/Andre_Agassi_0017.jpg,Andre_Agassi/Andre_Agassi_0025.jpg,1,0.99609685
Anna_Kournikova/Anna_Kournikova_0002.jpg,Anna_Kournikova/Anna_Kournikova_0003.jpg,1,0.99172807
Anna_Kournikova/Anna_Kournikova_0002.jpg,Anna_Kournikova/Anna_Kournikova_0012.jpg,1,0.98743761
Anna_Kournikova/Anna_Kournikova_0003.jpg,Anna_Kournikova/Anna_Kournikova_0008.jpg,1,0.99122661
Anna_Kournikova/Anna_Kournikova_0007.jpg,Anna_Kournikova/Anna_Kournikova_0008.jpg,1,0.99445027
Anna_Kournikova/Anna_Kournikova_0007.jpg,Anna_Kournikova/Anna_Kournikova_0011.jpg,1,0.98745215
Annette_Lu/Annette_Lu_0001.jpg,Annette_Lu/Annette_Lu_0002.jpg,1,0.98151207
Arnold_Palmer/Arnold_Palmer_0001.jpg,Arnold_Palmer/Arnold_Palmer_0003.jpg,1,0.99445999
Arnold_Palmer/Arnold_Palmer_0002.jpg,Arnold_Palmer/Arnold_Palmer_0003.jpg,1,0.99645990
Aron_Ralston/Aron_Ralston_0001.jpg,Aron_Ralston/Aron_Ralston_0002.jpg,1,0.98902833
Arturo_Gatti/Arturo_Gatti_0002.jpg,Arturo_Gatti/Arturo_Gatti_0003.jpg,1,0.98164564
Bashar_Assad/Bashar_Assad_0001.jpg,Bashar_Assad/Bashar_Assad_0003.jpg,1,0.98039669
Bashar_Assad/Bashar_Assad_0002.jpg,Bashar_Assad/Bashar_Assad_0004.jpg,1,0.98858875
Bernardo_Segura/Bernardo_Segura_0001.jpg,Bernardo_Segura/Bernardo_Segura_0002.jpg,1,0.98419499
Bill_Gates/Bill_Gates_0003.jpg,Bill_Gates/Bill_Gates_0016.jpg,1,0.99101156
Bill_Gates/Bill_Gates_0007.jpg,Bill_Gates/Bill_Gates_0015.jpg,1,0.98147178
Bill_Gates/Bill_Gates_0011.jpg,Bill_Gates/Bill_Gates_0013.jpg,1,0.98473781
Bill_Gates/Bill_Gates_0013.jpg,Bill_Gates/Bill_Gates_0017.jpg,1,0.98580807
Bo_Pelini/Bo_Pelini_0001.jpg,Bo_Pelini/Bo_Pelini_0002.jpg,1,0.99546796
Bob_Stoops/Bob_Stoops_0002.jpg,Bob_Stoops/Bob_Stoops_0004.jpg,1,0.98890877
Bob_Stoops/Bob_Stoops_0002.jpg,Bob_Stoops/Bob_Stoops_0005.jpg,1,0.98986107
Bobby_Robson/Bobby_Robson_0001.jpg,Bobby_Robson/Bobby_Robson_0002.jpg,1,0.99594647
Bode_Miller/Bode_Miller_0001.jpg,Bode_Miller/Bode_Miller_0002.jpg,1,0.98878694
Caroline_Kennedy/Caroline_Kennedy_0001.jpg,Caroline_Kennedy/Caroline_Kennedy_0003.jpg,1,0.99715817
Caroline_Kennedy/Caroline_Kennedy_0002.jpg,Caroline_Kennedy/Caroline_Kennedy_0003.jpg,1,0.99473190
Catherine_Zeta-Jones/Catherine_Zeta-Jones_0001.jpg,Catherine_Zeta-Jones/Catherine_Zeta-Jones_0011.jpg,1,0.96301800
Catherine_Zeta-Jones/Catherine_Zeta-Jones_0004.jpg,Catherine_Zeta-Jones/Catherine_Zeta-Jones_0009.jpg,1,0.98922616
Celso_Amorim/Celso_Amorim_0001.jpg,Celso_Amorim/Celso_Amorim_0002.jpg,1,0.96862674
Chan_Gailey/Chan_Gailey_0001.jpg,Chan_Gailey/Chan_Gailey_0002.jpg,1,0.99380076
Chanda_Rubin/Chanda_Rubin_0002.jpg,Chanda_Rubin/Chanda_Rubin_0005.jpg,1,0.99672240
Chanda_Rubin/Chanda_Rubin_0004.jpg,Chanda_Rubin/Chanda_Rubin_0005.jpg,1,0.99235731
Charles_Bronson/Charles_Bronson_0001.jpg,Charles_Bronson/Charles_Bronson_0002.jpg,1,0.98265570
Charles_Kartman/Charles_Kartman_0001.jpg,Charles_Kartman/Charles_Kartman_0002.jpg,1,0.99032581
Charles_Schumer/Charles_Schumer_0001.jpg,Charles_Schumer/Charles_Schumer_0002.jpg,1,0.97710943
Chris_Rock/Chris_Rock_0001.jpg,Chris_Rock/Chris_Rock_0002.jpg,1,0.99799746
Christine_Baumgartner/Christine_Baumgartner_0001.jpg,Christine_Baumgartner/Christine_Baumgartner_0002.jpg,1,0.99589634
Christine_Baumgartner/Christine_Baumgartner_0002.jpg,Christine_Baumgartner/Christine_Baumgartner_0004.jpg,1,0.99368680
Colin_Farrell/Colin_Farrell_0001.jpg,Colin_Farrell/Colin_Farrell_0007.jpg,1,0.99509877
Colin_Farrell/Colin_Farrell_0002.jpg,Colin_Farrell/Colin_Farrell_0007.jpg,1,0.99342465
Colin_Farrell/Colin_Farrell_0003.jpg,Colin_Farrell/Colin_Farrell_0006.jpg,1,0.96854782
Colin_Farrell/Colin_Farrell_0004.jpg,Colin_Farrell/Colin_Farrell_0008.jpg,1,0.99475902
Dalai_Lama/Dalai_Lama_0001.jpg,Dalai_Lama/Dalai_Lama_0002.jpg,1,0.99181354
Daniel_Radcliffe/Daniel_Radcliffe_0001.jpg,Daniel_Radcliffe/Daniel_Radcliffe_0004.jpg,1,0.99331665
Daryl_Hannah/Daryl_Hannah_0001.jpg,Daryl_Hannah/Daryl_Hannah_0002.jpg,1,0.99454498
David_Anderson/David_Anderson_0001.jpg,David_Anderson/David_Anderson_0002.jpg,1,0.99051028
David_Anderson/David_Anderson_0001.jpg,David_Anderson/David_Anderson_0003.jpg,1,0.99294901
David_Beckham/David_Beckham_0001.jpg,David_Beckham/David_Beckham_0015.jpg,1,0.98599946
David_Beckham/David_Beckham_0009.jpg,David_Beckham/David_Beckham_0016.jpg,1,0.99437296
David_Beckham/David_Beckham_0011.jpg,David_Beckham/David_Beckham_0029.jpg,1,0.99360210
David_Beckham/David_Beckham_0013.jpg,David_Beckham/David_Beckham_0029.jpg,1,0.99407136
David_Beckham/David_Beckham_0015.jpg,David_Beckham/David_Beckham_0024.jpg,1,0.98470640
David_Beckham/David_Beckham_0020.jpg,David_Beckham/David_Beckham_0027.jpg,1,0.99150389
David_Beckham/David_Beckham_0027.jpg,David_Beckham/David_Beckham_0031.jpg,1,0.99281222
Denzel_Washington/Denzel_Washington_0002.jpg,Denzel_Washington/Denzel_Washington_0004.jpg,1,0.99641037
Denzel_Washington/Denzel_Washington_0003.jpg,Denzel_Washington/Denzel_Washington_0005.jpg,1,0.99759763
Dianne_Feinstein/Dianne_Feinstein_0001.jpg,Dianne_Feinstein/Dianne_Feinstein_0002.jpg,1,0.99326855
Dianne_Feinstein/Dianne_Feinstein_0001.jpg,Dianne_Feinstein/Dianne_Feinstein_0003.jpg,1,0.98826146
Dianne_Feinstein/Dianne_Feinstein_0002.jpg,Dianne_Feinstein/Dianne_Feinstein_0003.jpg,1,0.99029672
Dick_Clark/Dick_Clark_0001.jpg,Dick_Clark/Dick_Clark_0002.jpg,1,0.99740082
Dick_Clark/Dick_Clark_0001.jpg,Dick_Clark/Dick_Clark_0003.jpg,1,0.99562824
Donald_Fehr/Donald_Fehr_0001.jpg,Donald_Fehr/Donald_Fehr_0003.jpg,1,0.99483693
Donald_Fehr/Donald_Fehr_0001.jpg,Donald_Fehr/Donald_Fehr_0004.jpg,1,0.99214202
Donald_Fehr/Donald_Fehr_0002.jpg,Donald_Fehr/Donald_Fehr_0003.jpg,1,0.99035871
Donald_Fehr/Donald_Fehr_0003.jpg,Donald_Fehr/Donald_Fehr_0004.jpg,1,0.98976445
Dwayne_Johnson/Dwayne_Johnson_0001.jpg,Dwayne_Johnson/Dwayne_Johnson_0002.jpg,1,0.99514544
Ed_Rosenthal/Ed_Rosenthal_0001.jpg,Ed_Rosenthal/Ed_Rosenthal_0002.jpg,1,0.99460495
Erik_Morales/Erik_Morales_0001.jpg,Erik_Morales/Erik_Morales_0002.jpg,1,0.99630374
Erik_Morales/Erik_Morales_0002.jpg,Erik_Morales/Erik_Morales_0003.jpg,1,0.99665952
Evan_Rachel_Wood/Evan_Rachel_Wood_0002.jpg,Evan_Rachel_Wood/Evan_Rachel_Wood_0003.jpg,1,0.99601460
Evander_Holyfield/Evander_Holyfield_0001.jpg,Evander_Holyfield/Evander_Holyfield_0002.jpg,1,0.99578774
Eve_Pelletier/Eve_Pelletier_0001.jpg,Eve_Pelletier/Eve_Pelletier_0002.jpg,1,0.98954737
Farouk_al-Sharaa/Farouk_al-Sharaa_0001.jpg,Farouk_al-Sharaa/Farouk_al-Sharaa_0002.jpg,1,0.99273169
Farouk_al-Sharaa/Farouk_al-Sharaa_0001.jpg,Farouk_al-Sharaa/Farouk_al-Sharaa_0003.jpg,1,0.99401218
Farouk_al-Sharaa/Farouk_al-Sharaa_0002.jpg,Farouk_al-Sharaa/Farouk_al-Sharaa_0003.jpg,1,0.99576974
Frank_Cassell/Frank_Cassell_0001.jpg,Frank_Cassell/Frank_Cassell_0002.jpg,1,0.99792504
Frank_Cassell/Frank_Cassell_0001.jpg,Frank_Cassell/Frank_Cassell_0003.jpg,1,0.99841142
Fujio_Cho/Fujio_Cho_0001.jpg,Fujio_Cho/Fujio_Cho_0004.jpg,1,0.99247575
Fujio_Cho/Fujio_Cho_0002.jpg,Fujio_Cho/Fujio_Cho_0005.jpg,1,0.99759769
Fujio_Cho/Fujio_Cho_0003.jpg,Fujio_Cho/Fujio_Cho_0005.jpg,1,0.99581939
Fujio_Cho/Fujio_Cho_0004.jpg,Fujio_Cho/Fujio_Cho_0006.jpg,1,0.97903645
Fujio_Cho/Fujio_Cho_0005.jpg,Fujio_Cho/Fujio_Cho_0006.jpg,1,0.97590506
Gao_Qiang/Gao_Qiang_0001.jpg,Gao_Qiang/Gao_Qiang_0002.jpg,1,0.98541117
Geoff_Hoon/Geoff_Hoon_0001.jpg,Geoff_Hoon/Geoff_Hoon_0002.jpg,1,0.99003083
Geoff_Hoon/Geoff_Hoon_0003.jpg,Geoff_Hoon/Geoff_Hoon_0004.jpg,1,0.99568796
Geoff_Hoon/Geoff_Hoon_0004.jpg,Geoff_Hoon/Geoff_Hoon_0005.jpg,1,0.99034363
George_Brumley/George_Brumley_0001.jpg,George_Brumley/George_Brumley_0002.jpg,1,0.99773288
George_Papandreou/George_Papandreou_0001.jpg,George_Papandreou/George_Papandreou_0002.jpg,1,0.98864502
George_Papandreou/George_Papandreou_0001.jpg,George_Papandreou/George_Papandreou_0003.jpg,1,0.99804884
George_Papandreou/George_Papandreou_0001.jpg,George_Papandreou/George_Papandreou_0004.jpg,1,0.99716741
George_Papandreou/George_Papandreou_0003.jpg,George_Papandreou/George_Papandreou_0004.jpg,1,0.99641591
Gloria_Allred/Gloria_Allred_0001.jpg,Gloria_Allred/Gloria_Allred_0002.jpg,1,0.99240810
Greg_Ostertag/Greg_Ostertag_0001.jpg,Greg_Ostertag/Greg_Ostertag_0002.jpg,1,0.99073374
Greg_Owen/Greg_Owen_0001.jpg,Greg_Owen/Greg_Owen_0002.jpg,1,0.97580707
Hanan_Ashrawi/Hanan_Ashrawi_0001.jpg,Hanan_Ashrawi/Hanan_Ashrawi_0002.jpg,1,0.99488783
Harry_Kalas/Harry_Kalas_0001.jpg,Harry_Kalas/Harry_Kalas_0002.jpg,1,0.99403918
Hayley_Tullett/Hayley_Tullett_0001.jpg,Hayley_Tullett/Hayley_Tullett_0002.jpg,1,0.98492646
Howard_Dean/Howard_Dean_0001.jpg,Howard_Dean/Howard_Dean_0003.jpg,1,0.99641472
Howard_Dean/Howard_Dean_0001.jpg,Howard_Dean/Howard_Dean_0007.jpg,1,0.99752843
Howard_Dean/Howard_Dean_0002.jpg,Howard_Dean/Howard_Dean_0008.jpg,1,0.99435210
Howard_Dean/Howard_Dean_0004.jpg,Howard_Dean/Howard_Dean_0005.jpg,1,0.98989666
Howard_Dean/Howard_Dean_0005.jpg,Howard_Dean/Howard_Dean_0012.jpg,1,0.99003917
Hu_Jintao/Hu_Jintao_0004.jpg,Hu_Jintao/Hu_Jintao_0014.jpg,1,0.99577129
Hu_Jintao/Hu_Jintao_0005.jpg,Hu_Jintao/Hu_Jintao_0012.jpg,1,0.99008965
Hu_Jintao/Hu_Jintao_0005.jpg,Hu_Jintao/Hu_Jintao_0015.jpg,1,0.99459749
Hu_Jintao/Hu_Jintao_0011.jpg,Hu_Jintao/Hu_Jintao_0013.jpg,1,0.98693073
Ian_McKellen/Ian_McKellen_0001.jpg,Ian_McKellen/Ian_McKellen_0003.jpg,1,0.99666703
Ibrahim_Jaafari/Ibrahim_Jaafari_0001.jpg,Ibrahim_Jaafari/Ibrahim_Jaafari_0002.jpg,1,0.99702084
Isabella_Rossellini/Isabella_Rossellini_0001.jpg,Isabella_Rossellini/Isabella_Rossellini_0003.jpg,1,0.98580301
Ishaq_Shahryar/Ishaq_Shahryar_0001.jpg,Ishaq_Shahryar/Ishaq_Shahryar_0002.jpg,1,0.97171777
Ismail_Merchant/Ismail_Merchant_0001.jpg,Ismail_Merchant/Ismail_Merchant_0002.jpg,1,0.99415648
Jacques_Chirac/Jacques_Chirac_0002.jpg,Jacques_Chirac/Jacques_Chirac_0043.jpg,1,0.99810767
Jacques_Chirac/Jacques_Chirac_0019.jpg,Jacques_Chirac/Jacques_Chirac_0028.jpg,1,0.99598026
James_Cameron/James_Cameron_0001.jpg,James_Cameron/James_Cameron_0003.jpg,1,0.97220498
James_McGreevey/James_McGreevey_0001.jpg,James_McGreevey/James_McGreevey_0003.jpg,1,0.99055743
James_McGreevey/James_McGreevey_0001.jpg,James_McGreevey/James_McGreevey_0004.jpg,1,0.99560618
Jason_Alexander/Jason_Alexander_0001.jpg,Jason_Alexander/Jason_Alexander_0002.jpg,1,0.99138665
Jason_Kidd/Jason_Kidd_0002.jpg,Jason_Kidd/Jason_Kidd_0008.jpg,1,0.98884261
Jason_Kidd/Jason_Kidd_0003.jpg,Jason_Kidd/Jason_Kidd_0008.jpg,1,0.99556744
Jason_Kidd/Jason_Kidd_0006.jpg,Jason_Kidd/Jason_Kidd_0008.jpg,1,0.99330854
Jelena_Dokic/Jelena_Dokic_0001.jpg,Jelena_Dokic/Jelena_Dokic_0002.jpg,1,0.99628031
Jelena_Dokic/Jelena_Dokic_0002.jpg,Jelena_Dokic/Jelena_Dokic_0004.jpg,1,0.97867179
Jelena_Dokic/Jelena_Dokic_0002.jpg,Jelena_Dokic/Jelena_Dokic_0008.jpg,1,0.99660039
Jelena_Dokic/Jelena_Dokic_0003.jpg,Jelena_Dokic/Jelena_Dokic_0004.jpg,1,0.98381156
Jelena_Dokic/Jelena_Dokic_0004.jpg,Jelena_Dokic/Jelena_Dokic_0005.jpg,1,0.96828991
Jelena_Dokic/Jelena_Dokic_0004.jpg,Jelena_Dokic/Jelena_Dokic_0007.jpg,1,0.96314591
Jelena_Dokic/Jelena_Dokic_0004.jpg,Jelena_Dokic/Jelena_Dokic_0008.jpg,1,0.98049545
Jelena_Dokic/Jelena_Dokic_0005.jpg,Jelena_Dokic/Jelena_Dokic_0006.jpg,1,0.99222320
Jelena_Dokic/Jelena_Dokic_0007.jpg,Jelena_Dokic/Jelena_Dokic_0008.jpg,1,0.98982626
Jennifer_Connelly/Jennifer_Connelly_0001.jpg,Jennifer_Connelly/Jennifer_Connelly_0003.jpg,1,0.99539346
Jennifer_Connelly/Jennifer_Connelly_0001.jpg,Jennifer_Connelly/Jennifer_Connelly_0004.jpg,1,0.99367535
Jennifer_Connelly/Jennifer_Connelly_0002.jpg,Jennifer_Connelly/Jennifer_Connelly_0004.jpg,1,0.99762672
Jennifer_Connelly/Jennifer_Connelly_0003.jpg,Jennifer_Connelly/Jennifer_Connelly_0004.jpg,1,0.99910295
Jennifer_Keller/Jennifer_Keller_0001.jpg,Jennifer_Keller/Jennifer_Keller_0004.jpg,1,0.97454864
Jennifer_Keller/Jennifer_Keller_0003.jpg,Jennifer_Keller/Jennifer_Keller_0004.jpg,1,0.98497128
Jennifer_Reilly/Jennifer_Reilly_0001.jpg,Jennifer_Reilly/Jennifer_Reilly_0002.jpg,1,0.99816525
Jennifer_Thompson/Jennifer_Thompson_0001.jpg,Jennifer_Thompson/Jennifer_Thompson_0002.jpg,1,0.99300790
Jim_Hahn/Jim_Hahn_0001.jpg,Jim_Hahn/Jim_Hahn_0003.jpg,1,0.99758160
Jim_Hahn/Jim_Hahn_0001.jpg,Jim_Hahn/Jim_Hahn_0004.jpg,1,0.99487746
Jim_Hahn/Jim_Hahn_0003.jpg,Jim_Hahn/Jim_Hahn_0004.jpg,1,0.99583513
Johnny_Carson/Johnny_Carson_0001.jpg,Johnny_Carson/Johnny_Carson_0002.jpg,1,0.99497473
Jorge_Batlle/Jorge_Batlle_0001.jpg,Jorge_Batlle/Jorge_Batlle_0002.jpg,1,0.99114984
Jorge_Batlle/Jorge_Batlle_0001.jpg,Jorge_Batlle/Jorge_Batlle_0003.jpg,1,0.98458672
Jorge_Rodolfo_Canicoba_Corral/Jorge_Rodolfo_Canicoba_Corral_0001.jpg,Jorge_Rodolfo_Canicoba_Corral/Jorge_Rodolfo_Canicoba_Corral_0002.jpg,1,0.99570787
Juan_Ignacio_Chela/Juan_Ignacio_Chela_0001.jpg,Juan_Ignacio_Chela/Juan_Ignacio_Chela_0002.jpg,1,0.99660611
Juan_Ignacio_Chela/Juan_Ignacio_Chela_0001.jpg,Juan_Ignacio_Chela/Juan_Ignacio_Chela_0003.jpg,1,0.99499428
Juan_Ignacio_Chela/Juan_Ignacio_Chela_0002.jpg,Juan_Ignacio_Chela/Juan_Ignacio_Chela_0003.jpg,1,0.99025047
Justin_Gatlin/Justin_Gatlin_0001.jpg,Justin_Gatlin/Justin_Gatlin_0002.jpg,1,0.99863219
Karen_Mok/Karen_Mok_0001.jpg,Karen_Mok/Karen_Mok_0002.jpg,1,0.99266648
Katie_Harman/Katie_Harman_0001.jpg,Katie_Harman/Katie_Harman_0002.jpg,1,0.97977310
Katie_Harman/Katie_Harman_0001.jpg,Katie_Harman/Katie_Harman_0003.jpg,1,0.99330521
Katie_Harman/Katie_Harman_0002.jpg,Katie_Harman/Katie_Harman_0003.jpg,1,0.97955227
Kenneth_Branagh/Kenneth_Branagh_0001.jpg,Kenneth_Branagh/Kenneth_Branagh_0002.jpg,1,0.99786031
Kevin_Costner/Kevin_Costner_0001.jpg,Kevin_Costner/Kevin_Costner_0003.jpg,1,0.99840105
Kevin_Costner/Kevin_Costner_0002.jpg,Kevin_Costner/Kevin_Costner_0006.jpg,1,0.98860550
Kevin_Costner/Kevin_Costner_0002.jpg,Kevin_Costner/Kevin_Costner_0008.jpg,1,0.98772311
Kevin_Costner/Kevin_Costner_0006.jpg,Kevin_Costner/Kevin_Costner_0008.jpg,1,0.99706692
Larry_Lindsey/Larry_Lindsey_0001.jpg,Larry_Lindsey/Larry_Lindsey_0002.jpg,1,0.99618638
Leonardo_DiCaprio/Leonardo_DiCaprio_0003.jpg,Leonardo_DiCaprio/Leonardo_DiCaprio_0007.jpg,1,0.99685514
Leonardo_DiCaprio/Leonardo_DiCaprio_0005.jpg,Leonardo_DiCaprio/Leonardo_DiCaprio_0006.jpg,1,0.99834323
Leonardo_DiCaprio/Leonardo_DiCaprio_0006.jpg,Leonardo_DiCaprio/Leonardo_DiCaprio_0008.jpg,1,0.99741572
Lindsay_Davenport/Lindsay_Davenport_0002.jpg,Lindsay_Davenport/Lindsay_Davenport_0010.jpg,1,0.99136627
Lindsay_Davenport/Lindsay_Davenport_0005.jpg,Lindsay_Davenport/Lindsay_Davenport_0009.jpg,1,0.99584717
Lisa_Ling/Lisa_Ling_0001.jpg,Lisa_Ling/Lisa_Ling_0002.jpg,1,0.98912704
Lucy_Liu/Lucy_Liu_0002.jpg,Lucy_Liu/Lucy_Liu_0004.jpg,1,0.98213613
Lucy_Liu/Lucy_Liu_0002.jpg,Lucy_Liu/Lucy_Liu_0005.jpg,1,0.99410820
Lucy_Liu/Lucy_Liu_0003.jpg,Lucy_Liu/Lucy_Liu_0005.jpg,1,0.99734223
Manfred_Stolpe/Manfred_Stolpe_0001.jpg,Manfred_Stolpe/Manfred_Stolpe_0002.jpg,1,0.99906760
Maria_Luisa_Mendonca/Maria_Luisa_Mendonca_0001.jpg,Maria_Luisa_Mendonca/Maria_Luisa_Mendonca_0002.jpg,1,0.99328798
Mario_Kreutzberger/Mario_Kreutzberger_0001.jpg,Mario_Kreutzberger/Mario_Kreutzberger_0002.jpg,1,0.99430543
Melissa_Etheridge/Melissa_Etheridge_0001.jpg,Melissa_Etheridge/Melissa_Etheridge_0002.jpg,1,0.99515122
Michael_Jordan/Michael_Jordan_0001.jpg,Michael_Jordan/Michael_Jordan_0002.jpg,1,0.99743795
Michael_Jordan/Michael_Jordan_0001.jpg,Michael_Jordan/Michael_Jordan_0003.jpg,1,0.99827349
Michael_Jordan/Michael_Jordan_0002.jpg,Michael_Jordan/Michael_Jordan_0004.jpg,1,0.99536830
Mikhail_Youzhny/Mikhail_Youzhny_0001.jpg,Mikhail_Youzhny/Mikhail_Youzhny_0002.jpg,1,0.99247426
Mitchell_Daniels/Mitchell_Daniels_0001.jpg,Mitchell_Daniels/Mitchell_Daniels_0002.jpg,1,0.99369490
Mitchell_Daniels/Mitchell_Daniels_0001.jpg,Mitchell_Daniels/Mitchell_Daniels_0004.jpg,1,0.98899305
Mitchell_Daniels/Mitchell_Daniels_0003.jpg,Mitchell_Daniels/Mitchell_Daniels_0004.jpg,1,0.98967862
Mohammad_Khatami/Mohammad_Khatami_0001.jpg,Mohammad_Khatami/Mohammad_Khatami_0005.jpg,1,0.99211287
Mohammad_Khatami/Mohammad_Khatami_0003.jpg,Mohammad_Khatami/Mohammad_Khatami_0009.jpg,1,0.98937374
Mohammad_Khatami/Mohammad_Khatami_0008.jpg,Mohammad_Khatami/Mohammad_Khatami_0010.jpg,1,0.97841758
Monique_Garbrecht-Enfeldt/Monique_Garbrecht-Enfeldt_0001.jpg,Monique_Garbrecht-Enfeldt/Monique_Garbrecht-Enfeldt_0003.jpg,1,0.97968888
Natalie_Maines/Natalie_Maines_0002.jpg,Natalie_Maines/Natalie_Maines_0005.jpg,1,0.98937225
Natalie_Maines/Natalie_Maines_0004.jpg,Natalie_Maines/Natalie_Maines_0005.jpg,1,0.98144448
Nelson_Mandela/Nelson_Mandela_0001.jpg,Nelson_Mandela/Nelson_Mandela_0003.jpg,1,0.99409229
Norodom_Sihanouk/Norodom_Sihanouk_0001.jpg,Norodom_Sihanouk/Norodom_Sihanouk_0003.jpg,1,0.99649382
Norodom_Sihanouk/Norodom_Sihanouk_0002.jpg,Norodom_Sihanouk/Norodom_Sihanouk_0003.jpg,1,0.99575472
Osama_bin_Laden/Osama_bin_Laden_0002.jpg,Osama_bin_Laden/Osama_bin_Laden_0004.jpg,1,0.99859625
Osama_bin_Laden/Osama_bin_Laden_0003.jpg,Osama_bin_Laden/Osama_bin_Laden_0004.jpg,1,0.99863410
Oxana_Fedorova/Oxana_Fedorova_0001.jpg,Oxana_Fedorova/Oxana_Fedorova_0002.jpg,1,0.99708891
Peter_Bacanovic/Peter_Bacanovic_0001.jpg,Peter_Bacanovic/Peter_Bacanovic_0002.jpg,1,0.99039209
Philippe_Noiret/Philippe_Noiret_0001.jpg,Philippe_Noiret/Philippe_Noiret_0002.jpg,1,0.98779148
Placido_Domingo/Placido_Domingo_0001.jpg,Placido_Domingo/Placido_Domingo_0002.jpg,1,0.99615514
Placido_Domingo/Placido_Domingo_0002.jpg,Placido_Domingo/Placido_Domingo_0003.jpg,1,0.99694991
Prince_William/Prince_William_0001.jpg,Prince_William/Prince_William_0002.jpg,1,0.99186134
Princess_Aiko/Princess_Aiko_0001.jpg,Princess_Aiko/Princess_Aiko_0002.jpg,1,0.99303377
Priscilla_Presley/Priscilla_Presley_0001.jpg,Priscilla_Presley/Priscilla_Presley_0002.jpg,1,0.99293172
Richard_Haass/Richard_Haass_0001.jpg,Richard_Haass/Richard_Haass_0002.jpg,1,0.99095249
Richard_Shelby/Richard_Shelby_0001.jpg,Richard_Shelby/Richard_Shelby_0002.jpg,1,0.99731398
Rick_Barnes/Rick_Barnes_0001.jpg,Rick_Barnes/Rick_Barnes_0002.jpg,1,0.99089682
Rick_Barnes/Rick_Barnes_0001.jpg,Rick_Barnes/Rick_Barnes_0003.jpg,1,0.98946548
Rick_Dinse/Rick_Dinse_0001.jpg,Rick_Dinse/Rick_Dinse_0003.jpg,1,0.99530876
Rick_Dinse/Rick_Dinse_0002.jpg,Rick_Dinse/Rick_Dinse_0003.jpg,1,0.99571466
Rio_Ferdinand/Rio_Ferdinand_0001.jpg,Rio_Ferdinand/Rio_Ferdinand_0002.jpg,1,0.98212564
Rita_Grande/Rita_Grande_0001.jpg,Rita_Grande/Rita_Grande_0002.jpg,1,0.98472011
Rita_Grande/Rita_Grande_0002.jpg,Rita_Grande/Rita_Grande_0003.jpg,1,0.98804355
Robin_McLaurin_Williams/Robin_McLaurin_Williams_0001.jpg,Robin_McLaurin_Williams/Robin_McLaurin_Williams_0002.jpg,1,0.98594624
Saddam_Hussein/Saddam_Hussein_0002.jpg,Saddam_Hussein/Saddam_Hussein_0004.jpg,1,0.99862087
Saddam_Hussein/Saddam_Hussein_0002.jpg,Saddam_Hussein/Saddam_Hussein_0010.jpg,1,0.98254299
Saddam_Hussein/Saddam_Hussein_0003.jpg,Saddam_Hussein/Saddam_Hussein_0011.jpg,1,0.99206215
Saddam_Hussein/Saddam_Hussein_0006.jpg,Saddam_Hussein/Saddam_Hussein_0009.jpg,1,0.99677491
Sally_Field/Sally_Field_0001.jpg,Sally_Field/Sally_Field_0002.jpg,1,0.99278694
Salma_Hayek/Salma_Hayek_0001.jpg,Salma_Hayek/Salma_Hayek_0010.jpg,1,0.99532145
Salma_Hayek/Salma_Hayek_0001.jpg,Salma_Hayek/Salma_Hayek_0011.jpg,1,0.99678099
Sandra_Bullock/Sandra_Bullock_0001.jpg,Sandra_Bullock/Sandra_Bullock_0003.jpg,1,0.99099493
Sandra_Bullock/Sandra_Bullock_0001.jpg,Sandra_Bullock/Sandra_Bullock_0004.jpg,1,0.95974386
Sandra_Bullock/Sandra_Bullock_0002.jpg,Sandra_Bullock/Sandra_Bullock_0004.jpg,1,0.96276635
Sandra_Bullock/Sandra_Bullock_0003.jpg,Sandra_Bullock/Sandra_Bullock_0004.jpg,1,0.97118908
Sarah_Hughes/Sarah_Hughes_0001.jpg,Sarah_Hughes/Sarah_Hughes_0006.jpg,1,0.98843676
Sarah_Hughes/Sarah_Hughes_0002.jpg,Sarah_Hughes/Sarah_Hughes_0005.jpg,1,0.99427629
Sarah_Hughes/Sarah_Hughes_0003.jpg,Sarah_Hughes/Sarah_Hughes_0005.jpg,1,0.99768686
Sarah_Hughes/Sarah_Hughes_0004.jpg,Sarah_Hughes/Sarah_Hughes_0006.jpg,1,0.98381728
Sharon_Frey/Sharon_Frey_0001.jpg,Sharon_Frey/Sharon_Frey_0002.jpg,1,0.99418032
Silvio_Berlusconi/Silvio_Berlusconi_0006.jpg,Silvio_Berlusconi/Silvio_Berlusconi_0030.jpg,1,0.97276604
Silvio_Berlusconi/Silvio_Berlusconi_0008.jpg,Silvio_Berlusconi/Silvio_Berlusconi_0023.jpg,1,0.99241543
Silvio_Berlusconi/Silvio_Berlusconi_0013.jpg,Silvio_Berlusconi/Silvio_Berlusconi_0021.jpg,1,0.99771065
Silvio_Berlusconi/Silvio_Berlusconi_0017.jpg,Silvio_Berlusconi/Silvio_Berlusconi_0029.jpg,1,0.98554301
Silvio_Berlusconi/Silvio_Berlusconi_0018.jpg,Silvio_Berlusconi/Silvio_Berlusconi_0025.jpg,1,0.98744065
Silvio_Berlusconi/Silvio_Berlusconi_0023.jpg,Silvio_Berlusconi/Silvio_Berlusconi_0028.jpg,1,0.99556148
Silvio_Berlusconi/Silvio_Berlusconi_0024.jpg,Silvio_Berlusconi/Silvio_Berlusconi_0030.jpg,1,0.97964835
Silvio_Berlusconi/Silvio_Berlusconi_0026.jpg,Silvio_Berlusconi/Silvio_Berlusconi_0032.jpg,1,0.99586391
Spencer_Abraham/Spencer_Abraham_0003.jpg,Spencer_Abraham/Spencer_Abraham_0017.jpg,1,0.99148035
Steffi_Graf/Steffi_Graf_0002.jpg,Steffi_Graf/Steffi_Graf_0005.jpg,1,0.99046499
Steffi_Graf/Steffi_Graf_0003.jpg,Steffi_Graf/Steffi_Graf_0004.jpg,1,0.97599649
Steven_Spielberg/Steven_Spielberg_0001.jpg,Steven_Spielberg/Steven_Spielberg_0005.jpg,1,0.98803228
Steven_Spielberg/Steven_Spielberg_0001.jpg,Steven_Spielberg/Steven_Spielberg_0006.jpg,1,0.99456483
Steven_Spielberg/Steven_Spielberg_0003.jpg,Steven_Spielberg/Steven_Spielberg_0006.jpg,1,0.99364775
Steven_Spielberg/Steven_Spielberg_0004.jpg,Steven_Spielberg/Steven_Spielberg_0006.jpg,1,0.99492514
Steven_Spielberg/Steven_Spielberg_0004.jpg,Steven_Spielberg/Steven_Spielberg_0007.jpg,1,0.98818946
Steven_Spielberg/Steven_Spielberg_0006.jpg,Steven_Spielberg/Steven_Spielberg_0007.jpg,1,0.98871052
Theresa_May/Theresa_May_0001.jpg,Theresa_May/Theresa_May_0002.jpg,1,0.98944271
Theresa_May/Theresa_May_0002.jpg,Theresa_May/Theresa_May_0003.jpg,1,0.98459470
Tippi_Hedren/Tippi_Hedren_0001.jpg,Tippi_Hedren/Tippi_Hedren_0002.jpg,1,0.99681032
Todd_Haynes/Todd_Haynes_0001.jpg,Todd_Haynes/Todd_Haynes_0002.jpg,1,0.97247779
Todd_Haynes/Todd_Haynes_0001.jpg,Todd_Haynes/Todd_Haynes_0003.jpg,1,0.96859294
Todd_Haynes/Todd_Haynes_0001.jpg,Todd_Haynes/Todd_Haynes_0004.jpg,1,0.96437228
Todd_Haynes/Todd_Haynes_0002.jpg,Todd_Haynes/Todd_Haynes_0004.jpg,1,0.98905009
Tony_Blair/Tony_Blair_0018.jpg,Tony_Blair/Tony_Blair_0086.jpg,1,0.99026525
Tony_Blair/Tony_Blair_0032.jpg,Tony_Blair/Tony_Blair_0048.jpg,1,0.99667168
Tony_Blair/Tony_Blair_0032.jpg,Tony_Blair/Tony_Blair_0110.jpg,1,0.99474967
Tony_Blair/Tony_Blair_0053.jpg,Tony_Blair/Tony_Blair_0102.jpg,1,0.99192959
Tony_Blair/Tony_Blair_0091.jpg,Tony_Blair/Tony_Blair_0134.jpg,1,0.98908770
Tony_Blair/Tony_Blair_0092.jpg,Tony_Blair/Tony_Blair_0133.jpg,1,0.99219972
Tony_Blair/Tony_Blair_0105.jpg,Tony_Blair/Tony_Blair_0121.jpg,1,0.99586189
Vicente_Fox/Vicente_Fox_0004.jpg,Vicente_Fox/Vicente_Fox_0030.jpg,1,0.99383652
Vicente_Fox/Vicente_Fox_0009.jpg,Vicente_Fox/Vicente_Fox_0016.jpg,1,0.99603122
Vicente_Fox/Vicente_Fox_0011.jpg,Vicente_Fox/Vicente_Fox_0017.jpg,1,0.99455428
Vicente_Fox/Vicente_Fox_0015.jpg,Vicente_Fox/Vicente_Fox_0030.jpg,1,0.99339026
Vojislav_Kostunica/Vojislav_Kostunica_0001.jpg,Vojislav_Kostunica/Vojislav_Kostunica_0003.jpg,1,0.98720938
Vojislav_Kostunica/Vojislav_Kostunica_0002.jpg,Vojislav_Kostunica/Vojislav_Kostunica_0004.jpg,1,0.98781174
Vojislav_Kostunica/Vojislav_Kostunica_0004.jpg,Vojislav_Kostunica/Vojislav_Kostunica_0007.jpg,1,0.99638927
Vojislav_Kostunica/Vojislav_Kostunica_0005.jpg,Vojislav_Kostunica/Vojislav_Kostunica_0007.jpg,1,0.99752742
Walter_Mondale/Walter_Mondale_0001.jpg,Walter_Mondale/Walter_Mondale_0006.jpg,1,0.99023604
Walter_Mondale/Walter_Mondale_0001.jpg,Walter_Mondale/Walter_Mondale_0007.jpg,1,0.99157512
Walter_Mondale/Walter_Mondale_0005.jpg,Walter_Mondale/Walter_Mondale_0007.jpg,1,0.99120462
Walter_Mondale/Walter_Mondale_0006.jpg,Walter_Mondale/Walter_Mondale_0008.jpg,1,0.99507475
Walter_Mondale/Walter_Mondale_0007.jpg,Walter_Mondale/Walter_Mondale_0009.jpg,1,0.99268943
Wang_Yingfan/Wang_Yingfan_0002.jpg,Wang_Yingfan/Wang_Yingfan_0003.jpg,1,0.99328399
William_Bratton/William_Bratton_0001.jpg,William_Bratton/William_Bratton_0003.jpg,1,0.99000162
William_Donaldson/William_Donaldson_0001.jpg,William_Donaldson/William_Donaldson_0005.jpg,1,0.99281967
William_Donaldson/William_Donaldson_0003.jpg,William_Donaldson/William_Donaldson_0005.jpg,1,0.99901706
William_Donaldson/William_Donaldson_0004.jpg,William_Donaldson/William_Donaldson_0006.jpg,1,0.99857026
Xavier_Malisse/Xavier_Malisse_0001.jpg,Xavier_Malisse/Xavier_Malisse_0003.jpg,1,0.98982239
Xavier_Malisse/Xavier_Malisse_0003.jpg,Xavier_Malisse/Xavier_Malisse_0004.jpg,1,0.99419087
Xavier_Malisse/Xavier_Malisse_0003.jpg,Xavier_Malisse/Xavier_Malisse_0005.jpg,1,0.98933089
Yevgeny_Kafelnikov/Yevgeny_Kafelnikov_0001.jpg,Yevgeny_Kafelnikov/Yevgeny_Kafelnikov_0004.jpg,1,0.99362957
Zarai_Toledo/Zarai_Toledo_0001.jpg,Zarai_Toledo/Zarai_Toledo_0002.jpg,1,0.96654201
Aaron_Sorkin/Aaron_Sorkin_0001.jpg,Aaron_Sorkin/Aaron_Sorkin_0002.jpg,1,0.97064680
Abdullah/Abdullah_0001.jpg,Abdullah/Abdullah_0003.jpg,1,0.99408519
Abdullah/Abdullah_0002.jpg,Abdullah/Abdullah_0003.jpg,1,0.99164164
Abdullah/Abdullah_0002.jpg,Abdullah/Abdullah_0004.jpg,1,0.99281764
Abdullah/Abdullah_0003.jpg,Abdullah/Abdullah_0004.jpg,1,0.99453926
Abid_Hamid_Mahmud_Al-Tikriti/Abid_Hamid_Mahmud_Al-Tikriti_0001.jpg,Abid_Hamid_Mahmud_Al-Tikriti/Abid_Hamid_Mahmud_Al-Tikriti_0002.jpg,1,0.98603481
Abid_Hamid_Mahmud_Al-Tikriti/Abid_Hamid_Mahmud_Al-Tikriti_0001.jpg,Abid_Hamid_Mahmud_Al-Tikriti/Abid_Hamid_Mahmud_Al-Tikriti_0003.jpg,1,0.98504215
Alan_Ball/Alan_Ball_0001.jpg,Alan_Ball/Alan_Ball_0002.jpg,1,0.99641252
Albert_Costa/Albert_Costa_0003.jpg,Albert_Costa/Albert_Costa_0005.jpg,1,0.98446947
Albert_Costa/Albert_Costa_0005.jpg,Albert_Costa/Albert_Costa_0006.jpg,1,0.99605119
Ali_Khamenei/Ali_Khamenei_0001.jpg,Ali_Khamenei/Ali_Khamenei_0002.jpg,1,0.99349874
Ali_Khamenei/Ali_Khamenei_0001.jpg,Ali_Khamenei/Ali_Khamenei_0003.jpg,1,0.99523282
Amelia_Vega/Amelia_Vega_0001.jpg,Amelia_Vega/Amelia_Vega_0007.jpg,1,0.99796689
Amelia_Vega/Amelia_Vega_0002.jpg,Amelia_Vega/Amelia_Vega_0007.jpg,1,0.99576366
Amelia_Vega/Amelia_Vega_0003.jpg,Amelia_Vega/Amelia_Vega_0005.jpg,1,0.99246061
Antonio_Banderas/Antonio_Banderas_0001.jpg,Antonio_Banderas/Antonio_Banderas_0005.jpg,1,0.97921407
Antonio_Banderas/Antonio_Banderas_0002.jpg,Antonio_Banderas/Antonio_Banderas_0005.jpg,1,0.98435462
Antonio_Banderas/Antonio_Banderas_0003.jpg,Antonio_Banderas/Antonio_Banderas_0005.jpg,1,0.98165059
Arye_Mekel/Arye_Mekel_0001.jpg,Arye_Mekel/Arye_Mekel_0002.jpg,1,0.99747449
Azra_Akin/Azra_Akin_0001.jpg,Azra_Akin/Azra_Akin_0003.jpg,1,0.99389470
Azra_Akin/Azra_Akin_0001.jpg,Azra_Akin/Azra_Akin_0004.jpg,1,0.99897754
Bernard_Landry/Bernard_Landry_0002.jpg,Bernard_Landry/Bernard_Landry_0003.jpg,1,0.99901187
Bernard_Landry/Bernard_Landry_0002.jpg,Bernard_Landry/Bernard_Landry_0004.jpg,1,0.99750549
Bernard_Landry/Bernard_Landry_0003.jpg,Bernard_Landry/Bernard_Landry_0004.jpg,1,0.99651277
Biljana_Plavsic/Biljana_Plavsic_0001.jpg,Biljana_Plavsic/Biljana_Plavsic_0002.jpg,1,0.99278682
Biljana_Plavsic/Biljana_Plavsic_0001.jpg,Biljana_Plavsic/Biljana_Plavsic_0003.jpg,1,0.99289805
Biljana_Plavsic/Biljana_Plavsic_0002.jpg,Biljana_Plavsic/Biljana_Plavsic_0003.jpg,1,0.99560654
Bob_Hope/Bob_Hope_0001.jpg,Bob_Hope/Bob_Hope_0005.jpg,1,0.98724890
Bob_Hope/Bob_Hope_0003.jpg,Bob_Hope/Bob_Hope_0006.jpg,1,0.96321225
Bob_Hope/Bob_Hope_0004.jpg,Bob_Hope/Bob_Hope_0005.jpg,1,0.99202269
Bob_Hope/Bob_Hope_0004.jpg,Bob_Hope/Bob_Hope_0007.jpg,1,0.99663180
Bridget_Fonda/Bridget_Fonda_0001.jpg,Bridget_Fonda/Bridget_Fonda_0003.jpg,1,0.99363762
Bridget_Fonda/Bridget_Fonda_0002.jpg,Bridget_Fonda/Bridget_Fonda_0003.jpg,1,0.99632412
Carlos_Ruiz/Carlos_Ruiz_0001.jpg,Carlos_Ruiz/Carlos_Ruiz_0003.jpg,1,0.99697596
Carlos_Ruiz/Carlos_Ruiz_0002.jpg,Carlos_Ruiz/Carlos_Ruiz_0003.jpg,1,0.99115288
Carly_Fiorina/Carly_Fiorina_0001.jpg,Carly_Fiorina/Carly_Fiorina_0002.jpg,1,0.98532414
Carly_Fiorina/Carly_Fiorina_0001.jpg,Carly_Fiorina/Carly_Fiorina_0003.jpg,1,0.99299753
Cherie_Blair/Cherie_Blair_0001.jpg,Cherie_Blair/Cherie_Blair_0003.jpg,1,0.99281919
Cherie_Blair/Cherie_Blair_0001.jpg,Cherie_Blair/Cherie_Blair_0004.jpg,1,0.99282444
Cherie_Blair/Cherie_Blair_0002.jpg,Cherie_Blair/Cherie_Blair_0004.jpg,1,0.99072719
Cherie_Blair/Cherie_Blair_0003.jpg,Cherie_Blair/Cherie_Blair_0004.jpg,1,0.99005044
Chuck_Yeager/Chuck_Yeager_0001.jpg,Chuck_Yeager/Chuck_Yeager_0002.jpg,1,0.99413204
Chung_Mong-joon/Chung_Mong-joon_0001.jpg,Chung_Mong-joon/Chung_Mong-joon_0002.jpg,1,0.99363315
Claire_Hentzen/Claire_Hentzen_0001.jpg,Claire_Hentzen/Claire_Hentzen_0002.jpg,1,0.99640721
Claire_Leger/Claire_Leger_0001.jpg,Claire_Leger/Claire_Leger_0002.jpg,1,0.99424529
Darren_Clarke/Darren_Clarke_0001.jpg,Darren_Clarke/Darren_Clarke_0002.jpg,1,0.97776294
David_Caraway/David_Caraway_0001.jpg,David_Caraway/David_Caraway_0002.jpg,1,0.99596584
David_Leahy/David_Leahy_0001.jpg,David_Leahy/David_Leahy_0002.jpg,1,0.99343437
Dick_Cheney/Dick_Cheney_0002.jpg,Dick_Cheney/Dick_Cheney_0014.jpg,1,0.99717605
Dick_Cheney/Dick_Cheney_0003.jpg,Dick_Cheney/Dick_Cheney_0011.jpg,1,0.99603719
Dick_Cheney/Dick_Cheney_0003.jpg,Dick_Cheney/Dick_Cheney_0012.jpg,1,0.99809229
Dick_Cheney/Dick_Cheney_0008.jpg,Dick_Cheney/Dick_Cheney_0010.jpg,1,0.99708104
Dino_de_Laurentis/Dino_de_Laurentis_0001.jpg,Dino_de_Laurentis/Dino_de_Laurentis_0002.jpg,1,0.99763668
Don_Nickles/Don_Nickles_0001.jpg,Don_Nickles/Don_Nickles_0002.jpg,1,0.99682277
Doris_Schroeder/Doris_Schroeder_0001.jpg,Doris_Schroeder/Doris_Schroeder_0003.jpg,1,0.99481219
Doris_Schroeder/Doris_Schroeder_0002.jpg,Doris_Schroeder/Doris_Schroeder_0004.jpg,1,0.98601425
Eduardo_Duhalde/Eduardo_Duhalde_0002.jpg,Eduardo_Duhalde/Eduardo_Duhalde_0003.jpg,1,0.99602807
Eduardo_Duhalde/Eduardo_Duhalde_0002.jpg,Eduardo_Duhalde/Eduardo_Duhalde_0012.jpg,1,0.99187833
Eduardo_Duhalde/Eduardo_Duhalde_0003.jpg,Eduardo_Duhalde/Eduardo_Duhalde_0004.jpg,1,0.99194801
Eduardo_Duhalde/Eduardo_Duhalde_0006.jpg,Eduardo_Duhalde/Eduardo_Duhalde_0013.jpg,1,0.98683453
Eduardo_Duhalde/Eduardo_Duhalde_0007.jpg,Eduardo_Duhalde/Eduardo_Duhalde_0010.jpg,1,0.98563147
Eduardo_Duhalde/Eduardo_Duhalde_0010.jpg,Eduardo_Duhalde/Eduardo_Duhalde_0012.jpg,1,0.99491382
Edwin_Edwards/Edwin_Edwards_0001.jpg,Edwin_Edwards/Edwin_Edwards_0003.jpg,1,0.99719685
Eric_Rosser/Eric_Rosser_0001.jpg,Eric_Rosser/Eric_Rosser_0002.jpg,1,0.99637246
Ernie_Eves/Ernie_Eves_0001.jpg,Ernie_Eves/Ernie_Eves_0002.jpg,1,0.99818051
Ernie_Fletcher/Ernie_Fletcher_0001.jpg,Ernie_Fletcher/Ernie_Fletcher_0002.jpg,1,0.99495250
Eva_Dimas/Eva_Dimas_0001.jpg,Eva_Dimas/Eva_Dimas_0002.jpg,1,0.98856866
Fernando_Vargas/Fernando_Vargas_0001.jpg,Fernando_Vargas/Fernando_Vargas_0002.jpg,1,0.98716676
Fernando_Vargas/Fernando_Vargas_0001.jpg,Fernando_Vargas/Fernando_Vargas_0003.jpg,1,0.99201262
Fernando_Vargas/Fernando_Vargas_0001.jpg,Fernando_Vargas/Fernando_Vargas_0004.jpg,1,0.98442495
Fernando_Vargas/Fernando_Vargas_0002.jpg,Fernando_Vargas/Fernando_Vargas_0003.jpg,1,0.98863894
Fernando_Vargas/Fernando_Vargas_0003.jpg,Fernando_Vargas/Fernando_Vargas_0004.jpg,1,0.99292296
Frank_Lautenberg/Frank_Lautenberg_0001.jpg,Frank_Lautenberg/Frank_Lautenberg_0002.jpg,1,0.98868465
George_HW_Bush/George_HW_Bush_0001.jpg,George_HW_Bush/George_HW_Bush_0003.jpg,1,0.99662703
George_HW_Bush/George_HW_Bush_0002.jpg,George_HW_Bush/George_HW_Bush_0013.jpg,1,0.97284508
George_HW_Bush/George_HW_Bush_0004.jpg,George_HW_Bush/George_HW_Bush_0006.jpg,1,0.99491954
George_HW_Bush/George_HW_Bush_0005.jpg,George_HW_Bush/George_HW_Bush_0008.jpg,1,0.99492979
George_HW_Bush/George_HW_Bush_0009.jpg,George_HW_Bush/George_HW_Bush_0010.jpg,1,0.99763882
Gisele_Bundchen/Gisele_Bundchen_0001.jpg,Gisele_Bundchen/Gisele_Bundchen_0002.jpg,1,0.98626167
Glafcos_Clerides/Glafcos_Clerides_0001.jpg,Glafcos_Clerides/Glafcos_Clerides_0002.jpg,1,0.99680686
Glafcos_Clerides/Glafcos_Clerides_0001.jpg,Glafcos_Clerides/Glafcos_Clerides_0003.jpg,1,0.98784941
Glafcos_Clerides/Glafcos_Clerides_0002.jpg,Glafcos_Clerides/Glafcos_Clerides_0003.jpg,1,0.99168044
Glafcos_Clerides/Glafcos_Clerides_0002.jpg,Glafcos_Clerides/Glafcos_Clerides_0004.jpg,1,0.99653745
Greg_Gilbert/Greg_Gilbert_0001.jpg,Greg_Gilbert/Greg_Gilbert_0002.jpg,1,0.98909682
Hashim_Thaci/Hashim_Thaci_0001.jpg,Hashim_Thaci/Hashim_Thaci_0002.jpg,1,0.99847555
Hassan_Wirajuda/Hassan_Wirajuda_0001.jpg,Hassan_Wirajuda/Hassan_Wirajuda_0002.jpg,1,0.98855400
Hector_Babenco/Hector_Babenco_0001.jpg,Hector_Babenco/Hector_Babenco_0003.jpg,1,0.99872482
Hector_Babenco/Hector_Babenco_0002.jpg,Hector_Babenco/Hector_Babenco_0003.jpg,1,0.99122131
Hideki_Matsui/Hideki_Matsui_0001.jpg,Hideki_Matsui/Hideki_Matsui_0002.jpg,1,0.97221637
Hillary_Clinton/Hillary_Clinton_0001.jpg,Hillary_Clinton/Hillary_Clinton_0010.jpg,1,0.99128342
Hillary_Clinton/Hillary_Clinton_0001.jpg,Hillary_Clinton/Hillary_Clinton_0014.jpg,1,0.98495364
Hillary_Clinton/Hillary_Clinton_0004.jpg,Hillary_Clinton/Hillary_Clinton_0005.jpg,1,0.99057609
Hillary_Clinton/Hillary_Clinton_0007.jpg,Hillary_Clinton/Hillary_Clinton_0010.jpg,1,0.99530226
Hillary_Clinton/Hillary_Clinton_0011.jpg,Hillary_Clinton/Hillary_Clinton_0013.jpg,1,0.99051690
Hisao_Oguchi/Hisao_Oguchi_0001.jpg,Hisao_Oguchi/Hisao_Oguchi_0002.jpg,1,0.98761511
Hitomi_Soga/Hitomi_Soga_0001.jpg,Hitomi_Soga/Hitomi_Soga_0004.jpg,1,0.98800159
Hitomi_Soga/Hitomi_Soga_0001.jpg,Hitomi_Soga/Hitomi_Soga_0005.jpg,1,0.98747659
Hitomi_Soga/Hitomi_Soga_0002.jpg,Hitomi_Soga/Hitomi_Soga_0003.jpg,1,0.97835672
Hitomi_Soga/Hitomi_Soga_0003.jpg,Hitomi_Soga/Hitomi_Soga_0004.jpg,1,0.96165264
JJ_Redick/JJ_Redick_0001.jpg,JJ_Redick/JJ_Redick_0002.jpg,1,0.97337675
Jean_Brumley/Jean_Brumley_0001.jpg,Jean_Brumley/Jean_Brumley_0002.jpg,1,0.99646842
Jean_Carnahan/Jean_Carnahan_0001.jpg,Jean_Carnahan/Jean_Carnahan_0002.jpg,1,0.98777056
Jeremy_Shockey/Jeremy_Shockey_0001.jpg,Jeremy_Shockey/Jeremy_Shockey_0002.jpg,1,0.99331856
Jerry_Regier/Jerry_Regier_0001.jpg,Jerry_Regier/Jerry_Regier_0003.jpg,1,0.99494535
Jerry_Regier/Jerry_Regier_0002.jpg,Jerry_Regier/Jerry_Regier_0003.jpg,1,0.99539042
Jerry_Springer/Jerry_Springer_0001.jpg,Jerry_Springer/Jerry_Springer_0002.jpg,1,0.99054366
Jerry_Springer/Jerry_Springer_0001.jpg,Jerry_Springer/Jerry_Springer_0004.jpg,1,0.99036390
Jessica_Lynch/Jessica_Lynch_0001.jpg,Jessica_Lynch/Jessica_Lynch_0002.jpg,1,0.98431540
Jiang_Zemin/Jiang_Zemin_0001.jpg,Jiang_Zemin/Jiang_Zemin_0017.jpg,1,0.99118567
Jiang_Zemin/Jiang_Zemin_0002.jpg,Jiang_Zemin/Jiang_Zemin_0003.jpg,1,0.99095678
Jiang_Zemin/Jiang_Zemin_0004.jpg,Jiang_Zemin/Jiang_Zemin_0010.jpg,1,0.98383188
Jiang_Zemin/Jiang_Zemin_0007.jpg,Jiang_Zemin/Jiang_Zemin_0009.jpg,1,0.99065959
Jiang_Zemin/Jiang_Zemin_0015.jpg,Jiang_Zemin/Jiang_Zemin_0018.jpg,1,0.98672104
Jim_Harrick/Jim_Harrick_0001.jpg,Jim_Harrick/Jim_Harrick_0002.jpg,1,0.98857403
Jiri_Novak/Jiri_Novak_0003.jpg,Jiri_Novak/Jiri_Novak_0004.jpg,1,0.99536061
Jiri_Novak/Jiri_Novak_0003.jpg,Jiri_Novak/Jiri_Novak_0008.jpg,1,0.99569196
Jiri_Novak/Jiri_Novak_0003.jpg,Jiri_Novak/Jiri_Novak_0009.jpg,1,0.98936731
Jiri_Novak/Jiri_Novak_0005.jpg,Jiri_Novak/Jiri_Novak_0006.jpg,1,0.99481028
Jiri_Novak/Jiri_Novak_0005.jpg,Jiri_Novak/Jiri_Novak_0010.jpg,1,0.99577522
Jiri_Novak/Jiri_Novak_0005.jpg,Jiri_Novak/Jiri_Novak_0011.jpg,1,0.99488175
Jiri_Novak/Jiri_Novak_0007.jpg,Jiri_Novak/Jiri_Novak_0010.jpg,1,0.99550825
Joe_Torre/Joe_Torre_0001.jpg,Joe_Torre/Joe_Torre_0003.jpg,1,0.99484158
Joe_Torre/Joe_Torre_0002.jpg,Joe_Torre/Joe_Torre_0004.jpg,1,0.98043036
John_Wolf/John_Wolf_0001.jpg,John_Wolf/John_Wolf_0002.jpg,1,0.99588990
Jonathan_Edwards/Jonathan_Edwards_0001.jpg,Jonathan_Edwards/Jonathan_Edwards_0006.jpg,1,0.99465114
Jonathan_Edwards/Jonathan_Edwards_0002.jpg,Jonathan_Edwards/Jonathan_Edwards_0007.jpg,1,0.99074864
Jonathan_Edwards/Jonathan_Edwards_0003.jpg,Jonathan_Edwards/Jonathan_Edwards_0006.jpg,1,0.98079485
Jonathan_Edwards/Jonathan_Edwards_0005.jpg,Jonathan_Edwards/Jonathan_Edwards_0006.jpg,1,0.98330081
Jonathan_Edwards/Jonathan_Edwards_0005.jpg,Jonathan_Edwards/Jonathan_Edwards_0007.jpg,1,0.99813938
Jonathan_Edwards/Jonathan_Edwards_0006.jpg,Jonathan_Edwards/Jonathan_Edwards_0008.jpg,1,0.98779094
Jose_Manuel_Durao_Barroso/Jose_Manuel_Durao_Barroso_0001.jpg,Jose_Manuel_Durao_Barroso/Jose_Manuel_Durao_Barroso_0002.jpg,1,0.99728656
Jose_Manuel_Durao_Barroso/Jose_Manuel_Durao_Barroso_0001.jpg,Jose_Manuel_Durao_Barroso/Jose_Manuel_Durao_Barroso_0006.jpg,1,0.98072630
Jose_Manuel_Durao_Barroso/Jose_Manuel_Durao_Barroso_0002.jpg,Jose_Manuel_Durao_Barroso/Jose_Manuel_Durao_Barroso_0005.jpg,1,0.98939681
Jose_Manuel_Durao_Barroso/Jose_Manuel_Durao_Barroso_0003.jpg,Jose_Manuel_Durao_Barroso/Jose_Manuel_Durao_Barroso_0005.jpg,1,0.98969519
Jose_Manuel_Durao_Barroso/Jose_Manuel_Durao_Barroso_0004.jpg,Jose_Manuel_Durao_Barroso/Jose_Manuel_Durao_Barroso_0005.jpg,1,0.99525183
Joseph_Biden/Joseph_Biden_0001.jpg,Joseph_Biden/Joseph_Biden_0004.jpg,1,0.99437213
Joseph_Biden/Joseph_Biden_0002.jpg,Joseph_Biden/Joseph_Biden_0003.jpg,1,0.99142450
Joseph_Biden/Joseph_Biden_0003.jpg,Joseph_Biden/Joseph_Biden_0004.jpg,1,0.99001878
Judi_Dench/Judi_Dench_0001.jpg,Judi_Dench/Judi_Dench_0002.jpg,1,0.99447358
Judy_Genshaft/Judy_Genshaft_0001.jpg,Judy_Genshaft/Judy_Genshaft_0002.jpg,1,0.99060613
Keanu_Reeves/Keanu_Reeves_0001.jpg,Keanu_Reeves/Keanu_Reeves_0009.jpg,1,0.97553664
Keanu_Reeves/Keanu_Reeves_0004.jpg,Keanu_Reeves/Keanu_Reeves_0007.jpg,1,0.99443942
Keanu_Reeves/Keanu_Reeves_0006.jpg,Keanu_Reeves/Keanu_Reeves_0009.jpg,1,0.98174131
Keanu_Reeves/Keanu_Reeves_0006.jpg,Keanu_Reeves/Keanu_Reeves_0010.jpg,1,0.98796326
Keanu_Reeves/Keanu_Reeves_0007.jpg,Keanu_Reeves/Keanu_Reeves_0012.jpg,1,0.99067658
Keira_Knightley/Keira_Knightley_0001.jpg,Keira_Knightley/Keira_Knightley_0002.jpg,1,0.96212709
Ken_Watanabe/Ken_Watanabe_0001.jpg,Ken_Watanabe/Ken_Watanabe_0002.jpg,1,0.98535246
Kieran_Prendergast/Kieran_Prendergast_0001.jpg,Kieran_Prendergast/Kieran_Prendergast_0002.jpg,1,0.99937552
King_Abdullah_II/King_Abdullah_II_0001.jpg,King_Abdullah_II/King_Abdullah_II_0003.jpg,1,0.99133980
King_Abdullah_II/King_Abdullah_II_0001.jpg,King_Abdullah_II/King_Abdullah_II_0004.jpg,1,0.98737335
King_Abdullah_II/King_Abdullah_II_0002.jpg,King_Abdullah_II/King_Abdullah_II_0005.jpg,1,0.98334676
King_Abdullah_II/King_Abdullah_II_0003.jpg,King_Abdullah_II/King_Abdullah_II_0004.jpg,1,0.98955894
Kirk_Ferentz/Kirk_Ferentz_0001.jpg,Kirk_Ferentz/Kirk_Ferentz_0002.jpg,1,0.98894346
Kurt_Busch/Kurt_Busch_0001.jpg,Kurt_Busch/Kurt_Busch_0002.jpg,1,0.98533088
Larry_Bowa/Larry_Bowa_0001.jpg,Larry_Bowa/Larry_Bowa_0002.jpg,1,0.99573767
Larry_Thompson/Larry_Thompson_0001.jpg,Larry_Thompson/Larry_Thompson_0003.jpg,1,0.99310797
Larry_Thompson/Larry_Thompson_0001.jpg,Larry_Thompson/Larry_Thompson_0004.jpg,1,0.99788857
Larry_Thompson/Larry_Thompson_0002.jpg,Larry_Thompson/Larry_Thompson_0004.jpg,1,0.99771160
Laura_Bush/Laura_Bush_0001.jpg,Laura_Bush/Laura_Bush_0011.jpg,1,0.96148157
Laura_Bush/Laura_Bush_0021.jpg,Laura_Bush/Laura_Bush_0024.jpg,1,0.99285543
Laura_Bush/Laura_Bush_0021.jpg,Laura_Bush/Laura_Bush_0039.jpg,1,0.99224997
Laura_Bush/Laura_Bush_0026.jpg,Laura_Bush/Laura_Bush_0029.jpg,1,0.99282795
Lauren_Hutton/Lauren_Hutton_0001.jpg,Lauren_Hutton/Lauren_Hutton_0002.jpg,1,0.98497045
Leslie_Ann_Woodward/Leslie_Ann_Woodward_0001.jpg,Leslie_Ann_Woodward/Leslie_Ann_Woodward_0002.jpg,1,0.99896324
Leslie_Moonves/Leslie_Moonves_0001.jpg,Leslie_Moonves/Leslie_Moonves_0002.jpg,1,0.98557448
Lyle_Vanclief/Lyle_Vanclief_0001.jpg,Lyle_Vanclief/Lyle_Vanclief_0002.jpg,1,0.99684352
Magui_Serna/Magui_Serna_0001.jpg,Magui_Serna/Magui_Serna_0002.jpg,1,0.99647689
Makhdoom_Amin_Fahim/Makhdoom_Amin_Fahim_0001.jpg,Makhdoom_Amin_Fahim/Makhdoom_Amin_Fahim_0003.jpg,1,0.99589378
Makhdoom_Amin_Fahim/Makhdoom_Amin_Fahim_0002.jpg,Makhdoom_Amin_Fahim/Makhdoom_Amin_Fahim_0003.jpg,1,0.99688631
Marc-Andre_Fleury/Marc-Andre_Fleury_0001.jpg,Marc-Andre_Fleury/Marc-Andre_Fleury_0002.jpg,1,0.99783587
Marco_Antonio_Barrera/Marco_Antonio_Barrera_0001.jpg,Marco_Antonio_Barrera/Marco_Antonio_Barrera_0005.jpg,1,0.99511755
Marco_Antonio_Barrera/Marco_Antonio_Barrera_0005.jpg,Marco_Antonio_Barrera/Marco_Antonio_Barrera_0006.jpg,1,0.98763269
Marie-Reine_Le_Gougne/Marie-Reine_Le_Gougne_0001.jpg,Marie-Reine_Le_Gougne/Marie-Reine_Le_Gougne_0002.jpg,1,0.98101711
Marieta_Chrousala/Marieta_Chrousala_0001.jpg,Marieta_Chrousala/Marieta_Chrousala_0002.jpg,1,0.99266124
Marieta_Chrousala/Marieta_Chrousala_0001.jpg,Marieta_Chrousala/Marieta_Chrousala_0003.jpg,1,0.99634469
Marieta_Chrousala/Marieta_Chrousala_0002.jpg,Marieta_Chrousala/Marieta_Chrousala_0003.jpg,1,0.99486071
Marina_Anissina/Marina_Anissina_0001.jpg,Marina_Anissina/Marina_Anissina_0002.jpg,1,0.96752632
Mark_Hamister/Mark_Hamister_0001.jpg,Mark_Hamister/Mark_Hamister_0002.jpg,1,0.99141777
Martha_Stewart/Martha_Stewart_0001.jpg,Martha_Stewart/Martha_Stewart_0003.jpg,1,0.99667466
Martha_Stewart/Martha_Stewart_0001.jpg,Martha_Stewart/Martha_Stewart_0005.jpg,1,0.98954785
Martha_Stewart/Martha_Stewart_0002.jpg,Martha_Stewart/Martha_Stewart_0003.jpg,1,0.97612119
Martha_Stewart/Martha_Stewart_0002.jpg,Martha_Stewart/Martha_Stewart_0005.jpg,1,0.97015518
Martha_Stewart/Martha_Stewart_0003.jpg,Martha_Stewart/Martha_Stewart_0004.jpg,1,0.99562871
Martin_Brodeur/Martin_Brodeur_0001.jpg,Martin_Brodeur/Martin_Brodeur_0002.jpg,1,0.98170221
Martin_McCauley/Martin_McCauley_0001.jpg,Martin_McCauley/Martin_McCauley_0002.jpg,1,0.99301755
Martin_Verkerk/Martin_Verkerk_0001.jpg,Martin_Verkerk/Martin_Verkerk_0002.jpg,1,0.99571109
Martin_Verkerk/Martin_Verkerk_0001.jpg,Martin_Verkerk/Martin_Verkerk_0003.jpg,1,0.99550271
Martin_Verkerk/Martin_Verkerk_0002.jpg,Martin_Verkerk/Martin_Verkerk_0003.jpg,1,0.99769998
Martina_McBride/Martina_McBride_0001.jpg,Martina_McBride/Martina_McBride_0003.jpg,1,0.99482727
Martina_McBride/Martina_McBride_0002.jpg,Martina_McBride/Martina_McBride_0004.jpg,1,0.99302506
Matt_Doherty/Matt_Doherty_0001.jpg,Matt_Doherty/Matt_Doherty_0002.jpg,1,0.99622488
Matt_Doherty/Matt_Doherty_0001.jpg,Matt_Doherty/Matt_Doherty_0003.jpg,1,0.98559833
Matt_Doherty/Matt_Doherty_0002.jpg,Matt_Doherty/Matt_Doherty_0003.jpg,1,0.98520911
Matthew_Perry/Matthew_Perry_0001.jpg,Matthew_Perry/Matthew_Perry_0006.jpg,1,0.98675752
Matthew_Perry/Matthew_Perry_0002.jpg,Matthew_Perry/Matthew_Perry_0007.jpg,1,0.98622483
Matthew_Perry/Matthew_Perry_0003.jpg,Matthew_Perry/Matthew_Perry_0004.jpg,1,0.96498692
Megawati_Sukarnoputri/Megawati_Sukarnoputri_0006.jpg,Megawati_Sukarnoputri/Megawati_Sukarnoputri_0023.jpg,1,0.99663162
Megawati_Sukarnoputri/Megawati_Sukarnoputri_0007.jpg,Megawati_Sukarnoputri/Megawati_Sukarnoputri_0022.jpg,1,0.98403680
Megawati_Sukarnoputri/Megawati_Sukarnoputri_0010.jpg,Megawati_Sukarnoputri/Megawati_Sukarnoputri_0015.jpg,1,0.98831761
Megawati_Sukarnoputri/Megawati_Sukarnoputri_0011.jpg,Megawati_Sukarnoputri/Megawati_Sukarnoputri_0024.jpg,1,0.99813116
Megawati_Sukarnoputri/Megawati_Sukarnoputri_0020.jpg,Megawati_Sukarnoputri/Megawati_Sukarnoputri_0024.jpg,1,0.99397933
Megawati_Sukarnoputri/Megawati_Sukarnoputri_0020.jpg,Megawati_Sukarnoputri/Megawati_Sukarnoputri_0030.jpg,1,0.98677075
Meghann_Shaughnessy/Meghann_Shaughnessy_0001.jpg,Meghann_Shaughnessy/Meghann_Shaughnessy_0002.jpg,1,0.99128175
Michael_Capellas/Michael_Capellas_0001.jpg,Michael_Capellas/Michael_Capellas_0002.jpg,1,0.98664653
Michael_Sullivan/Michael_Sullivan_0001.jpg,Michael_Sullivan/Michael_Sullivan_0002.jpg,1,0.99538535
Mike_Brey/Mike_Brey_0001.jpg,Mike_Brey/Mike_Brey_0002.jpg,1,0.99195153
Naji_Sabri/Naji_Sabri_0001.jpg,Naji_Sabri/Naji_Sabri_0006.jpg,1,0.99097353
Naji_Sabri/Naji_Sabri_0002.jpg,Naji_Sabri/Naji_Sabri_0004.jpg,1,0.98581767
Naji_Sabri/Naji_Sabri_0002.jpg,Naji_Sabri/Naji_Sabri_0007.jpg,1,0.99012864
Naji_Sabri/Naji_Sabri_0003.jpg,Naji_Sabri/Naji_Sabri_0008.jpg,1,0.98362744
Naji_Sabri/Naji_Sabri_0006.jpg,Naji_Sabri/Naji_Sabri_0007.jpg,1,0.99537408
Nanni_Moretti/Nanni_Moretti_0001.jpg,Nanni_Moretti/Nanni_Moretti_0002.jpg,1,0.98807609
Nastassia_Kinski/Nastassia_Kinski_0001.jpg,Nastassia_Kinski/Nastassia_Kinski_0002.jpg,1,0.98886168
Natalie_Coughlin/Natalie_Coughlin_0002.jpg,Natalie_Coughlin/Natalie_Coughlin_0003.jpg,1,0.97997290
Natalie_Coughlin/Natalie_Coughlin_0004.jpg,Natalie_Coughlin/Natalie_Coughlin_0006.jpg,1,0.99676812
Natalie_Coughlin/Natalie_Coughlin_0005.jpg,Natalie_Coughlin/Natalie_Coughlin_0006.jpg,1,0.99907660
Norah_Jones/Norah_Jones_0003.jpg,Norah_Jones/Norah_Jones_0015.jpg,1,0.98978627
Norah_Jones/Norah_Jones_0004.jpg,Norah_Jones/Norah_Jones_0012.jpg,1,0.99170268
Norah_Jones/Norah_Jones_0007.jpg,Norah_Jones/Norah_Jones_0015.jpg,1,0.99612969
Norah_Jones/Norah_Jones_0009.jpg,Norah_Jones/Norah_Jones_0015.jpg,1,0.98824215
Norah_Jones/Norah_Jones_0011.jpg,Norah_Jones/Norah_Jones_0012.jpg,1,0.99567604
Norm_Coleman/Norm_Coleman_0005.jpg,Norm_Coleman/Norm_Coleman_0007.jpg,1,0.99334061
Oscar_De_La_Hoya/Oscar_De_La_Hoya_0001.jpg,Oscar_De_La_Hoya/Oscar_De_La_Hoya_0003.jpg,1,0.97851247
Oscar_De_La_Hoya/Oscar_De_La_Hoya_0002.jpg,Oscar_De_La_Hoya/Oscar_De_La_Hoya_0006.jpg,1,0.99310046
Oscar_De_La_Hoya/Oscar_De_La_Hoya_0002.jpg,Oscar_De_La_Hoya/Oscar_De_La_Hoya_0007.jpg,1,0.99250335
Pascal_Lamy/Pascal_Lamy_0001.jpg,Pascal_Lamy/Pascal_Lamy_0002.jpg,1,0.99376982
Pat_Burns/Pat_Burns_0001.jpg,Pat_Burns/Pat_Burns_0002.jpg,1,0.99063551
Paul_McCartney/Paul_McCartney_0003.jpg,Paul_McCartney/Paul_McCartney_0004.jpg,1,0.99001831
Paul_McCartney/Paul_McCartney_0003.jpg,Paul_McCartney/Paul_McCartney_0005.jpg,1,0.98559099
Paul_Wellstone/Paul_Wellstone_0001.jpg,Paul_Wellstone/Paul_Wellstone_0002.jpg,1,0.98981547
Paul_Wellstone/Paul_Wellstone_0001.jpg,Paul_Wellstone/Paul_Wellstone_0003.jpg,1,0.98651671
Paul_Wellstone/Paul_Wellstone_0002.jpg,Paul_Wellstone/Paul_Wellstone_0003.jpg,1,0.98387623
Penelope_Cruz/Penelope_Cruz_0001.jpg,Penelope_Cruz/Penelope_Cruz_0002.jpg,1,0.98669314
Penelope_Cruz/Penelope_Cruz_0001.jpg,Penelope_Cruz/Penelope_Cruz_0003.jpg,1,0.99008369
Pete_Rose/Pete_Rose_0001.jpg,Pete_Rose/Pete_Rose_0002.jpg,1,0.99168777
Prince_Harry/Prince_Harry_0001.jpg,Prince_Harry/Prince_Harry_0002.jpg,1,0.99190235
Prince_Harry/Prince_Harry_0002.jpg,Prince_Harry/Prince_Harry_0003.jpg,1,0.98062205
Princess_Caroline/Princess_Caroline_0001.jpg,Princess_Caroline/Princess_Caroline_0002.jpg,1,0.99475455
Princess_Caroline/Princess_Caroline_0002.jpg,Princess_Caroline/Princess_Caroline_0005.jpg,1,0.99424261
Raquel_Welch/Raquel_Welch_0001.jpg,Raquel_Welch/Raquel_Welch_0002.jpg,1,0.99332279
Reggie_Miller/Reggie_Miller_0001.jpg,Reggie_Miller/Reggie_Miller_0002.jpg,1,0.99651086
Renee_Zellweger/Renee_Zellweger_0002.jpg,Renee_Zellweger/Renee_Zellweger_0013.jpg,1,0.99587888
Renee_Zellweger/Renee_Zellweger_0002.jpg,Renee_Zellweger/Renee_Zellweger_0016.jpg,1,0.99422705
Renee_Zellweger/Renee_Zellweger_0003.jpg,Renee_Zellweger/Renee_Zellweger_0016.jpg,1,0.99575549
Ricardo_Sanchez/Ricardo_Sanchez_0001.jpg,Ricardo_Sanchez/Ricardo_Sanchez_0006.jpg,1,0.98932308
Ricardo_Sanchez/Ricardo_Sanchez_0002.jpg,Ricardo_Sanchez/Ricardo_Sanchez_0004.jpg,1,0.98520935
Richard_Butler/Richard_Butler_0001.jpg,Richard_Butler/Richard_Butler_0002.jpg,1,0.99377042
Rubens_Barrichello/Rubens_Barrichello_0002.jpg,Rubens_Barrichello/Rubens_Barrichello_0003.jpg,1,0.99442589
Rubens_Barrichello/Rubens_Barrichello_0004.jpg,Rubens_Barrichello/Rubens_Barrichello_0005.jpg,1,0.99005812
Rubens_Barrichello/Rubens_Barrichello_0004.jpg,Rubens_Barrichello/Rubens_Barrichello_0008.jpg,1,0.98998195
Rubens_Barrichello/Rubens_Barrichello_0006.jpg,Rubens_Barrichello/Rubens_Barrichello_0011.jpg,1,0.99289548
Rubens_Barrichello/Rubens_Barrichello_0009.jpg,Rubens_Barrichello/Rubens_Barrichello_0012.jpg,1,0.99114257
Samira_Makhmalbaf/Samira_Makhmalbaf_0001.jpg,Samira_Makhmalbaf/Samira_Makhmalbaf_0002.jpg,1,0.99777436
Samuel_Waksal/Samuel_Waksal_0001.jpg,Samuel_Waksal/Samuel_Waksal_0002.jpg,1,0.98647273
Samuel_Waksal/Samuel_Waksal_0001.jpg,Samuel_Waksal/Samuel_Waksal_0003.jpg,1,0.99322939
Samuel_Waksal/Samuel_Waksal_0001.jpg,Samuel_Waksal/Samuel_Waksal_0004.jpg,1,0.99548489
Samuel_Waksal/Samuel_Waksal_0002.jpg,Samuel_Waksal/Samuel_Waksal_0004.jpg,1,0.98515838
Scott_McClellan/Scott_McClellan_0001.jpg,Scott_McClellan/Scott_McClellan_0003.jpg,1,0.99835646
Scott_McClellan/Scott_McClellan_0002.jpg,Scott_McClellan/Scott_McClellan_0004.jpg,1,0.99472141
Scott_McClellan/Scott_McClellan_0002.jpg,Scott_McClellan/Scott_McClellan_0005.jpg,1,0.99341100
Scott_Rudin/Scott_Rudin_0001.jpg,Scott_Rudin/Scott_Rudin_0002.jpg,1,0.99842864
Shane_Warne/Shane_Warne_0001.jpg,Shane_Warne/Shane_Warne_0002.jpg,1,0.98341256
Sheila_Wellstone/Sheila_Wellstone_0001.jpg,Sheila_Wellstone/Sheila_Wellstone_0002.jpg,1,0.98115581
Sheryl_Crow/Sheryl_Crow_0001.jpg,Sheryl_Crow/Sheryl_Crow_0003.jpg,1,0.98794734
Silvan_Shalom/Silvan_Shalom_0002.jpg,Silvan_Shalom/Silvan_Shalom_0003.jpg,1,0.99352455
Silvan_Shalom/Silvan_Shalom_0002.jpg,Silvan_Shalom/Silvan_Shalom_0004.jpg,1,0.99169052
Silvan_Shalom/Silvan_Shalom_0002.jpg,Silvan_Shalom/Silvan_Shalom_0006.jpg,1,0.99757922
Silvan_Shalom/Silvan_Shalom_0003.jpg,Silvan_Shalom/Silvan_Shalom_0004.jpg,1,0.99217618
Silvan_Shalom/Silvan_Shalom_0003.jpg,Silvan_Shalom/Silvan_Shalom_0006.jpg,1,0.99746668
Steve_Mariucci/Steve_Mariucci_0001.jpg,Steve_Mariucci/Steve_Mariucci_0003.jpg,1,0.99092138
Steve_Mariucci/Steve_Mariucci_0002.jpg,Steve_Mariucci/Steve_Mariucci_0003.jpg,1,0.99564385
Steven_Seagal/Steven_Seagal_0001.jpg,Steven_Seagal/Steven_Seagal_0002.jpg,1,0.99552703
Taha_Yassin_Ramadan/Taha_Yassin_Ramadan_0003.jpg,Taha_Yassin_Ramadan/Taha_Yassin_Ramadan_0012.jpg,1,0.99626869
Taha_Yassin_Ramadan/Taha_Yassin_Ramadan_0007.jpg,Taha_Yassin_Ramadan/Taha_Yassin_Ramadan_0013.jpg,1,0.99069488
Tammy_Lynn_Michaels/Tammy_Lynn_Michaels_0001.jpg,Tammy_Lynn_Michaels/Tammy_Lynn_Michaels_0002.jpg,1,0.98826814
Theodore_Tweed_Roosevelt/Theodore_Tweed_Roosevelt_0001.jpg,Theodore_Tweed_Roosevelt/Theodore_Tweed_Roosevelt_0002.jpg,1,0.99150038
Theodore_Tweed_Roosevelt/Theodore_Tweed_Roosevelt_0001.jpg,Theodore_Tweed_Roosevelt/Theodore_Tweed_Roosevelt_0003.jpg,1,0.99558896
Theodore_Tweed_Roosevelt/Theodore_Tweed_Roosevelt_0002.jpg,Theodore_Tweed_Roosevelt/Theodore_Tweed_Roosevelt_0003.jpg,1,0.98919040
Tom_Crean/Tom_Crean_0001.jpg,Tom_Crean/Tom_Crean_0002.jpg,1,0.98427582
Tom_Crean/Tom_Crean_0003.jpg,Tom_Crean/Tom_Crean_0005.jpg,1,0.98192382
Tom_Crean/Tom_Crean_0004.jpg,Tom_Crean/Tom_Crean_0005.jpg,1,0.97974676
Tony_Bennett/Tony_Bennett_0001.jpg,Tony_Bennett/Tony_Bennett_0003.jpg,1,0.99063420
Torri_Edwards/Torri_Edwards_0001.jpg,Torri_Edwards/Torri_Edwards_0002.jpg,1,0.99722290
Tung_Chee-hwa/Tung_Chee-hwa_0001.jpg,Tung_Chee-hwa/Tung_Chee-hwa_0002.jpg,1,0.98142040
Tung_Chee-hwa/Tung_Chee-hwa_0001.jpg,Tung_Chee-hwa/Tung_Chee-hwa_0008.jpg,1,0.98479098
Tung_Chee-hwa/Tung_Chee-hwa_0002.jpg,Tung_Chee-hwa/Tung_Chee-hwa_0008.jpg,1,0.97313589
Vidar_Helgesen/Vidar_Helgesen_0001.jpg,Vidar_Helgesen/Vidar_Helgesen_0002.jpg,1,0.99747932
Warren_Buffett/Warren_Buffett_0001.jpg,Warren_Buffett/Warren_Buffett_0002.jpg,1,0.99869353
Warren_Buffett/Warren_Buffett_0001.jpg,Warren_Buffett/Warren_Buffett_0003.jpg,1,0.99817836
Wen_Jiabao/Wen_Jiabao_0001.jpg,Wen_Jiabao/Wen_Jiabao_0012.jpg,1,0.99021482
Wen_Jiabao/Wen_Jiabao_0002.jpg,Wen_Jiabao/Wen_Jiabao_0011.jpg,1,0.99413931
Wen_Jiabao/Wen_Jiabao_0004.jpg,Wen_Jiabao/Wen_Jiabao_0007.jpg,1,0.99017310
Wen_Jiabao/Wen_Jiabao_0005.jpg,Wen_Jiabao/Wen_Jiabao_0006.jpg,1,0.98974717
Wen_Jiabao/Wen_Jiabao_0007.jpg,Wen_Jiabao/Wen_Jiabao_0009.jpg,1,0.98787904
Wen_Jiabao/Wen_Jiabao_0007.jpg,Wen_Jiabao/Wen_Jiabao_0012.jpg,1,0.99040818
Wen_Jiabao/Wen_Jiabao_0008.jpg,Wen_Jiabao/Wen_Jiabao_0012.jpg,1,0.99059927
Wen_Jiabao/Wen_Jiabao_0010.jpg,Wen_Jiabao/Wen_Jiabao_0011.jpg,1,0.99708176
Wen_Jiabao/Wen_Jiabao_0011.jpg,Wen_Jiabao/Wen_Jiabao_0012.jpg,1,0.99499595
Wesley_Clark/Wesley_Clark_0001.jpg,Wesley_Clark/Wesley_Clark_0002.jpg,1,0.99491572
Yuri_Malenchenko/Yuri_Malenchenko_0001.jpg,Yuri_Malenchenko/Yuri_Malenchenko_0002.jpg,1,0.99340445
Abdoulaye_Wade/Abdoulaye_Wade_0001.jpg,Abdoulaye_Wade/Abdoulaye_Wade_0002.jpg,1,0.99936950
Abdoulaye_Wade/Abdoulaye_Wade_0001.jpg,Abdoulaye_Wade/Abdoulaye_Wade_0003.jpg,1,0.99735105
Abdoulaye_Wade/Abdoulaye_Wade_0002.jpg,Abdoulaye_Wade/Abdoulaye_Wade_0003.jpg,1,0.99724805
Adam_Sandler/Adam_Sandler_0001.jpg,Adam_Sandler/Adam_Sandler_0002.jpg,1,0.98777390
Adam_Sandler/Adam_Sandler_0001.jpg,Adam_Sandler/Adam_Sandler_0004.jpg,1,0.98939192
Adam_Sandler/Adam_Sandler_0002.jpg,Adam_Sandler/Adam_Sandler_0003.jpg,1,0.98324037
Aicha_El_Ouafi/Aicha_El_Ouafi_0001.jpg,Aicha_El_Ouafi/Aicha_El_Ouafi_0003.jpg,1,0.99604988
Aicha_El_Ouafi/Aicha_El_Ouafi_0002.jpg,Aicha_El_Ouafi/Aicha_El_Ouafi_0003.jpg,1,0.99236453
Akbar_Hashemi_Rafsanjani/Akbar_Hashemi_Rafsanjani_0001.jpg,Akbar_Hashemi_Rafsanjani/Akbar_Hashemi_Rafsanjani_0003.jpg,1,0.99367762
Akbar_Hashemi_Rafsanjani/Akbar_Hashemi_Rafsanjani_0002.jpg,Akbar_Hashemi_Rafsanjani/Akbar_Hashemi_Rafsanjani_0003.jpg,1,0.99383295
Al_Pacino/Al_Pacino_0001.jpg,Al_Pacino/Al_Pacino_0002.jpg,1,0.99571627
Al_Pacino/Al_Pacino_0001.jpg,Al_Pacino/Al_Pacino_0003.jpg,1,0.99605769
Alex_Barros/Alex_Barros_0001.jpg,Alex_Barros/Alex_Barros_0002.jpg,1,0.98939461
Allyson_Felix/Allyson_Felix_0001.jpg,Allyson_Felix/Allyson_Felix_0003.jpg,1,0.99730372
Allyson_Felix/Allyson_Felix_0001.jpg,Allyson_Felix/Allyson_Felix_0004.jpg,1,0.99482876
Allyson_Felix/Allyson_Felix_0001.jpg,Allyson_Felix/Allyson_Felix_0005.jpg,1,0.99801338
Allyson_Felix/Allyson_Felix_0004.jpg,Allyson_Felix/Allyson_Felix_0005.jpg,1,0.99422109
Anastasia_Myskina/Anastasia_Myskina_0001.jpg,Anastasia_Myskina/Anastasia_Myskina_0002.jpg,1,0.98846090
Andy_Roddick/Andy_Roddick_0008.jpg,Andy_Roddick/Andy_Roddick_0012.jpg,1,0.98772895
Andy_Roddick/Andy_Roddick_0010.jpg,Andy_Roddick/Andy_Roddick_0015.jpg,1,0.98401594
Andy_Roddick/Andy_Roddick_0013.jpg,Andy_Roddick/Andy_Roddick_0015.jpg,1,0.98081470
Anna_Nicole_Smith/Anna_Nicole_Smith_0001.jpg,Anna_Nicole_Smith/Anna_Nicole_Smith_0002.jpg,1,0.99502414
Antonio_Palocci/Antonio_Palocci_0001.jpg,Antonio_Palocci/Antonio_Palocci_0008.jpg,1,0.99027777
Antonio_Palocci/Antonio_Palocci_0003.jpg,Antonio_Palocci/Antonio_Palocci_0006.jpg,1,0.99285626
Antonio_Palocci/Antonio_Palocci_0004.jpg,Antonio_Palocci/Antonio_Palocci_0005.jpg,1,0.99314356
Antonio_Palocci/Antonio_Palocci_0005.jpg,Antonio_Palocci/Antonio_Palocci_0007.jpg,1,0.98886788
Antonio_Palocci/Antonio_Palocci_0006.jpg,Antonio_Palocci/Antonio_Palocci_0008.jpg,1,0.99509484
Arnoldo_Aleman/Arnoldo_Aleman_0001.jpg,Arnoldo_Aleman/Arnoldo_Aleman_0003.jpg,1,0.99370152
Arnoldo_Aleman/Arnoldo_Aleman_0003.jpg,Arnoldo_Aleman/Arnoldo_Aleman_0005.jpg,1,0.99447262
Ashton_Kutcher/Ashton_Kutcher_0001.jpg,Ashton_Kutcher/Ashton_Kutcher_0003.jpg,1,0.99632049
Ashton_Kutcher/Ashton_Kutcher_0002.jpg,Ashton_Kutcher/Ashton_Kutcher_0003.jpg,1,0.99837768
Augusto_Roa_Bastos/Augusto_Roa_Bastos_0001.jpg,Augusto_Roa_Bastos/Augusto_Roa_Bastos_0002.jpg,1,0.99215984
Aung_San_Suu_Kyi/Aung_San_Suu_Kyi_0001.jpg,Aung_San_Suu_Kyi/Aung_San_Suu_Kyi_0002.jpg,1,0.97998071
Barry_Zito/Barry_Zito_0001.jpg,Barry_Zito/Barry_Zito_0002.jpg,1,0.97724628
Bill_Graham/Bill_Graham_0001.jpg,Bill_Graham/Bill_Graham_0009.jpg,1,0.99319577
Bill_Graham/Bill_Graham_0003.jpg,Bill_Graham/Bill_Graham_0004.jpg,1,0.99411958
Bill_Graham/Bill_Graham_0004.jpg,Bill_Graham/Bill_Graham_0006.jpg,1,0.99667448
Bill_Graham/Bill_Graham_0005.jpg,Bill_Graham/Bill_Graham_0006.jpg,1,0.99703383
Bob_Dole/Bob_Dole_0001.jpg,Bob_Dole/Bob_Dole_0003.jpg,1,0.99405998
Bruce_Weber/Bruce_Weber_0001.jpg,Bruce_Weber/Bruce_Weber_0002.jpg,1,0.99014872
Carlos_Mesa/Carlos_Mesa_0001.jpg,Carlos_Mesa/Carlos_Mesa_0002.jpg,1,0.99213773
Carolyn_Dawn_Johnson/Carolyn_Dawn_Johnson_0001.jpg,Carolyn_Dawn_Johnson/Carolyn_Dawn_Johnson_0002.jpg,1,0.99535209
Carolyn_Dawn_Johnson/Carolyn_Dawn_Johnson_0002.jpg,Carolyn_Dawn_Johnson/Carolyn_Dawn_Johnson_0003.jpg,1,0.99580634
Celine_Dion/Celine_Dion_0003.jpg,Celine_Dion/Celine_Dion_0008.jpg,1,0.98301268
Chakib_Khelil/Chakib_Khelil_0001.jpg,Chakib_Khelil/Chakib_Khelil_0002.jpg,1,0.99061513
Chen_Shui-bian/Chen_Shui-bian_0002.jpg,Chen_Shui-bian/Chen_Shui-bian_0004.jpg,1,0.99283135
Chen_Shui-bian/Chen_Shui-bian_0003.jpg,Chen_Shui-bian/Chen_Shui-bian_0005.jpg,1,0.99490893
Christopher_Walken/Christopher_Walken_0001.jpg,Christopher_Walken/Christopher_Walken_0003.jpg,1,0.99777037
Christopher_Walken/Christopher_Walken_0001.jpg,Christopher_Walken/Christopher_Walken_0004.jpg,1,0.99375308
Claudia_Pechstein/Claudia_Pechstein_0001.jpg,Claudia_Pechstein/Claudia_Pechstein_0002.jpg,1,0.98792303
Claudia_Pechstein/Claudia_Pechstein_0001.jpg,Claudia_Pechstein/Claudia_Pechstein_0004.jpg,1,0.98770452
Claudia_Pechstein/Claudia_Pechstein_0003.jpg,Claudia_Pechstein/Claudia_Pechstein_0004.jpg,1,0.98840129
Claudia_Pechstein/Claudia_Pechstein_0003.jpg,Claudia_Pechstein/Claudia_Pechstein_0005.jpg,1,0.99729204
Claudia_Pechstein/Claudia_Pechstein_0004.jpg,Claudia_Pechstein/Claudia_Pechstein_0005.jpg,1,0.98820186
Clay_Aiken/Clay_Aiken_0002.jpg,Clay_Aiken/Clay_Aiken_0004.jpg,1,0.99354875
Clay_Aiken/Clay_Aiken_0003.jpg,Clay_Aiken/Clay_Aiken_0004.jpg,1,0.99570990
Clay_Aiken/Clay_Aiken_0003.jpg,Clay_Aiken/Clay_Aiken_0005.jpg,1,0.99448532
Colin_Powell/Colin_Powell_0040.jpg,Colin_Powell/Colin_Powell_0071.jpg,1,0.99137092
Colin_Powell/Colin_Powell_0049.jpg,Colin_Powell/Colin_Powell_0234.jpg,1,0.98841107
Colin_Powell/Colin_Powell_0133.jpg,Colin_Powell/Colin_Powell_0170.jpg,1,0.99697459
Colin_Powell/Colin_Powell_0182.jpg,Colin_Powell/Colin_Powell_0198.jpg,1,0.99808383
Cristina_Fernandez/Cristina_Fernandez_0001.jpg,Cristina_Fernandez/Cristina_Fernandez_0002.jpg,1,0.99383348
Daisy_Fuentes/Daisy_Fuentes_0002.jpg,Daisy_Fuentes/Daisy_Fuentes_0003.jpg,1,0.99315810
Damon_van_Dam/Damon_van_Dam_0001.jpg,Damon_van_Dam/Damon_van_Dam_0002.jpg,1,0.98899782
Dan_Wheldon/Dan_Wheldon_0001.jpg,Dan_Wheldon/Dan_Wheldon_0002.jpg,1,0.98185921
David_Coulthard/David_Coulthard_0001.jpg,David_Coulthard/David_Coulthard_0002.jpg,1,0.99416375
David_Kelley/David_Kelley_0001.jpg,David_Kelley/David_Kelley_0002.jpg,1,0.99524903
Debra_Brown/Debra_Brown_0001.jpg,Debra_Brown/Debra_Brown_0002.jpg,1,0.98125833
Dennis_Erickson/Dennis_Erickson_0001.jpg,Dennis_Erickson/Dennis_Erickson_0002.jpg,1,0.99640334
Derek_Lowe/Derek_Lowe_0001.jpg,Derek_Lowe/Derek_Lowe_0002.jpg,1,0.98566329
Eddie_Sutton/Eddie_Sutton_0001.jpg,Eddie_Sutton/Eddie_Sutton_0002.jpg,1,0.99016821
Edie_Falco/Edie_Falco_0001.jpg,Edie_Falco/Edie_Falco_0002.jpg,1,0.98219299
Elijah_Wood/Elijah_Wood_0002.jpg,Elijah_Wood/Elijah_Wood_0003.jpg,1,0.99349904
Elizabeth_Hurley/Elizabeth_Hurley_0001.jpg,Elizabeth_Hurley/Elizabeth_Hurley_0004.jpg,1,0.99420035
Elizabeth_Hurley/Elizabeth_Hurley_0002.jpg,Elizabeth_Hurley/Elizabeth_Hurley_0005.jpg,1,0.99177331
Emily_Robison/Emily_Robison_0001.jpg,Emily_Robison/Emily_Robison_0002.jpg,1,0.98659515
Ethan_Hawke/Ethan_Hawke_0001.jpg,Ethan_Hawke/Ethan_Hawke_0004.jpg,1,0.97395784
Eunice_Barber/Eunice_Barber_0001.jpg,Eunice_Barber/Eunice_Barber_0002.jpg,1,0.99795449
Felix_Mantilla/Felix_Mantilla_0001.jpg,Felix_Mantilla/Felix_Mantilla_0002.jpg,1,0.99057293
Fidel_Castro/Fidel_Castro_0001.jpg,Fidel_Castro/Fidel_Castro_0018.jpg,1,0.98405206
Fidel_Castro/Fidel_Castro_0003.jpg,Fidel_Castro/Fidel_Castro_0007.jpg,1,0.99684691
Fidel_Castro/Fidel_Castro_0005.jpg,Fidel_Castro/Fidel_Castro_0008.jpg,1,0.97437799
Fidel_Castro/Fidel_Castro_0008.jpg,Fidel_Castro/Fidel_Castro_0012.jpg,1,0.98651290
Fidel_Castro/Fidel_Castro_0011.jpg,Fidel_Castro/Fidel_Castro_0013.jpg,1,0.99758101
Francisco_Flores/Francisco_Flores_0001.jpg,Francisco_Flores/Francisco_Flores_0002.jpg,1,0.98672968
Francisco_Flores/Francisco_Flores_0001.jpg,Francisco_Flores/Francisco_Flores_0003.jpg,1,0.99454075
Frank_Dunham_Jr/Frank_Dunham_Jr_0001.jpg,Frank_Dunham_Jr/Frank_Dunham_Jr_0002.jpg,1,0.97965711
Franko_Simatovic/Franko_Simatovic_0001.jpg,Franko_Simatovic/Franko_Simatovic_0002.jpg,1,0.99515390
Fred_Eckhard/Fred_Eckhard_0001.jpg,Fred_Eckhard/Fred_Eckhard_0002.jpg,1,0.99746835
Fred_Eckhard/Fred_Eckhard_0001.jpg,Fred_Eckhard/Fred_Eckhard_0003.jpg,1,0.99852055
Fred_Eckhard/Fred_Eckhard_0002.jpg,Fred_Eckhard/Fred_Eckhard_0003.jpg,1,0.99857420
GL_Peiris/GL_Peiris_0001.jpg,GL_Peiris/GL_Peiris_0002.jpg,1,0.99463189
GL_Peiris/GL_Peiris_0001.jpg,GL_Peiris/GL_Peiris_0003.jpg,1,0.99139160
GL_Peiris/GL_Peiris_0002.jpg,GL_Peiris/GL_Peiris_0003.jpg,1,0.99815941
GL_Peiris/GL_Peiris_0002.jpg,GL_Peiris/GL_Peiris_0004.jpg,1,0.98540723
Garry_Kasparov/Garry_Kasparov_0001.jpg,Garry_Kasparov/Garry_Kasparov_0002.jpg,1,0.99160087
Hassan_Nasrallah/Hassan_Nasrallah_0001.jpg,Hassan_Nasrallah/Hassan_Nasrallah_0002.jpg,1,0.99573028
Heidi_Klum/Heidi_Klum_0001.jpg,Heidi_Klum/Heidi_Klum_0003.jpg,1,0.98892605
Heidi_Klum/Heidi_Klum_0001.jpg,Heidi_Klum/Heidi_Klum_0004.jpg,1,0.99217308
Heidi_Klum/Heidi_Klum_0002.jpg,Heidi_Klum/Heidi_Klum_0004.jpg,1,0.99306250
Heidi_Klum/Heidi_Klum_0003.jpg,Heidi_Klum/Heidi_Klum_0004.jpg,1,0.99000555
Heinz_Feldmann/Heinz_Feldmann_0001.jpg,Heinz_Feldmann/Heinz_Feldmann_0002.jpg,1,0.99496877
Heinz_Feldmann/Heinz_Feldmann_0002.jpg,Heinz_Feldmann/Heinz_Feldmann_0003.jpg,1,0.99436808
Iban_Mayo/Iban_Mayo_0001.jpg,Iban_Mayo/Iban_Mayo_0002.jpg,1,0.96808028
Imad_Moustapha/Imad_Moustapha_0001.jpg,Imad_Moustapha/Imad_Moustapha_0002.jpg,1,0.99797952
Inam-ul-Haq/Inam-ul-Haq_0001.jpg,Inam-ul-Haq/Inam-ul-Haq_0002.jpg,1,0.98837781
James_Gandolfini/James_Gandolfini_0001.jpg,James_Gandolfini/James_Gandolfini_0003.jpg,1,0.98815131
James_Gandolfini/James_Gandolfini_0002.jpg,James_Gandolfini/James_Gandolfini_0003.jpg,1,0.98837304
Janet_Thorpe/Janet_Thorpe_0001.jpg,Janet_Thorpe/Janet_Thorpe_0002.jpg,1,0.99043250
Jean-Pierre_Raffarin/Jean-Pierre_Raffarin_0001.jpg,Jean-Pierre_Raffarin/Jean-Pierre_Raffarin_0002.jpg,1,0.98971879
Jean-Pierre_Raffarin/Jean-Pierre_Raffarin_0001.jpg,Jean-Pierre_Raffarin/Jean-Pierre_Raffarin_0006.jpg,1,0.99063408
Jean-Pierre_Raffarin/Jean-Pierre_Raffarin_0003.jpg,Jean-Pierre_Raffarin/Jean-Pierre_Raffarin_0004.jpg,1,0.98784643
Jean-Pierre_Raffarin/Jean-Pierre_Raffarin_0003.jpg,Jean-Pierre_Raffarin/Jean-Pierre_Raffarin_0005.jpg,1,0.98935574
Jean-Pierre_Raffarin/Jean-Pierre_Raffarin_0004.jpg,Jean-Pierre_Raffarin/Jean-Pierre_Raffarin_0007.jpg,1,0.98794901
Jean-Pierre_Raffarin/Jean-Pierre_Raffarin_0005.jpg,Jean-Pierre_Raffarin/Jean-Pierre_Raffarin_0007.jpg,1,0.99147820
Jean-Pierre_Raffarin/Jean-Pierre_Raffarin_0006.jpg,Jean-Pierre_Raffarin/Jean-Pierre_Raffarin_0007.jpg,1,0.99702889
Jeffrey_Scott_Postell/Jeffrey_Scott_Postell_0001.jpg,Jeffrey_Scott_Postell/Jeffrey_Scott_Postell_0002.jpg,1,0.98988885
Jennifer_Capriati/Jennifer_Capriati_0002.jpg,Jennifer_Capriati/Jennifer_Capriati_0014.jpg,1,0.98337251
Jennifer_Capriati/Jennifer_Capriati_0007.jpg,Jennifer_Capriati/Jennifer_Capriati_0032.jpg,1,0.99316061
Jennifer_Capriati/Jennifer_Capriati_0033.jpg,Jennifer_Capriati/Jennifer_Capriati_0042.jpg,1,0.98969263
Job_Cohen/Job_Cohen_0001.jpg,Job_Cohen/Job_Cohen_0002.jpg,1,0.99543959
John_McCormack/John_McCormack_0001.jpg,John_McCormack/John_McCormack_0002.jpg,1,0.96491885
John_Paul_II/John_Paul_II_0001.jpg,John_Paul_II/John_Paul_II_0004.jpg,1,0.98715252
John_Paul_II/John_Paul_II_0002.jpg,John_Paul_II/John_Paul_II_0005.jpg,1,0.99838394
John_Paul_II/John_Paul_II_0002.jpg,John_Paul_II/John_Paul_II_0008.jpg,1,0.99590200
John_Paul_II/John_Paul_II_0004.jpg,John_Paul_II/John_Paul_II_0009.jpg,1,0.98844731
John_Paul_II/John_Paul_II_0010.jpg,John_Paul_II/John_Paul_II_0011.jpg,1,0.99900401
John_Ruiz/John_Ruiz_0001.jpg,John_Ruiz/John_Ruiz_0002.jpg,1,0.99248624
John_Stallworth/John_Stallworth_0001.jpg,John_Stallworth/John_Stallworth_0002.jpg,1,0.99620086
John_Stockton/John_Stockton_0002.jpg,John_Stockton/John_Stockton_0004.jpg,1,0.99278939
John_Travolta/John_Travolta_0002.jpg,John_Travolta/John_Travolta_0006.jpg,1,0.99048609
John_Travolta/John_Travolta_0003.jpg,John_Travolta/John_Travolta_0005.jpg,1,0.95748794
John_Travolta/John_Travolta_0005.jpg,John_Travolta/John_Travolta_0007.jpg,1,0.97267085
Jonathan_Mostow/Jonathan_Mostow_0001.jpg,Jonathan_Mostow/Jonathan_Mostow_0002.jpg,1,0.99714196
Jorge_Arce/Jorge_Arce_0001.jpg,Jorge_Arce/Jorge_Arce_0002.jpg,1,0.98282027
Joschka_Fischer/Joschka_Fischer_0001.jpg,Joschka_Fischer/Joschka_Fischer_0010.jpg,1,0.99586606
Joschka_Fischer/Joschka_Fischer_0006.jpg,Joschka_Fischer/Joschka_Fischer_0011.jpg,1,0.99006534
Joschka_Fischer/Joschka_Fischer_0007.jpg,Joschka_Fischer/Joschka_Fischer_0011.jpg,1,0.99436426
Joschka_Fischer/Joschka_Fischer_0011.jpg,Joschka_Fischer/Joschka_Fischer_0017.jpg,1,0.99209547
Joschka_Fischer/Joschka_Fischer_0015.jpg,Joschka_Fischer/Joschka_Fischer_0016.jpg,1,0.99528503
Jose_Canseco/Jose_Canseco_0001.jpg,Jose_Canseco/Jose_Canseco_0003.jpg,1,0.99030578
Juan_Manuel_Marquez/Juan_Manuel_Marquez_0001.jpg,Juan_Manuel_Marquez/Juan_Manuel_Marquez_0002.jpg,1,0.99583828
Juan_Manuel_Marquez/Juan_Manuel_Marquez_0001.jpg,Juan_Manuel_Marquez/Juan_Manuel_Marquez_0003.jpg,1,0.99619520
Juan_Manuel_Marquez/Juan_Manuel_Marquez_0002.jpg,Juan_Manuel_Marquez/Juan_Manuel_Marquez_0003.jpg,1,0.99157131
Juan_Valencia_Osorio/Juan_Valencia_Osorio_0001.jpg,Juan_Valencia_Osorio/Juan_Valencia_Osorio_0002.jpg,1,0.98363358
Julie_Gerberding/Julie_Gerberding_0009.jpg,Julie_Gerberding/Julie_Gerberding_0013.jpg,1,0.99218369
Julie_Gerberding/Julie_Gerberding_0012.jpg,Julie_Gerberding/Julie_Gerberding_0015.jpg,1,0.98169136
Kate_Hudson/Kate_Hudson_0001.jpg,Kate_Hudson/Kate_Hudson_0004.jpg,1,0.99409854
Kate_Hudson/Kate_Hudson_0001.jpg,Kate_Hudson/Kate_Hudson_0008.jpg,1,0.99576777
Kate_Hudson/Kate_Hudson_0002.jpg,Kate_Hudson/Kate_Hudson_0003.jpg,1,0.98963648
Kate_Hudson/Kate_Hudson_0004.jpg,Kate_Hudson/Kate_Hudson_0009.jpg,1,0.99525768
Kate_Hudson/Kate_Hudson_0006.jpg,Kate_Hudson/Kate_Hudson_0007.jpg,1,0.99837971
Kemal_Dervis/Kemal_Dervis_0001.jpg,Kemal_Dervis/Kemal_Dervis_0003.jpg,1,0.99759746
Kemal_Dervis/Kemal_Dervis_0002.jpg,Kemal_Dervis/Kemal_Dervis_0003.jpg,1,0.99844980
Kenneth_Evans/Kenneth_Evans_0001.jpg,Kenneth_Evans/Kenneth_Evans_0002.jpg,1,0.99893457
Kifah_Ajouri/Kifah_Ajouri_0001.jpg,Kifah_Ajouri/Kifah_Ajouri_0002.jpg,1,0.99434549
Larry_Lucchino/Larry_Lucchino_0001.jpg,Larry_Lucchino/Larry_Lucchino_0002.jpg,1,0.99500608
Latrell_Sprewell/Latrell_Sprewell_0001.jpg,Latrell_Sprewell/Latrell_Sprewell_0002.jpg,1,0.99600601
Lech_Walesa/Lech_Walesa_0001.jpg,Lech_Walesa/Lech_Walesa_0002.jpg,1,0.99666119
Lee_Tae-sik/Lee_Tae-sik_0001.jpg,Lee_Tae-sik/Lee_Tae-sik_0002.jpg,1,0.99659115
Lisa_Marie_Presley/Lisa_Marie_Presley_0001.jpg,Lisa_Marie_Presley/Lisa_Marie_Presley_0003.jpg,1,0.98797560
Liza_Minnelli/Liza_Minnelli_0002.jpg,Liza_Minnelli/Liza_Minnelli_0003.jpg,1,0.99375522
Liza_Minnelli/Liza_Minnelli_0003.jpg,Liza_Minnelli/Liza_Minnelli_0004.jpg,1,0.99252868
Liza_Minnelli/Liza_Minnelli_0003.jpg,Liza_Minnelli/Liza_Minnelli_0006.jpg,1,0.99532533
Liza_Minnelli/Liza_Minnelli_0004.jpg,Liza_Minnelli/Liza_Minnelli_0005.jpg,1,0.98644984
Liza_Minnelli/Liza_Minnelli_0005.jpg,Liza_Minnelli/Liza_Minnelli_0006.jpg,1,0.98851925
Liza_Minnelli/Liza_Minnelli_0006.jpg,Liza_Minnelli/Liza_Minnelli_0007.jpg,1,0.99630111
Madonna/Madonna_0001.jpg,Madonna/Madonna_0004.jpg,1,0.99062371
Madonna/Madonna_0002.jpg,Madonna/Madonna_0003.jpg,1,0.99457097
Madonna/Madonna_0004.jpg,Madonna/Madonna_0005.jpg,1,0.98119837
Mariah_Carey/Mariah_Carey_0003.jpg,Mariah_Carey/Mariah_Carey_0006.jpg,1,0.99231446
Mary_Tyler_Moore/Mary_Tyler_Moore_0001.jpg,Mary_Tyler_Moore/Mary_Tyler_Moore_0002.jpg,1,0.99175900
Mathias_Reichhold/Mathias_Reichhold_0001.jpg,Mathias_Reichhold/Mathias_Reichhold_0002.jpg,1,0.99302232
Matt_Damon/Matt_Damon_0001.jpg,Matt_Damon/Matt_Damon_0002.jpg,1,0.99336487
Matt_Damon/Matt_Damon_0001.jpg,Matt_Damon/Matt_Damon_0003.jpg,1,0.98733163
Matt_Damon/Matt_Damon_0002.jpg,Matt_Damon/Matt_Damon_0004.jpg,1,0.99036908
Matt_Damon/Matt_Damon_0003.jpg,Matt_Damon/Matt_Damon_0004.jpg,1,0.98791718
Maureen_Fanning/Maureen_Fanning_0001.jpg,Maureen_Fanning/Maureen_Fanning_0002.jpg,1,0.98731714
Melanie_Griffith/Melanie_Griffith_0001.jpg,Melanie_Griffith/Melanie_Griffith_0002.jpg,1,0.98513865
Melanie_Griffith/Melanie_Griffith_0001.jpg,Melanie_Griffith/Melanie_Griffith_0003.jpg,1,0.99064827
Melanie_Griffith/Melanie_Griffith_0002.jpg,Melanie_Griffith/Melanie_Griffith_0003.jpg,1,0.99057114
Michael_Ballack/Michael_Ballack_0001.jpg,Michael_Ballack/Michael_Ballack_0002.jpg,1,0.98116386
Michael_Winterbottom/Michael_Winterbottom_0001.jpg,Michael_Winterbottom/Michael_Winterbottom_0003.jpg,1,0.99577868
Michael_Winterbottom/Michael_Winterbottom_0002.jpg,Michael_Winterbottom/Michael_Winterbottom_0003.jpg,1,0.99694085
Michelle_Collins/Michelle_Collins_0001.jpg,Michelle_Collins/Michelle_Collins_0002.jpg,1,0.99670994
Milo_Maestrecampo/Milo_Maestrecampo_0001.jpg,Milo_Maestrecampo/Milo_Maestrecampo_0002.jpg,1,0.99816382
Mohamed_Benaissa/Mohamed_Benaissa_0001.jpg,Mohamed_Benaissa/Mohamed_Benaissa_0002.jpg,1,0.99599624
Mohamed_ElBaradei/Mohamed_ElBaradei_0002.jpg,Mohamed_ElBaradei/Mohamed_ElBaradei_0004.jpg,1,0.99618065
Mohamed_ElBaradei/Mohamed_ElBaradei_0003.jpg,Mohamed_ElBaradei/Mohamed_ElBaradei_0008.jpg,1,0.99221480
Morgan_Freeman/Morgan_Freeman_0001.jpg,Morgan_Freeman/Morgan_Freeman_0002.jpg,1,0.99911219
Muhammad_Ali/Muhammad_Ali_0001.jpg,Muhammad_Ali/Muhammad_Ali_0003.jpg,1,0.98669440
Muhammad_Ali/Muhammad_Ali_0001.jpg,Muhammad_Ali/Muhammad_Ali_0007.jpg,1,0.98466098
Muhammad_Ali/Muhammad_Ali_0002.jpg,Muhammad_Ali/Muhammad_Ali_0005.jpg,1,0.99865109
Muhammad_Ali/Muhammad_Ali_0006.jpg,Muhammad_Ali/Muhammad_Ali_0010.jpg,1,0.99705142
Muhammad_Ali/Muhammad_Ali_0007.jpg,Muhammad_Ali/Muhammad_Ali_0009.jpg,1,0.99478668
Mukesh_Ambani/Mukesh_Ambani_0001.jpg,Mukesh_Ambani/Mukesh_Ambani_0002.jpg,1,0.99078435
Mukesh_Ambani/Mukesh_Ambani_0001.jpg,Mukesh_Ambani/Mukesh_Ambani_0003.jpg,1,0.99029750
Paris_Hilton/Paris_Hilton_0001.jpg,Paris_Hilton/Paris_Hilton_0002.jpg,1,0.99956262
Pat_Cox/Pat_Cox_0001.jpg,Pat_Cox/Pat_Cox_0002.jpg,1,0.98326939
Paul_Burrell/Paul_Burrell_0003.jpg,Paul_Burrell/Paul_Burrell_0007.jpg,1,0.99692607
Paul_Burrell/Paul_Burrell_0005.jpg,Paul_Burrell/Paul_Burrell_0011.jpg,1,0.99281573
Paul_Burrell/Paul_Burrell_0008.jpg,Paul_Burrell/Paul_Burrell_0010.jpg,1,0.99801779
Paul_Wolfowitz/Paul_Wolfowitz_0008.jpg,Paul_Wolfowitz/Paul_Wolfowitz_0010.jpg,1,0.98436743
Paula_Radcliffe/Paula_Radcliffe_0001.jpg,Paula_Radcliffe/Paula_Radcliffe_0002.jpg,1,0.99092978
Paula_Radcliffe/Paula_Radcliffe_0001.jpg,Paula_Radcliffe/Paula_Radcliffe_0003.jpg,1,0.99272799
Paula_Radcliffe/Paula_Radcliffe_0002.jpg,Paula_Radcliffe/Paula_Radcliffe_0003.jpg,1,0.98967534
Paula_Radcliffe/Paula_Radcliffe_0002.jpg,Paula_Radcliffe/Paula_Radcliffe_0004.jpg,1,0.99012750
Paula_Radcliffe/Paula_Radcliffe_0003.jpg,Paula_Radcliffe/Paula_Radcliffe_0004.jpg,1,0.99037921
Paula_Radcliffe/Paula_Radcliffe_0003.jpg,Paula_Radcliffe/Paula_Radcliffe_0005.jpg,1,0.98548597
Paula_Radcliffe/Paula_Radcliffe_0004.jpg,Paula_Radcliffe/Paula_Radcliffe_0005.jpg,1,0.98721004
Paulo_Cesar_Pinheiro/Paulo_Cesar_Pinheiro_0001.jpg,Paulo_Cesar_Pinheiro/Paulo_Cesar_Pinheiro_0002.jpg,1,0.99853557
Pedro_Solbes/Pedro_Solbes_0001.jpg,Pedro_Solbes/Pedro_Solbes_0003.jpg,1,0.99412203
Pedro_Solbes/Pedro_Solbes_0001.jpg,Pedro_Solbes/Pedro_Solbes_0004.jpg,1,0.99113035
Pedro_Solbes/Pedro_Solbes_0002.jpg,Pedro_Solbes/Pedro_Solbes_0003.jpg,1,0.99532813
Pedro_Solbes/Pedro_Solbes_0003.jpg,Pedro_Solbes/Pedro_Solbes_0004.jpg,1,0.99513233
Pete_Carroll/Pete_Carroll_0001.jpg,Pete_Carroll/Pete_Carroll_0002.jpg,1,0.98968971
Pete_Carroll/Pete_Carroll_0001.jpg,Pete_Carroll/Pete_Carroll_0003.jpg,1,0.99108177
Pete_Carroll/Pete_Carroll_0002.jpg,Pete_Carroll/Pete_Carroll_0003.jpg,1,0.99515510
Pete_Sampras/Pete_Sampras_0002.jpg,Pete_Sampras/Pete_Sampras_0012.jpg,1,0.99542773
Pete_Sampras/Pete_Sampras_0002.jpg,Pete_Sampras/Pete_Sampras_0013.jpg,1,0.99584597
Pete_Sampras/Pete_Sampras_0003.jpg,Pete_Sampras/Pete_Sampras_0015.jpg,1,0.98398238
Pete_Sampras/Pete_Sampras_0004.jpg,Pete_Sampras/Pete_Sampras_0020.jpg,1,0.99823707
Pete_Sampras/Pete_Sampras_0006.jpg,Pete_Sampras/Pete_Sampras_0007.jpg,1,0.99765277
Pete_Sampras/Pete_Sampras_0006.jpg,Pete_Sampras/Pete_Sampras_0008.jpg,1,0.99716735
Pete_Sampras/Pete_Sampras_0010.jpg,Pete_Sampras/Pete_Sampras_0013.jpg,1,0.99285078
Pete_Sampras/Pete_Sampras_0012.jpg,Pete_Sampras/Pete_Sampras_0015.jpg,1,0.99763453
Peter_Struck/Peter_Struck_0001.jpg,Peter_Struck/Peter_Struck_0005.jpg,1,0.99753439
Peter_Struck/Peter_Struck_0002.jpg,Peter_Struck/Peter_Struck_0005.jpg,1,0.99428850
Phil_Vassar/Phil_Vassar_0001.jpg,Phil_Vassar/Phil_Vassar_0002.jpg,1,0.97152174
Pierre_Boulanger/Pierre_Boulanger_0001.jpg,Pierre_Boulanger/Pierre_Boulanger_0002.jpg,1,0.99841195
Prince_Willem-Alexander/Prince_Willem-Alexander_0001.jpg,Prince_Willem-Alexander/Prince_Willem-Alexander_0002.jpg,1,0.98979086
Prince_Willem-Alexander/Prince_Willem-Alexander_0001.jpg,Prince_Willem-Alexander/Prince_Willem-Alexander_0003.jpg,1,0.98719305
Prince_Willem-Alexander/Prince_Willem-Alexander_0002.jpg,Prince_Willem-Alexander/Prince_Willem-Alexander_0003.jpg,1,0.99886489
Queen_Elizabeth_II/Queen_Elizabeth_II_0003.jpg,Queen_Elizabeth_II/Queen_Elizabeth_II_0007.jpg,1,0.99316502
Queen_Elizabeth_II/Queen_Elizabeth_II_0009.jpg,Queen_Elizabeth_II/Queen_Elizabeth_II_0012.jpg,1,0.97092772
Queen_Elizabeth_II/Queen_Elizabeth_II_0010.jpg,Queen_Elizabeth_II/Queen_Elizabeth_II_0011.jpg,1,0.98406708
Queen_Elizabeth_II/Queen_Elizabeth_II_0010.jpg,Queen_Elizabeth_II/Queen_Elizabeth_II_0012.jpg,1,0.97197855
Ray_Nagin/Ray_Nagin_0001.jpg,Ray_Nagin/Ray_Nagin_0002.jpg,1,0.98800886
Ricardo_Maduro/Ricardo_Maduro_0001.jpg,Ricardo_Maduro/Ricardo_Maduro_0002.jpg,1,0.97999293
Richard_Branson/Richard_Branson_0001.jpg,Richard_Branson/Richard_Branson_0002.jpg,1,0.99533069
Richard_Virenque/Richard_Virenque_0001.jpg,Richard_Virenque/Richard_Virenque_0004.jpg,1,0.98867154
Richard_Virenque/Richard_Virenque_0001.jpg,Richard_Virenque/Richard_Virenque_0006.jpg,1,0.98780555
Richard_Virenque/Richard_Virenque_0001.jpg,Richard_Virenque/Richard_Virenque_0007.jpg,1,0.99558175
Richard_Virenque/Richard_Virenque_0002.jpg,Richard_Virenque/Richard_Virenque_0007.jpg,1,0.98727202
Richard_Virenque/Richard_Virenque_0002.jpg,Richard_Virenque/Richard_Virenque_0008.jpg,1,0.98970544
Rick_Carlisle/Rick_Carlisle_0002.jpg,Rick_Carlisle/Rick_Carlisle_0004.jpg,1,0.97700644
Rick_Wagoner/Rick_Wagoner_0001.jpg,Rick_Wagoner/Rick_Wagoner_0002.jpg,1,0.99373090
Robbie_Williams/Robbie_Williams_0001.jpg,Robbie_Williams/Robbie_Williams_0002.jpg,1,0.99701285
Robbie_Williams/Robbie_Williams_0001.jpg,Robbie_Williams/Robbie_Williams_0003.jpg,1,0.99498957
Roberto_Carlos/Roberto_Carlos_0002.jpg,Roberto_Carlos/Roberto_Carlos_0003.jpg,1,0.97684121
Roberto_Carlos/Roberto_Carlos_0002.jpg,Roberto_Carlos/Roberto_Carlos_0004.jpg,1,0.97778666
Roseanne_Barr/Roseanne_Barr_0001.jpg,Roseanne_Barr/Roseanne_Barr_0002.jpg,1,0.99170756
Roseanne_Barr/Roseanne_Barr_0002.jpg,Roseanne_Barr/Roseanne_Barr_0003.jpg,1,0.98274606
Ruben_Studdard/Ruben_Studdard_0001.jpg,Ruben_Studdard/Ruben_Studdard_0002.jpg,1,0.99877352
Sammy_Sosa/Sammy_Sosa_0001.jpg,Sammy_Sosa/Sammy_Sosa_0002.jpg,1,0.98970175
Sarah_Jessica_Parker/Sarah_Jessica_Parker_0001.jpg,Sarah_Jessica_Parker/Sarah_Jessica_Parker_0003.jpg,1,0.99616247
Sarah_Jessica_Parker/Sarah_Jessica_Parker_0002.jpg,Sarah_Jessica_Parker/Sarah_Jessica_Parker_0004.jpg,1,0.98834407
Sarah_Jessica_Parker/Sarah_Jessica_Parker_0003.jpg,Sarah_Jessica_Parker/Sarah_Jessica_Parker_0004.jpg,1,0.99411654
Sharon_Davis/Sharon_Davis_0001.jpg,Sharon_Davis/Sharon_Davis_0002.jpg,1,0.99704975
Shaul_Mofaz/Shaul_Mofaz_0001.jpg,Shaul_Mofaz/Shaul_Mofaz_0002.jpg,1,0.98384506
Shaul_Mofaz/Shaul_Mofaz_0002.jpg,Shaul_Mofaz/Shaul_Mofaz_0003.jpg,1,0.99648201
Stan_Heath/Stan_Heath_0001.jpg,Stan_Heath/Stan_Heath_0002.jpg,1,0.99594277
Svetlana_Koroleva/Svetlana_Koroleva_0001.jpg,Svetlana_Koroleva/Svetlana_Koroleva_0002.jpg,1,0.99852681
Terrell_Suggs/Terrell_Suggs_0001.jpg,Terrell_Suggs/Terrell_Suggs_0002.jpg,1,0.99926710
Tim_Henman/Tim_Henman_0002.jpg,Tim_Henman/Tim_Henman_0012.jpg,1,0.99737513
Tim_Henman/Tim_Henman_0008.jpg,Tim_Henman/Tim_Henman_0019.jpg,1,0.98448730
Tom_Daschle/Tom_Daschle_0007.jpg,Tom_Daschle/Tom_Daschle_0008.jpg,1,0.99844223
Tom_Daschle/Tom_Daschle_0015.jpg,Tom_Daschle/Tom_Daschle_0021.jpg,1,0.98677713
Tom_Daschle/Tom_Daschle_0015.jpg,Tom_Daschle/Tom_Daschle_0022.jpg,1,0.99453616
Tony_Curtis/Tony_Curtis_0001.jpg,Tony_Curtis/Tony_Curtis_0002.jpg,1,0.99104130
Valentino_Rossi/Valentino_Rossi_0001.jpg,Valentino_Rossi/Valentino_Rossi_0002.jpg,1,0.98019719
Valentino_Rossi/Valentino_Rossi_0002.jpg,Valentino_Rossi/Valentino_Rossi_0004.jpg,1,0.99031490
Valentino_Rossi/Valentino_Rossi_0003.jpg,Valentino_Rossi/Valentino_Rossi_0006.jpg,1,0.97362071
Valentino_Rossi/Valentino_Rossi_0004.jpg,Valentino_Rossi/Valentino_Rossi_0005.jpg,1,0.99008459
Valentino_Rossi/Valentino_Rossi_0005.jpg,Valentino_Rossi/Valentino_Rossi_0006.jpg,1,0.99197805
Vanessa_Redgrave/Vanessa_Redgrave_0001.jpg,Vanessa_Redgrave/Vanessa_Redgrave_0003.jpg,1,0.98594248
Vanessa_Redgrave/Vanessa_Redgrave_0001.jpg,Vanessa_Redgrave/Vanessa_Redgrave_0004.jpg,1,0.98653549
Vanessa_Redgrave/Vanessa_Redgrave_0002.jpg,Vanessa_Redgrave/Vanessa_Redgrave_0005.jpg,1,0.99176055
Vanessa_Redgrave/Vanessa_Redgrave_0003.jpg,Vanessa_Redgrave/Vanessa_Redgrave_0004.jpg,1,0.99787295
Victoria_Clarke/Victoria_Clarke_0001.jpg,Victoria_Clarke/Victoria_Clarke_0005.jpg,1,0.99359941
Vladimiro_Montesinos/Vladimiro_Montesinos_0001.jpg,Vladimiro_Montesinos/Vladimiro_Montesinos_0002.jpg,1,0.99059236
Vladimiro_Montesinos/Vladimiro_Montesinos_0001.jpg,Vladimiro_Montesinos/Vladimiro_Montesinos_0003.jpg,1,0.99455720
Vladimiro_Montesinos/Vladimiro_Montesinos_0002.jpg,Vladimiro_Montesinos/Vladimiro_Montesinos_0003.jpg,1,0.99204326
Wayne_Ferreira/Wayne_Ferreira_0001.jpg,Wayne_Ferreira/Wayne_Ferreira_0002.jpg,1,0.99112606
Wayne_Ferreira/Wayne_Ferreira_0001.jpg,Wayne_Ferreira/Wayne_Ferreira_0003.jpg,1,0.99475431
Wayne_Ferreira/Wayne_Ferreira_0001.jpg,Wayne_Ferreira/Wayne_Ferreira_0005.jpg,1,0.99365598
Wayne_Ferreira/Wayne_Ferreira_0002.jpg,Wayne_Ferreira/Wayne_Ferreira_0005.jpg,1,0.98312575
Wayne_Ferreira/Wayne_Ferreira_0003.jpg,Wayne_Ferreira/Wayne_Ferreira_0004.jpg,1,0.98735714
Will_Smith/Will_Smith_0001.jpg,Will_Smith/Will_Smith_0002.jpg,1,0.99542260
Yasser_Arafat/Yasser_Arafat_0001.jpg,Yasser_Arafat/Yasser_Arafat_0006.jpg,1,0.96944398
Yasser_Arafat/Yasser_Arafat_0001.jpg,Yasser_Arafat/Yasser_Arafat_0008.jpg,1,0.96693313
Yasser_Arafat/Yasser_Arafat_0002.jpg,Yasser_Arafat/Yasser_Arafat_0003.jpg,1,0.99454606
Yasser_Arafat/Yasser_Arafat_0002.jpg,Yasser_Arafat/Yasser_Arafat_0005.jpg,1,0.99498618
Yasser_Arafat/Yasser_Arafat_0003.jpg,Yasser_Arafat/Yasser_Arafat_0004.jpg,1,0.99468356
Yasser_Arafat/Yasser_Arafat_0003.jpg,Yasser_Arafat/Yasser_Arafat_0008.jpg,1,0.99289703
Yasser_Arafat/Yasser_Arafat_0004.jpg,Yasser_Arafat/Yasser_Arafat_0005.jpg,1,0.99596405
Yasser_Arafat/Yasser_Arafat_0005.jpg,Yasser_Arafat/Yasser_Arafat_0008.jpg,1,0.99487185
Yuri_Fedotov/Yuri_Fedotov_0001.jpg,Yuri_Fedotov/Yuri_Fedotov_0002.jpg,1,0.98964930
Zoran_Djindjic/Zoran_Djindjic_0001.jpg,Zoran_Djindjic/Zoran_Djindjic_0003.jpg,1,0.99511141
Zoran_Djindjic/Zoran_Djindjic_0001.jpg,Zoran_Djindjic/Zoran_Djindjic_0004.jpg,1,0.98379630
Aitor_Gonzalez/Aitor_Gonzalez_0001.jpg,Aitor_Gonzalez/Aitor_Gonzalez_0002.jpg,1,0.98076314
Alec_Baldwin/Alec_Baldwin_0002.jpg,Alec_Baldwin/Alec_Baldwin_0004.jpg,1,0.98926604
Allison_Janney/Allison_Janney_0001.jpg,Allison_Janney/Allison_Janney_0002.jpg,1,0.99541700
Alvaro_Noboa/Alvaro_Noboa_0001.jpg,Alvaro_Noboa/Alvaro_Noboa_0003.jpg,1,0.99333018
Alvaro_Noboa/Alvaro_Noboa_0002.jpg,Alvaro_Noboa/Alvaro_Noboa_0003.jpg,1,0.98681617
Amanda_Coetzer/Amanda_Coetzer_0001.jpg,Amanda_Coetzer/Amanda_Coetzer_0002.jpg,1,0.98403382
Amer_al-Saadi/Amer_al-Saadi_0001.jpg,Amer_al-Saadi/Amer_al-Saadi_0003.jpg,1,0.99578768
Amer_al-Saadi/Amer_al-Saadi_0001.jpg,Amer_al-Saadi/Amer_al-Saadi_0004.jpg,1,0.99602580
Amer_al-Saadi/Amer_al-Saadi_0002.jpg,Amer_al-Saadi/Amer_al-Saadi_0004.jpg,1,0.99029291
Ana_Guevara/Ana_Guevara_0002.jpg,Ana_Guevara/Ana_Guevara_0007.jpg,1,0.99422818
Ana_Guevara/Ana_Guevara_0003.jpg,Ana_Guevara/Ana_Guevara_0007.jpg,1,0.98767281
Anneli_Jaatteenmaki/Anneli_Jaatteenmaki_0001.jpg,Anneli_Jaatteenmaki/Anneli_Jaatteenmaki_0002.jpg,1,0.95183331
Ari_Fleischer/Ari_Fleischer_0006.jpg,Ari_Fleischer/Ari_Fleischer_0009.jpg,1,0.99219573
Ari_Fleischer/Ari_Fleischer_0007.jpg,Ari_Fleischer/Ari_Fleischer_0012.jpg,1,0.99730426
Arianna_Huffington/Arianna_Huffington_0001.jpg,Arianna_Huffington/Arianna_Huffington_0002.jpg,1,0.98915184
Arianna_Huffington/Arianna_Huffington_0001.jpg,Arianna_Huffington/Arianna_Huffington_0004.jpg,1,0.99512208
Arianna_Huffington/Arianna_Huffington_0002.jpg,Arianna_Huffington/Arianna_Huffington_0003.jpg,1,0.99346626
Arianna_Huffington/Arianna_Huffington_0002.jpg,Arianna_Huffington/Arianna_Huffington_0004.jpg,1,0.98526728
Arnaud_Clement/Arnaud_Clement_0001.jpg,Arnaud_Clement/Arnaud_Clement_0002.jpg,1,0.99026597
Arsinee_Khanjian/Arsinee_Khanjian_0001.jpg,Arsinee_Khanjian/Arsinee_Khanjian_0002.jpg,1,0.99014193
Art_Howe/Art_Howe_0001.jpg,Art_Howe/Art_Howe_0002.jpg,1,0.97032332
Art_Howe/Art_Howe_0001.jpg,Art_Howe/Art_Howe_0003.jpg,1,0.99209380
Art_Howe/Art_Howe_0001.jpg,Art_Howe/Art_Howe_0004.jpg,1,0.97100663
Art_Howe/Art_Howe_0002.jpg,Art_Howe/Art_Howe_0003.jpg,1,0.96574003
Art_Howe/Art_Howe_0003.jpg,Art_Howe/Art_Howe_0004.jpg,1,0.96556580
Ben_Affleck/Ben_Affleck_0002.jpg,Ben_Affleck/Ben_Affleck_0003.jpg,1,0.99181241
Ben_Affleck/Ben_Affleck_0002.jpg,Ben_Affleck/Ben_Affleck_0004.jpg,1,0.99297845
Ben_Affleck/Ben_Affleck_0002.jpg,Ben_Affleck/Ben_Affleck_0007.jpg,1,0.99002224
Ben_Affleck/Ben_Affleck_0003.jpg,Ben_Affleck/Ben_Affleck_0006.jpg,1,0.99220270
Ben_Affleck/Ben_Affleck_0005.jpg,Ben_Affleck/Ben_Affleck_0006.jpg,1,0.99743497
Betsy_Smith/Betsy_Smith_0001.jpg,Betsy_Smith/Betsy_Smith_0002.jpg,1,0.99230504
Bill_Callahan/Bill_Callahan_0001.jpg,Bill_Callahan/Bill_Callahan_0003.jpg,1,0.99464804
Blythe_Hartley/Blythe_Hartley_0001.jpg,Blythe_Hartley/Blythe_Hartley_0002.jpg,1,0.98744893
Bob_Huggins/Bob_Huggins_0001.jpg,Bob_Huggins/Bob_Huggins_0003.jpg,1,0.99002141
Bob_Huggins/Bob_Huggins_0003.jpg,Bob_Huggins/Bob_Huggins_0004.jpg,1,0.98768103
Bobby_Goldwater/Bobby_Goldwater_0001.jpg,Bobby_Goldwater/Bobby_Goldwater_0002.jpg,1,0.99617445
Bono/Bono_0001.jpg,Bono/Bono_0002.jpg,1,0.98945051
Bono/Bono_0001.jpg,Bono/Bono_0003.jpg,1,0.97996640
Bono/Bono_0002.jpg,Bono/Bono_0003.jpg,1,0.97694290
Brad_Garrett/Brad_Garrett_0001.jpg,Brad_Garrett/Brad_Garrett_0003.jpg,1,0.98497492
Brad_Garrett/Brad_Garrett_0002.jpg,Brad_Garrett/Brad_Garrett_0003.jpg,1,0.98854023
Brad_Garrett/Brad_Garrett_0002.jpg,Brad_Garrett/Brad_Garrett_0004.jpg,1,0.98338997
Brian_Mulroney/Brian_Mulroney_0001.jpg,Brian_Mulroney/Brian_Mulroney_0002.jpg,1,0.99296486
Bud_Selig/Bud_Selig_0001.jpg,Bud_Selig/Bud_Selig_0002.jpg,1,0.98048294
Bud_Selig/Bud_Selig_0002.jpg,Bud_Selig/Bud_Selig_0003.jpg,1,0.98724639
Bud_Selig/Bud_Selig_0002.jpg,Bud_Selig/Bud_Selig_0004.jpg,1,0.98635697
Carla_Del_Ponte/Carla_Del_Ponte_0001.jpg,Carla_Del_Ponte/Carla_Del_Ponte_0002.jpg,1,0.99577355
Carla_Del_Ponte/Carla_Del_Ponte_0002.jpg,Carla_Del_Ponte/Carla_Del_Ponte_0004.jpg,1,0.98664558
Carla_Del_Ponte/Carla_Del_Ponte_0002.jpg,Carla_Del_Ponte/Carla_Del_Ponte_0005.jpg,1,0.98346484
Carla_Del_Ponte/Carla_Del_Ponte_0003.jpg,Carla_Del_Ponte/Carla_Del_Ponte_0005.jpg,1,0.97453284
Carlos_Ghosn/Carlos_Ghosn_0001.jpg,Carlos_Ghosn/Carlos_Ghosn_0002.jpg,1,0.99676955
Carlos_Manuel_Pruneda/Carlos_Manuel_Pruneda_0001.jpg,Carlos_Manuel_Pruneda/Carlos_Manuel_Pruneda_0002.jpg,1,0.98888683
Carlos_Manuel_Pruneda/Carlos_Manuel_Pruneda_0001.jpg,Carlos_Manuel_Pruneda/Carlos_Manuel_Pruneda_0003.jpg,1,0.99379921
Carlos_Menem/Carlos_Menem_0002.jpg,Carlos_Menem/Carlos_Menem_0021.jpg,1,0.99793524
Carlos_Menem/Carlos_Menem_0005.jpg,Carlos_Menem/Carlos_Menem_0018.jpg,1,0.97091556
Carlos_Menem/Carlos_Menem_0008.jpg,Carlos_Menem/Carlos_Menem_0015.jpg,1,0.98767191
Carlos_Menem/Carlos_Menem_0011.jpg,Carlos_Menem/Carlos_Menem_0012.jpg,1,0.98509192
Carlos_Menem/Carlos_Menem_0014.jpg,Carlos_Menem/Carlos_Menem_0021.jpg,1,0.99664432
Carlos_Menem/Carlos_Menem_0016.jpg,Carlos_Menem/Carlos_Menem_0018.jpg,1,0.97307414
Carmen_Electra/Carmen_Electra_0003.jpg,Carmen_Electra/Carmen_Electra_0004.jpg,1,0.98542893
Carmen_Electra/Carmen_Electra_0004.jpg,Carmen_Electra/Carmen_Electra_0006.jpg,1,0.99145764
Charlotte_Rampling/Charlotte_Rampling_0001.jpg,Charlotte_Rampling/Charlotte_Rampling_0002.jpg,1,0.97111231
Chick_Hearn/Chick_Hearn_0001.jpg,Chick_Hearn/Chick_Hearn_0002.jpg,1,0.99701571
Christine_Todd_Whitman/Christine_Todd_Whitman_0002.jpg,Christine_Todd_Whitman/Christine_Todd_Whitman_0003.jpg,1,0.96477181
Christine_Todd_Whitman/Christine_Todd_Whitman_0005.jpg,Christine_Todd_Whitman/Christine_Todd_Whitman_0006.jpg,1,0.95600325
Christopher_Reeve/Christopher_Reeve_0001.jpg,Christopher_Reeve/Christopher_Reeve_0003.jpg,1,0.96847630
Chuck_Amato/Chuck_Amato_0001.jpg,Chuck_Amato/Chuck_Amato_0002.jpg,1,0.99533820
Cindy_Crawford/Cindy_Crawford_0002.jpg,Cindy_Crawford/Cindy_Crawford_0003.jpg,1,0.98131818
Cindy_Margolis/Cindy_Margolis_0001.jpg,Cindy_Margolis/Cindy_Margolis_0002.jpg,1,0.99013686
Claire_Danes/Claire_Danes_0001.jpg,Claire_Danes/Claire_Danes_0003.jpg,1,0.99449265
Claire_Danes/Claire_Danes_0002.jpg,Claire_Danes/Claire_Danes_0003.jpg,1,0.99365216
Conan_OBrien/Conan_OBrien_0001.jpg,Conan_OBrien/Conan_OBrien_0002.jpg,1,0.99577951
Conan_OBrien/Conan_OBrien_0002.jpg,Conan_OBrien/Conan_OBrien_0003.jpg,1,0.99574804
Conan_OBrien/Conan_OBrien_0002.jpg,Conan_OBrien/Conan_OBrien_0004.jpg,1,0.98463571
Conchita_Martinez/Conchita_Martinez_0001.jpg,Conchita_Martinez/Conchita_Martinez_0002.jpg,1,0.99451303
Conchita_Martinez/Conchita_Martinez_0001.jpg,Conchita_Martinez/Conchita_Martinez_0003.jpg,1,0.99118245
Dan_Morales/Dan_Morales_0001.jpg,Dan_Morales/Dan_Morales_0002.jpg,1,0.99675572
Dan_Morales/Dan_Morales_0001.jpg,Dan_Morales/Dan_Morales_0003.jpg,1,0.99637306
David_Hyde_Pierce/David_Hyde_Pierce_0001.jpg,David_Hyde_Pierce/David_Hyde_Pierce_0002.jpg,1,0.99492580
David_Hyde_Pierce/David_Hyde_Pierce_0001.jpg,David_Hyde_Pierce/David_Hyde_Pierce_0003.jpg,1,0.99692649
David_Hyde_Pierce/David_Hyde_Pierce_0002.jpg,David_Hyde_Pierce/David_Hyde_Pierce_0003.jpg,1,0.99688143
David_Hyde_Pierce/David_Hyde_Pierce_0002.jpg,David_Hyde_Pierce/David_Hyde_Pierce_0004.jpg,1,0.97314715
David_Myers/David_Myers_0001.jpg,David_Myers/David_Myers_0002.jpg,1,0.99461871
David_Nalbandian/David_Nalbandian_0001.jpg,David_Nalbandian/David_Nalbandian_0003.jpg,1,0.98931229
David_Nalbandian/David_Nalbandian_0002.jpg,David_Nalbandian/David_Nalbandian_0009.jpg,1,0.98844874
David_Nalbandian/David_Nalbandian_0003.jpg,David_Nalbandian/David_Nalbandian_0004.jpg,1,0.99490714
David_Nalbandian/David_Nalbandian_0004.jpg,David_Nalbandian/David_Nalbandian_0013.jpg,1,0.99147499
David_Nalbandian/David_Nalbandian_0011.jpg,David_Nalbandian/David_Nalbandian_0012.jpg,1,0.99519181
David_Stern/David_Stern_0001.jpg,David_Stern/David_Stern_0002.jpg,1,0.98791635
David_Stern/David_Stern_0002.jpg,David_Stern/David_Stern_0003.jpg,1,0.98438537
Derek_Jeter/Derek_Jeter_0002.jpg,Derek_Jeter/Derek_Jeter_0003.jpg,1,0.98881072
Derek_Jeter/Derek_Jeter_0002.jpg,Derek_Jeter/Derek_Jeter_0004.jpg,1,0.97541845
Donatella_Versace/Donatella_Versace_0001.jpg,Donatella_Versace/Donatella_Versace_0003.jpg,1,0.97136593
Donatella_Versace/Donatella_Versace_0002.jpg,Donatella_Versace/Donatella_Versace_0003.jpg,1,0.97380888
Donna_Shalala/Donna_Shalala_0001.jpg,Donna_Shalala/Donna_Shalala_0002.jpg,1,0.98668295
Edmund_Hillary/Edmund_Hillary_0001.jpg,Edmund_Hillary/Edmund_Hillary_0002.jpg,1,0.99049294
Edmund_Hillary/Edmund_Hillary_0001.jpg,Edmund_Hillary/Edmund_Hillary_0003.jpg,1,0.99791074
Edmund_Hillary/Edmund_Hillary_0002.jpg,Edmund_Hillary/Edmund_Hillary_0003.jpg,1,0.99108827
Elisabeth_Schumacher/Elisabeth_Schumacher_0001.jpg,Elisabeth_Schumacher/Elisabeth_Schumacher_0002.jpg,1,0.98756868
Elizabeth_Smart/Elizabeth_Smart_0003.jpg,Elizabeth_Smart/Elizabeth_Smart_0005.jpg,1,0.99360907
Erin_Runnion/Erin_Runnion_0001.jpg,Erin_Runnion/Erin_Runnion_0003.jpg,1,0.99340284
Erin_Runnion/Erin_Runnion_0002.jpg,Erin_Runnion/Erin_Runnion_0003.jpg,1,0.99546021
Erin_Runnion/Erin_Runnion_0002.jpg,Erin_Runnion/Erin_Runnion_0004.jpg,1,0.99540079
Erin_Runnion/Erin_Runnion_0003.jpg,Erin_Runnion/Erin_Runnion_0004.jpg,1,0.99663448
Fernando_Henrique_Cardoso/Fernando_Henrique_Cardoso_0001.jpg,Fernando_Henrique_Cardoso/Fernando_Henrique_Cardoso_0002.jpg,1,0.98857486
Fernando_Henrique_Cardoso/Fernando_Henrique_Cardoso_0001.jpg,Fernando_Henrique_Cardoso/Fernando_Henrique_Cardoso_0003.jpg,1,0.98413861
Fernando_Henrique_Cardoso/Fernando_Henrique_Cardoso_0001.jpg,Fernando_Henrique_Cardoso/Fernando_Henrique_Cardoso_0004.jpg,1,0.99774122
Fernando_Henrique_Cardoso/Fernando_Henrique_Cardoso_0002.jpg,Fernando_Henrique_Cardoso/Fernando_Henrique_Cardoso_0007.jpg,1,0.99345058
Fernando_Henrique_Cardoso/Fernando_Henrique_Cardoso_0005.jpg,Fernando_Henrique_Cardoso/Fernando_Henrique_Cardoso_0007.jpg,1,0.99074769
Fernando_Henrique_Cardoso/Fernando_Henrique_Cardoso_0006.jpg,Fernando_Henrique_Cardoso/Fernando_Henrique_Cardoso_0007.jpg,1,0.99423343
Francis_Mer/Francis_Mer_0001.jpg,Francis_Mer/Francis_Mer_0002.jpg,1,0.99635065
Franz_Fischler/Franz_Fischler_0001.jpg,Franz_Fischler/Franz_Fischler_0002.jpg,1,0.99523127
Gary_Locke/Gary_Locke_0001.jpg,Gary_Locke/Gary_Locke_0002.jpg,1,0.99394518
Gerry_Adams/Gerry_Adams_0001.jpg,Gerry_Adams/Gerry_Adams_0003.jpg,1,0.99692518
Gerry_Adams/Gerry_Adams_0001.jpg,Gerry_Adams/Gerry_Adams_0007.jpg,1,0.99584597
Gerry_Adams/Gerry_Adams_0002.jpg,Gerry_Adams/Gerry_Adams_0006.jpg,1,0.99119127
Gerry_Adams/Gerry_Adams_0003.jpg,Gerry_Adams/Gerry_Adams_0005.jpg,1,0.99532938
Gerry_Adams/Gerry_Adams_0004.jpg,Gerry_Adams/Gerry_Adams_0006.jpg,1,0.99397862
Gerry_Adams/Gerry_Adams_0005.jpg,Gerry_Adams/Gerry_Adams_0006.jpg,1,0.99401683
Gianna_Angelopoulos-Daskalaki/Gianna_Angelopoulos-Daskalaki_0001.jpg,Gianna_Angelopoulos-Daskalaki/Gianna_Angelopoulos-Daskalaki_0002.jpg,1,0.98652422
Gil_de_Ferran/Gil_de_Ferran_0001.jpg,Gil_de_Ferran/Gil_de_Ferran_0005.jpg,1,0.99639034
Gil_de_Ferran/Gil_de_Ferran_0002.jpg,Gil_de_Ferran/Gil_de_Ferran_0004.jpg,1,0.97821748
Gil_de_Ferran/Gil_de_Ferran_0003.jpg,Gil_de_Ferran/Gil_de_Ferran_0005.jpg,1,0.99206388
Goh_Kun/Goh_Kun_0001.jpg,Goh_Kun/Goh_Kun_0002.jpg,1,0.99355459
Grady_Irvin_Jr/Grady_Irvin_Jr_0001.jpg,Grady_Irvin_Jr/Grady_Irvin_Jr_0002.jpg,1,0.99702388
Gunter_Pleuger/Gunter_Pleuger_0003.jpg,Gunter_Pleuger/Gunter_Pleuger_0005.jpg,1,0.99237585
Gunter_Pleuger/Gunter_Pleuger_0003.jpg,Gunter_Pleuger/Gunter_Pleuger_0006.jpg,1,0.99663556
Harry_Belafonte/Harry_Belafonte_0001.jpg,Harry_Belafonte/Harry_Belafonte_0002.jpg,1,0.99884987
Harry_Schmidt/Harry_Schmidt_0001.jpg,Harry_Schmidt/Harry_Schmidt_0003.jpg,1,0.99666888
Harry_Schmidt/Harry_Schmidt_0001.jpg,Harry_Schmidt/Harry_Schmidt_0004.jpg,1,0.99639195
Harry_Schmidt/Harry_Schmidt_0002.jpg,Harry_Schmidt/Harry_Schmidt_0003.jpg,1,0.99527657
Harry_Schmidt/Harry_Schmidt_0003.jpg,Harry_Schmidt/Harry_Schmidt_0004.jpg,1,0.99656898
Helen_Clark/Helen_Clark_0002.jpg,Helen_Clark/Helen_Clark_0004.jpg,1,0.99459404
Hermann_Maier/Hermann_Maier_0001.jpg,Hermann_Maier/Hermann_Maier_0002.jpg,1,0.97384441
Ian_Thorpe/Ian_Thorpe_0001.jpg,Ian_Thorpe/Ian_Thorpe_0007.jpg,1,0.98176140
Ian_Thorpe/Ian_Thorpe_0001.jpg,Ian_Thorpe/Ian_Thorpe_0010.jpg,1,0.98385322
Ian_Thorpe/Ian_Thorpe_0003.jpg,Ian_Thorpe/Ian_Thorpe_0009.jpg,1,0.98593557
Ian_Thorpe/Ian_Thorpe_0005.jpg,Ian_Thorpe/Ian_Thorpe_0007.jpg,1,0.98152095
Ian_Thorpe/Ian_Thorpe_0006.jpg,Ian_Thorpe/Ian_Thorpe_0010.jpg,1,0.99337077
Isabelle_Huppert/Isabelle_Huppert_0001.jpg,Isabelle_Huppert/Isabelle_Huppert_0002.jpg,1,0.98973554
James_Butts/James_Butts_0001.jpg,James_Butts/James_Butts_0002.jpg,1,0.99705875
Jan-Michael_Gambill/Jan-Michael_Gambill_0001.jpg,Jan-Michael_Gambill/Jan-Michael_Gambill_0002.jpg,1,0.98873657
Jan-Michael_Gambill/Jan-Michael_Gambill_0002.jpg,Jan-Michael_Gambill/Jan-Michael_Gambill_0003.jpg,1,0.98882544
Jean-Francois_Pontal/Jean-Francois_Pontal_0001.jpg,Jean-Francois_Pontal/Jean-Francois_Pontal_0003.jpg,1,0.98910356
Jean-Marc_de_La_Sabliere/Jean-Marc_de_La_Sabliere_0001.jpg,Jean-Marc_de_La_Sabliere/Jean-Marc_de_La_Sabliere_0002.jpg,1,0.99813831
Jean-Sebastien_Giguere/Jean-Sebastien_Giguere_0001.jpg,Jean-Sebastien_Giguere/Jean-Sebastien_Giguere_0002.jpg,1,0.99096394
Jeb_Bush/Jeb_Bush_0001.jpg,Jeb_Bush/Jeb_Bush_0006.jpg,1,0.99401587
Jeb_Bush/Jeb_Bush_0002.jpg,Jeb_Bush/Jeb_Bush_0006.jpg,1,0.99710447
Jeb_Bush/Jeb_Bush_0005.jpg,Jeb_Bush/Jeb_Bush_0007.jpg,1,0.99313164
Jeffrey_Jones/Jeffrey_Jones_0001.jpg,Jeffrey_Jones/Jeffrey_Jones_0002.jpg,1,0.99879193
Jim_OBrien/Jim_OBrien_0001.jpg,Jim_OBrien/Jim_OBrien_0002.jpg,1,0.98764473
Jim_OBrien/Jim_OBrien_0001.jpg,Jim_OBrien/Jim_OBrien_0003.jpg,1,0.98592997
Joe_Gatti/Joe_Gatti_0001.jpg,Joe_Gatti/Joe_Gatti_0002.jpg,1,0.99311638
John_Cusack/John_Cusack_0001.jpg,John_Cusack/John_Cusack_0002.jpg,1,0.99755007
John_Edwards/John_Edwards_0001.jpg,John_Edwards/John_Edwards_0003.jpg,1,0.98621047
John_Edwards/John_Edwards_0001.jpg,John_Edwards/John_Edwards_0007.jpg,1,0.99408829
John_Edwards/John_Edwards_0002.jpg,John_Edwards/John_Edwards_0005.jpg,1,0.99115318
John_Edwards/John_Edwards_0003.jpg,John_Edwards/John_Edwards_0007.jpg,1,0.99327457
John_Edwards/John_Edwards_0004.jpg,John_Edwards/John_Edwards_0006.jpg,1,0.98196894
John_Edwards/John_Edwards_0004.jpg,John_Edwards/John_Edwards_0008.jpg,1,0.98992455
John_Edwards/John_Edwards_0006.jpg,John_Edwards/John_Edwards_0007.jpg,1,0.99128771
John_Spencer/John_Spencer_0001.jpg,John_Spencer/John_Spencer_0002.jpg,1,0.99694061
John_Taylor/John_Taylor_0001.jpg,John_Taylor/John_Taylor_0002.jpg,1,0.98758280
John_Walsh/John_Walsh_0001.jpg,John_Walsh/John_Walsh_0002.jpg,1,0.99072981
Jolanta_Kwasniewski/Jolanta_Kwasniewski_0001.jpg,Jolanta_Kwasniewski/Jolanta_Kwasniewski_0002.jpg,1,0.98644704
Jose_Mourinho/Jose_Mourinho_0001.jpg,Jose_Mourinho/Jose_Mourinho_0002.jpg,1,0.98553479
Juergen_Peters/Juergen_Peters_0001.jpg,Juergen_Peters/Juergen_Peters_0002.jpg,1,0.99718809
Kalpana_Chawla/Kalpana_Chawla_0001.jpg,Kalpana_Chawla/Kalpana_Chawla_0004.jpg,1,0.99399400
Kalpana_Chawla/Kalpana_Chawla_0002.jpg,Kalpana_Chawla/Kalpana_Chawla_0003.jpg,1,0.99262023
Kalpana_Chawla/Kalpana_Chawla_0002.jpg,Kalpana_Chawla/Kalpana_Chawla_0005.jpg,1,0.99450856
Kalpana_Chawla/Kalpana_Chawla_0003.jpg,Kalpana_Chawla/Kalpana_Chawla_0004.jpg,1,0.99625653
Kelli_White/Kelli_White_0001.jpg,Kelli_White/Kelli_White_0002.jpg,1,0.99875057
Kim_Jin-sun/Kim_Jin-sun_0001.jpg,Kim_Jin-sun/Kim_Jin-sun_0002.jpg,1,0.99711156
Lana_Clarkson/Lana_Clarkson_0001.jpg,Lana_Clarkson/Lana_Clarkson_0002.jpg,1,0.99322098
Laura_Hernandez/Laura_Hernandez_0001.jpg,Laura_Hernandez/Laura_Hernandez_0002.jpg,1,0.99750757
Laura_Linney/Laura_Linney_0001.jpg,Laura_Linney/Laura_Linney_0002.jpg,1,0.99550962
Laura_Linney/Laura_Linney_0001.jpg,Laura_Linney/Laura_Linney_0003.jpg,1,0.99649131
Laura_Linney/Laura_Linney_0002.jpg,Laura_Linney/Laura_Linney_0004.jpg,1,0.99860138
Laura_Linney/Laura_Linney_0003.jpg,Laura_Linney/Laura_Linney_0004.jpg,1,0.99580479
Lenny_Wilkens/Lenny_Wilkens_0001.jpg,Lenny_Wilkens/Lenny_Wilkens_0002.jpg,1,0.99419296
Lenny_Wilkens/Lenny_Wilkens_0001.jpg,Lenny_Wilkens/Lenny_Wilkens_0003.jpg,1,0.99310935
Lenny_Wilkens/Lenny_Wilkens_0002.jpg,Lenny_Wilkens/Lenny_Wilkens_0003.jpg,1,0.99706805
Lloyd_Ward/Lloyd_Ward_0001.jpg,Lloyd_Ward/Lloyd_Ward_0002.jpg,1,0.99235052
Mahathir_Mohamad/Mahathir_Mohamad_0001.jpg,Mahathir_Mohamad/Mahathir_Mohamad_0007.jpg,1,0.99062145
Mahathir_Mohamad/Mahathir_Mohamad_0001.jpg,Mahathir_Mohamad/Mahathir_Mohamad_0012.jpg,1,0.98524773
Mahathir_Mohamad/Mahathir_Mohamad_0006.jpg,Mahathir_Mohamad/Mahathir_Mohamad_0010.jpg,1,0.98770666
Mark_Cuban/Mark_Cuban_0001.jpg,Mark_Cuban/Mark_Cuban_0002.jpg,1,0.99183494
Mark_Heller/Mark_Heller_0001.jpg,Mark_Heller/Mark_Heller_0002.jpg,1,0.99265486
Mark_Schweiker/Mark_Schweiker_0001.jpg,Mark_Schweiker/Mark_Schweiker_0002.jpg,1,0.99134123
Marty_Mornhinweg/Marty_Mornhinweg_0001.jpg,Marty_Mornhinweg/Marty_Mornhinweg_0002.jpg,1,0.99774170
Marty_Mornhinweg/Marty_Mornhinweg_0001.jpg,Marty_Mornhinweg/Marty_Mornhinweg_0003.jpg,1,0.99460590
Marty_Mornhinweg/Marty_Mornhinweg_0002.jpg,Marty_Mornhinweg/Marty_Mornhinweg_0003.jpg,1,0.99423373
Michael_Phelps/Michael_Phelps_0001.jpg,Michael_Phelps/Michael_Phelps_0002.jpg,1,0.99492383
Michael_Phelps/Michael_Phelps_0002.jpg,Michael_Phelps/Michael_Phelps_0004.jpg,1,0.99177682
Mick_Jagger/Mick_Jagger_0002.jpg,Mick_Jagger/Mick_Jagger_0004.jpg,1,0.98282015
Miguel_Estrada/Miguel_Estrada_0001.jpg,Miguel_Estrada/Miguel_Estrada_0002.jpg,1,0.98485315
Mike_Myers/Mike_Myers_0001.jpg,Mike_Myers/Mike_Myers_0006.jpg,1,0.98193312
Mike_Myers/Mike_Myers_0002.jpg,Mike_Myers/Mike_Myers_0003.jpg,1,0.99035120
Mike_Myers/Mike_Myers_0002.jpg,Mike_Myers/Mike_Myers_0004.jpg,1,0.98429430
Mike_Myers/Mike_Myers_0002.jpg,Mike_Myers/Mike_Myers_0005.jpg,1,0.98763287
Nadine_Vinzens/Nadine_Vinzens_0001.jpg,Nadine_Vinzens/Nadine_Vinzens_0002.jpg,1,0.98649222
Nathan_Lane/Nathan_Lane_0001.jpg,Nathan_Lane/Nathan_Lane_0002.jpg,1,0.99366868
Nicolas_Cage/Nicolas_Cage_0001.jpg,Nicolas_Cage/Nicolas_Cage_0002.jpg,1,0.99508905
Nicolas_Cage/Nicolas_Cage_0002.jpg,Nicolas_Cage/Nicolas_Cage_0004.jpg,1,0.98850971
Nicolas_Cage/Nicolas_Cage_0003.jpg,Nicolas_Cage/Nicolas_Cage_0004.jpg,1,0.99340206
Nicole_Kidman/Nicole_Kidman_0003.jpg,Nicole_Kidman/Nicole_Kidman_0011.jpg,1,0.99469209
Nicole_Kidman/Nicole_Kidman_0008.jpg,Nicole_Kidman/Nicole_Kidman_0017.jpg,1,0.99652129
Nicole_Kidman/Nicole_Kidman_0011.jpg,Nicole_Kidman/Nicole_Kidman_0013.jpg,1,0.96672428
Nicole_Kidman/Nicole_Kidman_0013.jpg,Nicole_Kidman/Nicole_Kidman_0014.jpg,1,0.96845585
Nicole_Kidman/Nicole_Kidman_0015.jpg,Nicole_Kidman/Nicole_Kidman_0019.jpg,1,0.99435556
Omar_Sharif/Omar_Sharif_0001.jpg,Omar_Sharif/Omar_Sharif_0002.jpg,1,0.99765009
Omar_Sharif/Omar_Sharif_0001.jpg,Omar_Sharif/Omar_Sharif_0003.jpg,1,0.99769300
Omar_Sharif/Omar_Sharif_0001.jpg,Omar_Sharif/Omar_Sharif_0004.jpg,1,0.99367905
Omar_Sharif/Omar_Sharif_0002.jpg,Omar_Sharif/Omar_Sharif_0003.jpg,1,0.99755740
Parris_Glendening/Parris_Glendening_0001.jpg,Parris_Glendening/Parris_Glendening_0002.jpg,1,0.99640584
Patrick_Leahy/Patrick_Leahy_0001.jpg,Patrick_Leahy/Patrick_Leahy_0002.jpg,1,0.99046451
Patrick_McEnroe/Patrick_McEnroe_0001.jpg,Patrick_McEnroe/Patrick_McEnroe_0002.jpg,1,0.98671132
Patrick_Stewart/Patrick_Stewart_0001.jpg,Patrick_Stewart/Patrick_Stewart_0002.jpg,1,0.99463356
Paul_Gascoigne/Paul_Gascoigne_0001.jpg,Paul_Gascoigne/Paul_Gascoigne_0003.jpg,1,0.99267888
Peter_Hillary/Peter_Hillary_0001.jpg,Peter_Hillary/Peter_Hillary_0002.jpg,1,0.99600196
Phan_Van_Khai/Phan_Van_Khai_0001.jpg,Phan_Van_Khai/Phan_Van_Khai_0002.jpg,1,0.99476075
Phan_Van_Khai/Phan_Van_Khai_0001.jpg,Phan_Van_Khai/Phan_Van_Khai_0003.jpg,1,0.98931336
Phan_Van_Khai/Phan_Van_Khai_0002.jpg,Phan_Van_Khai/Phan_Van_Khai_0003.jpg,1,0.99568242
Prince_Claus/Prince_Claus_0001.jpg,Prince_Claus/Prince_Claus_0004.jpg,1,0.98899925
Prince_Claus/Prince_Claus_0002.jpg,Prince_Claus/Prince_Claus_0003.jpg,1,0.97898531
Prince_Claus/Prince_Claus_0002.jpg,Prince_Claus/Prince_Claus_0004.jpg,1,0.98147261
Raghad_Saddam_Hussein/Raghad_Saddam_Hussein_0001.jpg,Raghad_Saddam_Hussein/Raghad_Saddam_Hussein_0002.jpg,1,0.99752116
Ray_Allen/Ray_Allen_0001.jpg,Ray_Allen/Ray_Allen_0002.jpg,1,0.99813956
Ray_Allen/Ray_Allen_0002.jpg,Ray_Allen/Ray_Allen_0003.jpg,1,0.99776769
Richard_Crenna/Richard_Crenna_0001.jpg,Richard_Crenna/Richard_Crenna_0002.jpg,1,0.99387968
Richard_Gere/Richard_Gere_0001.jpg,Richard_Gere/Richard_Gere_0010.jpg,1,0.98107612
Richard_Gere/Richard_Gere_0006.jpg,Richard_Gere/Richard_Gere_0009.jpg,1,0.98935544
Richard_Myers/Richard_Myers_0001.jpg,Richard_Myers/Richard_Myers_0002.jpg,1,0.98312950
Richard_Myers/Richard_Myers_0001.jpg,Richard_Myers/Richard_Myers_0004.jpg,1,0.98789507
Richard_Myers/Richard_Myers_0004.jpg,Richard_Myers/Richard_Myers_0008.jpg,1,0.99323857
Richard_Myers/Richard_Myers_0015.jpg,Richard_Myers/Richard_Myers_0016.jpg,1,0.99211937
Rick_Romley/Rick_Romley_0001.jpg,Rick_Romley/Rick_Romley_0003.jpg,1,0.99792147
Rob_Lowe/Rob_Lowe_0001.jpg,Rob_Lowe/Rob_Lowe_0003.jpg,1,0.99717152
Rob_Lowe/Rob_Lowe_0001.jpg,Rob_Lowe/Rob_Lowe_0004.jpg,1,0.99669242
Rob_Lowe/Rob_Lowe_0002.jpg,Rob_Lowe/Rob_Lowe_0003.jpg,1,0.99084032
Rob_Lowe/Rob_Lowe_0003.jpg,Rob_Lowe/Rob_Lowe_0004.jpg,1,0.99764836
Robby_Ginepri/Robby_Ginepri_0001.jpg,Robby_Ginepri/Robby_Ginepri_0002.jpg,1,0.98066872
Robert_Witt/Robert_Witt_0001.jpg,Robert_Witt/Robert_Witt_0002.jpg,1,0.99788004
Rod_Blagojevich/Rod_Blagojevich_0001.jpg,Rod_Blagojevich/Rod_Blagojevich_0002.jpg,1,0.99391049
Rolandas_Paksas/Rolandas_Paksas_0001.jpg,Rolandas_Paksas/Rolandas_Paksas_0002.jpg,1,0.99496943
Russell_Coutts/Russell_Coutts_0001.jpg,Russell_Coutts/Russell_Coutts_0002.jpg,1,0.99103791
Ruth_Dreifuss/Ruth_Dreifuss_0001.jpg,Ruth_Dreifuss/Ruth_Dreifuss_0002.jpg,1,0.98923695
Sally_Kirkland/Sally_Kirkland_0001.jpg,Sally_Kirkland/Sally_Kirkland_0004.jpg,1,0.97889453
Sean_Patrick_OMalley/Sean_Patrick_OMalley_0001.jpg,Sean_Patrick_OMalley/Sean_Patrick_OMalley_0003.jpg,1,0.98786730
Sebastian_Saja/Sebastian_Saja_0001.jpg,Sebastian_Saja/Sebastian_Saja_0002.jpg,1,0.98823422
Sebastian_Saja/Sebastian_Saja_0001.jpg,Sebastian_Saja/Sebastian_Saja_0003.jpg,1,0.99003601
Sila_Calderon/Sila_Calderon_0001.jpg,Sila_Calderon/Sila_Calderon_0002.jpg,1,0.99859858
Sila_Calderon/Sila_Calderon_0001.jpg,Sila_Calderon/Sila_Calderon_0003.jpg,1,0.99567187
Sila_Calderon/Sila_Calderon_0001.jpg,Sila_Calderon/Sila_Calderon_0004.jpg,1,0.99784207
Sila_Calderon/Sila_Calderon_0002.jpg,Sila_Calderon/Sila_Calderon_0003.jpg,1,0.99607384
Stanley_Tong/Stanley_Tong_0001.jpg,Stanley_Tong/Stanley_Tong_0002.jpg,1,0.99228710
Steve_Park/Steve_Park_0001.jpg,Steve_Park/Steve_Park_0002.jpg,1,0.99495536
Susie_Castillo/Susie_Castillo_0001.jpg,Susie_Castillo/Susie_Castillo_0002.jpg,1,0.99484301
Sylvester_Stallone/Sylvester_Stallone_0001.jpg,Sylvester_Stallone/Sylvester_Stallone_0005.jpg,1,0.97887909
Sylvester_Stallone/Sylvester_Stallone_0002.jpg,Sylvester_Stallone/Sylvester_Stallone_0004.jpg,1,0.98563546
Sylvester_Stallone/Sylvester_Stallone_0003.jpg,Sylvester_Stallone/Sylvester_Stallone_0008.jpg,1,0.97506607
Sylvester_Stallone/Sylvester_Stallone_0004.jpg,Sylvester_Stallone/Sylvester_Stallone_0005.jpg,1,0.96316600
Takashi_Sorimachi/Takashi_Sorimachi_0001.jpg,Takashi_Sorimachi/Takashi_Sorimachi_0002.jpg,1,0.99602687
Tang_Jiaxuan/Tang_Jiaxuan_0002.jpg,Tang_Jiaxuan/Tang_Jiaxuan_0006.jpg,1,0.99606985
Tang_Jiaxuan/Tang_Jiaxuan_0002.jpg,Tang_Jiaxuan/Tang_Jiaxuan_0011.jpg,1,0.99372196
Tang_Jiaxuan/Tang_Jiaxuan_0004.jpg,Tang_Jiaxuan/Tang_Jiaxuan_0009.jpg,1,0.99191761
Tang_Jiaxuan/Tang_Jiaxuan_0005.jpg,Tang_Jiaxuan/Tang_Jiaxuan_0009.jpg,1,0.99319929
Tang_Jiaxuan/Tang_Jiaxuan_0007.jpg,Tang_Jiaxuan/Tang_Jiaxuan_0010.jpg,1,0.99364042
Terje_Roed-Larsen/Terje_Roed-Larsen_0001.jpg,Terje_Roed-Larsen/Terje_Roed-Larsen_0002.jpg,1,0.98801720
Thomas_Birmingham/Thomas_Birmingham_0001.jpg,Thomas_Birmingham/Thomas_Birmingham_0002.jpg,1,0.97653246
Tiger_Woods/Tiger_Woods_0002.jpg,Tiger_Woods/Tiger_Woods_0006.jpg,1,0.99393749
Tiger_Woods/Tiger_Woods_0003.jpg,Tiger_Woods/Tiger_Woods_0021.jpg,1,0.99435931
Tiger_Woods/Tiger_Woods_0005.jpg,Tiger_Woods/Tiger_Woods_0011.jpg,1,0.98757976
Tiger_Woods/Tiger_Woods_0005.jpg,Tiger_Woods/Tiger_Woods_0012.jpg,1,0.99633974
Tiger_Woods/Tiger_Woods_0006.jpg,Tiger_Woods/Tiger_Woods_0018.jpg,1,0.99025214
Tiger_Woods/Tiger_Woods_0006.jpg,Tiger_Woods/Tiger_Woods_0021.jpg,1,0.98849499
Tiger_Woods/Tiger_Woods_0009.jpg,Tiger_Woods/Tiger_Woods_0012.jpg,1,0.99697739
Tiger_Woods/Tiger_Woods_0009.jpg,Tiger_Woods/Tiger_Woods_0023.jpg,1,0.99730325
Tiger_Woods/Tiger_Woods_0016.jpg,Tiger_Woods/Tiger_Woods_0018.jpg,1,0.98626566
Tim_Curry/Tim_Curry_0001.jpg,Tim_Curry/Tim_Curry_0002.jpg,1,0.99198198
Tom_Brady/Tom_Brady_0001.jpg,Tom_Brady/Tom_Brady_0002.jpg,1,0.98025030
Toshihiko_Fukui/Toshihiko_Fukui_0001.jpg,Toshihiko_Fukui/Toshihiko_Fukui_0002.jpg,1,0.99894249
Toshihiko_Fukui/Toshihiko_Fukui_0001.jpg,Toshihiko_Fukui/Toshihiko_Fukui_0003.jpg,1,0.99830258
Uma_Thurman/Uma_Thurman_0001.jpg,Uma_Thurman/Uma_Thurman_0003.jpg,1,0.99507725
Uma_Thurman/Uma_Thurman_0002.jpg,Uma_Thurman/Uma_Thurman_0003.jpg,1,0.96940845
Vaclav_Klaus/Vaclav_Klaus_0001.jpg,Vaclav_Klaus/Vaclav_Klaus_0002.jpg,1,0.99709451
Vanessa_Incontrada/Vanessa_Incontrada_0001.jpg,Vanessa_Incontrada/Vanessa_Incontrada_0002.jpg,1,0.99665207
Vanessa_Incontrada/Vanessa_Incontrada_0001.jpg,Vanessa_Incontrada/Vanessa_Incontrada_0003.jpg,1,0.99314421
Vanessa_Incontrada/Vanessa_Incontrada_0001.jpg,Vanessa_Incontrada/Vanessa_Incontrada_0004.jpg,1,0.99661344
Vanessa_Incontrada/Vanessa_Incontrada_0002.jpg,Vanessa_Incontrada/Vanessa_Incontrada_0003.jpg,1,0.98995984
Vanessa_Incontrada/Vanessa_Incontrada_0002.jpg,Vanessa_Incontrada/Vanessa_Incontrada_0004.jpg,1,0.99646443
Vanessa_Incontrada/Vanessa_Incontrada_0003.jpg,Vanessa_Incontrada/Vanessa_Incontrada_0004.jpg,1,0.98927891
Vin_Diesel/Vin_Diesel_0001.jpg,Vin_Diesel/Vin_Diesel_0002.jpg,1,0.98502940
Vladimir_Spidla/Vladimir_Spidla_0001.jpg,Vladimir_Spidla/Vladimir_Spidla_0002.jpg,1,0.99525654
Vladimir_Spidla/Vladimir_Spidla_0001.jpg,Vladimir_Spidla/Vladimir_Spidla_0003.jpg,1,0.99764228
Vladimir_Spidla/Vladimir_Spidla_0002.jpg,Vladimir_Spidla/Vladimir_Spidla_0003.jpg,1,0.99660009
Win_Aung/Win_Aung_0001.jpg,Win_Aung/Win_Aung_0003.jpg,1,0.98774141
Win_Aung/Win_Aung_0001.jpg,Win_Aung/Win_Aung_0004.jpg,1,0.99171638
Zhang_Ziyi/Zhang_Ziyi_0001.jpg,Zhang_Ziyi/Zhang_Ziyi_0003.jpg,1,0.98678672
Zhang_Ziyi/Zhang_Ziyi_0002.jpg,Zhang_Ziyi/Zhang_Ziyi_0003.jpg,1,0.98762822
Aaron_Peirsol/Aaron_Peirsol_0001.jpg,Aaron_Peirsol/Aaron_Peirsol_0004.jpg,1,0.98728168
Aaron_Peirsol/Aaron_Peirsol_0003.jpg,Aaron_Peirsol/Aaron_Peirsol_0004.jpg,1,0.99536389
Adrian_Nastase/Adrian_Nastase_0001.jpg,Adrian_Nastase/Adrian_Nastase_0002.jpg,1,0.98785806
Ahmed_Chalabi/Ahmed_Chalabi_0001.jpg,Ahmed_Chalabi/Ahmed_Chalabi_0003.jpg,1,0.99093020
Ahmed_Chalabi/Ahmed_Chalabi_0001.jpg,Ahmed_Chalabi/Ahmed_Chalabi_0005.jpg,1,0.98682725
Albrecht_Mentz/Albrecht_Mentz_0001.jpg,Albrecht_Mentz/Albrecht_Mentz_0002.jpg,1,0.99729902
Alejandro_Toledo/Alejandro_Toledo_0020.jpg,Alejandro_Toledo/Alejandro_Toledo_0036.jpg,1,0.98707217
Alejandro_Toledo/Alejandro_Toledo_0021.jpg,Alejandro_Toledo/Alejandro_Toledo_0024.jpg,1,0.98363054
Alejandro_Toledo/Alejandro_Toledo_0021.jpg,Alejandro_Toledo/Alejandro_Toledo_0030.jpg,1,0.99102902
Alejandro_Toledo/Alejandro_Toledo_0023.jpg,Alejandro_Toledo/Alejandro_Toledo_0027.jpg,1,0.99659139
Alejandro_Toledo/Alejandro_Toledo_0026.jpg,Alejandro_Toledo/Alejandro_Toledo_0029.jpg,1,0.98808450
Alexander_Losyukov/Alexander_Losyukov_0001.jpg,Alexander_Losyukov/Alexander_Losyukov_0003.jpg,1,0.98331779
Alexander_Losyukov/Alexander_Losyukov_0002.jpg,Alexander_Losyukov/Alexander_Losyukov_0003.jpg,1,0.98513091
Alexander_Losyukov/Alexander_Losyukov_0002.jpg,Alexander_Losyukov/Alexander_Losyukov_0004.jpg,1,0.98755401
Alimzhan_Tokhtakhounov/Alimzhan_Tokhtakhounov_0001.jpg,Alimzhan_Tokhtakhounov/Alimzhan_Tokhtakhounov_0002.jpg,1,0.99582833
Amelie_Mauresmo/Amelie_Mauresmo_0007.jpg,Amelie_Mauresmo/Amelie_Mauresmo_0014.jpg,1,0.97667366
Amelie_Mauresmo/Amelie_Mauresmo_0011.jpg,Amelie_Mauresmo/Amelie_Mauresmo_0017.jpg,1,0.98151958
Amelie_Mauresmo/Amelie_Mauresmo_0014.jpg,Amelie_Mauresmo/Amelie_Mauresmo_0017.jpg,1,0.98259008
Angelo_Reyes/Angelo_Reyes_0001.jpg,Angelo_Reyes/Angelo_Reyes_0002.jpg,1,0.99722081
Angelo_Reyes/Angelo_Reyes_0001.jpg,Angelo_Reyes/Angelo_Reyes_0003.jpg,1,0.99708486
Begum_Khaleda_Zia/Begum_Khaleda_Zia_0001.jpg,Begum_Khaleda_Zia/Begum_Khaleda_Zia_0002.jpg,1,0.99028766
Ben_Curtis/Ben_Curtis_0001.jpg,Ben_Curtis/Ben_Curtis_0002.jpg,1,0.98720080
Bijan_Namdar_Zangeneh/Bijan_Namdar_Zangeneh_0001.jpg,Bijan_Namdar_Zangeneh/Bijan_Namdar_Zangeneh_0002.jpg,1,0.99859691
Bill_Paxton/Bill_Paxton_0001.jpg,Bill_Paxton/Bill_Paxton_0002.jpg,1,0.97213316
Bill_Paxton/Bill_Paxton_0001.jpg,Bill_Paxton/Bill_Paxton_0003.jpg,1,0.97654980
Bill_Paxton/Bill_Paxton_0002.jpg,Bill_Paxton/Bill_Paxton_0004.jpg,1,0.97074318
Bill_Paxton/Bill_Paxton_0003.jpg,Bill_Paxton/Bill_Paxton_0004.jpg,1,0.99473512
Billy_Crystal/Billy_Crystal_0001.jpg,Billy_Crystal/Billy_Crystal_0002.jpg,1,0.99228221
Billy_Crystal/Billy_Crystal_0001.jpg,Billy_Crystal/Billy_Crystal_0003.jpg,1,0.98900777
Billy_Crystal/Billy_Crystal_0001.jpg,Billy_Crystal/Billy_Crystal_0005.jpg,1,0.99707818
Billy_Crystal/Billy_Crystal_0003.jpg,Billy_Crystal/Billy_Crystal_0005.jpg,1,0.99130994
Billy_Graham/Billy_Graham_0001.jpg,Billy_Graham/Billy_Graham_0002.jpg,1,0.99762142
Bob_Colvin/Bob_Colvin_0001.jpg,Bob_Colvin/Bob_Colvin_0002.jpg,1,0.99758112
Brian_Cowen/Brian_Cowen_0001.jpg,Brian_Cowen/Brian_Cowen_0002.jpg,1,0.99115551
Butch_Davis/Butch_Davis_0001.jpg,Butch_Davis/Butch_Davis_0002.jpg,1,0.98902225
Byron_Scott/Byron_Scott_0001.jpg,Byron_Scott/Byron_Scott_0002.jpg,1,0.99831831
Carol_Burnett/Carol_Burnett_0001.jpg,Carol_Burnett/Carol_Burnett_0002.jpg,1,0.99724555
Charles_Mathews/Charles_Mathews_0001.jpg,Charles_Mathews/Charles_Mathews_0002.jpg,1,0.99156129
Christine_Ebersole/Christine_Ebersole_0001.jpg,Christine_Ebersole/Christine_Ebersole_0002.jpg,1,0.99465466
Claudia_Schiffer/Claudia_Schiffer_0001.jpg,Claudia_Schiffer/Claudia_Schiffer_0002.jpg,1,0.99024010
Condoleezza_Rice/Condoleezza_Rice_0001.jpg,Condoleezza_Rice/Condoleezza_Rice_0004.jpg,1,0.97320849
Condoleezza_Rice/Condoleezza_Rice_0002.jpg,Condoleezza_Rice/Condoleezza_Rice_0010.jpg,1,0.99922806
Condoleezza_Rice/Condoleezza_Rice_0004.jpg,Condoleezza_Rice/Condoleezza_Rice_0005.jpg,1,0.97927248
Condoleezza_Rice/Condoleezza_Rice_0008.jpg,Condoleezza_Rice/Condoleezza_Rice_0009.jpg,1,0.99477643
Condoleezza_Rice/Condoleezza_Rice_0009.jpg,Condoleezza_Rice/Condoleezza_Rice_0010.jpg,1,0.99646652
Costas_Simitis/Costas_Simitis_0001.jpg,Costas_Simitis/Costas_Simitis_0004.jpg,1,0.99251556
Costas_Simitis/Costas_Simitis_0001.jpg,Costas_Simitis/Costas_Simitis_0005.jpg,1,0.99581206
Costas_Simitis/Costas_Simitis_0003.jpg,Costas_Simitis/Costas_Simitis_0005.jpg,1,0.99638367
Costas_Simitis/Costas_Simitis_0004.jpg,Costas_Simitis/Costas_Simitis_0006.jpg,1,0.99624789
Cristina_Saralegui/Cristina_Saralegui_0001.jpg,Cristina_Saralegui/Cristina_Saralegui_0002.jpg,1,0.99580055
Cruz_Bustamante/Cruz_Bustamante_0001.jpg,Cruz_Bustamante/Cruz_Bustamante_0004.jpg,1,0.99613750
Cruz_Bustamante/Cruz_Bustamante_0003.jpg,Cruz_Bustamante/Cruz_Bustamante_0005.jpg,1,0.99636078
David_Heymann/David_Heymann_0003.jpg,David_Heymann/David_Heymann_0005.jpg,1,0.99590921
Diana_Krall/Diana_Krall_0001.jpg,Diana_Krall/Diana_Krall_0006.jpg,1,0.99872303
Diana_Krall/Diana_Krall_0003.jpg,Diana_Krall/Diana_Krall_0004.jpg,1,0.99281037
Diana_Munz/Diana_Munz_0001.jpg,Diana_Munz/Diana_Munz_0003.jpg,1,0.99097031
Diana_Munz/Diana_Munz_0002.jpg,Diana_Munz/Diana_Munz_0003.jpg,1,0.99191898
Dominique_de_Villepin/Dominique_de_Villepin_0002.jpg,Dominique_de_Villepin/Dominique_de_Villepin_0013.jpg,1,0.99202716
Dominique_de_Villepin/Dominique_de_Villepin_0003.jpg,Dominique_de_Villepin/Dominique_de_Villepin_0008.jpg,1,0.99300826
Dominique_de_Villepin/Dominique_de_Villepin_0003.jpg,Dominique_de_Villepin/Dominique_de_Villepin_0010.jpg,1,0.99357569
Dominique_de_Villepin/Dominique_de_Villepin_0007.jpg,Dominique_de_Villepin/Dominique_de_Villepin_0011.jpg,1,0.99257207
Dominique_de_Villepin/Dominique_de_Villepin_0010.jpg,Dominique_de_Villepin/Dominique_de_Villepin_0014.jpg,1,0.99121654
Dominique_de_Villepin/Dominique_de_Villepin_0011.jpg,Dominique_de_Villepin/Dominique_de_Villepin_0012.jpg,1,0.98947453
Don_Siegelman/Don_Siegelman_0001.jpg,Don_Siegelman/Don_Siegelman_0003.jpg,1,0.98894298
Don_Siegelman/Don_Siegelman_0002.jpg,Don_Siegelman/Don_Siegelman_0004.jpg,1,0.99326062
Donald_Pettit/Donald_Pettit_0001.jpg,Donald_Pettit/Donald_Pettit_0002.jpg,1,0.99089134
Donald_Pettit/Donald_Pettit_0001.jpg,Donald_Pettit/Donald_Pettit_0003.jpg,1,0.99234033
Donald_Pettit/Donald_Pettit_0002.jpg,Donald_Pettit/Donald_Pettit_0003.jpg,1,0.99423254
Doug_Collins/Doug_Collins_0001.jpg,Doug_Collins/Doug_Collins_0002.jpg,1,0.99197620
Edward_James_Olmos/Edward_James_Olmos_0001.jpg,Edward_James_Olmos/Edward_James_Olmos_0002.jpg,1,0.98767900
Elin_Nordegren/Elin_Nordegren_0001.jpg,Elin_Nordegren/Elin_Nordegren_0002.jpg,1,0.97926688
Elizabeth_Taylor/Elizabeth_Taylor_0001.jpg,Elizabeth_Taylor/Elizabeth_Taylor_0002.jpg,1,0.98835754
Ellen_DeGeneres/Ellen_DeGeneres_0001.jpg,Ellen_DeGeneres/Ellen_DeGeneres_0002.jpg,1,0.99476606
Elton_John/Elton_John_0001.jpg,Elton_John/Elton_John_0004.jpg,1,0.99553508
Elton_John/Elton_John_0002.jpg,Elton_John/Elton_John_0003.jpg,1,0.99591994
Elton_John/Elton_John_0003.jpg,Elton_John/Elton_John_0006.jpg,1,0.99508768
Elton_John/Elton_John_0005.jpg,Elton_John/Elton_John_0006.jpg,1,0.99557769
Elton_John/Elton_John_0005.jpg,Elton_John/Elton_John_0007.jpg,1,0.98534667
Emma_Watson/Emma_Watson_0002.jpg,Emma_Watson/Emma_Watson_0003.jpg,1,0.99713373
Emma_Watson/Emma_Watson_0003.jpg,Emma_Watson/Emma_Watson_0004.jpg,1,0.99860919
Emma_Watson/Emma_Watson_0003.jpg,Emma_Watson/Emma_Watson_0005.jpg,1,0.99784446
Fabrice_Santoro/Fabrice_Santoro_0001.jpg,Fabrice_Santoro/Fabrice_Santoro_0003.jpg,1,0.98416948
Fabrice_Santoro/Fabrice_Santoro_0002.jpg,Fabrice_Santoro/Fabrice_Santoro_0003.jpg,1,0.98135591
Flavia_Delaroli/Flavia_Delaroli_0001.jpg,Flavia_Delaroli/Flavia_Delaroli_0002.jpg,1,0.97953832
George_Lopez/George_Lopez_0001.jpg,George_Lopez/George_Lopez_0004.jpg,1,0.98286015
George_Lopez/George_Lopez_0002.jpg,George_Lopez/George_Lopez_0004.jpg,1,0.99278432
George_Lopez/George_Lopez_0002.jpg,George_Lopez/George_Lopez_0005.jpg,1,0.99405360
George_Lopez/George_Lopez_0004.jpg,George_Lopez/George_Lopez_0005.jpg,1,0.99899065
Gerard_Depardieu/Gerard_Depardieu_0001.jpg,Gerard_Depardieu/Gerard_Depardieu_0002.jpg,1,0.97011793
Gerhard_Schroeder/Gerhard_Schroeder_0005.jpg,Gerhard_Schroeder/Gerhard_Schroeder_0043.jpg,1,0.99368042
Gerhard_Schroeder/Gerhard_Schroeder_0017.jpg,Gerhard_Schroeder/Gerhard_Schroeder_0025.jpg,1,0.98870879
Gerhard_Schroeder/Gerhard_Schroeder_0027.jpg,Gerhard_Schroeder/Gerhard_Schroeder_0032.jpg,1,0.99132222
Gerhard_Schroeder/Gerhard_Schroeder_0045.jpg,Gerhard_Schroeder/Gerhard_Schroeder_0067.jpg,1,0.99646431
Gerhard_Schroeder/Gerhard_Schroeder_0066.jpg,Gerhard_Schroeder/Gerhard_Schroeder_0100.jpg,1,0.99177337
Gilberto_Rodriguez_Orejuela/Gilberto_Rodriguez_Orejuela_0001.jpg,Gilberto_Rodriguez_Orejuela/Gilberto_Rodriguez_Orejuela_0003.jpg,1,0.99824429
Gilberto_Rodriguez_Orejuela/Gilberto_Rodriguez_Orejuela_0002.jpg,Gilberto_Rodriguez_Orejuela/Gilberto_Rodriguez_Orejuela_0003.jpg,1,0.99655747
Gilberto_Rodriguez_Orejuela/Gilberto_Rodriguez_Orejuela_0003.jpg,Gilberto_Rodriguez_Orejuela/Gilberto_Rodriguez_Orejuela_0004.jpg,1,0.99443114
Giuseppe_Gibilisco/Giuseppe_Gibilisco_0001.jpg,Giuseppe_Gibilisco/Giuseppe_Gibilisco_0003.jpg,1,0.99622154
Giuseppe_Gibilisco/Giuseppe_Gibilisco_0001.jpg,Giuseppe_Gibilisco/Giuseppe_Gibilisco_0004.jpg,1,0.98864013
Giuseppe_Gibilisco/Giuseppe_Gibilisco_0003.jpg,Giuseppe_Gibilisco/Giuseppe_Gibilisco_0004.jpg,1,0.99474180
Guillermo_Canas/Guillermo_Canas_0001.jpg,Guillermo_Canas/Guillermo_Canas_0002.jpg,1,0.98172456
Guillermo_Canas/Guillermo_Canas_0001.jpg,Guillermo_Canas/Guillermo_Canas_0003.jpg,1,0.97469556
Guillermo_Canas/Guillermo_Canas_0002.jpg,Guillermo_Canas/Guillermo_Canas_0004.jpg,1,0.97934049
Guillermo_Canas/Guillermo_Canas_0003.jpg,Guillermo_Canas/Guillermo_Canas_0004.jpg,1,0.98345959
Hans_Blix/Hans_Blix_0007.jpg,Hans_Blix/Hans_Blix_0008.jpg,1,0.99660468
Hans_Blix/Hans_Blix_0007.jpg,Hans_Blix/Hans_Blix_0018.jpg,1,0.99005836
Hans_Blix/Hans_Blix_0007.jpg,Hans_Blix/Hans_Blix_0038.jpg,1,0.98406196
Hans_Blix/Hans_Blix_0008.jpg,Hans_Blix/Hans_Blix_0024.jpg,1,0.99528319
Hans_Blix/Hans_Blix_0009.jpg,Hans_Blix/Hans_Blix_0012.jpg,1,0.99566084
Hans_Blix/Hans_Blix_0026.jpg,Hans_Blix/Hans_Blix_0036.jpg,1,0.99641645
Hans_Blix/Hans_Blix_0027.jpg,Hans_Blix/Hans_Blix_0037.jpg,1,0.99433315
Hans_Blix/Hans_Blix_0031.jpg,Hans_Blix/Hans_Blix_0037.jpg,1,0.98916805
Heath_Ledger/Heath_Ledger_0001.jpg,Heath_Ledger/Heath_Ledger_0002.jpg,1,0.98743618
Heath_Ledger/Heath_Ledger_0001.jpg,Heath_Ledger/Heath_Ledger_0004.jpg,1,0.98692387
Heath_Ledger/Heath_Ledger_0002.jpg,Heath_Ledger/Heath_Ledger_0003.jpg,1,0.98770863
Heath_Ledger/Heath_Ledger_0002.jpg,Heath_Ledger/Heath_Ledger_0004.jpg,1,0.99051201
Herta_Daeubler-Gmelin/Herta_Daeubler-Gmelin_0001.jpg,Herta_Daeubler-Gmelin/Herta_Daeubler-Gmelin_0002.jpg,1,0.99487764
Hilary_Duff/Hilary_Duff_0001.jpg,Hilary_Duff/Hilary_Duff_0003.jpg,1,0.99675995
Hilary_Duff/Hilary_Duff_0002.jpg,Hilary_Duff/Hilary_Duff_0003.jpg,1,0.99196553
Hosni_Mubarak/Hosni_Mubarak_0006.jpg,Hosni_Mubarak/Hosni_Mubarak_0007.jpg,1,0.98421317
Hun_Sen/Hun_Sen_0001.jpg,Hun_Sen/Hun_Sen_0004.jpg,1,0.99258649
Hun_Sen/Hun_Sen_0002.jpg,Hun_Sen/Hun_Sen_0004.jpg,1,0.99319744
Iain_Duncan_Smith/Iain_Duncan_Smith_0001.jpg,Iain_Duncan_Smith/Iain_Duncan_Smith_0003.jpg,1,0.99297428
Iain_Duncan_Smith/Iain_Duncan_Smith_0002.jpg,Iain_Duncan_Smith/Iain_Duncan_Smith_0003.jpg,1,0.99243474
Iain_Duncan_Smith/Iain_Duncan_Smith_0002.jpg,Iain_Duncan_Smith/Iain_Duncan_Smith_0004.jpg,1,0.99273646
Iain_Duncan_Smith/Iain_Duncan_Smith_0003.jpg,Iain_Duncan_Smith/Iain_Duncan_Smith_0004.jpg,1,0.99396086
Inocencio_Arias/Inocencio_Arias_0001.jpg,Inocencio_Arias/Inocencio_Arias_0002.jpg,1,0.99254978
JK_Rowling/JK_Rowling_0001.jpg,JK_Rowling/JK_Rowling_0002.jpg,1,0.99199784
JK_Rowling/JK_Rowling_0002.jpg,JK_Rowling/JK_Rowling_0003.jpg,1,0.99479806
JK_Rowling/JK_Rowling_0002.jpg,JK_Rowling/JK_Rowling_0004.jpg,1,0.99352598
JK_Rowling/JK_Rowling_0003.jpg,JK_Rowling/JK_Rowling_0005.jpg,1,0.98688334
Jackie_Chan/Jackie_Chan_0001.jpg,Jackie_Chan/Jackie_Chan_0003.jpg,1,0.99485785
Jackie_Chan/Jackie_Chan_0005.jpg,Jackie_Chan/Jackie_Chan_0008.jpg,1,0.98344207
Jane_Kaczmarek/Jane_Kaczmarek_0001.jpg,Jane_Kaczmarek/Jane_Kaczmarek_0002.jpg,1,0.99609083
Janet_Napolitano/Janet_Napolitano_0001.jpg,Janet_Napolitano/Janet_Napolitano_0002.jpg,1,0.99411619
Janet_Napolitano/Janet_Napolitano_0001.jpg,Janet_Napolitano/Janet_Napolitano_0004.jpg,1,0.99640733
Jay_Leno/Jay_Leno_0001.jpg,Jay_Leno/Jay_Leno_0003.jpg,1,0.99830759
Jay_Leno/Jay_Leno_0002.jpg,Jay_Leno/Jay_Leno_0003.jpg,1,0.99647856
Jean-David_Levitte/Jean-David_Levitte_0001.jpg,Jean-David_Levitte/Jean-David_Levitte_0002.jpg,1,0.99525154
Jean-David_Levitte/Jean-David_Levitte_0001.jpg,Jean-David_Levitte/Jean-David_Levitte_0004.jpg,1,0.99169350
Jean-David_Levitte/Jean-David_Levitte_0002.jpg,Jean-David_Levitte/Jean-David_Levitte_0005.jpg,1,0.99556935
Jean-David_Levitte/Jean-David_Levitte_0003.jpg,Jean-David_Levitte/Jean-David_Levitte_0004.jpg,1,0.99376142
Jean-David_Levitte/Jean-David_Levitte_0004.jpg,Jean-David_Levitte/Jean-David_Levitte_0009.jpg,1,0.99622810
Jeff_Van_Gundy/Jeff_Van_Gundy_0001.jpg,Jeff_Van_Gundy/Jeff_Van_Gundy_0002.jpg,1,0.99445307
Jeff_Van_Gundy/Jeff_Van_Gundy_0001.jpg,Jeff_Van_Gundy/Jeff_Van_Gundy_0003.jpg,1,0.99281681
Jeff_Van_Gundy/Jeff_Van_Gundy_0002.jpg,Jeff_Van_Gundy/Jeff_Van_Gundy_0003.jpg,1,0.99324936
Jim_Furyk/Jim_Furyk_0001.jpg,Jim_Furyk/Jim_Furyk_0006.jpg,1,0.98825634
Jim_Furyk/Jim_Furyk_0003.jpg,Jim_Furyk/Jim_Furyk_0006.jpg,1,0.98684007
John_Garamendi/John_Garamendi_0001.jpg,John_Garamendi/John_Garamendi_0002.jpg,1,0.98514026
John_Rigas/John_Rigas_0001.jpg,John_Rigas/John_Rigas_0002.jpg,1,0.99691945
John_Warner/John_Warner_0001.jpg,John_Warner/John_Warner_0002.jpg,1,0.98384655
John_Warner/John_Warner_0001.jpg,John_Warner/John_Warner_0003.jpg,1,0.99507254
John_Warner/John_Warner_0002.jpg,John_Warner/John_Warner_0004.jpg,1,0.97577876
John_Warner/John_Warner_0003.jpg,John_Warner/John_Warner_0004.jpg,1,0.99406004
Julia_Tymoshenko/Julia_Tymoshenko_0001.jpg,Julia_Tymoshenko/Julia_Tymoshenko_0002.jpg,1,0.98507512
Julia_Tymoshenko/Julia_Tymoshenko_0001.jpg,Julia_Tymoshenko/Julia_Tymoshenko_0003.jpg,1,0.99306673
Julia_Tymoshenko/Julia_Tymoshenko_0002.jpg,Julia_Tymoshenko/Julia_Tymoshenko_0003.jpg,1,0.99156749
Keith_Bogans/Keith_Bogans_0001.jpg,Keith_Bogans/Keith_Bogans_0003.jpg,1,0.98855555
Keith_Bogans/Keith_Bogans_0002.jpg,Keith_Bogans/Keith_Bogans_0003.jpg,1,0.99888086
Ken_Macha/Ken_Macha_0001.jpg,Ken_Macha/Ken_Macha_0003.jpg,1,0.98974502
Ken_Macha/Ken_Macha_0002.jpg,Ken_Macha/Ken_Macha_0003.jpg,1,0.98643351
Kenneth_Bowersox/Kenneth_Bowersox_0001.jpg,Kenneth_Bowersox/Kenneth_Bowersox_0002.jpg,1,0.99600989
Kenneth_Bowersox/Kenneth_Bowersox_0001.jpg,Kenneth_Bowersox/Kenneth_Bowersox_0003.jpg,1,0.99483776
Kenneth_Bowersox/Kenneth_Bowersox_0002.jpg,Kenneth_Bowersox/Kenneth_Bowersox_0003.jpg,1,0.99676144
Kristanna_Loken/Kristanna_Loken_0001.jpg,Kristanna_Loken/Kristanna_Loken_0002.jpg,1,0.99353266
Kristanna_Loken/Kristanna_Loken_0003.jpg,Kristanna_Loken/Kristanna_Loken_0004.jpg,1,0.99098670
Kristanna_Loken/Kristanna_Loken_0004.jpg,Kristanna_Loken/Kristanna_Loken_0005.jpg,1,0.99696958
LK_Advani/LK_Advani_0001.jpg,LK_Advani/LK_Advani_0002.jpg,1,0.96871251
LK_Advani/LK_Advani_0001.jpg,LK_Advani/LK_Advani_0003.jpg,1,0.99685133
Lauren_Killian/Lauren_Killian_0001.jpg,Lauren_Killian/Lauren_Killian_0002.jpg,1,0.99828476
Lennox_Lewis/Lennox_Lewis_0001.jpg,Lennox_Lewis/Lennox_Lewis_0002.jpg,1,0.99910563
Lennox_Lewis/Lennox_Lewis_0001.jpg,Lennox_Lewis/Lennox_Lewis_0003.jpg,1,0.99763596
Lili_Taylor/Lili_Taylor_0001.jpg,Lili_Taylor/Lili_Taylor_0002.jpg,1,0.98297858
Lily_Tomlin/Lily_Tomlin_0001.jpg,Lily_Tomlin/Lily_Tomlin_0002.jpg,1,0.98606849
Lon_Kruger/Lon_Kruger_0001.jpg,Lon_Kruger/Lon_Kruger_0002.jpg,1,0.99331868
Lynn_Abraham/Lynn_Abraham_0001.jpg,Lynn_Abraham/Lynn_Abraham_0002.jpg,1,0.97237778
Mahmoud_Abbas/Mahmoud_Abbas_0007.jpg,Mahmoud_Abbas/Mahmoud_Abbas_0011.jpg,1,0.98225427
Mahmoud_Abbas/Mahmoud_Abbas_0015.jpg,Mahmoud_Abbas/Mahmoud_Abbas_0020.jpg,1,0.99758625
Mahmoud_Abbas/Mahmoud_Abbas_0022.jpg,Mahmoud_Abbas/Mahmoud_Abbas_0027.jpg,1,0.99259889
Mark_Richt/Mark_Richt_0001.jpg,Mark_Richt/Mark_Richt_0002.jpg,1,0.99066287
Mark_Richt/Mark_Richt_0001.jpg,Mark_Richt/Mark_Richt_0003.jpg,1,0.99298573
Mary-Kate_Olsen/Mary-Kate_Olsen_0001.jpg,Mary-Kate_Olsen/Mary-Kate_Olsen_0002.jpg,1,0.99678588
Mary-Kate_Olsen/Mary-Kate_Olsen_0002.jpg,Mary-Kate_Olsen/Mary-Kate_Olsen_0003.jpg,1,0.99013275
Matt_Dillon/Matt_Dillon_0001.jpg,Matt_Dillon/Matt_Dillon_0002.jpg,1,0.98167181
Max_Mayfield/Max_Mayfield_0001.jpg,Max_Mayfield/Max_Mayfield_0002.jpg,1,0.99527848
Megan_Mullally/Megan_Mullally_0001.jpg,Megan_Mullally/Megan_Mullally_0002.jpg,1,0.98889875
Megan_Mullally/Megan_Mullally_0001.jpg,Megan_Mullally/Megan_Mullally_0003.jpg,1,0.99050528
Michael_Caine/Michael_Caine_0001.jpg,Michael_Caine/Michael_Caine_0002.jpg,1,0.96078706
Michael_Caine/Michael_Caine_0001.jpg,Michael_Caine/Michael_Caine_0003.jpg,1,0.95823401
Michael_Caine/Michael_Caine_0003.jpg,Michael_Caine/Michael_Caine_0004.jpg,1,0.99853432
Michael_J_Sheehan/Michael_J_Sheehan_0001.jpg,Michael_J_Sheehan/Michael_J_Sheehan_0002.jpg,1,0.99588227
Michael_Keaton/Michael_Keaton_0001.jpg,Michael_Keaton/Michael_Keaton_0002.jpg,1,0.99156308
Michael_Powell/Michael_Powell_0001.jpg,Michael_Powell/Michael_Powell_0002.jpg,1,0.99039227
Michael_Powell/Michael_Powell_0001.jpg,Michael_Powell/Michael_Powell_0003.jpg,1,0.98431206
Michael_Powell/Michael_Powell_0001.jpg,Michael_Powell/Michael_Powell_0005.jpg,1,0.99501574
Michael_Powell/Michael_Powell_0002.jpg,Michael_Powell/Michael_Powell_0003.jpg,1,0.99302053
Michael_Powell/Michael_Powell_0002.jpg,Michael_Powell/Michael_Powell_0004.jpg,1,0.99872881
Michael_Powell/Michael_Powell_0002.jpg,Michael_Powell/Michael_Powell_0005.jpg,1,0.99135673
Michael_Powell/Michael_Powell_0004.jpg,Michael_Powell/Michael_Powell_0005.jpg,1,0.99138331
Miguel_Contreras/Miguel_Contreras_0001.jpg,Miguel_Contreras/Miguel_Contreras_0002.jpg,1,0.99162805
Mike_Weir/Mike_Weir_0001.jpg,Mike_Weir/Mike_Weir_0006.jpg,1,0.98597014
Mike_Weir/Mike_Weir_0003.jpg,Mike_Weir/Mike_Weir_0011.jpg,1,0.98646224
Mikhail_Kasyanov/Mikhail_Kasyanov_0001.jpg,Mikhail_Kasyanov/Mikhail_Kasyanov_0002.jpg,1,0.99409449
Mikhail_Kasyanov/Mikhail_Kasyanov_0001.jpg,Mikhail_Kasyanov/Mikhail_Kasyanov_0003.jpg,1,0.98267192
Mikhail_Kasyanov/Mikhail_Kasyanov_0003.jpg,Mikhail_Kasyanov/Mikhail_Kasyanov_0004.jpg,1,0.99717224
Mohammed_Baqir_al-Hakim/Mohammed_Baqir_al-Hakim_0001.jpg,Mohammed_Baqir_al-Hakim/Mohammed_Baqir_al-Hakim_0003.jpg,1,0.99433875
Monica_Lewinsky/Monica_Lewinsky_0001.jpg,Monica_Lewinsky/Monica_Lewinsky_0002.jpg,1,0.98796248
Monica_Lewinsky/Monica_Lewinsky_0001.jpg,Monica_Lewinsky/Monica_Lewinsky_0003.jpg,1,0.98544681
Monica_Lewinsky/Monica_Lewinsky_0002.jpg,Monica_Lewinsky/Monica_Lewinsky_0003.jpg,1,0.99585485
Nan_Wang/Nan_Wang_0001.jpg,Nan_Wang/Nan_Wang_0003.jpg,1,0.99126410
Nan_Wang/Nan_Wang_0002.jpg,Nan_Wang/Nan_Wang_0003.jpg,1,0.99696672
Nan_Wang/Nan_Wang_0003.jpg,Nan_Wang/Nan_Wang_0004.jpg,1,0.99770302
Nancy_Demme/Nancy_Demme_0001.jpg,Nancy_Demme/Nancy_Demme_0002.jpg,1,0.97795844
Nancy_Reagan/Nancy_Reagan_0001.jpg,Nancy_Reagan/Nancy_Reagan_0002.jpg,1,0.98027694
Naoto_Kan/Naoto_Kan_0001.jpg,Naoto_Kan/Naoto_Kan_0003.jpg,1,0.99931431
Naoto_Kan/Naoto_Kan_0002.jpg,Naoto_Kan/Naoto_Kan_0003.jpg,1,0.99922198
Natasha_McElhone/Natasha_McElhone_0001.jpg,Natasha_McElhone/Natasha_McElhone_0002.jpg,1,0.99682039
Natasha_McElhone/Natasha_McElhone_0001.jpg,Natasha_McElhone/Natasha_McElhone_0003.jpg,1,0.99256223
Neri_Marcore/Neri_Marcore_0001.jpg,Neri_Marcore/Neri_Marcore_0002.jpg,1,0.99672467
Nicholas_Tse/Nicholas_Tse_0001.jpg,Nicholas_Tse/Nicholas_Tse_0002.jpg,1,0.99095923
Nicolas_Escude/Nicolas_Escude_0001.jpg,Nicolas_Escude/Nicolas_Escude_0002.jpg,1,0.99477732
Noelle_Bush/Noelle_Bush_0001.jpg,Noelle_Bush/Noelle_Bush_0003.jpg,1,0.99637735
Noelle_Bush/Noelle_Bush_0001.jpg,Noelle_Bush/Noelle_Bush_0004.jpg,1,0.99215209
Noelle_Bush/Noelle_Bush_0002.jpg,Noelle_Bush/Noelle_Bush_0004.jpg,1,0.95447338
Orrin_Hatch/Orrin_Hatch_0001.jpg,Orrin_Hatch/Orrin_Hatch_0002.jpg,1,0.98898304
Padraig_Harrington/Padraig_Harrington_0001.jpg,Padraig_Harrington/Padraig_Harrington_0003.jpg,1,0.98668069
Padraig_Harrington/Padraig_Harrington_0001.jpg,Padraig_Harrington/Padraig_Harrington_0004.jpg,1,0.98553228
Padraig_Harrington/Padraig_Harrington_0002.jpg,Padraig_Harrington/Padraig_Harrington_0004.jpg,1,0.99608898
Pedro_Almodovar/Pedro_Almodovar_0001.jpg,Pedro_Almodovar/Pedro_Almodovar_0002.jpg,1,0.99144900
Pedro_Almodovar/Pedro_Almodovar_0003.jpg,Pedro_Almodovar/Pedro_Almodovar_0005.jpg,1,0.98468041
Pedro_Almodovar/Pedro_Almodovar_0005.jpg,Pedro_Almodovar/Pedro_Almodovar_0006.jpg,1,0.99847031
Penelope_Ann_Miller/Penelope_Ann_Miller_0001.jpg,Penelope_Ann_Miller/Penelope_Ann_Miller_0002.jpg,1,0.99557376
Peter_Arnett/Peter_Arnett_0001.jpg,Peter_Arnett/Peter_Arnett_0003.jpg,1,0.99135274
Peter_Arnett/Peter_Arnett_0002.jpg,Peter_Arnett/Peter_Arnett_0003.jpg,1,0.99489498
Petria_Thomas/Petria_Thomas_0001.jpg,Petria_Thomas/Petria_Thomas_0002.jpg,1,0.99796474
Petro_Symonenko/Petro_Symonenko_0001.jpg,Petro_Symonenko/Petro_Symonenko_0002.jpg,1,0.99098396
Prince_Charles/Prince_Charles_0001.jpg,Prince_Charles/Prince_Charles_0002.jpg,1,0.99553847
Prince_Charles/Prince_Charles_0003.jpg,Prince_Charles/Prince_Charles_0004.jpg,1,0.99615455
Prince_Charles/Prince_Charles_0003.jpg,Prince_Charles/Prince_Charles_0005.jpg,1,0.98932815
Raoul_Ruiz/Raoul_Ruiz_0001.jpg,Raoul_Ruiz/Raoul_Ruiz_0002.jpg,1,0.99513066
Raoul_Ruiz/Raoul_Ruiz_0002.jpg,Raoul_Ruiz/Raoul_Ruiz_0003.jpg,1,0.99121052
Raoul_Ruiz/Raoul_Ruiz_0002.jpg,Raoul_Ruiz/Raoul_Ruiz_0004.jpg,1,0.99494493
Raoul_Ruiz/Raoul_Ruiz_0003.jpg,Raoul_Ruiz/Raoul_Ruiz_0004.jpg,1,0.99588478
Ricky_Ponting/Ricky_Ponting_0001.jpg,Ricky_Ponting/Ricky_Ponting_0002.jpg,1,0.99250650
Robert_Stack/Robert_Stack_0001.jpg,Robert_Stack/Robert_Stack_0002.jpg,1,0.99392223
Robin_Cook/Robin_Cook_0001.jpg,Robin_Cook/Robin_Cook_0002.jpg,1,0.98789257
Roger_Federer/Roger_Federer_0004.jpg,Roger_Federer/Roger_Federer_0005.jpg,1,0.99156690
Roger_Federer/Roger_Federer_0004.jpg,Roger_Federer/Roger_Federer_0007.jpg,1,0.98518485
Roger_Federer/Roger_Federer_0006.jpg,Roger_Federer/Roger_Federer_0007.jpg,1,0.99277592
Ronaldo_Luis_Nazario_de_Lima/Ronaldo_Luis_Nazario_de_Lima_0001.jpg,Ronaldo_Luis_Nazario_de_Lima/Ronaldo_Luis_Nazario_de_Lima_0004.jpg,1,0.99081433
Ronaldo_Luis_Nazario_de_Lima/Ronaldo_Luis_Nazario_de_Lima_0002.jpg,Ronaldo_Luis_Nazario_de_Lima/Ronaldo_Luis_Nazario_de_Lima_0003.jpg,1,0.99800277
Ronaldo_Luis_Nazario_de_Lima/Ronaldo_Luis_Nazario_de_Lima_0002.jpg,Ronaldo_Luis_Nazario_de_Lima/Ronaldo_Luis_Nazario_de_Lima_0004.jpg,1,0.99076992
Ronaldo_Luis_Nazario_de_Lima/Ronaldo_Luis_Nazario_de_Lima_0003.jpg,Ronaldo_Luis_Nazario_de_Lima/Ronaldo_Luis_Nazario_de_Lima_0004.jpg,1,0.98562229
Roy_Williams/Roy_Williams_0001.jpg,Roy_Williams/Roy_Williams_0003.jpg,1,0.99823546
Roy_Williams/Roy_Williams_0002.jpg,Roy_Williams/Roy_Williams_0004.jpg,1,0.99477077
Sally_Ride/Sally_Ride_0001.jpg,Sally_Ride/Sally_Ride_0002.jpg,1,0.98828185
Scott_McNealy/Scott_McNealy_0001.jpg,Scott_McNealy/Scott_McNealy_0002.jpg,1,0.98109496
Scott_Peterson/Scott_Peterson_0001.jpg,Scott_Peterson/Scott_Peterson_0002.jpg,1,0.98562992
Scott_Peterson/Scott_Peterson_0001.jpg,Scott_Peterson/Scott_Peterson_0005.jpg,1,0.99536228
Scott_Peterson/Scott_Peterson_0002.jpg,Scott_Peterson/Scott_Peterson_0005.jpg,1,0.98964894
Scott_Peterson/Scott_Peterson_0003.jpg,Scott_Peterson/Scott_Peterson_0004.jpg,1,0.97442704
Scott_Ritter/Scott_Ritter_0001.jpg,Scott_Ritter/Scott_Ritter_0002.jpg,1,0.98886108
Sean_OKeefe/Sean_OKeefe_0003.jpg,Sean_OKeefe/Sean_OKeefe_0004.jpg,1,0.99112183
Sean_Penn/Sean_Penn_0001.jpg,Sean_Penn/Sean_Penn_0002.jpg,1,0.99180025
Sean_Penn/Sean_Penn_0002.jpg,Sean_Penn/Sean_Penn_0003.jpg,1,0.99491501
Sebastien_Grosjean/Sebastien_Grosjean_0001.jpg,Sebastien_Grosjean/Sebastien_Grosjean_0002.jpg,1,0.99486387
Sebastien_Grosjean/Sebastien_Grosjean_0001.jpg,Sebastien_Grosjean/Sebastien_Grosjean_0004.jpg,1,0.99354917
Sharon_Stone/Sharon_Stone_0001.jpg,Sharon_Stone/Sharon_Stone_0002.jpg,1,0.97869051
Sharon_Stone/Sharon_Stone_0001.jpg,Sharon_Stone/Sharon_Stone_0003.jpg,1,0.98352367
Sharon_Stone/Sharon_Stone_0001.jpg,Sharon_Stone/Sharon_Stone_0004.jpg,1,0.98480207
Sharon_Stone/Sharon_Stone_0001.jpg,Sharon_Stone/Sharon_Stone_0005.jpg,1,0.98685825
Sharon_Stone/Sharon_Stone_0002.jpg,Sharon_Stone/Sharon_Stone_0004.jpg,1,0.99430567
Sonia_Gandhi/Sonia_Gandhi_0001.jpg,Sonia_Gandhi/Sonia_Gandhi_0003.jpg,1,0.99843109
Sonia_Gandhi/Sonia_Gandhi_0001.jpg,Sonia_Gandhi/Sonia_Gandhi_0004.jpg,1,0.97872108
Steve_Backley/Steve_Backley_0001.jpg,Steve_Backley/Steve_Backley_0002.jpg,1,0.99266344
Steven_Hatfill/Steven_Hatfill_0001.jpg,Steven_Hatfill/Steven_Hatfill_0002.jpg,1,0.98935974
Tassos_Papadopoulos/Tassos_Papadopoulos_0001.jpg,Tassos_Papadopoulos/Tassos_Papadopoulos_0003.jpg,1,0.99599856
Taufik_Hidayat/Taufik_Hidayat_0001.jpg,Taufik_Hidayat/Taufik_Hidayat_0002.jpg,1,0.99749172
Taufik_Hidayat/Taufik_Hidayat_0001.jpg,Taufik_Hidayat/Taufik_Hidayat_0003.jpg,1,0.99191749
Taufik_Hidayat/Taufik_Hidayat_0002.jpg,Taufik_Hidayat/Taufik_Hidayat_0003.jpg,1,0.99358499
Thomas_Malchow/Thomas_Malchow_0001.jpg,Thomas_Malchow/Thomas_Malchow_0002.jpg,1,0.99205315
Tom_Cruise/Tom_Cruise_0003.jpg,Tom_Cruise/Tom_Cruise_0005.jpg,1,0.98578364
Tom_Cruise/Tom_Cruise_0004.jpg,Tom_Cruise/Tom_Cruise_0010.jpg,1,0.98201877
Tom_Cruise/Tom_Cruise_0006.jpg,Tom_Cruise/Tom_Cruise_0010.jpg,1,0.99537653
Toni_Braxton/Toni_Braxton_0001.jpg,Toni_Braxton/Toni_Braxton_0003.jpg,1,0.99675524
Wayne_Gretzky/Wayne_Gretzky_0001.jpg,Wayne_Gretzky/Wayne_Gretzky_0002.jpg,1,0.99572432
Wayne_Gretzky/Wayne_Gretzky_0001.jpg,Wayne_Gretzky/Wayne_Gretzky_0004.jpg,1,0.98392361
William_Bulger/William_Bulger_0001.jpg,William_Bulger/William_Bulger_0003.jpg,1,0.99672973
William_Bulger/William_Bulger_0002.jpg,William_Bulger/William_Bulger_0004.jpg,1,0.99594378
Winona_Ryder/Winona_Ryder_0012.jpg,Winona_Ryder/Winona_Ryder_0013.jpg,1,0.99731433
Winona_Ryder/Winona_Ryder_0012.jpg,Winona_Ryder/Winona_Ryder_0018.jpg,1,0.99855995
Winona_Ryder/Winona_Ryder_0012.jpg,Winona_Ryder/Winona_Ryder_0019.jpg,1,0.99276686
Xanana_Gusmao/Xanana_Gusmao_0001.jpg,Xanana_Gusmao/Xanana_Gusmao_0004.jpg,1,0.99601614
Xanana_Gusmao/Xanana_Gusmao_0002.jpg,Xanana_Gusmao/Xanana_Gusmao_0003.jpg,1,0.97846878
Xanana_Gusmao/Xanana_Gusmao_0003.jpg,Xanana_Gusmao/Xanana_Gusmao_0005.jpg,1,0.98690742
Xanana_Gusmao/Xanana_Gusmao_0004.jpg,Xanana_Gusmao/Xanana_Gusmao_0005.jpg,1,0.99470478
Yann_Martel/Yann_Martel_0001.jpg,Yann_Martel/Yann_Martel_0002.jpg,1,0.99174392
Yashwant_Sinha/Yashwant_Sinha_0001.jpg,Yashwant_Sinha/Yashwant_Sinha_0003.jpg,1,0.99825406
Yashwant_Sinha/Yashwant_Sinha_0001.jpg,Yashwant_Sinha/Yashwant_Sinha_0005.jpg,1,0.99812174
Yashwant_Sinha/Yashwant_Sinha_0005.jpg,Yashwant_Sinha/Yashwant_Sinha_0007.jpg,1,0.99804527
Adam_Scott/Adam_Scott_0001.jpg,Adam_Scott/Adam_Scott_0002.jpg,1,0.96818560
Ahmad_Masood/Ahmad_Masood_0001.jpg,Ahmad_Masood/Ahmad_Masood_0002.jpg,1,0.96984810
Alan_Mulally/Alan_Mulally_0001.jpg,Alan_Mulally/Alan_Mulally_0002.jpg,1,0.98911572
Alexander_Rumyantsev/Alexander_Rumyantsev_0001.jpg,Alexander_Rumyantsev/Alexander_Rumyantsev_0002.jpg,1,0.99472964
Ali_Abbas/Ali_Abbas_0001.jpg,Ali_Abbas/Ali_Abbas_0002.jpg,1,0.99620509
Amanda_Bynes/Amanda_Bynes_0001.jpg,Amanda_Bynes/Amanda_Bynes_0002.jpg,1,0.99482906
Amanda_Bynes/Amanda_Bynes_0001.jpg,Amanda_Bynes/Amanda_Bynes_0003.jpg,1,0.98527420
Amanda_Bynes/Amanda_Bynes_0001.jpg,Amanda_Bynes/Amanda_Bynes_0004.jpg,1,0.99613392
Amanda_Bynes/Amanda_Bynes_0002.jpg,Amanda_Bynes/Amanda_Bynes_0003.jpg,1,0.98730612
Andrei_Mikhnevich/Andrei_Mikhnevich_0001.jpg,Andrei_Mikhnevich/Andrei_Mikhnevich_0002.jpg,1,0.99027693
Angela_Merkel/Angela_Merkel_0001.jpg,Angela_Merkel/Angela_Merkel_0002.jpg,1,0.99490905
Angela_Merkel/Angela_Merkel_0004.jpg,Angela_Merkel/Angela_Merkel_0005.jpg,1,0.98534608
Angelina_Jolie/Angelina_Jolie_0001.jpg,Angelina_Jolie/Angelina_Jolie_0015.jpg,1,0.99732465
Angelina_Jolie/Angelina_Jolie_0002.jpg,Angelina_Jolie/Angelina_Jolie_0011.jpg,1,0.98890579
Angelina_Jolie/Angelina_Jolie_0008.jpg,Angelina_Jolie/Angelina_Jolie_0015.jpg,1,0.99450296
Angelina_Jolie/Angelina_Jolie_0009.jpg,Angelina_Jolie/Angelina_Jolie_0015.jpg,1,0.99644828
Angelina_Jolie/Angelina_Jolie_0011.jpg,Angelina_Jolie/Angelina_Jolie_0020.jpg,1,0.98389167
Anthony_LaPaglia/Anthony_LaPaglia_0001.jpg,Anthony_LaPaglia/Anthony_LaPaglia_0002.jpg,1,0.99093521
Arlen_Specter/Arlen_Specter_0001.jpg,Arlen_Specter/Arlen_Specter_0002.jpg,1,0.98821539
Atal_Bihari_Vajpayee/Atal_Bihari_Vajpayee_0004.jpg,Atal_Bihari_Vajpayee/Atal_Bihari_Vajpayee_0006.jpg,1,0.99041426
Barry_Alvarez/Barry_Alvarez_0001.jpg,Barry_Alvarez/Barry_Alvarez_0002.jpg,1,0.99513292
Bill_Belichick/Bill_Belichick_0001.jpg,Bill_Belichick/Bill_Belichick_0002.jpg,1,0.99501193
Bill_Sizemore/Bill_Sizemore_0001.jpg,Bill_Sizemore/Bill_Sizemore_0002.jpg,1,0.98898244
Boris_Yeltsin/Boris_Yeltsin_0001.jpg,Boris_Yeltsin/Boris_Yeltsin_0002.jpg,1,0.96735555
Britney_Spears/Britney_Spears_0004.jpg,Britney_Spears/Britney_Spears_0011.jpg,1,0.99624771
Bruce_Van_De_Velde/Bruce_Van_De_Velde_0001.jpg,Bruce_Van_De_Velde/Bruce_Van_De_Velde_0002.jpg,1,0.99796319
Camilla_Parker_Bowles/Camilla_Parker_Bowles_0001.jpg,Camilla_Parker_Bowles/Camilla_Parker_Bowles_0002.jpg,1,0.97714531
Carolina_Kluft/Carolina_Kluft_0001.jpg,Carolina_Kluft/Carolina_Kluft_0002.jpg,1,0.97800052
Carson_Palmer/Carson_Palmer_0001.jpg,Carson_Palmer/Carson_Palmer_0003.jpg,1,0.98184931
Carson_Palmer/Carson_Palmer_0002.jpg,Carson_Palmer/Carson_Palmer_0003.jpg,1,0.99065256
Catherine_Deneuve/Catherine_Deneuve_0001.jpg,Catherine_Deneuve/Catherine_Deneuve_0004.jpg,1,0.98901951
Catherine_Deneuve/Catherine_Deneuve_0002.jpg,Catherine_Deneuve/Catherine_Deneuve_0005.jpg,1,0.99552274
Catherine_Deneuve/Catherine_Deneuve_0003.jpg,Catherine_Deneuve/Catherine_Deneuve_0005.jpg,1,0.99414873
Cesar_Maia/Cesar_Maia_0001.jpg,Cesar_Maia/Cesar_Maia_0002.jpg,1,0.98944205
Charles_Moose/Charles_Moose_0010.jpg,Charles_Moose/Charles_Moose_0012.jpg,1,0.97149318
Chen_Liang_Yu/Chen_Liang_Yu_0001.jpg,Chen_Liang_Yu/Chen_Liang_Yu_0002.jpg,1,0.98925734
Choi_Sung-hong/Choi_Sung-hong_0001.jpg,Choi_Sung-hong/Choi_Sung-hong_0005.jpg,1,0.97891760
Choi_Sung-hong/Choi_Sung-hong_0002.jpg,Choi_Sung-hong/Choi_Sung-hong_0004.jpg,1,0.98890871
Choi_Sung-hong/Choi_Sung-hong_0003.jpg,Choi_Sung-hong/Choi_Sung-hong_0004.jpg,1,0.98405313
Christina_Aguilera/Christina_Aguilera_0001.jpg,Christina_Aguilera/Christina_Aguilera_0002.jpg,1,0.99232483
Christina_Aguilera/Christina_Aguilera_0001.jpg,Christina_Aguilera/Christina_Aguilera_0004.jpg,1,0.99463207
Christina_Aguilera/Christina_Aguilera_0002.jpg,Christina_Aguilera/Christina_Aguilera_0004.jpg,1,0.99769455
Clara_Harris/Clara_Harris_0001.jpg,Clara_Harris/Clara_Harris_0005.jpg,1,0.99257779
Clara_Harris/Clara_Harris_0002.jpg,Clara_Harris/Clara_Harris_0004.jpg,1,0.99316847
Coretta_Scott_King/Coretta_Scott_King_0001.jpg,Coretta_Scott_King/Coretta_Scott_King_0002.jpg,1,0.99571013
Coretta_Scott_King/Coretta_Scott_King_0001.jpg,Coretta_Scott_King/Coretta_Scott_King_0003.jpg,1,0.98819721
Coretta_Scott_King/Coretta_Scott_King_0002.jpg,Coretta_Scott_King/Coretta_Scott_King_0003.jpg,1,0.99489254
Courtney_Love/Courtney_Love_0001.jpg,Courtney_Love/Courtney_Love_0002.jpg,1,0.99198663
Daniel_Day-Lewis/Daniel_Day-Lewis_0001.jpg,Daniel_Day-Lewis/Daniel_Day-Lewis_0003.jpg,1,0.99756134
Daniel_Day-Lewis/Daniel_Day-Lewis_0002.jpg,Daniel_Day-Lewis/Daniel_Day-Lewis_0003.jpg,1,0.98848200
Daniela_Hantuchova/Daniela_Hantuchova_0001.jpg,Daniela_Hantuchova/Daniela_Hantuchova_0002.jpg,1,0.99578744
Debra_Messing/Debra_Messing_0001.jpg,Debra_Messing/Debra_Messing_0002.jpg,1,0.99745393
Dennis_Kucinich/Dennis_Kucinich_0002.jpg,Dennis_Kucinich/Dennis_Kucinich_0007.jpg,1,0.98336256
Dick_Latessa/Dick_Latessa_0001.jpg,Dick_Latessa/Dick_Latessa_0002.jpg,1,0.99417734
Donald_Rumsfeld/Donald_Rumsfeld_0039.jpg,Donald_Rumsfeld/Donald_Rumsfeld_0110.jpg,1,0.99463457
Donald_Rumsfeld/Donald_Rumsfeld_0051.jpg,Donald_Rumsfeld/Donald_Rumsfeld_0083.jpg,1,0.99187195
Donald_Rumsfeld/Donald_Rumsfeld_0060.jpg,Donald_Rumsfeld/Donald_Rumsfeld_0067.jpg,1,0.99599844
Eduard_Shevardnadze/Eduard_Shevardnadze_0001.jpg,Eduard_Shevardnadze/Eduard_Shevardnadze_0005.jpg,1,0.99646455
Edward_Lu/Edward_Lu_0004.jpg,Edward_Lu/Edward_Lu_0006.jpg,1,0.99159706
Edwina_Currie/Edwina_Currie_0001.jpg,Edwina_Currie/Edwina_Currie_0002.jpg,1,0.99507588
Edwina_Currie/Edwina_Currie_0002.jpg,Edwina_Currie/Edwina_Currie_0004.jpg,1,0.98798513
Elizabeth_Shue/Elizabeth_Shue_0001.jpg,Elizabeth_Shue/Elizabeth_Shue_0002.jpg,1,0.99435204
Ellen_Engleman/Ellen_Engleman_0001.jpg,Ellen_Engleman/Ellen_Engleman_0002.jpg,1,0.98955226
Emma_Thompson/Emma_Thompson_0001.jpg,Emma_Thompson/Emma_Thompson_0002.jpg,1,0.96866286
Emma_Thompson/Emma_Thompson_0001.jpg,Emma_Thompson/Emma_Thompson_0003.jpg,1,0.97671449
Emma_Thompson/Emma_Thompson_0002.jpg,Emma_Thompson/Emma_Thompson_0003.jpg,1,0.99463719
Emmit_Smith/Emmit_Smith_0001.jpg,Emmit_Smith/Emmit_Smith_0002.jpg,1,0.99955636
Fayssal_Mekdad/Fayssal_Mekdad_0001.jpg,Fayssal_Mekdad/Fayssal_Mekdad_0003.jpg,1,0.99360585
Fayssal_Mekdad/Fayssal_Mekdad_0001.jpg,Fayssal_Mekdad/Fayssal_Mekdad_0004.jpg,1,0.99499887
Frances_Fisher/Frances_Fisher_0001.jpg,Frances_Fisher/Frances_Fisher_0002.jpg,1,0.99567413
Frank_Griswold/Frank_Griswold_0001.jpg,Frank_Griswold/Frank_Griswold_0002.jpg,1,0.99153173
Gary_Forsee/Gary_Forsee_0001.jpg,Gary_Forsee/Gary_Forsee_0002.jpg,1,0.98969829
Gloria_Macapagal_Arroyo/Gloria_Macapagal_Arroyo_0003.jpg,Gloria_Macapagal_Arroyo/Gloria_Macapagal_Arroyo_0012.jpg,1,0.99670231
Gloria_Macapagal_Arroyo/Gloria_Macapagal_Arroyo_0003.jpg,Gloria_Macapagal_Arroyo/Gloria_Macapagal_Arroyo_0025.jpg,1,0.99772161
Gloria_Macapagal_Arroyo/Gloria_Macapagal_Arroyo_0008.jpg,Gloria_Macapagal_Arroyo/Gloria_Macapagal_Arroyo_0023.jpg,1,0.99508232
Gregory_Hines/Gregory_Hines_0001.jpg,Gregory_Hines/Gregory_Hines_0002.jpg,1,0.98914832
Gus_Van_Sant/Gus_Van_Sant_0001.jpg,Gus_Van_Sant/Gus_Van_Sant_0002.jpg,1,0.99448156
Gus_Van_Sant/Gus_Van_Sant_0001.jpg,Gus_Van_Sant/Gus_Van_Sant_0003.jpg,1,0.99878621
Gwendal_Peizerat/Gwendal_Peizerat_0001.jpg,Gwendal_Peizerat/Gwendal_Peizerat_0002.jpg,1,0.97849065
Gwendal_Peizerat/Gwendal_Peizerat_0001.jpg,Gwendal_Peizerat/Gwendal_Peizerat_0003.jpg,1,0.97957551
Hal_Gehman/Hal_Gehman_0002.jpg,Hal_Gehman/Hal_Gehman_0004.jpg,1,0.99661529
Hannah_Stockbauer/Hannah_Stockbauer_0001.jpg,Hannah_Stockbauer/Hannah_Stockbauer_0002.jpg,1,0.98556674
Harrison_Ford/Harrison_Ford_0001.jpg,Harrison_Ford/Harrison_Ford_0012.jpg,1,0.98492932
Heizo_Takenaka/Heizo_Takenaka_0001.jpg,Heizo_Takenaka/Heizo_Takenaka_0007.jpg,1,0.98763067
Heizo_Takenaka/Heizo_Takenaka_0003.jpg,Heizo_Takenaka/Heizo_Takenaka_0008.jpg,1,0.99503905
Heizo_Takenaka/Heizo_Takenaka_0003.jpg,Heizo_Takenaka/Heizo_Takenaka_0009.jpg,1,0.99297458
Hichiro_Naemura/Hichiro_Naemura_0001.jpg,Hichiro_Naemura/Hichiro_Naemura_0002.jpg,1,0.99326706
Hipolito_Mejia/Hipolito_Mejia_0001.jpg,Hipolito_Mejia/Hipolito_Mejia_0003.jpg,1,0.99713850
Hipolito_Mejia/Hipolito_Mejia_0001.jpg,Hipolito_Mejia/Hipolito_Mejia_0004.jpg,1,0.99310440
Holly_Hunter/Holly_Hunter_0002.jpg,Holly_Hunter/Holly_Hunter_0006.jpg,1,0.99391174
Holly_Hunter/Holly_Hunter_0003.jpg,Holly_Hunter/Holly_Hunter_0007.jpg,1,0.96571887
Igor_Ivanov/Igor_Ivanov_0005.jpg,Igor_Ivanov/Igor_Ivanov_0016.jpg,1,0.99108857
Intisar_Ajouri/Intisar_Ajouri_0002.jpg,Intisar_Ajouri/Intisar_Ajouri_0003.jpg,1,0.99723661
Jack_Nicholson/Jack_Nicholson_0001.jpg,Jack_Nicholson/Jack_Nicholson_0003.jpg,1,0.99166685
James_Blake/James_Blake_0001.jpg,James_Blake/James_Blake_0010.jpg,1,0.99522281
James_Blake/James_Blake_0004.jpg,James_Blake/James_Blake_0006.jpg,1,0.99573463
James_Blake/James_Blake_0005.jpg,James_Blake/James_Blake_0009.jpg,1,0.99510688
James_Kelly/James_Kelly_0004.jpg,James_Kelly/James_Kelly_0005.jpg,1,0.99738538
James_Kopp/James_Kopp_0002.jpg,James_Kopp/James_Kopp_0004.jpg,1,0.99620324
James_Smith/James_Smith_0001.jpg,James_Smith/James_Smith_0002.jpg,1,0.99882257
Jean_Chretien/Jean_Chretien_0002.jpg,Jean_Chretien/Jean_Chretien_0039.jpg,1,0.99156940
Jean_Chretien/Jean_Chretien_0006.jpg,Jean_Chretien/Jean_Chretien_0040.jpg,1,0.99162674
Jean_Chretien/Jean_Chretien_0008.jpg,Jean_Chretien/Jean_Chretien_0035.jpg,1,0.99609184
Jean_Chretien/Jean_Chretien_0019.jpg,Jean_Chretien/Jean_Chretien_0028.jpg,1,0.99570018
Jean_Chretien/Jean_Chretien_0028.jpg,Jean_Chretien/Jean_Chretien_0052.jpg,1,0.99643433
Jean_Chretien/Jean_Chretien_0029.jpg,Jean_Chretien/Jean_Chretien_0037.jpg,1,0.99217528
Jean_Chretien/Jean_Chretien_0034.jpg,Jean_Chretien/Jean_Chretien_0036.jpg,1,0.99891102
Jeffrey_Immelt/Jeffrey_Immelt_0001.jpg,Jeffrey_Immelt/Jeffrey_Immelt_0002.jpg,1,0.99303305
Jennifer_Aniston/Jennifer_Aniston_0001.jpg,Jennifer_Aniston/Jennifer_Aniston_0007.jpg,1,0.99203157
Jennifer_Aniston/Jennifer_Aniston_0001.jpg,Jennifer_Aniston/Jennifer_Aniston_0016.jpg,1,0.98718572
Jennifer_Aniston/Jennifer_Aniston_0006.jpg,Jennifer_Aniston/Jennifer_Aniston_0021.jpg,1,0.99595535
Jerry_Falwell/Jerry_Falwell_0001.jpg,Jerry_Falwell/Jerry_Falwell_0002.jpg,1,0.99726427
Jesse_Harris/Jesse_Harris_0001.jpg,Jesse_Harris/Jesse_Harris_0003.jpg,1,0.98186779
Jesse_Harris/Jesse_Harris_0002.jpg,Jesse_Harris/Jesse_Harris_0003.jpg,1,0.96800035
Joan_Claybrook/Joan_Claybrook_0001.jpg,Joan_Claybrook/Joan_Claybrook_0002.jpg,1,0.98035723
Joe_Calzaghe/Joe_Calzaghe_0001.jpg,Joe_Calzaghe/Joe_Calzaghe_0002.jpg,1,0.98662722
Joe_Nichols/Joe_Nichols_0001.jpg,Joe_Nichols/Joe_Nichols_0003.jpg,1,0.99359047
Joe_Nichols/Joe_Nichols_0002.jpg,Joe_Nichols/Joe_Nichols_0004.jpg,1,0.99476790
Joe_Nichols/Joe_Nichols_0003.jpg,Joe_Nichols/Joe_Nichols_0004.jpg,1,0.99751580
Joerg_Haider/Joerg_Haider_0001.jpg,Joerg_Haider/Joerg_Haider_0002.jpg,1,0.99746215
John_Abizaid/John_Abizaid_0001.jpg,John_Abizaid/John_Abizaid_0002.jpg,1,0.99289852
John_Abizaid/John_Abizaid_0001.jpg,John_Abizaid/John_Abizaid_0007.jpg,1,0.99730074
John_Abizaid/John_Abizaid_0002.jpg,John_Abizaid/John_Abizaid_0003.jpg,1,0.98691773
John_Abizaid/John_Abizaid_0004.jpg,John_Abizaid/John_Abizaid_0007.jpg,1,0.99432397
John_Abizaid/John_Abizaid_0004.jpg,John_Abizaid/John_Abizaid_0008.jpg,1,0.99505758
John_Abizaid/John_Abizaid_0005.jpg,John_Abizaid/John_Abizaid_0006.jpg,1,0.99204183
John_Jumper/John_Jumper_0001.jpg,John_Jumper/John_Jumper_0002.jpg,1,0.98830652
John_Mayer/John_Mayer_0001.jpg,John_Mayer/John_Mayer_0002.jpg,1,0.99844003
John_Mayer/John_Mayer_0001.jpg,John_Mayer/John_Mayer_0003.jpg,1,0.99676764
John_Negroponte/John_Negroponte_0005.jpg,John_Negroponte/John_Negroponte_0026.jpg,1,0.99157917
John_Negroponte/John_Negroponte_0008.jpg,John_Negroponte/John_Negroponte_0017.jpg,1,0.98720336
John_Negroponte/John_Negroponte_0028.jpg,John_Negroponte/John_Negroponte_0030.jpg,1,0.99320936
John_Reilly/John_Reilly_0001.jpg,John_Reilly/John_Reilly_0002.jpg,1,0.99077916
John_Rowland/John_Rowland_0001.jpg,John_Rowland/John_Rowland_0002.jpg,1,0.97499669
Johnny_Depp/Johnny_Depp_0001.jpg,Johnny_Depp/Johnny_Depp_0002.jpg,1,0.99368954
Jon_Corzine/Jon_Corzine_0001.jpg,Jon_Corzine/Jon_Corzine_0002.jpg,1,0.98853159
Jose_Dirceu/Jose_Dirceu_0001.jpg,Jose_Dirceu/Jose_Dirceu_0002.jpg,1,0.98382103
Jose_Sarney/Jose_Sarney_0001.jpg,Jose_Sarney/Jose_Sarney_0003.jpg,1,0.99087268
Joseph_Estrada/Joseph_Estrada_0001.jpg,Joseph_Estrada/Joseph_Estrada_0003.jpg,1,0.99582660
Joseph_Estrada/Joseph_Estrada_0002.jpg,Joseph_Estrada/Joseph_Estrada_0003.jpg,1,0.99480033
Juan_Carlos_Ferrero/Juan_Carlos_Ferrero_0009.jpg,Juan_Carlos_Ferrero/Juan_Carlos_Ferrero_0017.jpg,1,0.99114990
Jude_Law/Jude_Law_0001.jpg,Jude_Law/Jude_Law_0002.jpg,1,0.99194634
Katherine_Harris/Katherine_Harris_0001.jpg,Katherine_Harris/Katherine_Harris_0002.jpg,1,0.99000502
Katherine_Harris/Katherine_Harris_0001.jpg,Katherine_Harris/Katherine_Harris_0004.jpg,1,0.99609739
Katherine_Harris/Katherine_Harris_0003.jpg,Katherine_Harris/Katherine_Harris_0004.jpg,1,0.98844516
Kelly_Clarkson/Kelly_Clarkson_0001.jpg,Kelly_Clarkson/Kelly_Clarkson_0002.jpg,1,0.99798191
Kiki_Vandeweghe/Kiki_Vandeweghe_0001.jpg,Kiki_Vandeweghe/Kiki_Vandeweghe_0002.jpg,1,0.99332213
Kofi_Annan/Kofi_Annan_0008.jpg,Kofi_Annan/Kofi_Annan_0014.jpg,1,0.99799001
Kofi_Annan/Kofi_Annan_0008.jpg,Kofi_Annan/Kofi_Annan_0032.jpg,1,0.99837863
Kofi_Annan/Kofi_Annan_0013.jpg,Kofi_Annan/Kofi_Annan_0025.jpg,1,0.99944764
Lance_Bass/Lance_Bass_0001.jpg,Lance_Bass/Lance_Bass_0004.jpg,1,0.99753970
Lance_Bass/Lance_Bass_0002.jpg,Lance_Bass/Lance_Bass_0004.jpg,1,0.97578293
Lance_Bass/Lance_Bass_0002.jpg,Lance_Bass/Lance_Bass_0005.jpg,1,0.97918057
Lance_Bass/Lance_Bass_0004.jpg,Lance_Bass/Lance_Bass_0005.jpg,1,0.99266541
Laurent_Gbagbo/Laurent_Gbagbo_0001.jpg,Laurent_Gbagbo/Laurent_Gbagbo_0002.jpg,1,0.99776286
Lee_Soo-hyuck/Lee_Soo-hyuck_0001.jpg,Lee_Soo-hyuck/Lee_Soo-hyuck_0002.jpg,1,0.98699057
Leslie_Caldwell/Leslie_Caldwell_0002.jpg,Leslie_Caldwell/Leslie_Caldwell_0003.jpg,1,0.99617481
Li_Zhaoxing/Li_Zhaoxing_0002.jpg,Li_Zhaoxing/Li_Zhaoxing_0007.jpg,1,0.99238932
Liu_Mingkang/Liu_Mingkang_0001.jpg,Liu_Mingkang/Liu_Mingkang_0002.jpg,1,0.99548721
Luciano_Pavarotti/Luciano_Pavarotti_0001.jpg,Luciano_Pavarotti/Luciano_Pavarotti_0002.jpg,1,0.99441856
Luis_Gonzalez_Macchi/Luis_Gonzalez_Macchi_0001.jpg,Luis_Gonzalez_Macchi/Luis_Gonzalez_Macchi_0002.jpg,1,0.99569428
Luis_Gonzalez_Macchi/Luis_Gonzalez_Macchi_0002.jpg,Luis_Gonzalez_Macchi/Luis_Gonzalez_Macchi_0004.jpg,1,0.99727166
Luis_Gonzalez_Macchi/Luis_Gonzalez_Macchi_0003.jpg,Luis_Gonzalez_Macchi/Luis_Gonzalez_Macchi_0004.jpg,1,0.99579489
Luis_Gonzalez_Macchi/Luis_Gonzalez_Macchi_0003.jpg,Luis_Gonzalez_Macchi/Luis_Gonzalez_Macchi_0005.jpg,1,0.99373662
Luis_Horna/Luis_Horna_0001.jpg,Luis_Horna/Luis_Horna_0004.jpg,1,0.99419796
Luis_Horna/Luis_Horna_0002.jpg,Luis_Horna/Luis_Horna_0004.jpg,1,0.98883635
Luiz_Inacio_Lula_da_Silva/Luiz_Inacio_Lula_da_Silva_0002.jpg,Luiz_Inacio_Lula_da_Silva/Luiz_Inacio_Lula_da_Silva_0009.jpg,1,0.99580497
Luiz_Inacio_Lula_da_Silva/Luiz_Inacio_Lula_da_Silva_0002.jpg,Luiz_Inacio_Lula_da_Silva/Luiz_Inacio_Lula_da_Silva_0039.jpg,1,0.99676204
Luiz_Inacio_Lula_da_Silva/Luiz_Inacio_Lula_da_Silva_0004.jpg,Luiz_Inacio_Lula_da_Silva/Luiz_Inacio_Lula_da_Silva_0008.jpg,1,0.97478402
Luiz_Inacio_Lula_da_Silva/Luiz_Inacio_Lula_da_Silva_0007.jpg,Luiz_Inacio_Lula_da_Silva/Luiz_Inacio_Lula_da_Silva_0036.jpg,1,0.99457157
Luiz_Inacio_Lula_da_Silva/Luiz_Inacio_Lula_da_Silva_0010.jpg,Luiz_Inacio_Lula_da_Silva/Luiz_Inacio_Lula_da_Silva_0019.jpg,1,0.99699068
Luiz_Inacio_Lula_da_Silva/Luiz_Inacio_Lula_da_Silva_0011.jpg,Luiz_Inacio_Lula_da_Silva/Luiz_Inacio_Lula_da_Silva_0044.jpg,1,0.98919797
Luiz_Inacio_Lula_da_Silva/Luiz_Inacio_Lula_da_Silva_0028.jpg,Luiz_Inacio_Lula_da_Silva/Luiz_Inacio_Lula_da_Silva_0044.jpg,1,0.98939747
Madeleine_Albright/Madeleine_Albright_0001.jpg,Madeleine_Albright/Madeleine_Albright_0002.jpg,1,0.98917842
Madeleine_Albright/Madeleine_Albright_0002.jpg,Madeleine_Albright/Madeleine_Albright_0003.jpg,1,0.98837823
Marcus_Gronholm/Marcus_Gronholm_0001.jpg,Marcus_Gronholm/Marcus_Gronholm_0002.jpg,1,0.98486638
Marissa_Jaret_Winokur/Marissa_Jaret_Winokur_0001.jpg,Marissa_Jaret_Winokur/Marissa_Jaret_Winokur_0002.jpg,1,0.99465799
Mark_Geragos/Mark_Geragos_0001.jpg,Mark_Geragos/Mark_Geragos_0002.jpg,1,0.99010760
Mark_Philippoussis/Mark_Philippoussis_0002.jpg,Mark_Philippoussis/Mark_Philippoussis_0007.jpg,1,0.99378908
Mark_Philippoussis/Mark_Philippoussis_0003.jpg,Mark_Philippoussis/Mark_Philippoussis_0011.jpg,1,0.99527115
Mark_Philippoussis/Mark_Philippoussis_0004.jpg,Mark_Philippoussis/Mark_Philippoussis_0006.jpg,1,0.98284960
Mark_Philippoussis/Mark_Philippoussis_0004.jpg,Mark_Philippoussis/Mark_Philippoussis_0009.jpg,1,0.98971415
Mark_Philippoussis/Mark_Philippoussis_0006.jpg,Mark_Philippoussis/Mark_Philippoussis_0007.jpg,1,0.98716223
Mark_Philippoussis/Mark_Philippoussis_0006.jpg,Mark_Philippoussis/Mark_Philippoussis_0009.jpg,1,0.98918015
Mark_Philippoussis/Mark_Philippoussis_0007.jpg,Mark_Philippoussis/Mark_Philippoussis_0009.jpg,1,0.99451339
Markus_Naslund/Markus_Naslund_0001.jpg,Markus_Naslund/Markus_Naslund_0002.jpg,1,0.99505240
Martha_Lucia_Ramirez/Martha_Lucia_Ramirez_0002.jpg,Martha_Lucia_Ramirez/Martha_Lucia_Ramirez_0004.jpg,1,0.99567199
Martha_Lucia_Ramirez/Martha_Lucia_Ramirez_0003.jpg,Martha_Lucia_Ramirez/Martha_Lucia_Ramirez_0004.jpg,1,0.98538947
Meryl_Streep/Meryl_Streep_0014.jpg,Meryl_Streep/Meryl_Streep_0015.jpg,1,0.98660302
Mesut_Yilmaz/Mesut_Yilmaz_0001.jpg,Mesut_Yilmaz/Mesut_Yilmaz_0002.jpg,1,0.98847371
Michael_Schumacher/Michael_Schumacher_0002.jpg,Michael_Schumacher/Michael_Schumacher_0013.jpg,1,0.97694874
Michael_Schumacher/Michael_Schumacher_0002.jpg,Michael_Schumacher/Michael_Schumacher_0017.jpg,1,0.98718601
Michael_Schumacher/Michael_Schumacher_0010.jpg,Michael_Schumacher/Michael_Schumacher_0011.jpg,1,0.98872507
Michael_Schumacher/Michael_Schumacher_0013.jpg,Michael_Schumacher/Michael_Schumacher_0018.jpg,1,0.97979903
Michel_Temer/Michel_Temer_0001.jpg,Michel_Temer/Michel_Temer_0002.jpg,1,0.96481073
Michelle_Yeoh/Michelle_Yeoh_0001.jpg,Michelle_Yeoh/Michelle_Yeoh_0002.jpg,1,0.98955345
Michelle_Yeoh/Michelle_Yeoh_0002.jpg,Michelle_Yeoh/Michelle_Yeoh_0005.jpg,1,0.98115093
Monica_Seles/Monica_Seles_0001.jpg,Monica_Seles/Monica_Seles_0003.jpg,1,0.98932219
Monica_Seles/Monica_Seles_0002.jpg,Monica_Seles/Monica_Seles_0006.jpg,1,0.99409711
Monica_Seles/Monica_Seles_0004.jpg,Monica_Seles/Monica_Seles_0005.jpg,1,0.99558842
Moshe_Katsav/Moshe_Katsav_0001.jpg,Moshe_Katsav/Moshe_Katsav_0002.jpg,1,0.98988330
Moshe_Katsav/Moshe_Katsav_0002.jpg,Moshe_Katsav/Moshe_Katsav_0003.jpg,1,0.98977983
Muhammad_Saeed_al-Sahhaf/Muhammad_Saeed_al-Sahhaf_0002.jpg,Muhammad_Saeed_al-Sahhaf/Muhammad_Saeed_al-Sahhaf_0005.jpg,1,0.99218237
Muhammad_Saeed_al-Sahhaf/Muhammad_Saeed_al-Sahhaf_0003.jpg,Muhammad_Saeed_al-Sahhaf/Muhammad_Saeed_al-Sahhaf_0004.jpg,1,0.97604930
Muhammad_Saeed_al-Sahhaf/Muhammad_Saeed_al-Sahhaf_0003.jpg,Muhammad_Saeed_al-Sahhaf/Muhammad_Saeed_al-Sahhaf_0005.jpg,1,0.98399264
Nancy_Sinatra/Nancy_Sinatra_0001.jpg,Nancy_Sinatra/Nancy_Sinatra_0002.jpg,1,0.99418354
Nicanor_Duarte_Frutos/Nicanor_Duarte_Frutos_0003.jpg,Nicanor_Duarte_Frutos/Nicanor_Duarte_Frutos_0006.jpg,1,0.99333704
Nicanor_Duarte_Frutos/Nicanor_Duarte_Frutos_0003.jpg,Nicanor_Duarte_Frutos/Nicanor_Duarte_Frutos_0007.jpg,1,0.99451923
Nicanor_Duarte_Frutos/Nicanor_Duarte_Frutos_0003.jpg,Nicanor_Duarte_Frutos/Nicanor_Duarte_Frutos_0011.jpg,1,0.99502522
Patti_Labelle/Patti_Labelle_0002.jpg,Patti_Labelle/Patti_Labelle_0003.jpg,1,0.99914420
Paul_Pierce/Paul_Pierce_0001.jpg,Paul_Pierce/Paul_Pierce_0002.jpg,1,0.97534078
Paul_Shanley/Paul_Shanley_0002.jpg,Paul_Shanley/Paul_Shanley_0003.jpg,1,0.99450696
Phil_Mickelson/Phil_Mickelson_0001.jpg,Phil_Mickelson/Phil_Mickelson_0002.jpg,1,0.98582923
Princess_Anne/Princess_Anne_0001.jpg,Princess_Anne/Princess_Anne_0002.jpg,1,0.99659312
Princess_Elisabeth/Princess_Elisabeth_0001.jpg,Princess_Elisabeth/Princess_Elisabeth_0002.jpg,1,0.99688333
Priscilla_Owen/Priscilla_Owen_0001.jpg,Priscilla_Owen/Priscilla_Owen_0002.jpg,1,0.97993648
Queen_Rania/Queen_Rania_0002.jpg,Queen_Rania/Queen_Rania_0003.jpg,1,0.99454749
Rachel_Hunter/Rachel_Hunter_0001.jpg,Rachel_Hunter/Rachel_Hunter_0004.jpg,1,0.98881018
Rachel_Hunter/Rachel_Hunter_0002.jpg,Rachel_Hunter/Rachel_Hunter_0003.jpg,1,0.99484992
Rachel_Hunter/Rachel_Hunter_0003.jpg,Rachel_Hunter/Rachel_Hunter_0004.jpg,1,0.99433774
Rafael_Ramirez/Rafael_Ramirez_0001.jpg,Rafael_Ramirez/Rafael_Ramirez_0002.jpg,1,0.99797815
Rafael_Ramirez/Rafael_Ramirez_0002.jpg,Rafael_Ramirez/Rafael_Ramirez_0003.jpg,1,0.99415743
Rafael_Ramirez/Rafael_Ramirez_0002.jpg,Rafael_Ramirez/Rafael_Ramirez_0004.jpg,1,0.99124187
Ralph_Lauren/Ralph_Lauren_0001.jpg,Ralph_Lauren/Ralph_Lauren_0002.jpg,1,0.99518287
Recep_Tayyip_Erdogan/Recep_Tayyip_Erdogan_0002.jpg,Recep_Tayyip_Erdogan/Recep_Tayyip_Erdogan_0016.jpg,1,0.98401809
Recep_Tayyip_Erdogan/Recep_Tayyip_Erdogan_0017.jpg,Recep_Tayyip_Erdogan/Recep_Tayyip_Erdogan_0019.jpg,1,0.99755049
Reese_Witherspoon/Reese_Witherspoon_0003.jpg,Reese_Witherspoon/Reese_Witherspoon_0004.jpg,1,0.99323976
Richard_Armitage/Richard_Armitage_0002.jpg,Richard_Armitage/Richard_Armitage_0005.jpg,1,0.99670589
Richard_Armitage/Richard_Armitage_0006.jpg,Richard_Armitage/Richard_Armitage_0007.jpg,1,0.99305904
Richard_Armitage/Richard_Armitage_0006.jpg,Richard_Armitage/Richard_Armitage_0009.jpg,1,0.98966932
Richard_Armitage/Richard_Armitage_0008.jpg,Richard_Armitage/Richard_Armitage_0009.jpg,1,0.99532306
Richard_Gephardt/Richard_Gephardt_0002.jpg,Richard_Gephardt/Richard_Gephardt_0010.jpg,1,0.99725574
Richard_Gephardt/Richard_Gephardt_0003.jpg,Richard_Gephardt/Richard_Gephardt_0011.jpg,1,0.99797249
Richard_Gephardt/Richard_Gephardt_0005.jpg,Richard_Gephardt/Richard_Gephardt_0009.jpg,1,0.99816716
Richard_Gephardt/Richard_Gephardt_0010.jpg,Richard_Gephardt/Richard_Gephardt_0011.jpg,1,0.99607885
Richard_Norton-Taylor/Richard_Norton-Taylor_0001.jpg,Richard_Norton-Taylor/Richard_Norton-Taylor_0002.jpg,1,0.99488240
Richie_Adubato/Richie_Adubato_0001.jpg,Richie_Adubato/Richie_Adubato_0002.jpg,1,0.99058563
Robert_Bullock/Robert_Bullock_0001.jpg,Robert_Bullock/Robert_Bullock_0002.jpg,1,0.99372828
Robert_Mueller/Robert_Mueller_0004.jpg,Robert_Mueller/Robert_Mueller_0005.jpg,1,0.99888849
Robert_Mugabe/Robert_Mugabe_0001.jpg,Robert_Mugabe/Robert_Mugabe_0002.jpg,1,0.98787689
Robert_Zoellick/Robert_Zoellick_0002.jpg,Robert_Zoellick/Robert_Zoellick_0003.jpg,1,0.99409890
Robert_Zoellick/Robert_Zoellick_0003.jpg,Robert_Zoellick/Robert_Zoellick_0007.jpg,1,0.99113446
Roberto_Benigni/Roberto_Benigni_0001.jpg,Roberto_Benigni/Roberto_Benigni_0002.jpg,1,0.99238050
Roh_Moo-hyun/Roh_Moo-hyun_0028.jpg,Roh_Moo-hyun/Roh_Moo-hyun_0032.jpg,1,0.99893546
Roman_Polanski/Roman_Polanski_0002.jpg,Roman_Polanski/Roman_Polanski_0003.jpg,1,0.99097794
Roman_Polanski/Roman_Polanski_0004.jpg,Roman_Polanski/Roman_Polanski_0006.jpg,1,0.98754609
Ron_Howard/Ron_Howard_0001.jpg,Ron_Howard/Ron_Howard_0002.jpg,1,0.99766791
Ronald_Reagan/Ronald_Reagan_0001.jpg,Ronald_Reagan/Ronald_Reagan_0003.jpg,1,0.99342883
Ronald_Reagan/Ronald_Reagan_0002.jpg,Ronald_Reagan/Ronald_Reagan_0003.jpg,1,0.99459851
Rosemarie_Stack/Rosemarie_Stack_0001.jpg,Rosemarie_Stack/Rosemarie_Stack_0002.jpg,1,0.99512768
Roy_Jones_Jr/Roy_Jones_Jr_0001.jpg,Roy_Jones_Jr/Roy_Jones_Jr_0002.jpg,1,0.99570996
Rupert_Murdoch/Rupert_Murdoch_0001.jpg,Rupert_Murdoch/Rupert_Murdoch_0002.jpg,1,0.98967266
Saburo_Kawabuchi/Saburo_Kawabuchi_0001.jpg,Saburo_Kawabuchi/Saburo_Kawabuchi_0002.jpg,1,0.99474585
Sam_Mendes/Sam_Mendes_0001.jpg,Sam_Mendes/Sam_Mendes_0002.jpg,1,0.99506909
Sam_Torrance/Sam_Torrance_0001.jpg,Sam_Torrance/Sam_Torrance_0002.jpg,1,0.99850893
Sam_Torrance/Sam_Torrance_0001.jpg,Sam_Torrance/Sam_Torrance_0003.jpg,1,0.99885648
Sam_Torrance/Sam_Torrance_0002.jpg,Sam_Torrance/Sam_Torrance_0003.jpg,1,0.99832070
Sergei_Ivanov/Sergei_Ivanov_0001.jpg,Sergei_Ivanov/Sergei_Ivanov_0003.jpg,1,0.99284399
Sergio_Vieira_De_Mello/Sergio_Vieira_De_Mello_0001.jpg,Sergio_Vieira_De_Mello/Sergio_Vieira_De_Mello_0002.jpg,1,0.98901486
Sergio_Vieira_De_Mello/Sergio_Vieira_De_Mello_0004.jpg,Sergio_Vieira_De_Mello/Sergio_Vieira_De_Mello_0009.jpg,1,0.98859072
Sergio_Vieira_De_Mello/Sergio_Vieira_De_Mello_0007.jpg,Sergio_Vieira_De_Mello/Sergio_Vieira_De_Mello_0008.jpg,1,0.99250376
Sergio_Vieira_De_Mello/Sergio_Vieira_De_Mello_0008.jpg,Sergio_Vieira_De_Mello/Sergio_Vieira_De_Mello_0011.jpg,1,0.99732882
Shannon_OBrien/Shannon_OBrien_0001.jpg,Shannon_OBrien/Shannon_OBrien_0002.jpg,1,0.98175257
Sheila_Fraser/Sheila_Fraser_0001.jpg,Sheila_Fraser/Sheila_Fraser_0002.jpg,1,0.99603844
Shimon_Peres/Shimon_Peres_0001.jpg,Shimon_Peres/Shimon_Peres_0003.jpg,1,0.99446976
Shimon_Peres/Shimon_Peres_0003.jpg,Shimon_Peres/Shimon_Peres_0004.jpg,1,0.99621725
Shimon_Peres/Shimon_Peres_0004.jpg,Shimon_Peres/Shimon_Peres_0007.jpg,1,0.98857832
Sourav_Ganguly/Sourav_Ganguly_0001.jpg,Sourav_Ganguly/Sourav_Ganguly_0003.jpg,1,0.98660594
Stanley_McChrystal/Stanley_McChrystal_0001.jpg,Stanley_McChrystal/Stanley_McChrystal_0003.jpg,1,0.98867184
Stanley_McChrystal/Stanley_McChrystal_0002.jpg,Stanley_McChrystal/Stanley_McChrystal_0003.jpg,1,0.99342704
Steve_Lavin/Steve_Lavin_0001.jpg,Steve_Lavin/Steve_Lavin_0004.jpg,1,0.99276590
Strom_Thurmond/Strom_Thurmond_0001.jpg,Strom_Thurmond/Strom_Thurmond_0003.jpg,1,0.97944081
Surakait_Sathirathai/Surakait_Sathirathai_0001.jpg,Surakait_Sathirathai/Surakait_Sathirathai_0002.jpg,1,0.99172783
Susan_Collins/Susan_Collins_0001.jpg,Susan_Collins/Susan_Collins_0002.jpg,1,0.99493051
Tariq_Aziz/Tariq_Aziz_0003.jpg,Tariq_Aziz/Tariq_Aziz_0005.jpg,1,0.99580878
Terry_Stotts/Terry_Stotts_0001.jpg,Terry_Stotts/Terry_Stotts_0002.jpg,1,0.98889685
Thaksin_Shinawatra/Thaksin_Shinawatra_0005.jpg,Thaksin_Shinawatra/Thaksin_Shinawatra_0006.jpg,1,0.99433708
Thomas_OBrien/Thomas_OBrien_0003.jpg,Thomas_OBrien/Thomas_OBrien_0009.jpg,1,0.99524367
Tim_Chapman/Tim_Chapman_0001.jpg,Tim_Chapman/Tim_Chapman_0002.jpg,1,0.97952294
Tom_Hanks/Tom_Hanks_0001.jpg,Tom_Hanks/Tom_Hanks_0007.jpg,1,0.99139023
Tom_Hanks/Tom_Hanks_0004.jpg,Tom_Hanks/Tom_Hanks_0006.jpg,1,0.99413455
Tom_Hanks/Tom_Hanks_0004.jpg,Tom_Hanks/Tom_Hanks_0009.jpg,1,0.99027789
Tom_Hanks/Tom_Hanks_0005.jpg,Tom_Hanks/Tom_Hanks_0006.jpg,1,0.99096328
Tom_Reilly/Tom_Reilly_0001.jpg,Tom_Reilly/Tom_Reilly_0002.jpg,1,0.99579829
Tom_Reilly/Tom_Reilly_0002.jpg,Tom_Reilly/Tom_Reilly_0003.jpg,1,0.99748158
Tommy_Franks/Tommy_Franks_0002.jpg,Tommy_Franks/Tommy_Franks_0004.jpg,1,0.98399282
Tommy_Franks/Tommy_Franks_0004.jpg,Tommy_Franks/Tommy_Franks_0008.jpg,1,0.98888099
Valery_Giscard_dEstaing/Valery_Giscard_dEstaing_0001.jpg,Valery_Giscard_dEstaing/Valery_Giscard_dEstaing_0002.jpg,1,0.99558049
Valery_Giscard_dEstaing/Valery_Giscard_dEstaing_0001.jpg,Valery_Giscard_dEstaing/Valery_Giscard_dEstaing_0006.jpg,1,0.99676752
Vanessa_Williams/Vanessa_Williams_0001.jpg,Vanessa_Williams/Vanessa_Williams_0002.jpg,1,0.99511439
Vanessa_Williams/Vanessa_Williams_0002.jpg,Vanessa_Williams/Vanessa_Williams_0003.jpg,1,0.99545836
Victoria_Beckham/Victoria_Beckham_0001.jpg,Victoria_Beckham/Victoria_Beckham_0002.jpg,1,0.97134197
Victoria_Beckham/Victoria_Beckham_0001.jpg,Victoria_Beckham/Victoria_Beckham_0003.jpg,1,0.97536361
Victoria_Beckham/Victoria_Beckham_0002.jpg,Victoria_Beckham/Victoria_Beckham_0003.jpg,1,0.97670436
Vladimir_Putin/Vladimir_Putin_0016.jpg,Vladimir_Putin/Vladimir_Putin_0021.jpg,1,0.99793530
Vladimir_Putin/Vladimir_Putin_0022.jpg,Vladimir_Putin/Vladimir_Putin_0031.jpg,1,0.98396969
Warren_Beatty/Warren_Beatty_0001.jpg,Warren_Beatty/Warren_Beatty_0002.jpg,1,0.99647808
Yasar_Yakis/Yasar_Yakis_0001.jpg,Yasar_Yakis/Yasar_Yakis_0004.jpg,1,0.98907351
Yoko_Ono/Yoko_Ono_0001.jpg,Yoko_Ono/Yoko_Ono_0004.jpg,1,0.99343324
Yoko_Ono/Yoko_Ono_0002.jpg,Yoko_Ono/Yoko_Ono_0004.jpg,1,0.99646080
Aleksander_Kwasniewski/Aleksander_Kwasniewski_0001.jpg,Aleksander_Kwasniewski/Aleksander_Kwasniewski_0002.jpg,1,0.99556220
Aleksander_Kwasniewski/Aleksander_Kwasniewski_0002.jpg,Aleksander_Kwasniewski/Aleksander_Kwasniewski_0004.jpg,1,0.99492896
Aleksander_Kwasniewski/Aleksander_Kwasniewski_0003.jpg,Aleksander_Kwasniewski/Aleksander_Kwasniewski_0004.jpg,1,0.98692626
Ali_Naimi/Ali_Naimi_0001.jpg,Ali_Naimi/Ali_Naimi_0002.jpg,1,0.99788135
Ali_Naimi/Ali_Naimi_0001.jpg,Ali_Naimi/Ali_Naimi_0005.jpg,1,0.99401307
Ali_Naimi/Ali_Naimi_0002.jpg,Ali_Naimi/Ali_Naimi_0008.jpg,1,0.97544491
Amanda_Beard/Amanda_Beard_0001.jpg,Amanda_Beard/Amanda_Beard_0002.jpg,1,0.99905044
Andrew_Cuomo/Andrew_Cuomo_0001.jpg,Andrew_Cuomo/Andrew_Cuomo_0002.jpg,1,0.98893446
Arnold_Schwarzenegger/Arnold_Schwarzenegger_0008.jpg,Arnold_Schwarzenegger/Arnold_Schwarzenegger_0031.jpg,1,0.98147613
Arnold_Schwarzenegger/Arnold_Schwarzenegger_0009.jpg,Arnold_Schwarzenegger/Arnold_Schwarzenegger_0039.jpg,1,0.98607981
Arnold_Schwarzenegger/Arnold_Schwarzenegger_0011.jpg,Arnold_Schwarzenegger/Arnold_Schwarzenegger_0041.jpg,1,0.98552823
Arnold_Schwarzenegger/Arnold_Schwarzenegger_0012.jpg,Arnold_Schwarzenegger/Arnold_Schwarzenegger_0037.jpg,1,0.99620795
Arnold_Schwarzenegger/Arnold_Schwarzenegger_0013.jpg,Arnold_Schwarzenegger/Arnold_Schwarzenegger_0039.jpg,1,0.99661672
Arnold_Schwarzenegger/Arnold_Schwarzenegger_0022.jpg,Arnold_Schwarzenegger/Arnold_Schwarzenegger_0033.jpg,1,0.99453264
Arnold_Schwarzenegger/Arnold_Schwarzenegger_0028.jpg,Arnold_Schwarzenegger/Arnold_Schwarzenegger_0041.jpg,1,0.98050213
Bernard_Lord/Bernard_Lord_0001.jpg,Bernard_Lord/Bernard_Lord_0002.jpg,1,0.99369609
Beth_Jones/Beth_Jones_0001.jpg,Beth_Jones/Beth_Jones_0002.jpg,1,0.98838687
Branko_Crvenkovski/Branko_Crvenkovski_0002.jpg,Branko_Crvenkovski/Branko_Crvenkovski_0003.jpg,1,0.99907088
Brigitte_Boisselier/Brigitte_Boisselier_0001.jpg,Brigitte_Boisselier/Brigitte_Boisselier_0002.jpg,1,0.99345529
Bruce_Springsteen/Bruce_Springsteen_0001.jpg,Bruce_Springsteen/Bruce_Springsteen_0002.jpg,1,0.98591948
Bruce_Springsteen/Bruce_Springsteen_0001.jpg,Bruce_Springsteen/Bruce_Springsteen_0003.jpg,1,0.97764313
Bruce_Springsteen/Bruce_Springsteen_0002.jpg,Bruce_Springsteen/Bruce_Springsteen_0003.jpg,1,0.97390735
Bruce_Springsteen/Bruce_Springsteen_0002.jpg,Bruce_Springsteen/Bruce_Springsteen_0004.jpg,1,0.98041010
Calista_Flockhart/Calista_Flockhart_0001.jpg,Calista_Flockhart/Calista_Flockhart_0005.jpg,1,0.98774523
Calista_Flockhart/Calista_Flockhart_0004.jpg,Calista_Flockhart/Calista_Flockhart_0006.jpg,1,0.98645437
Cameron_Diaz/Cameron_Diaz_0001.jpg,Cameron_Diaz/Cameron_Diaz_0003.jpg,1,0.99019247
Cameron_Diaz/Cameron_Diaz_0003.jpg,Cameron_Diaz/Cameron_Diaz_0006.jpg,1,0.99442548
Carol_Moseley_Braun/Carol_Moseley_Braun_0001.jpg,Carol_Moseley_Braun/Carol_Moseley_Braun_0002.jpg,1,0.99274361
Carrie-Anne_Moss/Carrie-Anne_Moss_0001.jpg,Carrie-Anne_Moss/Carrie-Anne_Moss_0003.jpg,1,0.99285209
Carrie-Anne_Moss/Carrie-Anne_Moss_0001.jpg,Carrie-Anne_Moss/Carrie-Anne_Moss_0005.jpg,1,0.99508476
Carrie-Anne_Moss/Carrie-Anne_Moss_0002.jpg,Carrie-Anne_Moss/Carrie-Anne_Moss_0005.jpg,1,0.99485689
Carrie-Anne_Moss/Carrie-Anne_Moss_0003.jpg,Carrie-Anne_Moss/Carrie-Anne_Moss_0005.jpg,1,0.99065942
Carrie-Anne_Moss/Carrie-Anne_Moss_0004.jpg,Carrie-Anne_Moss/Carrie-Anne_Moss_0005.jpg,1,0.98968416
Charlton_Heston/Charlton_Heston_0001.jpg,Charlton_Heston/Charlton_Heston_0005.jpg,1,0.99227387
Charlton_Heston/Charlton_Heston_0002.jpg,Charlton_Heston/Charlton_Heston_0005.jpg,1,0.99245822
Charlton_Heston/Charlton_Heston_0004.jpg,Charlton_Heston/Charlton_Heston_0006.jpg,1,0.99375325
Chris_Bell/Chris_Bell_0001.jpg,Chris_Bell/Chris_Bell_0002.jpg,1,0.98984706
Chung_Mong-hun/Chung_Mong-hun_0001.jpg,Chung_Mong-hun/Chung_Mong-hun_0002.jpg,1,0.99155271
Ciro_Gomes/Ciro_Gomes_0001.jpg,Ciro_Gomes/Ciro_Gomes_0002.jpg,1,0.99657524
Ciro_Gomes/Ciro_Gomes_0002.jpg,Ciro_Gomes/Ciro_Gomes_0005.jpg,1,0.99205953
Ciro_Gomes/Ciro_Gomes_0003.jpg,Ciro_Gomes/Ciro_Gomes_0005.jpg,1,0.99040240
Colin_Montgomerie/Colin_Montgomerie_0001.jpg,Colin_Montgomerie/Colin_Montgomerie_0004.jpg,1,0.98816288
Colin_Montgomerie/Colin_Montgomerie_0002.jpg,Colin_Montgomerie/Colin_Montgomerie_0003.jpg,1,0.98970622
Colin_Montgomerie/Colin_Montgomerie_0002.jpg,Colin_Montgomerie/Colin_Montgomerie_0005.jpg,1,0.98300135
Colin_Montgomerie/Colin_Montgomerie_0004.jpg,Colin_Montgomerie/Colin_Montgomerie_0005.jpg,1,0.97458553
David_Trimble/David_Trimble_0001.jpg,David_Trimble/David_Trimble_0004.jpg,1,0.99872613
David_Trimble/David_Trimble_0001.jpg,David_Trimble/David_Trimble_0005.jpg,1,0.99669957
David_Trimble/David_Trimble_0003.jpg,David_Trimble/David_Trimble_0004.jpg,1,0.99779272
David_Wolf/David_Wolf_0001.jpg,David_Wolf/David_Wolf_0002.jpg,1,0.98547155
Demetrius_Ferraciu/Demetrius_Ferraciu_0001.jpg,Demetrius_Ferraciu/Demetrius_Ferraciu_0002.jpg,1,0.99298143
Dennis_Powell/Dennis_Powell_0001.jpg,Dennis_Powell/Dennis_Powell_0002.jpg,1,0.99442840
Desiree_Lemosi/Desiree_Lemosi_0001.jpg,Desiree_Lemosi/Desiree_Lemosi_0002.jpg,1,0.98447752
Dolma_Tsering/Dolma_Tsering_0001.jpg,Dolma_Tsering/Dolma_Tsering_0002.jpg,1,0.99496013
Doug_Melvin/Doug_Melvin_0001.jpg,Doug_Melvin/Doug_Melvin_0002.jpg,1,0.99477136
Edward_Norton/Edward_Norton_0001.jpg,Edward_Norton/Edward_Norton_0002.jpg,1,0.98164183
Emanuel_Ginobili/Emanuel_Ginobili_0002.jpg,Emanuel_Ginobili/Emanuel_Ginobili_0003.jpg,1,0.99017960
Eric_Clapton/Eric_Clapton_0001.jpg,Eric_Clapton/Eric_Clapton_0002.jpg,1,0.98534650
Fabiola_Zuluaga/Fabiola_Zuluaga_0001.jpg,Fabiola_Zuluaga/Fabiola_Zuluaga_0002.jpg,1,0.98312277
Faye_Dunaway/Faye_Dunaway_0001.jpg,Faye_Dunaway/Faye_Dunaway_0002.jpg,1,0.99050915
Ferenc_Madl/Ferenc_Madl_0001.jpg,Ferenc_Madl/Ferenc_Madl_0002.jpg,1,0.99225259
Fernando_Gonzalez/Fernando_Gonzalez_0001.jpg,Fernando_Gonzalez/Fernando_Gonzalez_0005.jpg,1,0.98570764
Fernando_Gonzalez/Fernando_Gonzalez_0001.jpg,Fernando_Gonzalez/Fernando_Gonzalez_0008.jpg,1,0.97947568
Fernando_Gonzalez/Fernando_Gonzalez_0002.jpg,Fernando_Gonzalez/Fernando_Gonzalez_0006.jpg,1,0.99160206
Filippo_Inzaghi/Filippo_Inzaghi_0001.jpg,Filippo_Inzaghi/Filippo_Inzaghi_0002.jpg,1,0.99726999
Filippo_Inzaghi/Filippo_Inzaghi_0001.jpg,Filippo_Inzaghi/Filippo_Inzaghi_0003.jpg,1,0.99210918
Filippo_Inzaghi/Filippo_Inzaghi_0002.jpg,Filippo_Inzaghi/Filippo_Inzaghi_0003.jpg,1,0.99309862
Francis_George/Francis_George_0001.jpg,Francis_George/Francis_George_0002.jpg,1,0.99422455
Franz_Beckenbauer/Franz_Beckenbauer_0001.jpg,Franz_Beckenbauer/Franz_Beckenbauer_0002.jpg,1,0.99160290
Franz_Muentefering/Franz_Muentefering_0001.jpg,Franz_Muentefering/Franz_Muentefering_0002.jpg,1,0.99340630
Franz_Muentefering/Franz_Muentefering_0003.jpg,Franz_Muentefering/Franz_Muentefering_0004.jpg,1,0.98307490
Gary_Bergeron/Gary_Bergeron_0001.jpg,Gary_Bergeron/Gary_Bergeron_0002.jpg,1,0.99320996
George_Foreman/George_Foreman_0001.jpg,George_Foreman/George_Foreman_0002.jpg,1,0.99959183
George_Pataki/George_Pataki_0001.jpg,George_Pataki/George_Pataki_0003.jpg,1,0.99523515
George_Pataki/George_Pataki_0003.jpg,George_Pataki/George_Pataki_0004.jpg,1,0.99424648
George_Pataki/George_Pataki_0003.jpg,George_Pataki/George_Pataki_0005.jpg,1,0.99474132
George_Roy_Hill/George_Roy_Hill_0001.jpg,George_Roy_Hill/George_Roy_Hill_0002.jpg,1,0.99510884
Gonzalo_Sanchez_de_Lozada/Gonzalo_Sanchez_de_Lozada_0007.jpg,Gonzalo_Sanchez_de_Lozada/Gonzalo_Sanchez_de_Lozada_0008.jpg,1,0.99769592
Gonzalo_Sanchez_de_Lozada/Gonzalo_Sanchez_de_Lozada_0007.jpg,Gonzalo_Sanchez_de_Lozada/Gonzalo_Sanchez_de_Lozada_0010.jpg,1,0.97702813
Gonzalo_Sanchez_de_Lozada/Gonzalo_Sanchez_de_Lozada_0008.jpg,Gonzalo_Sanchez_de_Lozada/Gonzalo_Sanchez_de_Lozada_0011.jpg,1,0.98595965
Gonzalo_Sanchez_de_Lozada/Gonzalo_Sanchez_de_Lozada_0008.jpg,Gonzalo_Sanchez_de_Lozada/Gonzalo_Sanchez_de_Lozada_0012.jpg,1,0.99262393
Gregory_Geoffroy/Gregory_Geoffroy_0001.jpg,Gregory_Geoffroy/Gregory_Geoffroy_0002.jpg,1,0.99454129
Guillermo_Coria/Guillermo_Coria_0007.jpg,Guillermo_Coria/Guillermo_Coria_0013.jpg,1,0.98977423
Guillermo_Coria/Guillermo_Coria_0019.jpg,Guillermo_Coria/Guillermo_Coria_0022.jpg,1,0.99262047
Habib_Rizieq/Habib_Rizieq_0001.jpg,Habib_Rizieq/Habib_Rizieq_0003.jpg,1,0.99254942
Habib_Rizieq/Habib_Rizieq_0002.jpg,Habib_Rizieq/Habib_Rizieq_0003.jpg,1,0.99308932
Hamid_Karzai/Hamid_Karzai_0001.jpg,Hamid_Karzai/Hamid_Karzai_0003.jpg,1,0.99008971
Hamid_Karzai/Hamid_Karzai_0004.jpg,Hamid_Karzai/Hamid_Karzai_0013.jpg,1,0.98793340
Hamid_Karzai/Hamid_Karzai_0019.jpg,Hamid_Karzai/Hamid_Karzai_0022.jpg,1,0.98639059
Hilmi_Ozkok/Hilmi_Ozkok_0001.jpg,Hilmi_Ozkok/Hilmi_Ozkok_0002.jpg,1,0.99852890
Horst_Koehler/Horst_Koehler_0001.jpg,Horst_Koehler/Horst_Koehler_0002.jpg,1,0.99765396
Horst_Koehler/Horst_Koehler_0001.jpg,Horst_Koehler/Horst_Koehler_0003.jpg,1,0.99377656
Horst_Koehler/Horst_Koehler_0002.jpg,Horst_Koehler/Horst_Koehler_0003.jpg,1,0.99315917
Howard_Schultz/Howard_Schultz_0001.jpg,Howard_Schultz/Howard_Schultz_0002.jpg,1,0.99102223
Ilan_Ramon/Ilan_Ramon_0001.jpg,Ilan_Ramon/Ilan_Ramon_0002.jpg,1,0.98757356
Javier_Solana/Javier_Solana_0004.jpg,Javier_Solana/Javier_Solana_0008.jpg,1,0.99590141
Javier_Solana/Javier_Solana_0006.jpg,Javier_Solana/Javier_Solana_0009.jpg,1,0.98945808
Javier_Solana/Javier_Solana_0006.jpg,Javier_Solana/Javier_Solana_0010.jpg,1,0.98916179
Jay_Garner/Jay_Garner_0001.jpg,Jay_Garner/Jay_Garner_0003.jpg,1,0.98602557
Jean-Claude_Braquet/Jean-Claude_Braquet_0001.jpg,Jean-Claude_Braquet/Jean-Claude_Braquet_0002.jpg,1,0.99765849
Jean-Claude_Trichet/Jean-Claude_Trichet_0001.jpg,Jean-Claude_Trichet/Jean-Claude_Trichet_0002.jpg,1,0.99153155
Jean_Charest/Jean_Charest_0001.jpg,Jean_Charest/Jean_Charest_0010.jpg,1,0.98656940
Jean_Charest/Jean_Charest_0002.jpg,Jean_Charest/Jean_Charest_0011.jpg,1,0.98573029
Jean_Charest/Jean_Charest_0007.jpg,Jean_Charest/Jean_Charest_0010.jpg,1,0.99014187
Jean_Charest/Jean_Charest_0008.jpg,Jean_Charest/Jean_Charest_0013.jpg,1,0.99525535
Jean_Charest/Jean_Charest_0008.jpg,Jean_Charest/Jean_Charest_0017.jpg,1,0.99624264
Jefferson_Perez/Jefferson_Perez_0001.jpg,Jefferson_Perez/Jefferson_Perez_0002.jpg,1,0.98214757
Jim_Edmonds/Jim_Edmonds_0001.jpg,Jim_Edmonds/Jim_Edmonds_0002.jpg,1,0.98795438
John_Kerry/John_Kerry_0001.jpg,John_Kerry/John_Kerry_0005.jpg,1,0.99293059
John_Kerry/John_Kerry_0003.jpg,John_Kerry/John_Kerry_0004.jpg,1,0.99654454
John_Kerry/John_Kerry_0004.jpg,John_Kerry/John_Kerry_0012.jpg,1,0.97703999
John_Kerry/John_Kerry_0009.jpg,John_Kerry/John_Kerry_0013.jpg,1,0.99401414
John_Malkovich/John_Malkovich_0001.jpg,John_Malkovich/John_Malkovich_0002.jpg,1,0.99756432
John_Malkovich/John_Malkovich_0001.jpg,John_Malkovich/John_Malkovich_0003.jpg,1,0.99819928
John_McCallum/John_McCallum_0001.jpg,John_McCallum/John_McCallum_0002.jpg,1,0.99890786
John_McEnroe/John_McEnroe_0001.jpg,John_McEnroe/John_McEnroe_0002.jpg,1,0.99064916
John_Rosa/John_Rosa_0001.jpg,John_Rosa/John_Rosa_0003.jpg,1,0.98127550
Johnny_Unitas/Johnny_Unitas_0001.jpg,Johnny_Unitas/Johnny_Unitas_0002.jpg,1,0.99110818
Jong_Wook_Lee/Jong_Wook_Lee_0003.jpg,Jong_Wook_Lee/Jong_Wook_Lee_0004.jpg,1,0.99038523
Jose_Maria_Aznar/Jose_Maria_Aznar_0001.jpg,Jose_Maria_Aznar/Jose_Maria_Aznar_0013.jpg,1,0.99283779
Jose_Maria_Aznar/Jose_Maria_Aznar_0006.jpg,Jose_Maria_Aznar/Jose_Maria_Aznar_0013.jpg,1,0.98296356
Jose_Maria_Aznar/Jose_Maria_Aznar_0006.jpg,Jose_Maria_Aznar/Jose_Maria_Aznar_0020.jpg,1,0.98670459
Jose_Maria_Aznar/Jose_Maria_Aznar_0015.jpg,Jose_Maria_Aznar/Jose_Maria_Aznar_0023.jpg,1,0.99187654
Jose_Maria_Aznar/Jose_Maria_Aznar_0017.jpg,Jose_Maria_Aznar/Jose_Maria_Aznar_0022.jpg,1,0.99226713
Julianne_Moore/Julianne_Moore_0004.jpg,Julianne_Moore/Julianne_Moore_0009.jpg,1,0.99700820
Julianne_Moore/Julianne_Moore_0006.jpg,Julianne_Moore/Julianne_Moore_0016.jpg,1,0.95273423
Julianne_Moore/Julianne_Moore_0006.jpg,Julianne_Moore/Julianne_Moore_0019.jpg,1,0.96056581
Julianne_Moore/Julianne_Moore_0007.jpg,Julianne_Moore/Julianne_Moore_0018.jpg,1,0.99139577
Julianne_Moore/Julianne_Moore_0012.jpg,Julianne_Moore/Julianne_Moore_0015.jpg,1,0.99358159
Julio_Iglesias_Jr/Julio_Iglesias_Jr_0001.jpg,Julio_Iglesias_Jr/Julio_Iglesias_Jr_0002.jpg,1,0.99167657
Justin_Timberlake/Justin_Timberlake_0001.jpg,Justin_Timberlake/Justin_Timberlake_0002.jpg,1,0.99372625
Justin_Timberlake/Justin_Timberlake_0001.jpg,Justin_Timberlake/Justin_Timberlake_0003.jpg,1,0.99079442
Justin_Timberlake/Justin_Timberlake_0005.jpg,Justin_Timberlake/Justin_Timberlake_0006.jpg,1,0.99296492
Justin_Timberlake/Justin_Timberlake_0006.jpg,Justin_Timberlake/Justin_Timberlake_0008.jpg,1,0.99135637
Justine_Pasek/Justine_Pasek_0002.jpg,Justine_Pasek/Justine_Pasek_0005.jpg,1,0.98763949
Justine_Pasek/Justine_Pasek_0002.jpg,Justine_Pasek/Justine_Pasek_0006.jpg,1,0.99269414
Justine_Pasek/Justine_Pasek_0006.jpg,Justine_Pasek/Justine_Pasek_0007.jpg,1,0.99708092
Kathleen_Glynn/Kathleen_Glynn_0001.jpg,Kathleen_Glynn/Kathleen_Glynn_0002.jpg,1,0.99477375
Kim_Dae-jung/Kim_Dae-jung_0001.jpg,Kim_Dae-jung/Kim_Dae-jung_0003.jpg,1,0.99625200
Kim_Dae-jung/Kim_Dae-jung_0001.jpg,Kim_Dae-jung/Kim_Dae-jung_0005.jpg,1,0.99544466
Kim_Dae-jung/Kim_Dae-jung_0002.jpg,Kim_Dae-jung/Kim_Dae-jung_0003.jpg,1,0.99737728
Kim_Dae-jung/Kim_Dae-jung_0004.jpg,Kim_Dae-jung/Kim_Dae-jung_0006.jpg,1,0.98908931
Kirk_Johnson/Kirk_Johnson_0001.jpg,Kirk_Johnson/Kirk_Johnson_0002.jpg,1,0.99771529
Kirk_Johnson/Kirk_Johnson_0001.jpg,Kirk_Johnson/Kirk_Johnson_0003.jpg,1,0.99896169
Kirk_Johnson/Kirk_Johnson_0002.jpg,Kirk_Johnson/Kirk_Johnson_0003.jpg,1,0.99836898
Kosuke_Kitajima/Kosuke_Kitajima_0001.jpg,Kosuke_Kitajima/Kosuke_Kitajima_0002.jpg,1,0.96140349
Kurt_Russell/Kurt_Russell_0001.jpg,Kurt_Russell/Kurt_Russell_0002.jpg,1,0.99211287
Larry_Coker/Larry_Coker_0001.jpg,Larry_Coker/Larry_Coker_0004.jpg,1,0.99635941
Larry_Coker/Larry_Coker_0002.jpg,Larry_Coker/Larry_Coker_0004.jpg,1,0.98815238
Larry_Ellison/Larry_Ellison_0001.jpg,Larry_Ellison/Larry_Ellison_0002.jpg,1,0.99727452
Larry_Ellison/Larry_Ellison_0001.jpg,Larry_Ellison/Larry_Ellison_0003.jpg,1,0.98598337
Lawrence_MacAulay/Lawrence_MacAulay_0001.jpg,Lawrence_MacAulay/Lawrence_MacAulay_0002.jpg,1,0.99533647
LeBron_James/LeBron_James_0001.jpg,LeBron_James/LeBron_James_0004.jpg,1,0.99905992
LeBron_James/LeBron_James_0001.jpg,LeBron_James/LeBron_James_0005.jpg,1,0.96921515
LeBron_James/LeBron_James_0003.jpg,LeBron_James/LeBron_James_0004.jpg,1,0.99951309
LeBron_James/LeBron_James_0004.jpg,LeBron_James/LeBron_James_0005.jpg,1,0.96885240
Lea_Fastow/Lea_Fastow_0001.jpg,Lea_Fastow/Lea_Fastow_0002.jpg,1,0.99404073
Lee_Hoi-chang/Lee_Hoi-chang_0001.jpg,Lee_Hoi-chang/Lee_Hoi-chang_0002.jpg,1,0.99575233
Lee_Hoi-chang/Lee_Hoi-chang_0002.jpg,Lee_Hoi-chang/Lee_Hoi-chang_0004.jpg,1,0.99888074
Li_Peng/Li_Peng_0002.jpg,Li_Peng/Li_Peng_0006.jpg,1,0.99541742
Li_Peng/Li_Peng_0004.jpg,Li_Peng/Li_Peng_0007.jpg,1,0.99754703
Li_Peng/Li_Peng_0004.jpg,Li_Peng/Li_Peng_0008.jpg,1,0.98627293
Li_Peng/Li_Peng_0004.jpg,Li_Peng/Li_Peng_0009.jpg,1,0.99314189
Lim_Dong-won/Lim_Dong-won_0001.jpg,Lim_Dong-won/Lim_Dong-won_0002.jpg,1,0.99556088
Lindsay_Benko/Lindsay_Benko_0001.jpg,Lindsay_Benko/Lindsay_Benko_0002.jpg,1,0.99670303
Lou_Piniella/Lou_Piniella_0001.jpg,Lou_Piniella/Lou_Piniella_0003.jpg,1,0.98574620
Lou_Piniella/Lou_Piniella_0002.jpg,Lou_Piniella/Lou_Piniella_0003.jpg,1,0.98873621
Lucio_Gutierrez/Lucio_Gutierrez_0001.jpg,Lucio_Gutierrez/Lucio_Gutierrez_0002.jpg,1,0.97547257
Lucio_Gutierrez/Lucio_Gutierrez_0003.jpg,Lucio_Gutierrez/Lucio_Gutierrez_0010.jpg,1,0.99816030
Lucio_Gutierrez/Lucio_Gutierrez_0006.jpg,Lucio_Gutierrez/Lucio_Gutierrez_0007.jpg,1,0.98105395
Lucio_Gutierrez/Lucio_Gutierrez_0006.jpg,Lucio_Gutierrez/Lucio_Gutierrez_0008.jpg,1,0.99629527
Lucio_Gutierrez/Lucio_Gutierrez_0008.jpg,Lucio_Gutierrez/Lucio_Gutierrez_0013.jpg,1,0.96359897
Luis_Figo/Luis_Figo_0002.jpg,Luis_Figo/Luis_Figo_0003.jpg,1,0.96910930
Luis_Figo/Luis_Figo_0002.jpg,Luis_Figo/Luis_Figo_0004.jpg,1,0.98818016
Luke_Walton/Luke_Walton_0001.jpg,Luke_Walton/Luke_Walton_0002.jpg,1,0.99442673
Marat_Safin/Marat_Safin_0001.jpg,Marat_Safin/Marat_Safin_0002.jpg,1,0.98867780
Marat_Safin/Marat_Safin_0001.jpg,Marat_Safin/Marat_Safin_0003.jpg,1,0.99147356
Marat_Safin/Marat_Safin_0002.jpg,Marat_Safin/Marat_Safin_0003.jpg,1,0.99578291
Mariana_Pollack/Mariana_Pollack_0001.jpg,Mariana_Pollack/Mariana_Pollack_0003.jpg,1,0.99585783
Mariana_Pollack/Mariana_Pollack_0002.jpg,Mariana_Pollack/Mariana_Pollack_0003.jpg,1,0.99311888
Martin_McGuinness/Martin_McGuinness_0003.jpg,Martin_McGuinness/Martin_McGuinness_0004.jpg,1,0.99656087
Masahiko_Nagasawa/Masahiko_Nagasawa_0001.jpg,Masahiko_Nagasawa/Masahiko_Nagasawa_0002.jpg,1,0.99457967
Michael_Chiklis/Michael_Chiklis_0001.jpg,Michael_Chiklis/Michael_Chiklis_0004.jpg,1,0.99718761
Michael_Chiklis/Michael_Chiklis_0001.jpg,Michael_Chiklis/Michael_Chiklis_0005.jpg,1,0.99643338
Michael_Chiklis/Michael_Chiklis_0002.jpg,Michael_Chiklis/Michael_Chiklis_0003.jpg,1,0.99110973
Michael_Chiklis/Michael_Chiklis_0002.jpg,Michael_Chiklis/Michael_Chiklis_0004.jpg,1,0.98952913
Michael_Chiklis/Michael_Chiklis_0003.jpg,Michael_Chiklis/Michael_Chiklis_0005.jpg,1,0.99636644
Michael_Chiklis/Michael_Chiklis_0004.jpg,Michael_Chiklis/Michael_Chiklis_0005.jpg,1,0.99705893
Michael_Douglas/Michael_Douglas_0001.jpg,Michael_Douglas/Michael_Douglas_0002.jpg,1,0.98481786
Michael_Douglas/Michael_Douglas_0001.jpg,Michael_Douglas/Michael_Douglas_0003.jpg,1,0.99417484
Michael_Douglas/Michael_Douglas_0002.jpg,Michael_Douglas/Michael_Douglas_0004.jpg,1,0.98461425
Michael_Douglas/Michael_Douglas_0003.jpg,Michael_Douglas/Michael_Douglas_0006.jpg,1,0.99461836
Michael_Douglas/Michael_Douglas_0004.jpg,Michael_Douglas/Michael_Douglas_0005.jpg,1,0.97399664
Michael_Kostelnik/Michael_Kostelnik_0001.jpg,Michael_Kostelnik/Michael_Kostelnik_0002.jpg,1,0.98964506
Michael_Leavitt/Michael_Leavitt_0001.jpg,Michael_Leavitt/Michael_Leavitt_0002.jpg,1,0.98812807
Michelle_Branch/Michelle_Branch_0001.jpg,Michelle_Branch/Michelle_Branch_0002.jpg,1,0.99723285
Michelle_Kwan/Michelle_Kwan_0001.jpg,Michelle_Kwan/Michelle_Kwan_0004.jpg,1,0.98875606
Michelle_Kwan/Michelle_Kwan_0004.jpg,Michelle_Kwan/Michelle_Kwan_0005.jpg,1,0.99465442
Michelle_Kwan/Michelle_Kwan_0006.jpg,Michelle_Kwan/Michelle_Kwan_0008.jpg,1,0.98778117
Mike_Montgomery/Mike_Montgomery_0001.jpg,Mike_Montgomery/Mike_Montgomery_0002.jpg,1,0.97587156
Mike_Tyson/Mike_Tyson_0001.jpg,Mike_Tyson/Mike_Tyson_0003.jpg,1,0.99863797
Mikhail_Wehbe/Mikhail_Wehbe_0001.jpg,Mikhail_Wehbe/Mikhail_Wehbe_0003.jpg,1,0.99543393
Minnie_Driver/Minnie_Driver_0001.jpg,Minnie_Driver/Minnie_Driver_0002.jpg,1,0.99472511
Miyako_Miyazaki/Miyako_Miyazaki_0001.jpg,Miyako_Miyazaki/Miyako_Miyazaki_0002.jpg,1,0.99232525
Muammar_Gaddafi/Muammar_Gaddafi_0001.jpg,Muammar_Gaddafi/Muammar_Gaddafi_0002.jpg,1,0.98674875
Munir_Akram/Munir_Akram_0001.jpg,Munir_Akram/Munir_Akram_0002.jpg,1,0.99501216
Nadia_Petrova/Nadia_Petrova_0001.jpg,Nadia_Petrova/Nadia_Petrova_0002.jpg,1,0.98881972
Nadia_Petrova/Nadia_Petrova_0001.jpg,Nadia_Petrova/Nadia_Petrova_0003.jpg,1,0.99099559
Nadia_Petrova/Nadia_Petrova_0001.jpg,Nadia_Petrova/Nadia_Petrova_0004.jpg,1,0.97819000
Nadia_Petrova/Nadia_Petrova_0002.jpg,Nadia_Petrova/Nadia_Petrova_0003.jpg,1,0.99608111
Nadia_Petrova/Nadia_Petrova_0003.jpg,Nadia_Petrova/Nadia_Petrova_0004.jpg,1,0.98724705
Nadia_Petrova/Nadia_Petrova_0004.jpg,Nadia_Petrova/Nadia_Petrova_0005.jpg,1,0.98812342
Nancy_Pelosi/Nancy_Pelosi_0001.jpg,Nancy_Pelosi/Nancy_Pelosi_0007.jpg,1,0.98682159
Nancy_Pelosi/Nancy_Pelosi_0002.jpg,Nancy_Pelosi/Nancy_Pelosi_0009.jpg,1,0.99374658
Nancy_Pelosi/Nancy_Pelosi_0004.jpg,Nancy_Pelosi/Nancy_Pelosi_0015.jpg,1,0.98543918
Nancy_Pelosi/Nancy_Pelosi_0012.jpg,Nancy_Pelosi/Nancy_Pelosi_0014.jpg,1,0.98820454
Nia_Vardalos/Nia_Vardalos_0001.jpg,Nia_Vardalos/Nia_Vardalos_0003.jpg,1,0.99253452
Nia_Vardalos/Nia_Vardalos_0003.jpg,Nia_Vardalos/Nia_Vardalos_0004.jpg,1,0.95865351
Nia_Vardalos/Nia_Vardalos_0003.jpg,Nia_Vardalos/Nia_Vardalos_0005.jpg,1,0.98849857
Nicholas_Byron/Nicholas_Byron_0001.jpg,Nicholas_Byron/Nicholas_Byron_0002.jpg,1,0.99516177
Nikki_Reed/Nikki_Reed_0001.jpg,Nikki_Reed/Nikki_Reed_0002.jpg,1,0.99602985
Olivia_Newton-John/Olivia_Newton-John_0001.jpg,Olivia_Newton-John/Olivia_Newton-John_0002.jpg,1,0.99464434
Paradorn_Srichaphan/Paradorn_Srichaphan_0002.jpg,Paradorn_Srichaphan/Paradorn_Srichaphan_0004.jpg,1,0.99298799
Paradorn_Srichaphan/Paradorn_Srichaphan_0004.jpg,Paradorn_Srichaphan/Paradorn_Srichaphan_0005.jpg,1,0.99519271
Pascal_Quignard/Pascal_Quignard_0001.jpg,Pascal_Quignard/Pascal_Quignard_0003.jpg,1,0.99211800
Pascal_Quignard/Pascal_Quignard_0002.jpg,Pascal_Quignard/Pascal_Quignard_0003.jpg,1,0.99259365
Patrice_Chereau/Patrice_Chereau_0001.jpg,Patrice_Chereau/Patrice_Chereau_0002.jpg,1,0.99080157
Pedro_Malan/Pedro_Malan_0001.jpg,Pedro_Malan/Pedro_Malan_0005.jpg,1,0.98963594
Pedro_Malan/Pedro_Malan_0003.jpg,Pedro_Malan/Pedro_Malan_0005.jpg,1,0.98783112
Peter_Harrison/Peter_Harrison_0001.jpg,Peter_Harrison/Peter_Harrison_0002.jpg,1,0.99663776
Rainer_Schuettler/Rainer_Schuettler_0001.jpg,Rainer_Schuettler/Rainer_Schuettler_0004.jpg,1,0.99056715
Rainer_Schuettler/Rainer_Schuettler_0002.jpg,Rainer_Schuettler/Rainer_Schuettler_0003.jpg,1,0.99219400
Rainer_Schuettler/Rainer_Schuettler_0002.jpg,Rainer_Schuettler/Rainer_Schuettler_0004.jpg,1,0.98446083
Raymond_Odierno/Raymond_Odierno_0001.jpg,Raymond_Odierno/Raymond_Odierno_0002.jpg,1,0.99282312
Rebecca_Romijn-Stamos/Rebecca_Romijn-Stamos_0001.jpg,Rebecca_Romijn-Stamos/Rebecca_Romijn-Stamos_0002.jpg,1,0.99541414
Rebecca_Romijn-Stamos/Rebecca_Romijn-Stamos_0001.jpg,Rebecca_Romijn-Stamos/Rebecca_Romijn-Stamos_0003.jpg,1,0.99164760
Rebecca_Romijn-Stamos/Rebecca_Romijn-Stamos_0001.jpg,Rebecca_Romijn-Stamos/Rebecca_Romijn-Stamos_0004.jpg,1,0.98440468
Rebecca_Romijn-Stamos/Rebecca_Romijn-Stamos_0003.jpg,Rebecca_Romijn-Stamos/Rebecca_Romijn-Stamos_0004.jpg,1,0.99246693
Richard_Krajicek/Richard_Krajicek_0001.jpg,Richard_Krajicek/Richard_Krajicek_0003.jpg,1,0.98745042
Richard_Krajicek/Richard_Krajicek_0002.jpg,Richard_Krajicek/Richard_Krajicek_0003.jpg,1,0.98111427
Rick_Santorum/Rick_Santorum_0001.jpg,Rick_Santorum/Rick_Santorum_0002.jpg,1,0.98270047
Rick_Santorum/Rick_Santorum_0001.jpg,Rick_Santorum/Rick_Santorum_0003.jpg,1,0.98804224
Rick_Santorum/Rick_Santorum_0002.jpg,Rick_Santorum/Rick_Santorum_0003.jpg,1,0.98833525
Rick_Stansbury/Rick_Stansbury_0002.jpg,Rick_Stansbury/Rick_Stansbury_0003.jpg,1,0.99466217
Rob_Marshall/Rob_Marshall_0001.jpg,Rob_Marshall/Rob_Marshall_0003.jpg,1,0.99322677
Rob_Marshall/Rob_Marshall_0001.jpg,Rob_Marshall/Rob_Marshall_0006.jpg,1,0.99094242
Rob_Marshall/Rob_Marshall_0002.jpg,Rob_Marshall/Rob_Marshall_0004.jpg,1,0.99200708
Robert_Blackwill/Robert_Blackwill_0001.jpg,Robert_Blackwill/Robert_Blackwill_0002.jpg,1,0.99075556
Robert_Duvall/Robert_Duvall_0002.jpg,Robert_Duvall/Robert_Duvall_0008.jpg,1,0.99306887
Robert_Horan/Robert_Horan_0001.jpg,Robert_Horan/Robert_Horan_0002.jpg,1,0.98383659
Robert_Redford/Robert_Redford_0003.jpg,Robert_Redford/Robert_Redford_0004.jpg,1,0.98431897
Robert_Redford/Robert_Redford_0007.jpg,Robert_Redford/Robert_Redford_0008.jpg,1,0.99873018
Robinson_Stevenin/Robinson_Stevenin_0001.jpg,Robinson_Stevenin/Robinson_Stevenin_0002.jpg,1,0.99830449
Roger_Clemens/Roger_Clemens_0001.jpg,Roger_Clemens/Roger_Clemens_0002.jpg,1,0.98640484
Sadie_Frost/Sadie_Frost_0001.jpg,Sadie_Frost/Sadie_Frost_0002.jpg,1,0.99237883
Saparmurat_Niyazov/Saparmurat_Niyazov_0001.jpg,Saparmurat_Niyazov/Saparmurat_Niyazov_0002.jpg,1,0.99728364
Sarah_Michelle_Gellar/Sarah_Michelle_Gellar_0001.jpg,Sarah_Michelle_Gellar/Sarah_Michelle_Gellar_0002.jpg,1,0.99245375
Sarah_Michelle_Gellar/Sarah_Michelle_Gellar_0001.jpg,Sarah_Michelle_Gellar/Sarah_Michelle_Gellar_0003.jpg,1,0.99219960
Sarah_Michelle_Gellar/Sarah_Michelle_Gellar_0002.jpg,Sarah_Michelle_Gellar/Sarah_Michelle_Gellar_0003.jpg,1,0.99197745
Serena_Williams/Serena_Williams_0001.jpg,Serena_Williams/Serena_Williams_0041.jpg,1,0.99286544
Serena_Williams/Serena_Williams_0003.jpg,Serena_Williams/Serena_Williams_0032.jpg,1,0.99687684
Serena_Williams/Serena_Williams_0014.jpg,Serena_Williams/Serena_Williams_0040.jpg,1,0.99872464
Serena_Williams/Serena_Williams_0041.jpg,Serena_Williams/Serena_Williams_0047.jpg,1,0.99345535
Sergey_Lavrov/Sergey_Lavrov_0001.jpg,Sergey_Lavrov/Sergey_Lavrov_0003.jpg,1,0.99549872
Sergey_Lavrov/Sergey_Lavrov_0001.jpg,Sergey_Lavrov/Sergey_Lavrov_0006.jpg,1,0.99461854
Sergey_Lavrov/Sergey_Lavrov_0002.jpg,Sergey_Lavrov/Sergey_Lavrov_0004.jpg,1,0.99142647
Sergey_Lavrov/Sergey_Lavrov_0003.jpg,Sergey_Lavrov/Sergey_Lavrov_0005.jpg,1,0.99755979
Sergey_Lavrov/Sergey_Lavrov_0003.jpg,Sergey_Lavrov/Sergey_Lavrov_0007.jpg,1,0.99670458
Sergey_Lavrov/Sergey_Lavrov_0004.jpg,Sergey_Lavrov/Sergey_Lavrov_0008.jpg,1,0.99423468
Shane_Mosley/Shane_Mosley_0001.jpg,Shane_Mosley/Shane_Mosley_0002.jpg,1,0.99536175
Sheila_Copps/Sheila_Copps_0002.jpg,Sheila_Copps/Sheila_Copps_0003.jpg,1,0.99313241
Sheila_Copps/Sheila_Copps_0003.jpg,Sheila_Copps/Sheila_Copps_0004.jpg,1,0.98211253
Shia_LaBeouf/Shia_LaBeouf_0001.jpg,Shia_LaBeouf/Shia_LaBeouf_0002.jpg,1,0.95591092
Steve_Nash/Steve_Nash_0001.jpg,Steve_Nash/Steve_Nash_0003.jpg,1,0.99320555
Steve_Nash/Steve_Nash_0001.jpg,Steve_Nash/Steve_Nash_0004.jpg,1,0.98634255
Steve_Nash/Steve_Nash_0002.jpg,Steve_Nash/Steve_Nash_0004.jpg,1,0.99130565
Steve_Nash/Steve_Nash_0002.jpg,Steve_Nash/Steve_Nash_0005.jpg,1,0.99004412
Steve_Spurrier/Steve_Spurrier_0001.jpg,Steve_Spurrier/Steve_Spurrier_0002.jpg,1,0.97428733
Steve_Waugh/Steve_Waugh_0001.jpg,Steve_Waugh/Steve_Waugh_0002.jpg,1,0.98695600
Susilo_Bambang_Yudhoyono/Susilo_Bambang_Yudhoyono_0001.jpg,Susilo_Bambang_Yudhoyono/Susilo_Bambang_Yudhoyono_0002.jpg,1,0.99545467
Susilo_Bambang_Yudhoyono/Susilo_Bambang_Yudhoyono_0001.jpg,Susilo_Bambang_Yudhoyono/Susilo_Bambang_Yudhoyono_0003.jpg,1,0.99581444
Susilo_Bambang_Yudhoyono/Susilo_Bambang_Yudhoyono_0001.jpg,Susilo_Bambang_Yudhoyono/Susilo_Bambang_Yudhoyono_0004.jpg,1,0.99437243
Susilo_Bambang_Yudhoyono/Susilo_Bambang_Yudhoyono_0003.jpg,Susilo_Bambang_Yudhoyono/Susilo_Bambang_Yudhoyono_0004.jpg,1,0.99555093
Suzanne_Gaudet/Suzanne_Gaudet_0001.jpg,Suzanne_Gaudet/Suzanne_Gaudet_0002.jpg,1,0.99674708
Thomas_Bjorn/Thomas_Bjorn_0001.jpg,Thomas_Bjorn/Thomas_Bjorn_0002.jpg,1,0.98844504
Tim_Conway/Tim_Conway_0001.jpg,Tim_Conway/Tim_Conway_0002.jpg,1,0.99870193
Tim_Conway/Tim_Conway_0001.jpg,Tim_Conway/Tim_Conway_0003.jpg,1,0.99472898
Tim_Robbins/Tim_Robbins_0001.jpg,Tim_Robbins/Tim_Robbins_0005.jpg,1,0.99748647
Tim_Robbins/Tim_Robbins_0002.jpg,Tim_Robbins/Tim_Robbins_0004.jpg,1,0.98740971
Tim_Robbins/Tim_Robbins_0003.jpg,Tim_Robbins/Tim_Robbins_0005.jpg,1,0.98812759
Tom_Craddick/Tom_Craddick_0001.jpg,Tom_Craddick/Tom_Craddick_0003.jpg,1,0.99527758
Tom_Craddick/Tom_Craddick_0002.jpg,Tom_Craddick/Tom_Craddick_0004.jpg,1,0.99524415
Tom_Craddick/Tom_Craddick_0003.jpg,Tom_Craddick/Tom_Craddick_0004.jpg,1,0.98215199
Tracee_Ellis_Ross/Tracee_Ellis_Ross_0001.jpg,Tracee_Ellis_Ross/Tracee_Ellis_Ross_0002.jpg,1,0.99814761
Venus_Williams/Venus_Williams_0002.jpg,Venus_Williams/Venus_Williams_0009.jpg,1,0.99927986
Vivica_Fox/Vivica_Fox_0001.jpg,Vivica_Fox/Vivica_Fox_0002.jpg,1,0.99837184
William_Ford_Jr/William_Ford_Jr_0001.jpg,William_Ford_Jr/William_Ford_Jr_0002.jpg,1,0.99095535
William_Ford_Jr/William_Ford_Jr_0002.jpg,William_Ford_Jr/William_Ford_Jr_0006.jpg,1,0.98216552
William_Ford_Jr/William_Ford_Jr_0005.jpg,William_Ford_Jr/William_Ford_Jr_0006.jpg,1,0.97941691
William_Rehnquist/William_Rehnquist_0001.jpg,William_Rehnquist/William_Rehnquist_0002.jpg,1,0.99089968
Yossi_Beilin/Yossi_Beilin_0001.jpg,Yossi_Beilin/Yossi_Beilin_0002.jpg,1,0.98855305
Adrian_McPherson/Adrian_McPherson_0001.jpg,Adrian_McPherson/Adrian_McPherson_0002.jpg,1,0.99631542
Al_Davis/Al_Davis_0001.jpg,Al_Davis/Al_Davis_0002.jpg,1,0.99265617
Al_Gore/Al_Gore_0002.jpg,Al_Gore/Al_Gore_0006.jpg,1,0.99698168
Al_Gore/Al_Gore_0004.jpg,Al_Gore/Al_Gore_0006.jpg,1,0.99873620
Alan_Greenspan/Alan_Greenspan_0001.jpg,Alan_Greenspan/Alan_Greenspan_0002.jpg,1,0.99393058
Alan_Greenspan/Alan_Greenspan_0001.jpg,Alan_Greenspan/Alan_Greenspan_0005.jpg,1,0.99578148
Alan_Greenspan/Alan_Greenspan_0003.jpg,Alan_Greenspan/Alan_Greenspan_0004.jpg,1,0.99515849
Alastair_Campbell/Alastair_Campbell_0001.jpg,Alastair_Campbell/Alastair_Campbell_0005.jpg,1,0.98608494
Alastair_Campbell/Alastair_Campbell_0002.jpg,Alastair_Campbell/Alastair_Campbell_0004.jpg,1,0.99615848
Alexander_Downer/Alexander_Downer_0001.jpg,Alexander_Downer/Alexander_Downer_0002.jpg,1,0.99341738
Alexander_Downer/Alexander_Downer_0001.jpg,Alexander_Downer/Alexander_Downer_0003.jpg,1,0.99437225
Alexander_Downer/Alexander_Downer_0001.jpg,Alexander_Downer/Alexander_Downer_0004.jpg,1,0.98970747
Alexander_Downer/Alexander_Downer_0003.jpg,Alexander_Downer/Alexander_Downer_0004.jpg,1,0.99528587
Alice_Fisher/Alice_Fisher_0001.jpg,Alice_Fisher/Alice_Fisher_0002.jpg,1,0.99760389
Alison_Lohman/Alison_Lohman_0001.jpg,Alison_Lohman/Alison_Lohman_0002.jpg,1,0.97835100
Alvaro_Silva_Calderon/Alvaro_Silva_Calderon_0001.jpg,Alvaro_Silva_Calderon/Alvaro_Silva_Calderon_0002.jpg,1,0.99831289
Alvaro_Silva_Calderon/Alvaro_Silva_Calderon_0001.jpg,Alvaro_Silva_Calderon/Alvaro_Silva_Calderon_0003.jpg,1,0.99647039
Alvaro_Uribe/Alvaro_Uribe_0007.jpg,Alvaro_Uribe/Alvaro_Uribe_0020.jpg,1,0.98797178
Alvaro_Uribe/Alvaro_Uribe_0008.jpg,Alvaro_Uribe/Alvaro_Uribe_0025.jpg,1,0.98977518
Alvaro_Uribe/Alvaro_Uribe_0012.jpg,Alvaro_Uribe/Alvaro_Uribe_0013.jpg,1,0.99423552
Alvaro_Uribe/Alvaro_Uribe_0020.jpg,Alvaro_Uribe/Alvaro_Uribe_0028.jpg,1,0.98357463
Anders_Ebbeson/Anders_Ebbeson_0002.jpg,Anders_Ebbeson/Anders_Ebbeson_0003.jpg,1,0.99342835
Andrew_Bunner/Andrew_Bunner_0001.jpg,Andrew_Bunner/Andrew_Bunner_0002.jpg,1,0.99043441
Anibal_Ibarra/Anibal_Ibarra_0001.jpg,Anibal_Ibarra/Anibal_Ibarra_0003.jpg,1,0.98295629
Antonio_Trillanes/Antonio_Trillanes_0001.jpg,Antonio_Trillanes/Antonio_Trillanes_0003.jpg,1,0.99089926
Antonio_Trillanes/Antonio_Trillanes_0002.jpg,Antonio_Trillanes/Antonio_Trillanes_0003.jpg,1,0.99496955
Asa_Hutchinson/Asa_Hutchinson_0001.jpg,Asa_Hutchinson/Asa_Hutchinson_0002.jpg,1,0.99583912
Barbara_Walters/Barbara_Walters_0001.jpg,Barbara_Walters/Barbara_Walters_0003.jpg,1,0.99708295
Barbara_Walters/Barbara_Walters_0001.jpg,Barbara_Walters/Barbara_Walters_0004.jpg,1,0.99092710
Barbara_Walters/Barbara_Walters_0003.jpg,Barbara_Walters/Barbara_Walters_0004.jpg,1,0.99364543
Ben_Howland/Ben_Howland_0001.jpg,Ben_Howland/Ben_Howland_0002.jpg,1,0.99552906
Ben_Howland/Ben_Howland_0001.jpg,Ben_Howland/Ben_Howland_0003.jpg,1,0.99923134
Ben_Howland/Ben_Howland_0003.jpg,Ben_Howland/Ben_Howland_0004.jpg,1,0.99610364
Benazir_Bhutto/Benazir_Bhutto_0001.jpg,Benazir_Bhutto/Benazir_Bhutto_0004.jpg,1,0.99390346
Benazir_Bhutto/Benazir_Bhutto_0002.jpg,Benazir_Bhutto/Benazir_Bhutto_0003.jpg,1,0.98898011
Benazir_Bhutto/Benazir_Bhutto_0002.jpg,Benazir_Bhutto/Benazir_Bhutto_0004.jpg,1,0.99206245
Bill_Simon/Bill_Simon_0005.jpg,Bill_Simon/Bill_Simon_0009.jpg,1,0.98912400
Bill_Simon/Bill_Simon_0011.jpg,Bill_Simon/Bill_Simon_0015.jpg,1,0.99838448
Billy_Sollie/Billy_Sollie_0001.jpg,Billy_Sollie/Billy_Sollie_0002.jpg,1,0.99688590
Boris_Berezovsky/Boris_Berezovsky_0001.jpg,Boris_Berezovsky/Boris_Berezovsky_0002.jpg,1,0.99622655
Brooke_Shields/Brooke_Shields_0001.jpg,Brooke_Shields/Brooke_Shields_0002.jpg,1,0.99571514
Bulent_Ecevit/Bulent_Ecevit_0001.jpg,Bulent_Ecevit/Bulent_Ecevit_0004.jpg,1,0.98994088
Bulent_Ecevit/Bulent_Ecevit_0001.jpg,Bulent_Ecevit/Bulent_Ecevit_0005.jpg,1,0.99299741
Bulent_Ecevit/Bulent_Ecevit_0002.jpg,Bulent_Ecevit/Bulent_Ecevit_0006.jpg,1,0.98625052
Bulent_Ecevit/Bulent_Ecevit_0004.jpg,Bulent_Ecevit/Bulent_Ecevit_0006.jpg,1,0.98379672
Candie_Kung/Candie_Kung_0001.jpg,Candie_Kung/Candie_Kung_0002.jpg,1,0.99195576
Candie_Kung/Candie_Kung_0001.jpg,Candie_Kung/Candie_Kung_0004.jpg,1,0.98784369
Carlo_Ancelotti/Carlo_Ancelotti_0001.jpg,Carlo_Ancelotti/Carlo_Ancelotti_0002.jpg,1,0.99415523
Carlo_Ancelotti/Carlo_Ancelotti_0002.jpg,Carlo_Ancelotti/Carlo_Ancelotti_0003.jpg,1,0.99268401
Carlos_Moya/Carlos_Moya_0008.jpg,Carlos_Moya/Carlos_Moya_0017.jpg,1,0.98478222
Carlos_Moya/Carlos_Moya_0010.jpg,Carlos_Moya/Carlos_Moya_0018.jpg,1,0.97467351
Carlos_Vives/Carlos_Vives_0001.jpg,Carlos_Vives/Carlos_Vives_0004.jpg,1,0.98631525
Carlos_Vives/Carlos_Vives_0002.jpg,Carlos_Vives/Carlos_Vives_0004.jpg,1,0.98679805
Carson_Daly/Carson_Daly_0001.jpg,Carson_Daly/Carson_Daly_0002.jpg,1,0.99399471
Cate_Blanchett/Cate_Blanchett_0001.jpg,Cate_Blanchett/Cate_Blanchett_0002.jpg,1,0.98895562
Cate_Blanchett/Cate_Blanchett_0001.jpg,Cate_Blanchett/Cate_Blanchett_0003.jpg,1,0.99196839
Cate_Blanchett/Cate_Blanchett_0001.jpg,Cate_Blanchett/Cate_Blanchett_0004.jpg,1,0.99223834
Cate_Blanchett/Cate_Blanchett_0002.jpg,Cate_Blanchett/Cate_Blanchett_0003.jpg,1,0.98632866
Cate_Blanchett/Cate_Blanchett_0002.jpg,Cate_Blanchett/Cate_Blanchett_0004.jpg,1,0.99730259
Chok_Tong_Goh/Chok_Tong_Goh_0001.jpg,Chok_Tong_Goh/Chok_Tong_Goh_0002.jpg,1,0.98549962
Chris_Byrd/Chris_Byrd_0001.jpg,Chris_Byrd/Chris_Byrd_0002.jpg,1,0.99659133
Chris_Cooper/Chris_Cooper_0001.jpg,Chris_Cooper/Chris_Cooper_0002.jpg,1,0.98965842
Chris_Tucker/Chris_Tucker_0001.jpg,Chris_Tucker/Chris_Tucker_0002.jpg,1,0.99938262
Christine_Gregoire/Christine_Gregoire_0001.jpg,Christine_Gregoire/Christine_Gregoire_0004.jpg,1,0.98470598
Christine_Gregoire/Christine_Gregoire_0002.jpg,Christine_Gregoire/Christine_Gregoire_0003.jpg,1,0.97628236
Christine_Gregoire/Christine_Gregoire_0002.jpg,Christine_Gregoire/Christine_Gregoire_0004.jpg,1,0.98521900
Christopher_Patten/Christopher_Patten_0001.jpg,Christopher_Patten/Christopher_Patten_0002.jpg,1,0.99441266
Clint_Eastwood/Clint_Eastwood_0001.jpg,Clint_Eastwood/Clint_Eastwood_0004.jpg,1,0.98475420
Clint_Eastwood/Clint_Eastwood_0001.jpg,Clint_Eastwood/Clint_Eastwood_0006.jpg,1,0.99667281
Constance_Marie/Constance_Marie_0001.jpg,Constance_Marie/Constance_Marie_0002.jpg,1,0.99546909
Constance_Marie/Constance_Marie_0001.jpg,Constance_Marie/Constance_Marie_0003.jpg,1,0.99152160
Dennis_Hastert/Dennis_Hastert_0002.jpg,Dennis_Hastert/Dennis_Hastert_0003.jpg,1,0.98847085
Dennis_Hastert/Dennis_Hastert_0003.jpg,Dennis_Hastert/Dennis_Hastert_0006.jpg,1,0.98274404
Dennis_Hastert/Dennis_Hastert_0004.jpg,Dennis_Hastert/Dennis_Hastert_0006.jpg,1,0.98813510
Dennis_Hastert/Dennis_Hastert_0005.jpg,Dennis_Hastert/Dennis_Hastert_0006.jpg,1,0.98925984
Dolly_Parton/Dolly_Parton_0001.jpg,Dolly_Parton/Dolly_Parton_0002.jpg,1,0.99756742
Doug_Duncan/Doug_Duncan_0001.jpg,Doug_Duncan/Doug_Duncan_0002.jpg,1,0.97526163
Edward_Kennedy/Edward_Kennedy_0001.jpg,Edward_Kennedy/Edward_Kennedy_0002.jpg,1,0.99874115
Edward_Kennedy/Edward_Kennedy_0002.jpg,Edward_Kennedy/Edward_Kennedy_0003.jpg,1,0.99563116
Edward_Said/Edward_Said_0001.jpg,Edward_Said/Edward_Said_0002.jpg,1,0.99206144
Elena_Bovina/Elena_Bovina_0001.jpg,Elena_Bovina/Elena_Bovina_0002.jpg,1,0.98618352
Elena_Bovina/Elena_Bovina_0001.jpg,Elena_Bovina/Elena_Bovina_0003.jpg,1,0.98372120
Elena_Bovina/Elena_Bovina_0002.jpg,Elena_Bovina/Elena_Bovina_0003.jpg,1,0.99017894
Eliane_Karp/Eliane_Karp_0001.jpg,Eliane_Karp/Eliane_Karp_0003.jpg,1,0.97305655
Eliane_Karp/Eliane_Karp_0002.jpg,Eliane_Karp/Eliane_Karp_0003.jpg,1,0.99371684
Eliane_Karp/Eliane_Karp_0002.jpg,Eliane_Karp/Eliane_Karp_0004.jpg,1,0.99558401
Eliane_Karp/Eliane_Karp_0003.jpg,Eliane_Karp/Eliane_Karp_0004.jpg,1,0.99209809
Elvis_Presley/Elvis_Presley_0001.jpg,Elvis_Presley/Elvis_Presley_0002.jpg,1,0.98315942
Erika_Harold/Erika_Harold_0001.jpg,Erika_Harold/Erika_Harold_0003.jpg,1,0.98386955
Erika_Harold/Erika_Harold_0002.jpg,Erika_Harold/Erika_Harold_0003.jpg,1,0.97006696
Erika_Harold/Erika_Harold_0003.jpg,Erika_Harold/Erika_Harold_0004.jpg,1,0.97555584
Erika_Harold/Erika_Harold_0004.jpg,Erika_Harold/Erika_Harold_0005.jpg,1,0.99657851
Ernie_Els/Ernie_Els_0001.jpg,Ernie_Els/Ernie_Els_0003.jpg,1,0.97649312
Ernie_Els/Ernie_Els_0001.jpg,Ernie_Els/Ernie_Els_0004.jpg,1,0.98647469
Ernie_Els/Ernie_Els_0002.jpg,Ernie_Els/Ernie_Els_0003.jpg,1,0.99013138
Franco_Dragone/Franco_Dragone_0001.jpg,Franco_Dragone/Franco_Dragone_0002.jpg,1,0.99081099
Frank_Solich/Frank_Solich_0001.jpg,Frank_Solich/Frank_Solich_0004.jpg,1,0.99702394
Frank_Solich/Frank_Solich_0002.jpg,Frank_Solich/Frank_Solich_0005.jpg,1,0.99888444
Frank_Solich/Frank_Solich_0003.jpg,Frank_Solich/Frank_Solich_0004.jpg,1,0.99004716
Gabriel_Batistuta/Gabriel_Batistuta_0001.jpg,Gabriel_Batistuta/Gabriel_Batistuta_0002.jpg,1,0.98429829
Gary_Carter/Gary_Carter_0001.jpg,Gary_Carter/Gary_Carter_0002.jpg,1,0.99458981
Gary_Carter/Gary_Carter_0001.jpg,Gary_Carter/Gary_Carter_0003.jpg,1,0.98659843
Gary_Doer/Gary_Doer_0001.jpg,Gary_Doer/Gary_Doer_0002.jpg,1,0.95947152
Gary_Doer/Gary_Doer_0002.jpg,Gary_Doer/Gary_Doer_0003.jpg,1,0.99408484
George_Tenet/George_Tenet_0001.jpg,George_Tenet/George_Tenet_0002.jpg,1,0.98780280
George_Voinovich/George_Voinovich_0001.jpg,George_Voinovich/George_Voinovich_0003.jpg,1,0.98572707
George_Voinovich/George_Voinovich_0002.jpg,George_Voinovich/George_Voinovich_0003.jpg,1,0.99659920
Georgi_Parvanov/Georgi_Parvanov_0001.jpg,Georgi_Parvanov/Georgi_Parvanov_0002.jpg,1,0.98595721
Goldie_Hawn/Goldie_Hawn_0001.jpg,Goldie_Hawn/Goldie_Hawn_0007.jpg,1,0.99520314
Goldie_Hawn/Goldie_Hawn_0002.jpg,Goldie_Hawn/Goldie_Hawn_0003.jpg,1,0.98987579
Goldie_Hawn/Goldie_Hawn_0003.jpg,Goldie_Hawn/Goldie_Hawn_0007.jpg,1,0.99240398
Goldie_Hawn/Goldie_Hawn_0006.jpg,Goldie_Hawn/Goldie_Hawn_0007.jpg,1,0.99270242
Goran_Persson/Goran_Persson_0001.jpg,Goran_Persson/Goran_Persson_0002.jpg,1,0.99711508
Gro_Harlem_Brundtland/Gro_Harlem_Brundtland_0001.jpg,Gro_Harlem_Brundtland/Gro_Harlem_Brundtland_0002.jpg,1,0.99357283
Guillaume_Soro/Guillaume_Soro_0001.jpg,Guillaume_Soro/Guillaume_Soro_0002.jpg,1,0.99953365
Gwyneth_Paltrow/Gwyneth_Paltrow_0001.jpg,Gwyneth_Paltrow/Gwyneth_Paltrow_0005.jpg,1,0.99199599
Gwyneth_Paltrow/Gwyneth_Paltrow_0001.jpg,Gwyneth_Paltrow/Gwyneth_Paltrow_0006.jpg,1,0.99213660
Gwyneth_Paltrow/Gwyneth_Paltrow_0002.jpg,Gwyneth_Paltrow/Gwyneth_Paltrow_0006.jpg,1,0.98950744
Gwyneth_Paltrow/Gwyneth_Paltrow_0003.jpg,Gwyneth_Paltrow/Gwyneth_Paltrow_0006.jpg,1,0.95944858
Hee-Won_Han/Hee-Won_Han_0001.jpg,Hee-Won_Han/Hee-Won_Han_0002.jpg,1,0.99203229
Herb_Sendek/Herb_Sendek_0001.jpg,Herb_Sendek/Herb_Sendek_0003.jpg,1,0.99391574
Herb_Sendek/Herb_Sendek_0003.jpg,Herb_Sendek/Herb_Sendek_0004.jpg,1,0.99291277
Howard_Smith/Howard_Smith_0001.jpg,Howard_Smith/Howard_Smith_0002.jpg,1,0.98833323
Hugh_Grant/Hugh_Grant_0005.jpg,Hugh_Grant/Hugh_Grant_0008.jpg,1,0.99661416
Hugh_Grant/Hugh_Grant_0006.jpg,Hugh_Grant/Hugh_Grant_0009.jpg,1,0.98218119
Jack_Straw/Jack_Straw_0025.jpg,Jack_Straw/Jack_Straw_0028.jpg,1,0.99645817
James_Franco/James_Franco_0001.jpg,James_Franco/James_Franco_0002.jpg,1,0.99473757
James_Ivory/James_Ivory_0001.jpg,James_Ivory/James_Ivory_0002.jpg,1,0.99719167
James_Schultz/James_Schultz_0001.jpg,James_Schultz/James_Schultz_0002.jpg,1,0.99702609
James_Traficant/James_Traficant_0001.jpg,James_Traficant/James_Traficant_0002.jpg,1,0.99781537
James_Traficant/James_Traficant_0002.jpg,James_Traficant/James_Traficant_0003.jpg,1,0.98831785
Jan_Ullrich/Jan_Ullrich_0001.jpg,Jan_Ullrich/Jan_Ullrich_0004.jpg,1,0.99111938
Jan_Ullrich/Jan_Ullrich_0002.jpg,Jan_Ullrich/Jan_Ullrich_0006.jpg,1,0.99198413
Jan_Ullrich/Jan_Ullrich_0003.jpg,Jan_Ullrich/Jan_Ullrich_0006.jpg,1,0.99053693
Jane_Pauley/Jane_Pauley_0001.jpg,Jane_Pauley/Jane_Pauley_0002.jpg,1,0.99235260
Jason_Jennings/Jason_Jennings_0001.jpg,Jason_Jennings/Jason_Jennings_0002.jpg,1,0.99903142
Javier_Weber/Javier_Weber_0001.jpg,Javier_Weber/Javier_Weber_0002.jpg,1,0.97247589
Jennifer_Rodriguez/Jennifer_Rodriguez_0001.jpg,Jennifer_Rodriguez/Jennifer_Rodriguez_0002.jpg,1,0.98072815
Jeong_Se-hyun/Jeong_Se-hyun_0002.jpg,Jeong_Se-hyun/Jeong_Se-hyun_0006.jpg,1,0.99221313
Jeong_Se-hyun/Jeong_Se-hyun_0003.jpg,Jeong_Se-hyun/Jeong_Se-hyun_0007.jpg,1,0.99441683
Jeong_Se-hyun/Jeong_Se-hyun_0006.jpg,Jeong_Se-hyun/Jeong_Se-hyun_0008.jpg,1,0.99278939
Jeong_Se-hyun/Jeong_Se-hyun_0007.jpg,Jeong_Se-hyun/Jeong_Se-hyun_0009.jpg,1,0.99277985
Jeong_Se-hyun/Jeong_Se-hyun_0008.jpg,Jeong_Se-hyun/Jeong_Se-hyun_0009.jpg,1,0.99374461
Jo_Dee_Messina/Jo_Dee_Messina_0001.jpg,Jo_Dee_Messina/Jo_Dee_Messina_0002.jpg,1,0.98417544
Joe_Lieberman/Joe_Lieberman_0008.jpg,Joe_Lieberman/Joe_Lieberman_0011.jpg,1,0.99276674
Joe_Lieberman/Joe_Lieberman_0009.jpg,Joe_Lieberman/Joe_Lieberman_0010.jpg,1,0.99809968
Joe_Mantello/Joe_Mantello_0001.jpg,Joe_Mantello/Joe_Mantello_0002.jpg,1,0.99138695
John_Allen_Muhammad/John_Allen_Muhammad_0002.jpg,John_Allen_Muhammad/John_Allen_Muhammad_0009.jpg,1,0.96233571
John_Allen_Muhammad/John_Allen_Muhammad_0005.jpg,John_Allen_Muhammad/John_Allen_Muhammad_0007.jpg,1,0.99746531
John_Allen_Muhammad/John_Allen_Muhammad_0006.jpg,John_Allen_Muhammad/John_Allen_Muhammad_0010.jpg,1,0.99741518
John_Blaney/John_Blaney_0001.jpg,John_Blaney/John_Blaney_0002.jpg,1,0.99499542
John_Brady/John_Brady_0001.jpg,John_Brady/John_Brady_0002.jpg,1,0.99534708
John_Howard/John_Howard_0005.jpg,John_Howard/John_Howard_0015.jpg,1,0.98608470
John_Howard/John_Howard_0012.jpg,John_Howard/John_Howard_0017.jpg,1,0.99158913
Johnny_Tapia/Johnny_Tapia_0001.jpg,Johnny_Tapia/Johnny_Tapia_0002.jpg,1,0.99529600
Johnny_Tapia/Johnny_Tapia_0002.jpg,Johnny_Tapia/Johnny_Tapia_0003.jpg,1,0.99457955
Jorge_Valdano/Jorge_Valdano_0001.jpg,Jorge_Valdano/Jorge_Valdano_0002.jpg,1,0.99532580
Joseph_Deiss/Joseph_Deiss_0001.jpg,Joseph_Deiss/Joseph_Deiss_0003.jpg,1,0.99603051
Junichiro_Koizumi/Junichiro_Koizumi_0001.jpg,Junichiro_Koizumi/Junichiro_Koizumi_0053.jpg,1,0.98839295
Junichiro_Koizumi/Junichiro_Koizumi_0026.jpg,Junichiro_Koizumi/Junichiro_Koizumi_0055.jpg,1,0.99721670
Junichiro_Koizumi/Junichiro_Koizumi_0029.jpg,Junichiro_Koizumi/Junichiro_Koizumi_0045.jpg,1,0.99887836
Kate_Capshaw/Kate_Capshaw_0001.jpg,Kate_Capshaw/Kate_Capshaw_0002.jpg,1,0.95900047
Kathryn_Bigelow/Kathryn_Bigelow_0001.jpg,Kathryn_Bigelow/Kathryn_Bigelow_0002.jpg,1,0.98540360
Kevin_Spacey/Kevin_Spacey_0001.jpg,Kevin_Spacey/Kevin_Spacey_0002.jpg,1,0.99660277
Kevin_Spacey/Kevin_Spacey_0001.jpg,Kevin_Spacey/Kevin_Spacey_0003.jpg,1,0.99590361
Kim_Ryong-sung/Kim_Ryong-sung_0006.jpg,Kim_Ryong-sung/Kim_Ryong-sung_0008.jpg,1,0.99492943
Kim_Ryong-sung/Kim_Ryong-sung_0008.jpg,Kim_Ryong-sung/Kim_Ryong-sung_0011.jpg,1,0.99547338
Klaus_Zwickel/Klaus_Zwickel_0001.jpg,Klaus_Zwickel/Klaus_Zwickel_0002.jpg,1,0.99700814
Kristen_Breitweiser/Kristen_Breitweiser_0002.jpg,Kristen_Breitweiser/Kristen_Breitweiser_0003.jpg,1,0.99797344
Laila_Ali/Laila_Ali_0002.jpg,Laila_Ali/Laila_Ali_0003.jpg,1,0.99667740
Larry_Brown/Larry_Brown_0001.jpg,Larry_Brown/Larry_Brown_0003.jpg,1,0.99620521
Larry_Brown/Larry_Brown_0002.jpg,Larry_Brown/Larry_Brown_0004.jpg,1,0.99115586
Larry_Brown/Larry_Brown_0002.jpg,Larry_Brown/Larry_Brown_0007.jpg,1,0.98503655
Larry_Brown/Larry_Brown_0004.jpg,Larry_Brown/Larry_Brown_0007.jpg,1,0.98412001
Larry_Brown/Larry_Brown_0006.jpg,Larry_Brown/Larry_Brown_0007.jpg,1,0.98235136
Larry_Johnson/Larry_Johnson_0001.jpg,Larry_Johnson/Larry_Johnson_0002.jpg,1,0.99940699
Lars_Von_Trier/Lars_Von_Trier_0001.jpg,Lars_Von_Trier/Lars_Von_Trier_0002.jpg,1,0.99186021
Lars_Von_Trier/Lars_Von_Trier_0002.jpg,Lars_Von_Trier/Lars_Von_Trier_0003.jpg,1,0.99677038
Leander_Paes/Leander_Paes_0001.jpg,Leander_Paes/Leander_Paes_0002.jpg,1,0.99366927
Liam_Neeson/Liam_Neeson_0001.jpg,Liam_Neeson/Liam_Neeson_0003.jpg,1,0.98997915
Liam_Neeson/Liam_Neeson_0002.jpg,Liam_Neeson/Liam_Neeson_0003.jpg,1,0.99032217
Lino_Oviedo/Lino_Oviedo_0001.jpg,Lino_Oviedo/Lino_Oviedo_0003.jpg,1,0.99508077
Lino_Oviedo/Lino_Oviedo_0002.jpg,Lino_Oviedo/Lino_Oviedo_0003.jpg,1,0.99729431
Ludivine_Sagnier/Ludivine_Sagnier_0001.jpg,Ludivine_Sagnier/Ludivine_Sagnier_0003.jpg,1,0.99604058
Ludivine_Sagnier/Ludivine_Sagnier_0003.jpg,Ludivine_Sagnier/Ludivine_Sagnier_0004.jpg,1,0.97917050
Lynne_Cheney/Lynne_Cheney_0001.jpg,Lynne_Cheney/Lynne_Cheney_0002.jpg,1,0.99582303
Lynne_Cheney/Lynne_Cheney_0002.jpg,Lynne_Cheney/Lynne_Cheney_0003.jpg,1,0.99372697
Maggie_Smith/Maggie_Smith_0001.jpg,Maggie_Smith/Maggie_Smith_0002.jpg,1,0.99349803
Marcelo_Salas/Marcelo_Salas_0001.jpg,Marcelo_Salas/Marcelo_Salas_0002.jpg,1,0.98646915
Mariangel_Ruiz_Torrealba/Mariangel_Ruiz_Torrealba_0001.jpg,Mariangel_Ruiz_Torrealba/Mariangel_Ruiz_Torrealba_0002.jpg,1,0.99590760
Marisa_Tomei/Marisa_Tomei_0001.jpg,Marisa_Tomei/Marisa_Tomei_0002.jpg,1,0.98927277
Mary_Steenburgen/Mary_Steenburgen_0001.jpg,Mary_Steenburgen/Mary_Steenburgen_0002.jpg,1,0.98343092
Mel_Brooks/Mel_Brooks_0001.jpg,Mel_Brooks/Mel_Brooks_0002.jpg,1,0.99040133
Mel_Gibson/Mel_Gibson_0001.jpg,Mel_Gibson/Mel_Gibson_0002.jpg,1,0.99145871
Mian_Khursheed_Mehmood_Kasuri/Mian_Khursheed_Mehmood_Kasuri_0002.jpg,Mian_Khursheed_Mehmood_Kasuri/Mian_Khursheed_Mehmood_Kasuri_0003.jpg,1,0.99111074
Mian_Khursheed_Mehmood_Kasuri/Mian_Khursheed_Mehmood_Kasuri_0003.jpg,Mian_Khursheed_Mehmood_Kasuri/Mian_Khursheed_Mehmood_Kasuri_0004.jpg,1,0.99417162
Michael_Moore/Michael_Moore_0001.jpg,Michael_Moore/Michael_Moore_0002.jpg,1,0.99581242
Michael_Moore/Michael_Moore_0002.jpg,Michael_Moore/Michael_Moore_0003.jpg,1,0.99727958
Michel_Duclos/Michel_Duclos_0001.jpg,Michel_Duclos/Michel_Duclos_0002.jpg,1,0.99428129
Michelle_Pfeiffer/Michelle_Pfeiffer_0001.jpg,Michelle_Pfeiffer/Michelle_Pfeiffer_0002.jpg,1,0.99345326
Mireya_Moscoso/Mireya_Moscoso_0002.jpg,Mireya_Moscoso/Mireya_Moscoso_0003.jpg,1,0.99685776
Mireya_Moscoso/Mireya_Moscoso_0002.jpg,Mireya_Moscoso/Mireya_Moscoso_0005.jpg,1,0.99543214
Mireya_Moscoso/Mireya_Moscoso_0004.jpg,Mireya_Moscoso/Mireya_Moscoso_0005.jpg,1,0.99187303
Nabil_Shaath/Nabil_Shaath_0001.jpg,Nabil_Shaath/Nabil_Shaath_0003.jpg,1,0.98990816
Nabil_Shaath/Nabil_Shaath_0002.jpg,Nabil_Shaath/Nabil_Shaath_0003.jpg,1,0.99072504
Naomi_Watts/Naomi_Watts_0001.jpg,Naomi_Watts/Naomi_Watts_0018.jpg,1,0.99455416
Naomi_Watts/Naomi_Watts_0006.jpg,Naomi_Watts/Naomi_Watts_0009.jpg,1,0.99559098
Naomi_Watts/Naomi_Watts_0013.jpg,Naomi_Watts/Naomi_Watts_0018.jpg,1,0.99583650
Natalie_Cole/Natalie_Cole_0001.jpg,Natalie_Cole/Natalie_Cole_0003.jpg,1,0.99623346
Natalie_Cole/Natalie_Cole_0002.jpg,Natalie_Cole/Natalie_Cole_0003.jpg,1,0.99810016
Nathalie_Baye/Nathalie_Baye_0001.jpg,Nathalie_Baye/Nathalie_Baye_0002.jpg,1,0.99605358
Nathalie_Baye/Nathalie_Baye_0001.jpg,Nathalie_Baye/Nathalie_Baye_0004.jpg,1,0.99544460
Nathalie_Baye/Nathalie_Baye_0002.jpg,Nathalie_Baye/Nathalie_Baye_0004.jpg,1,0.99095625
Nathalie_Baye/Nathalie_Baye_0003.jpg,Nathalie_Baye/Nathalie_Baye_0004.jpg,1,0.99675679
Oleksandr_Moroz/Oleksandr_Moroz_0001.jpg,Oleksandr_Moroz/Oleksandr_Moroz_0002.jpg,1,0.99649513
Oscar_Elias_Biscet/Oscar_Elias_Biscet_0001.jpg,Oscar_Elias_Biscet/Oscar_Elias_Biscet_0002.jpg,1,0.99569434
Oswaldo_Paya/Oswaldo_Paya_0001.jpg,Oswaldo_Paya/Oswaldo_Paya_0003.jpg,1,0.99203551
Oswaldo_Paya/Oswaldo_Paya_0003.jpg,Oswaldo_Paya/Oswaldo_Paya_0004.jpg,1,0.97587973
Patricia_Clarkson/Patricia_Clarkson_0001.jpg,Patricia_Clarkson/Patricia_Clarkson_0002.jpg,1,0.99655509
Patricia_Clarkson/Patricia_Clarkson_0001.jpg,Patricia_Clarkson/Patricia_Clarkson_0003.jpg,1,0.99241328
Patricia_Clarkson/Patricia_Clarkson_0002.jpg,Patricia_Clarkson/Patricia_Clarkson_0003.jpg,1,0.99354649
Patricia_Clarkson/Patricia_Clarkson_0002.jpg,Patricia_Clarkson/Patricia_Clarkson_0004.jpg,1,0.98665810
Patrick_Roy/Patrick_Roy_0001.jpg,Patrick_Roy/Patrick_Roy_0002.jpg,1,0.97994876
Paul-Henri_Mathieu/Paul-Henri_Mathieu_0001.jpg,Paul-Henri_Mathieu/Paul-Henri_Mathieu_0002.jpg,1,0.98761261
Paul-Henri_Mathieu/Paul-Henri_Mathieu_0001.jpg,Paul-Henri_Mathieu/Paul-Henri_Mathieu_0003.jpg,1,0.98865193
Paul_Byrd/Paul_Byrd_0001.jpg,Paul_Byrd/Paul_Byrd_0002.jpg,1,0.99700582
Paul_Kagame/Paul_Kagame_0001.jpg,Paul_Kagame/Paul_Kagame_0002.jpg,1,0.99799329
Peter_Costello/Peter_Costello_0001.jpg,Peter_Costello/Peter_Costello_0002.jpg,1,0.99751902
Peter_Greenaway/Peter_Greenaway_0001.jpg,Peter_Greenaway/Peter_Greenaway_0002.jpg,1,0.99813831
Prince_Naruhito/Prince_Naruhito_0001.jpg,Prince_Naruhito/Prince_Naruhito_0002.jpg,1,0.99465168
Prince_Naruhito/Prince_Naruhito_0001.jpg,Prince_Naruhito/Prince_Naruhito_0003.jpg,1,0.99236083
Prince_Naruhito/Prince_Naruhito_0002.jpg,Prince_Naruhito/Prince_Naruhito_0003.jpg,1,0.99647397
Princess_Masako/Princess_Masako_0001.jpg,Princess_Masako/Princess_Masako_0002.jpg,1,0.96377808
Pupi_Avati/Pupi_Avati_0002.jpg,Pupi_Avati/Pupi_Avati_0003.jpg,1,0.99762154
Queen_Latifah/Queen_Latifah_0001.jpg,Queen_Latifah/Queen_Latifah_0003.jpg,1,0.99691534
Queen_Latifah/Queen_Latifah_0002.jpg,Queen_Latifah/Queen_Latifah_0004.jpg,1,0.99878895
Queen_Latifah/Queen_Latifah_0003.jpg,Queen_Latifah/Queen_Latifah_0004.jpg,1,0.99703181
Rachel_Griffiths/Rachel_Griffiths_0002.jpg,Rachel_Griffiths/Rachel_Griffiths_0003.jpg,1,0.99476182
Ralph_Firman/Ralph_Firman_0001.jpg,Ralph_Firman/Ralph_Firman_0002.jpg,1,0.99642682
Ralph_Klein/Ralph_Klein_0001.jpg,Ralph_Klein/Ralph_Klein_0002.jpg,1,0.96680200
Ranil_Wickremasinghe/Ranil_Wickremasinghe_0002.jpg,Ranil_Wickremasinghe/Ranil_Wickremasinghe_0003.jpg,1,0.98812413
Rick_Pitino/Rick_Pitino_0001.jpg,Rick_Pitino/Rick_Pitino_0003.jpg,1,0.98250687
Rick_Pitino/Rick_Pitino_0002.jpg,Rick_Pitino/Rick_Pitino_0004.jpg,1,0.98707879
Rick_Pitino/Rick_Pitino_0003.jpg,Rick_Pitino/Rick_Pitino_0004.jpg,1,0.98308218
Ricky_Martin/Ricky_Martin_0001.jpg,Ricky_Martin/Ricky_Martin_0002.jpg,1,0.97467649
Rita_Moreno/Rita_Moreno_0001.jpg,Rita_Moreno/Rita_Moreno_0002.jpg,1,0.98829126
Robert_De_Niro/Robert_De_Niro_0001.jpg,Robert_De_Niro/Robert_De_Niro_0004.jpg,1,0.99342656
Robert_De_Niro/Robert_De_Niro_0003.jpg,Robert_De_Niro/Robert_De_Niro_0006.jpg,1,0.99287874
Robert_Kocharian/Robert_Kocharian_0004.jpg,Robert_Kocharian/Robert_Kocharian_0005.jpg,1,0.99821925
Roberto_Marinho/Roberto_Marinho_0002.jpg,Roberto_Marinho/Roberto_Marinho_0003.jpg,1,0.99654949
Roger_Moore/Roger_Moore_0003.jpg,Roger_Moore/Roger_Moore_0005.jpg,1,0.99095452
Ron_Dittemore/Ron_Dittemore_0001.jpg,Ron_Dittemore/Ron_Dittemore_0002.jpg,1,0.99571550
Ron_Dittemore/Ron_Dittemore_0001.jpg,Ron_Dittemore/Ron_Dittemore_0003.jpg,1,0.99686944
Ron_Dittemore/Ron_Dittemore_0004.jpg,Ron_Dittemore/Ron_Dittemore_0006.jpg,1,0.99825418
Rudolph_Giuliani/Rudolph_Giuliani_0001.jpg,Rudolph_Giuliani/Rudolph_Giuliani_0020.jpg,1,0.98930418
Rudolph_Giuliani/Rudolph_Giuliani_0002.jpg,Rudolph_Giuliani/Rudolph_Giuliani_0005.jpg,1,0.99175960
Rudolph_Giuliani/Rudolph_Giuliani_0003.jpg,Rudolph_Giuliani/Rudolph_Giuliani_0020.jpg,1,0.98922408
Rudolph_Giuliani/Rudolph_Giuliani_0004.jpg,Rudolph_Giuliani/Rudolph_Giuliani_0017.jpg,1,0.99384654
Rudolph_Giuliani/Rudolph_Giuliani_0015.jpg,Rudolph_Giuliani/Rudolph_Giuliani_0020.jpg,1,0.99292815
Russell_Simmons/Russell_Simmons_0001.jpg,Russell_Simmons/Russell_Simmons_0002.jpg,1,0.99927461
Russell_Simmons/Russell_Simmons_0001.jpg,Russell_Simmons/Russell_Simmons_0004.jpg,1,0.99835384
Russell_Simmons/Russell_Simmons_0002.jpg,Russell_Simmons/Russell_Simmons_0004.jpg,1,0.99814409
Sean_Astin/Sean_Astin_0001.jpg,Sean_Astin/Sean_Astin_0003.jpg,1,0.99014956
Sean_Astin/Sean_Astin_0002.jpg,Sean_Astin/Sean_Astin_0003.jpg,1,0.99133134
Shaukat_Aziz/Shaukat_Aziz_0001.jpg,Shaukat_Aziz/Shaukat_Aziz_0002.jpg,1,0.99266219
Silvio_Fernandez/Silvio_Fernandez_0001.jpg,Silvio_Fernandez/Silvio_Fernandez_0002.jpg,1,0.99213791
Sophia_Loren/Sophia_Loren_0001.jpg,Sophia_Loren/Sophia_Loren_0002.jpg,1,0.99396241
Sophia_Loren/Sophia_Loren_0001.jpg,Sophia_Loren/Sophia_Loren_0003.jpg,1,0.98729467
Sophia_Loren/Sophia_Loren_0001.jpg,Sophia_Loren/Sophia_Loren_0007.jpg,1,0.99808896
Sophia_Loren/Sophia_Loren_0006.jpg,Sophia_Loren/Sophia_Loren_0007.jpg,1,0.98711896
Stellan_Skarsgard/Stellan_Skarsgard_0001.jpg,Stellan_Skarsgard/Stellan_Skarsgard_0002.jpg,1,0.99900633
Tamara_Brooks/Tamara_Brooks_0001.jpg,Tamara_Brooks/Tamara_Brooks_0002.jpg,1,0.99280107
Thomas_Fargo/Thomas_Fargo_0001.jpg,Thomas_Fargo/Thomas_Fargo_0002.jpg,1,0.99464655
Thomas_Fargo/Thomas_Fargo_0001.jpg,Thomas_Fargo/Thomas_Fargo_0003.jpg,1,0.99539971
Thomas_Fargo/Thomas_Fargo_0002.jpg,Thomas_Fargo/Thomas_Fargo_0003.jpg,1,0.99567842
Thomas_Fargo/Thomas_Fargo_0002.jpg,Thomas_Fargo/Thomas_Fargo_0004.jpg,1,0.99753851
Thomas_Fargo/Thomas_Fargo_0003.jpg,Thomas_Fargo/Thomas_Fargo_0004.jpg,1,0.99718016
Tim_Allen/Tim_Allen_0002.jpg,Tim_Allen/Tim_Allen_0003.jpg,1,0.98168224
Tim_Allen/Tim_Allen_0003.jpg,Tim_Allen/Tim_Allen_0004.jpg,1,0.98205817
Tony_Shalhoub/Tony_Shalhoub_0001.jpg,Tony_Shalhoub/Tony_Shalhoub_0002.jpg,1,0.98897219
Tony_Shalhoub/Tony_Shalhoub_0001.jpg,Tony_Shalhoub/Tony_Shalhoub_0003.jpg,1,0.99123216
Tracy_McGrady/Tracy_McGrady_0001.jpg,Tracy_McGrady/Tracy_McGrady_0002.jpg,1,0.99792713
Vicente_Fernandez/Vicente_Fernandez_0002.jpg,Vicente_Fernandez/Vicente_Fernandez_0003.jpg,1,0.99236774
Vicente_Fernandez/Vicente_Fernandez_0004.jpg,Vicente_Fernandez/Vicente_Fernandez_0005.jpg,1,0.98763549
Vince_Gill/Vince_Gill_0001.jpg,Vince_Gill/Vince_Gill_0002.jpg,1,0.99496269
Wolfgang_Schuessel/Wolfgang_Schuessel_0001.jpg,Wolfgang_Schuessel/Wolfgang_Schuessel_0004.jpg,1,0.99428380
Wolfgang_Schuessel/Wolfgang_Schuessel_0003.jpg,Wolfgang_Schuessel/Wolfgang_Schuessel_0004.jpg,1,0.99137753
Wu_Yi/Wu_Yi_0001.jpg,Wu_Yi/Wu_Yi_0002.jpg,1,0.97630709
Wu_Yi/Wu_Yi_0001.jpg,Wu_Yi/Wu_Yi_0003.jpg,1,0.99535942
Wu_Yi/Wu_Yi_0002.jpg,Wu_Yi/Wu_Yi_0003.jpg,1,0.98186296
Yao_Ming/Yao_Ming_0002.jpg,Yao_Ming/Yao_Ming_0004.jpg,1,0.98513651
Yao_Ming/Yao_Ming_0005.jpg,Yao_Ming/Yao_Ming_0006.jpg,1,0.99599910
Yao_Ming/Yao_Ming_0005.jpg,Yao_Ming/Yao_Ming_0008.jpg,1,0.99797684
Yao_Ming/Yao_Ming_0006.jpg,Yao_Ming/Yao_Ming_0007.jpg,1,0.99294746
Yoriko_Kawaguchi/Yoriko_Kawaguchi_0003.jpg,Yoriko_Kawaguchi/Yoriko_Kawaguchi_0005.jpg,1,0.98930085
Yu_Shyi-kun/Yu_Shyi-kun_0001.jpg,Yu_Shyi-kun/Yu_Shyi-kun_0003.jpg,1,0.99227786
Yu_Shyi-kun/Yu_Shyi-kun_0001.jpg,Yu_Shyi-kun/Yu_Shyi-kun_0004.jpg,1,0.99895012
Yu_Shyi-kun/Yu_Shyi-kun_0002.jpg,Yu_Shyi-kun/Yu_Shyi-kun_0003.jpg,1,0.99490207
Zhang_Wenkang/Zhang_Wenkang_0001.jpg,Zhang_Wenkang/Zhang_Wenkang_0002.jpg,1,0.99344569
Zinedine_Zidane/Zinedine_Zidane_0004.jpg,Zinedine_Zidane/Zinedine_Zidane_0006.jpg,1,0.99125677
Abdel_Nasser_Assidi/Abdel_Nasser_Assidi_0001.jpg,Abdel_Nasser_Assidi/Abdel_Nasser_Assidi_0002.jpg,1,0.99689007
Ai_Sugiyama/Ai_Sugiyama_0001.jpg,Ai_Sugiyama/Ai_Sugiyama_0002.jpg,1,0.99247432
Ai_Sugiyama/Ai_Sugiyama_0001.jpg,Ai_Sugiyama/Ai_Sugiyama_0004.jpg,1,0.98379385
Ai_Sugiyama/Ai_Sugiyama_0004.jpg,Ai_Sugiyama/Ai_Sugiyama_0005.jpg,1,0.99422294
Aldo_Paredes/Aldo_Paredes_0001.jpg,Aldo_Paredes/Aldo_Paredes_0002.jpg,1,0.99002397
Alejandro_Avila/Alejandro_Avila_0001.jpg,Alejandro_Avila/Alejandro_Avila_0002.jpg,1,0.98584712
Alejandro_Avila/Alejandro_Avila_0001.jpg,Alejandro_Avila/Alejandro_Avila_0003.jpg,1,0.98913431
Alex_Sink/Alex_Sink_0002.jpg,Alex_Sink/Alex_Sink_0003.jpg,1,0.99222004
Allen_Iverson/Allen_Iverson_0001.jpg,Allen_Iverson/Allen_Iverson_0002.jpg,1,0.98455352
Amram_Mitzna/Amram_Mitzna_0001.jpg,Amram_Mitzna/Amram_Mitzna_0002.jpg,1,0.99600321
Andrew_Niccol/Andrew_Niccol_0001.jpg,Andrew_Niccol/Andrew_Niccol_0002.jpg,1,0.99659717
Andy_Hebb/Andy_Hebb_0001.jpg,Andy_Hebb/Andy_Hebb_0002.jpg,1,0.99163961
Anne_Krueger/Anne_Krueger_0001.jpg,Anne_Krueger/Anne_Krueger_0002.jpg,1,0.99668884
Anne_McLellan/Anne_McLellan_0001.jpg,Anne_McLellan/Anne_McLellan_0003.jpg,1,0.99137151
Anne_McLellan/Anne_McLellan_0002.jpg,Anne_McLellan/Anne_McLellan_0003.jpg,1,0.99392843
Annette_Bening/Annette_Bening_0001.jpg,Annette_Bening/Annette_Bening_0002.jpg,1,0.99716532
Anthony_Hopkins/Anthony_Hopkins_0001.jpg,Anthony_Hopkins/Anthony_Hopkins_0002.jpg,1,0.99700546
Ariel_Sharon/Ariel_Sharon_0016.jpg,Ariel_Sharon/Ariel_Sharon_0045.jpg,1,0.99632841
Arminio_Fraga/Arminio_Fraga_0001.jpg,Arminio_Fraga/Arminio_Fraga_0006.jpg,1,0.99346620
Arminio_Fraga/Arminio_Fraga_0002.jpg,Arminio_Fraga/Arminio_Fraga_0004.jpg,1,0.98999816
Arminio_Fraga/Arminio_Fraga_0003.jpg,Arminio_Fraga/Arminio_Fraga_0006.jpg,1,0.99588728
Arminio_Fraga/Arminio_Fraga_0004.jpg,Arminio_Fraga/Arminio_Fraga_0006.jpg,1,0.99632728
Art_Hoffmann/Art_Hoffmann_0001.jpg,Art_Hoffmann/Art_Hoffmann_0002.jpg,1,0.99876416
Ashanti/Ashanti_0001.jpg,Ashanti/Ashanti_0003.jpg,1,0.99645233
Ashanti/Ashanti_0001.jpg,Ashanti/Ashanti_0004.jpg,1,0.99842232
Ashanti/Ashanti_0002.jpg,Ashanti/Ashanti_0005.jpg,1,0.99916458
Ashanti/Ashanti_0003.jpg,Ashanti/Ashanti_0005.jpg,1,0.99665630
Ashanti/Ashanti_0004.jpg,Ashanti/Ashanti_0005.jpg,1,0.99838370
Augustin_Calleri/Augustin_Calleri_0001.jpg,Augustin_Calleri/Augustin_Calleri_0002.jpg,1,0.97561520
Augustin_Calleri/Augustin_Calleri_0002.jpg,Augustin_Calleri/Augustin_Calleri_0004.jpg,1,0.97795928
Augustin_Calleri/Augustin_Calleri_0003.jpg,Augustin_Calleri/Augustin_Calleri_0004.jpg,1,0.99680775
Bertie_Ahern/Bertie_Ahern_0001.jpg,Bertie_Ahern/Bertie_Ahern_0002.jpg,1,0.99019742
Bertie_Ahern/Bertie_Ahern_0001.jpg,Bertie_Ahern/Bertie_Ahern_0004.jpg,1,0.99248016
Bertie_Ahern/Bertie_Ahern_0001.jpg,Bertie_Ahern/Bertie_Ahern_0005.jpg,1,0.98709941
Bertie_Ahern/Bertie_Ahern_0002.jpg,Bertie_Ahern/Bertie_Ahern_0003.jpg,1,0.99118054
Bertie_Ahern/Bertie_Ahern_0003.jpg,Bertie_Ahern/Bertie_Ahern_0005.jpg,1,0.99434078
Bill_Clinton/Bill_Clinton_0002.jpg,Bill_Clinton/Bill_Clinton_0004.jpg,1,0.99619091
Bill_Clinton/Bill_Clinton_0006.jpg,Bill_Clinton/Bill_Clinton_0008.jpg,1,0.99173081
Bill_Clinton/Bill_Clinton_0006.jpg,Bill_Clinton/Bill_Clinton_0010.jpg,1,0.99321282
Bill_Clinton/Bill_Clinton_0008.jpg,Bill_Clinton/Bill_Clinton_0010.jpg,1,0.99202585
Bill_Clinton/Bill_Clinton_0009.jpg,Bill_Clinton/Bill_Clinton_0012.jpg,1,0.99815023
Bill_Clinton/Bill_Clinton_0010.jpg,Bill_Clinton/Bill_Clinton_0029.jpg,1,0.99400222
Bill_Clinton/Bill_Clinton_0018.jpg,Bill_Clinton/Bill_Clinton_0028.jpg,1,0.99635375
Bill_McBride/Bill_McBride_0004.jpg,Bill_McBride/Bill_McBride_0007.jpg,1,0.99018878
Bill_McBride/Bill_McBride_0004.jpg,Bill_McBride/Bill_McBride_0010.jpg,1,0.99428666
Bill_Parcells/Bill_Parcells_0001.jpg,Bill_Parcells/Bill_Parcells_0002.jpg,1,0.98758584
Binyamin_Ben-Eliezer/Binyamin_Ben-Eliezer_0003.jpg,Binyamin_Ben-Eliezer/Binyamin_Ben-Eliezer_0005.jpg,1,0.99352056
Binyamin_Ben-Eliezer/Binyamin_Ben-Eliezer_0005.jpg,Binyamin_Ben-Eliezer/Binyamin_Ben-Eliezer_0006.jpg,1,0.99485415
Binyamin_Ben-Eliezer/Binyamin_Ben-Eliezer_0006.jpg,Binyamin_Ben-Eliezer/Binyamin_Ben-Eliezer_0007.jpg,1,0.99395794
Brendan_Hansen/Brendan_Hansen_0001.jpg,Brendan_Hansen/Brendan_Hansen_0002.jpg,1,0.99218976
Brian_Wells/Brian_Wells_0001.jpg,Brian_Wells/Brian_Wells_0002.jpg,1,0.99041152
Carlos_Quintanilla_Schmidt/Carlos_Quintanilla_Schmidt_0001.jpg,Carlos_Quintanilla_Schmidt/Carlos_Quintanilla_Schmidt_0002.jpg,1,0.98787731
Carolina_Moraes/Carolina_Moraes_0001.jpg,Carolina_Moraes/Carolina_Moraes_0002.jpg,1,0.99557412
Cecilia_Bolocco/Cecilia_Bolocco_0001.jpg,Cecilia_Bolocco/Cecilia_Bolocco_0002.jpg,1,0.99203819
Cecilia_Bolocco/Cecilia_Bolocco_0001.jpg,Cecilia_Bolocco/Cecilia_Bolocco_0003.jpg,1,0.99099934
Cecilia_Bolocco/Cecilia_Bolocco_0002.jpg,Cecilia_Bolocco/Cecilia_Bolocco_0003.jpg,1,0.99696493
Cesar_Gaviria/Cesar_Gaviria_0002.jpg,Cesar_Gaviria/Cesar_Gaviria_0004.jpg,1,0.98902488
Cesar_Gaviria/Cesar_Gaviria_0002.jpg,Cesar_Gaviria/Cesar_Gaviria_0005.jpg,1,0.98777783
Cesar_Gaviria/Cesar_Gaviria_0003.jpg,Cesar_Gaviria/Cesar_Gaviria_0006.jpg,1,0.98895466
Cesar_Gaviria/Cesar_Gaviria_0003.jpg,Cesar_Gaviria/Cesar_Gaviria_0007.jpg,1,0.99197698
Cesar_Gaviria/Cesar_Gaviria_0004.jpg,Cesar_Gaviria/Cesar_Gaviria_0006.jpg,1,0.99013132
Charlie_Zaa/Charlie_Zaa_0001.jpg,Charlie_Zaa/Charlie_Zaa_0002.jpg,1,0.99450487
Chita_Rivera/Chita_Rivera_0001.jpg,Chita_Rivera/Chita_Rivera_0002.jpg,1,0.99363756
Christian_Longo/Christian_Longo_0001.jpg,Christian_Longo/Christian_Longo_0002.jpg,1,0.99197948
Christian_Longo/Christian_Longo_0001.jpg,Christian_Longo/Christian_Longo_0003.jpg,1,0.99285507
Christian_Wulff/Christian_Wulff_0001.jpg,Christian_Wulff/Christian_Wulff_0002.jpg,1,0.98880512
Colin_Jackson/Colin_Jackson_0001.jpg,Colin_Jackson/Colin_Jackson_0002.jpg,1,0.99736631
Darrell_Issa/Darrell_Issa_0001.jpg,Darrell_Issa/Darrell_Issa_0002.jpg,1,0.99250585
Darrell_Porter/Darrell_Porter_0001.jpg,Darrell_Porter/Darrell_Porter_0002.jpg,1,0.96582901
Dave_Campo/Dave_Campo_0001.jpg,Dave_Campo/Dave_Campo_0003.jpg,1,0.99355114
David_Dodge/David_Dodge_0001.jpg,David_Dodge/David_Dodge_0002.jpg,1,0.99335152
David_Heyman/David_Heyman_0001.jpg,David_Heyman/David_Heyman_0002.jpg,1,0.99128580
David_Spade/David_Spade_0001.jpg,David_Spade/David_Spade_0002.jpg,1,0.98634911
David_Wells/David_Wells_0001.jpg,David_Wells/David_Wells_0005.jpg,1,0.99325973
David_Wells/David_Wells_0001.jpg,David_Wells/David_Wells_0006.jpg,1,0.97992110
David_Wells/David_Wells_0001.jpg,David_Wells/David_Wells_0007.jpg,1,0.99160844
David_Wells/David_Wells_0002.jpg,David_Wells/David_Wells_0006.jpg,1,0.99491727
David_Wells/David_Wells_0005.jpg,David_Wells/David_Wells_0006.jpg,1,0.98682165
Debbie_Reynolds/Debbie_Reynolds_0001.jpg,Debbie_Reynolds/Debbie_Reynolds_0003.jpg,1,0.98334956
Debbie_Reynolds/Debbie_Reynolds_0002.jpg,Debbie_Reynolds/Debbie_Reynolds_0004.jpg,1,0.99040544
Dexter_Jackson/Dexter_Jackson_0001.jpg,Dexter_Jackson/Dexter_Jackson_0002.jpg,1,0.99888086
Diana_Taurasi/Diana_Taurasi_0001.jpg,Diana_Taurasi/Diana_Taurasi_0002.jpg,1,0.98797178
Donald_Evans/Donald_Evans_0001.jpg,Donald_Evans/Donald_Evans_0002.jpg,1,0.99478596
Duane_Lee_Chapman/Duane_Lee_Chapman_0001.jpg,Duane_Lee_Chapman/Duane_Lee_Chapman_0002.jpg,1,0.99214637
Ed_Smart/Ed_Smart_0001.jpg,Ed_Smart/Ed_Smart_0003.jpg,1,0.96190155
Eileen_Coparropa/Eileen_Coparropa_0001.jpg,Eileen_Coparropa/Eileen_Coparropa_0002.jpg,1,0.99892825
Eileen_Coparropa/Eileen_Coparropa_0001.jpg,Eileen_Coparropa/Eileen_Coparropa_0003.jpg,1,0.99271548
Eileen_Coparropa/Eileen_Coparropa_0002.jpg,Eileen_Coparropa/Eileen_Coparropa_0003.jpg,1,0.99329585
Elizabeth_Dole/Elizabeth_Dole_0001.jpg,Elizabeth_Dole/Elizabeth_Dole_0003.jpg,1,0.99567825
Elizabeth_Dole/Elizabeth_Dole_0002.jpg,Elizabeth_Dole/Elizabeth_Dole_0004.jpg,1,0.99459362
Fred_Funk/Fred_Funk_0001.jpg,Fred_Funk/Fred_Funk_0002.jpg,1,0.98212945
Gabriel_Valdes/Gabriel_Valdes_0001.jpg,Gabriel_Valdes/Gabriel_Valdes_0002.jpg,1,0.98483586
Gary_Winnick/Gary_Winnick_0001.jpg,Gary_Winnick/Gary_Winnick_0002.jpg,1,0.99721730
Geno_Auriemma/Geno_Auriemma_0001.jpg,Geno_Auriemma/Geno_Auriemma_0002.jpg,1,0.98339641
George_Karl/George_Karl_0001.jpg,George_Karl/George_Karl_0002.jpg,1,0.99649692
George_Robertson/George_Robertson_0002.jpg,George_Robertson/George_Robertson_0003.jpg,1,0.99620092
George_Robertson/George_Robertson_0003.jpg,George_Robertson/George_Robertson_0019.jpg,1,0.99554318
George_Robertson/George_Robertson_0007.jpg,George_Robertson/George_Robertson_0019.jpg,1,0.99279797
George_Robertson/George_Robertson_0011.jpg,George_Robertson/George_Robertson_0012.jpg,1,0.98953605
George_Ryan/George_Ryan_0001.jpg,George_Ryan/George_Ryan_0004.jpg,1,0.99776769
George_Ryan/George_Ryan_0002.jpg,George_Ryan/George_Ryan_0003.jpg,1,0.99952930
George_W_Bush/George_W_Bush_0007.jpg,George_W_Bush/George_W_Bush_0065.jpg,1,0.99107111
George_W_Bush/George_W_Bush_0016.jpg,George_W_Bush/George_W_Bush_0482.jpg,1,0.98971701
George_W_Bush/George_W_Bush_0145.jpg,George_W_Bush/George_W_Bush_0150.jpg,1,0.98200279
George_W_Bush/George_W_Bush_0145.jpg,George_W_Bush/George_W_Bush_0238.jpg,1,0.98707175
George_W_Bush/George_W_Bush_0203.jpg,George_W_Bush/George_W_Bush_0247.jpg,1,0.99323493
Gloria_Trevi/Gloria_Trevi_0001.jpg,Gloria_Trevi/Gloria_Trevi_0002.jpg,1,0.99659932
Gloria_Trevi/Gloria_Trevi_0002.jpg,Gloria_Trevi/Gloria_Trevi_0003.jpg,1,0.99406487
Gloria_Trevi/Gloria_Trevi_0002.jpg,Gloria_Trevi/Gloria_Trevi_0004.jpg,1,0.99831259
Gordon_Campbell/Gordon_Campbell_0001.jpg,Gordon_Campbell/Gordon_Campbell_0002.jpg,1,0.99453676
Greg_Rusedski/Greg_Rusedski_0001.jpg,Greg_Rusedski/Greg_Rusedski_0002.jpg,1,0.98969638
Greg_Rusedski/Greg_Rusedski_0002.jpg,Greg_Rusedski/Greg_Rusedski_0003.jpg,1,0.99052298
Greg_Rusedski/Greg_Rusedski_0002.jpg,Greg_Rusedski/Greg_Rusedski_0004.jpg,1,0.99849606
Greg_Rusedski/Greg_Rusedski_0003.jpg,Greg_Rusedski/Greg_Rusedski_0004.jpg,1,0.98824298
Gustavo_Kuerten/Gustavo_Kuerten_0001.jpg,Gustavo_Kuerten/Gustavo_Kuerten_0002.jpg,1,0.98921120
Gustavo_Kuerten/Gustavo_Kuerten_0002.jpg,Gustavo_Kuerten/Gustavo_Kuerten_0003.jpg,1,0.98996973
Guy_Hemmings/Guy_Hemmings_0001.jpg,Guy_Hemmings/Guy_Hemmings_0002.jpg,1,0.99486625
Halle_Berry/Halle_Berry_0006.jpg,Halle_Berry/Halle_Berry_0007.jpg,1,0.99613553
Halle_Berry/Halle_Berry_0006.jpg,Halle_Berry/Halle_Berry_0009.jpg,1,0.97019184
Halle_Berry/Halle_Berry_0007.jpg,Halle_Berry/Halle_Berry_0009.jpg,1,0.97273439
Heather_Mills/Heather_Mills_0002.jpg,Heather_Mills/Heather_Mills_0003.jpg,1,0.99257612
Heather_Mills/Heather_Mills_0002.jpg,Heather_Mills/Heather_Mills_0004.jpg,1,0.98048770
Heidi_Fleiss/Heidi_Fleiss_0001.jpg,Heidi_Fleiss/Heidi_Fleiss_0002.jpg,1,0.99041283
Heidi_Fleiss/Heidi_Fleiss_0001.jpg,Heidi_Fleiss/Heidi_Fleiss_0003.jpg,1,0.99379241
Henrique_Meirelles/Henrique_Meirelles_0001.jpg,Henrique_Meirelles/Henrique_Meirelles_0002.jpg,1,0.99543333
Iva_Majoli/Iva_Majoli_0001.jpg,Iva_Majoli/Iva_Majoli_0002.jpg,1,0.98303187
Jake_Gyllenhaal/Jake_Gyllenhaal_0003.jpg,Jake_Gyllenhaal/Jake_Gyllenhaal_0005.jpg,1,0.99685431
Jake_Gyllenhaal/Jake_Gyllenhaal_0004.jpg,Jake_Gyllenhaal/Jake_Gyllenhaal_0005.jpg,1,0.99889785
James_Cunningham/James_Cunningham_0001.jpg,James_Cunningham/James_Cunningham_0002.jpg,1,0.99197090
James_Cunningham/James_Cunningham_0001.jpg,James_Cunningham/James_Cunningham_0003.jpg,1,0.98593342
James_Cunningham/James_Cunningham_0002.jpg,James_Cunningham/James_Cunningham_0003.jpg,1,0.96949542
James_Parker/James_Parker_0001.jpg,James_Parker/James_Parker_0002.jpg,1,0.97957683
James_Wolfensohn/James_Wolfensohn_0002.jpg,James_Wolfensohn/James_Wolfensohn_0005.jpg,1,0.99180579
Jason_Lezak/Jason_Lezak_0001.jpg,Jason_Lezak/Jason_Lezak_0002.jpg,1,0.99667358
Jay_Rasulo/Jay_Rasulo_0001.jpg,Jay_Rasulo/Jay_Rasulo_0002.jpg,1,0.99012035
Jean-Claude_Juncker/Jean-Claude_Juncker_0001.jpg,Jean-Claude_Juncker/Jean-Claude_Juncker_0002.jpg,1,0.98882246
Jennifer_Lopez/Jennifer_Lopez_0001.jpg,Jennifer_Lopez/Jennifer_Lopez_0003.jpg,1,0.98645890
Jennifer_Lopez/Jennifer_Lopez_0002.jpg,Jennifer_Lopez/Jennifer_Lopez_0016.jpg,1,0.98952848
Jennifer_Lopez/Jennifer_Lopez_0003.jpg,Jennifer_Lopez/Jennifer_Lopez_0010.jpg,1,0.99527514
Jennifer_Lopez/Jennifer_Lopez_0003.jpg,Jennifer_Lopez/Jennifer_Lopez_0014.jpg,1,0.99160367
Jesse_Jackson/Jesse_Jackson_0001.jpg,Jesse_Jackson/Jesse_Jackson_0003.jpg,1,0.99262387
Jesse_Jackson/Jesse_Jackson_0005.jpg,Jesse_Jackson/Jesse_Jackson_0008.jpg,1,0.99638116
Jesse_Jackson/Jesse_Jackson_0007.jpg,Jesse_Jackson/Jesse_Jackson_0008.jpg,1,0.99281144
Jesse_James_Leija/Jesse_James_Leija_0001.jpg,Jesse_James_Leija/Jesse_James_Leija_0002.jpg,1,0.98257118
Jesse_Ventura/Jesse_Ventura_0002.jpg,Jesse_Ventura/Jesse_Ventura_0003.jpg,1,0.99499291
Jia_Qinglin/Jia_Qinglin_0001.jpg,Jia_Qinglin/Jia_Qinglin_0002.jpg,1,0.99793768
Jim_Tressel/Jim_Tressel_0001.jpg,Jim_Tressel/Jim_Tressel_0002.jpg,1,0.98905587
Jim_Tressel/Jim_Tressel_0001.jpg,Jim_Tressel/Jim_Tressel_0004.jpg,1,0.99413854
Jim_Tressel/Jim_Tressel_0002.jpg,Jim_Tressel/Jim_Tressel_0004.jpg,1,0.98390067
Joan_Laporta/Joan_Laporta_0001.jpg,Joan_Laporta/Joan_Laporta_0006.jpg,1,0.99036556
Joan_Laporta/Joan_Laporta_0006.jpg,Joan_Laporta/Joan_Laporta_0007.jpg,1,0.99444270
Joan_Laporta/Joan_Laporta_0006.jpg,Joan_Laporta/Joan_Laporta_0008.jpg,1,0.98183441
Joe_Dumars/Joe_Dumars_0001.jpg,Joe_Dumars/Joe_Dumars_0002.jpg,1,0.99963558
John_Ashcroft/John_Ashcroft_0003.jpg,John_Ashcroft/John_Ashcroft_0005.jpg,1,0.99646842
John_Ashcroft/John_Ashcroft_0013.jpg,John_Ashcroft/John_Ashcroft_0034.jpg,1,0.98529708
John_Ashcroft/John_Ashcroft_0042.jpg,John_Ashcroft/John_Ashcroft_0043.jpg,1,0.98883992
John_Bolton/John_Bolton_0006.jpg,John_Bolton/John_Bolton_0007.jpg,1,0.99391389
John_Bolton/John_Bolton_0011.jpg,John_Bolton/John_Bolton_0016.jpg,1,0.99050754
John_Swofford/John_Swofford_0001.jpg,John_Swofford/John_Swofford_0002.jpg,1,0.99802727
John_Swofford/John_Swofford_0001.jpg,John_Swofford/John_Swofford_0003.jpg,1,0.99549031
John_Timoney/John_Timoney_0001.jpg,John_Timoney/John_Timoney_0002.jpg,1,0.99905002
Jon_Gruden/Jon_Gruden_0001.jpg,Jon_Gruden/Jon_Gruden_0002.jpg,1,0.99596095
Jon_Gruden/Jon_Gruden_0002.jpg,Jon_Gruden/Jon_Gruden_0005.jpg,1,0.99590111
Jon_Gruden/Jon_Gruden_0003.jpg,Jon_Gruden/Jon_Gruden_0006.jpg,1,0.98776329
Jon_Gruden/Jon_Gruden_0003.jpg,Jon_Gruden/Jon_Gruden_0007.jpg,1,0.99111795
Julie_Taymor/Julie_Taymor_0001.jpg,Julie_Taymor/Julie_Taymor_0002.jpg,1,0.99718088
Kamal_Kharrazi/Kamal_Kharrazi_0001.jpg,Kamal_Kharrazi/Kamal_Kharrazi_0005.jpg,1,0.98998404
Kamal_Kharrazi/Kamal_Kharrazi_0002.jpg,Kamal_Kharrazi/Kamal_Kharrazi_0003.jpg,1,0.98647767
Kamal_Kharrazi/Kamal_Kharrazi_0002.jpg,Kamal_Kharrazi/Kamal_Kharrazi_0006.jpg,1,0.98146999
Karin_Stoiber/Karin_Stoiber_0001.jpg,Karin_Stoiber/Karin_Stoiber_0002.jpg,1,0.99623162
Kim_Yong-il/Kim_Yong-il_0001.jpg,Kim_Yong-il/Kim_Yong-il_0002.jpg,1,0.99416840
Kim_Yong-il/Kim_Yong-il_0001.jpg,Kim_Yong-il/Kim_Yong-il_0003.jpg,1,0.99151236
Kimi_Raikkonen/Kimi_Raikkonen_0001.jpg,Kimi_Raikkonen/Kimi_Raikkonen_0003.jpg,1,0.97201341
Kimi_Raikkonen/Kimi_Raikkonen_0002.jpg,Kimi_Raikkonen/Kimi_Raikkonen_0003.jpg,1,0.99439096
Kjell_Magne_Bondevik/Kjell_Magne_Bondevik_0001.jpg,Kjell_Magne_Bondevik/Kjell_Magne_Bondevik_0003.jpg,1,0.99650782
Kobe_Bryant/Kobe_Bryant_0001.jpg,Kobe_Bryant/Kobe_Bryant_0002.jpg,1,0.99532056
Kurt_Warner/Kurt_Warner_0001.jpg,Kurt_Warner/Kurt_Warner_0002.jpg,1,0.99207783
Kurt_Warner/Kurt_Warner_0001.jpg,Kurt_Warner/Kurt_Warner_0004.jpg,1,0.99232078
Kurt_Warner/Kurt_Warner_0002.jpg,Kurt_Warner/Kurt_Warner_0004.jpg,1,0.99651301
Kurt_Warner/Kurt_Warner_0003.jpg,Kurt_Warner/Kurt_Warner_0005.jpg,1,0.99703801
Kwon_Yang-sook/Kwon_Yang-sook_0001.jpg,Kwon_Yang-sook/Kwon_Yang-sook_0003.jpg,1,0.99664569
Kwon_Yang-sook/Kwon_Yang-sook_0002.jpg,Kwon_Yang-sook/Kwon_Yang-sook_0003.jpg,1,0.99127561
Lee_Jun/Lee_Jun_0001.jpg,Lee_Jun/Lee_Jun_0002.jpg,1,0.99575853
Leonid_Kuchma/Leonid_Kuchma_0001.jpg,Leonid_Kuchma/Leonid_Kuchma_0002.jpg,1,0.99810350
Leonid_Kuchma/Leonid_Kuchma_0001.jpg,Leonid_Kuchma/Leonid_Kuchma_0003.jpg,1,0.99679863
Leonid_Kuchma/Leonid_Kuchma_0002.jpg,Leonid_Kuchma/Leonid_Kuchma_0003.jpg,1,0.99832678
Leonid_Kuchma/Leonid_Kuchma_0002.jpg,Leonid_Kuchma/Leonid_Kuchma_0005.jpg,1,0.99690068
Leonid_Kuchma/Leonid_Kuchma_0004.jpg,Leonid_Kuchma/Leonid_Kuchma_0005.jpg,1,0.99332249
Lina_Krasnoroutskaya/Lina_Krasnoroutskaya_0001.jpg,Lina_Krasnoroutskaya/Lina_Krasnoroutskaya_0002.jpg,1,0.98866582
Lisa_Raymond/Lisa_Raymond_0001.jpg,Lisa_Raymond/Lisa_Raymond_0002.jpg,1,0.99302185
Lord_Hutton/Lord_Hutton_0001.jpg,Lord_Hutton/Lord_Hutton_0002.jpg,1,0.99904650
Luiz_Felipe_Scolari/Luiz_Felipe_Scolari_0001.jpg,Luiz_Felipe_Scolari/Luiz_Felipe_Scolari_0002.jpg,1,0.99416590
Lynn_Redgrave/Lynn_Redgrave_0002.jpg,Lynn_Redgrave/Lynn_Redgrave_0003.jpg,1,0.99350893
Magdalena_Maleeva/Magdalena_Maleeva_0001.jpg,Magdalena_Maleeva/Magdalena_Maleeva_0002.jpg,1,0.97900414
Magdalena_Maleeva/Magdalena_Maleeva_0001.jpg,Magdalena_Maleeva/Magdalena_Maleeva_0003.jpg,1,0.99469447
Magdalena_Maleeva/Magdalena_Maleeva_0002.jpg,Magdalena_Maleeva/Magdalena_Maleeva_0003.jpg,1,0.97844374
Marcelo_Ebrard/Marcelo_Ebrard_0001.jpg,Marcelo_Ebrard/Marcelo_Ebrard_0002.jpg,1,0.99598873
Marcelo_Ebrard/Marcelo_Ebrard_0001.jpg,Marcelo_Ebrard/Marcelo_Ebrard_0003.jpg,1,0.99310124
Marcelo_Rios/Marcelo_Rios_0001.jpg,Marcelo_Rios/Marcelo_Rios_0003.jpg,1,0.99563032
Marcelo_Rios/Marcelo_Rios_0001.jpg,Marcelo_Rios/Marcelo_Rios_0004.jpg,1,0.99586564
Marcelo_Rios/Marcelo_Rios_0002.jpg,Marcelo_Rios/Marcelo_Rios_0003.jpg,1,0.99305117
Marcelo_Rios/Marcelo_Rios_0003.jpg,Marcelo_Rios/Marcelo_Rios_0004.jpg,1,0.99739552
Marcelo_Rios/Marcelo_Rios_0003.jpg,Marcelo_Rios/Marcelo_Rios_0005.jpg,1,0.99445778
Maria_Shriver/Maria_Shriver_0001.jpg,Maria_Shriver/Maria_Shriver_0007.jpg,1,0.98942822
Maria_Shriver/Maria_Shriver_0001.jpg,Maria_Shriver/Maria_Shriver_0008.jpg,1,0.99294305
Maria_Shriver/Maria_Shriver_0002.jpg,Maria_Shriver/Maria_Shriver_0006.jpg,1,0.99092257
Maria_Shriver/Maria_Shriver_0002.jpg,Maria_Shriver/Maria_Shriver_0008.jpg,1,0.99121821
Maria_Shriver/Maria_Shriver_0003.jpg,Maria_Shriver/Maria_Shriver_0008.jpg,1,0.99380606
Marilyn_Monroe/Marilyn_Monroe_0001.jpg,Marilyn_Monroe/Marilyn_Monroe_0002.jpg,1,0.98383147
Mario_Cipollini/Mario_Cipollini_0001.jpg,Mario_Cipollini/Mario_Cipollini_0002.jpg,1,0.99480045
Mark_Hurlbert/Mark_Hurlbert_0001.jpg,Mark_Hurlbert/Mark_Hurlbert_0005.jpg,1,0.99091429
Mark_Hurlbert/Mark_Hurlbert_0002.jpg,Mark_Hurlbert/Mark_Hurlbert_0003.jpg,1,0.99697524
Mark_Hurlbert/Mark_Hurlbert_0002.jpg,Mark_Hurlbert/Mark_Hurlbert_0004.jpg,1,0.99147606
Martin_Scorsese/Martin_Scorsese_0002.jpg,Martin_Scorsese/Martin_Scorsese_0005.jpg,1,0.99247736
Martin_Scorsese/Martin_Scorsese_0003.jpg,Martin_Scorsese/Martin_Scorsese_0004.jpg,1,0.98976177
Marwan_Barghouthi/Marwan_Barghouthi_0001.jpg,Marwan_Barghouthi/Marwan_Barghouthi_0002.jpg,1,0.99792826
Michael_Bloomberg/Michael_Bloomberg_0001.jpg,Michael_Bloomberg/Michael_Bloomberg_0012.jpg,1,0.99708050
Michael_Bloomberg/Michael_Bloomberg_0003.jpg,Michael_Bloomberg/Michael_Bloomberg_0005.jpg,1,0.99464321
Michael_Bloomberg/Michael_Bloomberg_0007.jpg,Michael_Bloomberg/Michael_Bloomberg_0011.jpg,1,0.99746144
Michael_Bloomberg/Michael_Bloomberg_0011.jpg,Michael_Bloomberg/Michael_Bloomberg_0013.jpg,1,0.99238324
Michael_Chang/Michael_Chang_0001.jpg,Michael_Chang/Michael_Chang_0003.jpg,1,0.98253012
Michael_Chang/Michael_Chang_0005.jpg,Michael_Chang/Michael_Chang_0006.jpg,1,0.99608755
Michael_Jackson/Michael_Jackson_0001.jpg,Michael_Jackson/Michael_Jackson_0006.jpg,1,0.98953867
Michael_Jackson/Michael_Jackson_0002.jpg,Michael_Jackson/Michael_Jackson_0003.jpg,1,0.99691254
Michael_Jackson/Michael_Jackson_0002.jpg,Michael_Jackson/Michael_Jackson_0011.jpg,1,0.99243295
Michael_Jackson/Michael_Jackson_0002.jpg,Michael_Jackson/Michael_Jackson_0012.jpg,1,0.98572749
Michael_Jackson/Michael_Jackson_0011.jpg,Michael_Jackson/Michael_Jackson_0012.jpg,1,0.99128091
Michael_Patrick_King/Michael_Patrick_King_0001.jpg,Michael_Patrick_King/Michael_Patrick_King_0002.jpg,1,0.99154961
Michelle_Rodriguez/Michelle_Rodriguez_0001.jpg,Michelle_Rodriguez/Michelle_Rodriguez_0002.jpg,1,0.99838203
Mike_Babcock/Mike_Babcock_0001.jpg,Mike_Babcock/Mike_Babcock_0002.jpg,1,0.99441129
Mike_Martz/Mike_Martz_0001.jpg,Mike_Martz/Mike_Martz_0003.jpg,1,0.99801826
Mike_Scioscia/Mike_Scioscia_0001.jpg,Mike_Scioscia/Mike_Scioscia_0002.jpg,1,0.97758186
Mikulas_Dzurinda/Mikulas_Dzurinda_0001.jpg,Mikulas_Dzurinda/Mikulas_Dzurinda_0002.jpg,1,0.99505353
Miroljub/Miroljub_0001.jpg,Miroljub/Miroljub_0002.jpg,1,0.99590296
Nasser_al-Kidwa/Nasser_al-Kidwa_0001.jpg,Nasser_al-Kidwa/Nasser_al-Kidwa_0002.jpg,1,0.99296641
Nick_Nolte/Nick_Nolte_0001.jpg,Nick_Nolte/Nick_Nolte_0002.jpg,1,0.99299502
Nick_Nolte/Nick_Nolte_0001.jpg,Nick_Nolte/Nick_Nolte_0003.jpg,1,0.99425101
Nick_Nolte/Nick_Nolte_0001.jpg,Nick_Nolte/Nick_Nolte_0005.jpg,1,0.99699008
Nick_Nolte/Nick_Nolte_0002.jpg,Nick_Nolte/Nick_Nolte_0004.jpg,1,0.99566424
Nick_Nolte/Nick_Nolte_0003.jpg,Nick_Nolte/Nick_Nolte_0004.jpg,1,0.99262905
OJ_Simpson/OJ_Simpson_0001.jpg,OJ_Simpson/OJ_Simpson_0002.jpg,1,0.99779874
Oprah_Winfrey/Oprah_Winfrey_0001.jpg,Oprah_Winfrey/Oprah_Winfrey_0002.jpg,1,0.98289216
Oprah_Winfrey/Oprah_Winfrey_0002.jpg,Oprah_Winfrey/Oprah_Winfrey_0003.jpg,1,0.99784333
Orlando_Bloom/Orlando_Bloom_0002.jpg,Orlando_Bloom/Orlando_Bloom_0003.jpg,1,0.99472976
Ozzy_Osbourne/Ozzy_Osbourne_0001.jpg,Ozzy_Osbourne/Ozzy_Osbourne_0003.jpg,1,0.98586595
Paul_Coppin/Paul_Coppin_0001.jpg,Paul_Coppin/Paul_Coppin_0002.jpg,1,0.98809719
Paul_Martin/Paul_Martin_0001.jpg,Paul_Martin/Paul_Martin_0006.jpg,1,0.99200243
Paul_Martin/Paul_Martin_0001.jpg,Paul_Martin/Paul_Martin_0007.jpg,1,0.98873693
Paul_McNulty/Paul_McNulty_0001.jpg,Paul_McNulty/Paul_McNulty_0002.jpg,1,0.99603820
Paul_ONeill/Paul_ONeill_0001.jpg,Paul_ONeill/Paul_ONeill_0003.jpg,1,0.99437451
Paul_ONeill/Paul_ONeill_0005.jpg,Paul_ONeill/Paul_ONeill_0007.jpg,1,0.98900259
Paul_Patton/Paul_Patton_0001.jpg,Paul_Patton/Paul_Patton_0002.jpg,1,0.99667490
Paula_Zahn/Paula_Zahn_0001.jpg,Paula_Zahn/Paula_Zahn_0002.jpg,1,0.99394321
Pierce_Brosnan/Pierce_Brosnan_0001.jpg,Pierce_Brosnan/Pierce_Brosnan_0005.jpg,1,0.98519850
Pierce_Brosnan/Pierce_Brosnan_0003.jpg,Pierce_Brosnan/Pierce_Brosnan_0007.jpg,1,0.99472809
Pierce_Brosnan/Pierce_Brosnan_0006.jpg,Pierce_Brosnan/Pierce_Brosnan_0009.jpg,1,0.99475241
Pierce_Brosnan/Pierce_Brosnan_0009.jpg,Pierce_Brosnan/Pierce_Brosnan_0014.jpg,1,0.99250984
Pierre_Pettigrew/Pierre_Pettigrew_0001.jpg,Pierre_Pettigrew/Pierre_Pettigrew_0003.jpg,1,0.99439466
Ralf_Schumacher/Ralf_Schumacher_0005.jpg,Ralf_Schumacher/Ralf_Schumacher_0008.jpg,1,0.98866189
Ricky_Barnes/Ricky_Barnes_0001.jpg,Ricky_Barnes/Ricky_Barnes_0002.jpg,1,0.97453547
Rita_Wilson/Rita_Wilson_0001.jpg,Rita_Wilson/Rita_Wilson_0004.jpg,1,0.99786747
Rob_Schneider/Rob_Schneider_0001.jpg,Rob_Schneider/Rob_Schneider_0002.jpg,1,0.99183947
Robbie_Fowler/Robbie_Fowler_0001.jpg,Robbie_Fowler/Robbie_Fowler_0002.jpg,1,0.99642754
Robert_Blake/Robert_Blake_0001.jpg,Robert_Blake/Robert_Blake_0003.jpg,1,0.96586943
Robert_Blake/Robert_Blake_0001.jpg,Robert_Blake/Robert_Blake_0004.jpg,1,0.97494662
Robert_Blake/Robert_Blake_0005.jpg,Robert_Blake/Robert_Blake_0006.jpg,1,0.98491585
Rogerio_Romero/Rogerio_Romero_0001.jpg,Rogerio_Romero/Rogerio_Romero_0002.jpg,1,0.98214984
Rupert_Grint/Rupert_Grint_0001.jpg,Rupert_Grint/Rupert_Grint_0003.jpg,1,0.99855953
Salman_Rushdie/Salman_Rushdie_0001.jpg,Salman_Rushdie/Salman_Rushdie_0003.jpg,1,0.99741030
Salman_Rushdie/Salman_Rushdie_0002.jpg,Salman_Rushdie/Salman_Rushdie_0003.jpg,1,0.99527627
Scott_Sullivan/Scott_Sullivan_0001.jpg,Scott_Sullivan/Scott_Sullivan_0002.jpg,1,0.99194098
Scott_Wolf/Scott_Wolf_0001.jpg,Scott_Wolf/Scott_Wolf_0002.jpg,1,0.99490821
Sepp_Blatter/Sepp_Blatter_0001.jpg,Sepp_Blatter/Sepp_Blatter_0002.jpg,1,0.99225724
Sepp_Blatter/Sepp_Blatter_0001.jpg,Sepp_Blatter/Sepp_Blatter_0003.jpg,1,0.98642039
Sepp_Blatter/Sepp_Blatter_0002.jpg,Sepp_Blatter/Sepp_Blatter_0003.jpg,1,0.99230856
Simon_Cowell/Simon_Cowell_0001.jpg,Simon_Cowell/Simon_Cowell_0002.jpg,1,0.99289083
Slobodan_Milosevic/Slobodan_Milosevic_0001.jpg,Slobodan_Milosevic/Slobodan_Milosevic_0003.jpg,1,0.99652421
Slobodan_Milosevic/Slobodan_Milosevic_0002.jpg,Slobodan_Milosevic/Slobodan_Milosevic_0003.jpg,1,0.99670029
Slobodan_Milosevic/Slobodan_Milosevic_0003.jpg,Slobodan_Milosevic/Slobodan_Milosevic_0004.jpg,1,0.99775875
Stacy_Dragila/Stacy_Dragila_0001.jpg,Stacy_Dragila/Stacy_Dragila_0002.jpg,1,0.99140048
Stephen_Ambrose/Stephen_Ambrose_0001.jpg,Stephen_Ambrose/Stephen_Ambrose_0002.jpg,1,0.99170327
Stephen_Daldry/Stephen_Daldry_0001.jpg,Stephen_Daldry/Stephen_Daldry_0002.jpg,1,0.98433495
Stephen_Friedman/Stephen_Friedman_0001.jpg,Stephen_Friedman/Stephen_Friedman_0002.jpg,1,0.98721468
Theo_Epstein/Theo_Epstein_0001.jpg,Theo_Epstein/Theo_Epstein_0002.jpg,1,0.99097186
Thomas_Wyman/Thomas_Wyman_0001.jpg,Thomas_Wyman/Thomas_Wyman_0002.jpg,1,0.99179679
Tim_Floyd/Tim_Floyd_0001.jpg,Tim_Floyd/Tim_Floyd_0002.jpg,1,0.99865705
Tom_Watson/Tom_Watson_0001.jpg,Tom_Watson/Tom_Watson_0003.jpg,1,0.98394936
Tom_Watson/Tom_Watson_0002.jpg,Tom_Watson/Tom_Watson_0003.jpg,1,0.99121046
Tommy_Robredo/Tommy_Robredo_0001.jpg,Tommy_Robredo/Tommy_Robredo_0003.jpg,1,0.99464124
Tommy_Robredo/Tommy_Robredo_0002.jpg,Tommy_Robredo/Tommy_Robredo_0003.jpg,1,0.99611866
Tony_Parker/Tony_Parker_0001.jpg,Tony_Parker/Tony_Parker_0002.jpg,1,0.99441642
Tony_Stewart/Tony_Stewart_0001.jpg,Tony_Stewart/Tony_Stewart_0006.jpg,1,0.99340796
Tony_Stewart/Tony_Stewart_0002.jpg,Tony_Stewart/Tony_Stewart_0003.jpg,1,0.97016120
Tony_Stewart/Tony_Stewart_0004.jpg,Tony_Stewart/Tony_Stewart_0005.jpg,1,0.99093497
Tony_Stewart/Tony_Stewart_0004.jpg,Tony_Stewart/Tony_Stewart_0006.jpg,1,0.98756212
Vladimir_Voltchkov/Vladimir_Voltchkov_0001.jpg,Vladimir_Voltchkov/Vladimir_Voltchkov_0002.jpg,1,0.99530828
Wang_Yi/Wang_Yi_0001.jpg,Wang_Yi/Wang_Yi_0002.jpg,1,0.98669595
Zafarullah_Khan_Jamali/Zafarullah_Khan_Jamali_0001.jpg,Zafarullah_Khan_Jamali/Zafarullah_Khan_Jamali_0002.jpg,1,0.99212563
Zhu_Rongji/Zhu_Rongji_0001.jpg,Zhu_Rongji/Zhu_Rongji_0003.jpg,1,0.99147749
Zhu_Rongji/Zhu_Rongji_0002.jpg,Zhu_Rongji/Zhu_Rongji_0008.jpg,1,0.99678296
Abdel_Madi_Shabneh/Abdel_Madi_Shabneh_0001.jpg,Dean_Barker/Dean_Barker_0001.jpg,0,0.98315847
Abdel_Madi_Shabneh/Abdel_Madi_Shabneh_0001.jpg,Giancarlo_Fisichella/Giancarlo_Fisichella_0001.jpg,0,0.97391886
Abdel_Madi_Shabneh/Abdel_Madi_Shabneh_0001.jpg,Mikhail_Gorbachev/Mikhail_Gorbachev_0001.jpg,0,0.96717834
Abdul_Rahman/Abdul_Rahman_0001.jpg,Portia_de_Rossi/Portia_de_Rossi_0001.jpg,0,0.97396040
Abel_Pacheco/Abel_Pacheco_0001.jpg,Jong_Thae_Hwa/Jong_Thae_Hwa_0002.jpg,0,0.96822393
Abel_Pacheco/Abel_Pacheco_0002.jpg,Jean-Francois_Lemounier/Jean-Francois_Lemounier_0001.jpg,0,0.98501778
Afton_Smith/Afton_Smith_0001.jpg,Dwayne_Wade/Dwayne_Wade_0001.jpg,0,0.97252560
Ahmad_Jbarah/Ahmad_Jbarah_0001.jpg,James_Comey/James_Comey_0001.jpg,0,0.97679251
Akhmed_Zakayev/Akhmed_Zakayev_0002.jpg,Donna_Morrissey/Donna_Morrissey_0001.jpg,0,0.96535701
Alan_Dershowitz/Alan_Dershowitz_0001.jpg,Bertrand_Bonello/Bertrand_Bonello_0001.jpg,0,0.97533619
Alanis_Morissette/Alanis_Morissette_0001.jpg,Martin_Cauchon/Martin_Cauchon_0001.jpg,0,0.97300828
Alexander_Lukashenko/Alexander_Lukashenko_0001.jpg,Heather_Chinnock/Heather_Chinnock_0001.jpg,0,0.96230596
Alfonso_Cuaron/Alfonso_Cuaron_0001.jpg,Jason_Priestley/Jason_Priestley_0001.jpg,0,0.97670990
Alfonso_Cuaron/Alfonso_Cuaron_0001.jpg,Patty_Schnyder/Patty_Schnyder_0002.jpg,0,0.96495777
Alfonso_Soriano/Alfonso_Soriano_0001.jpg,Bill_Nelson/Bill_Nelson_0002.jpg,0,0.97410882
Alfonso_Soriano/Alfonso_Soriano_0001.jpg,Julio_De_Brun/Julio_De_Brun_0001.jpg,0,0.97803497
Alfonso_Soriano/Alfonso_Soriano_0001.jpg,Patty_Schnyder/Patty_Schnyder_0003.jpg,0,0.97190797
Alonzo_Mourning/Alonzo_Mourning_0001.jpg,Cecilia_Cheung/Cecilia_Cheung_0001.jpg,0,0.97048253
Amber_Tamblyn/Amber_Tamblyn_0002.jpg,Benjamin_Netanyahu/Benjamin_Netanyahu_0001.jpg,0,0.95306146
Amporn_Falise/Amporn_Falise_0001.jpg,Joe_Pantoliano/Joe_Pantoliano_0001.jpg,0,0.96024138
Anders_Fogh_Rasmussen/Anders_Fogh_Rasmussen_0002.jpg,Johnson_Panjaitan/Johnson_Panjaitan_0002.jpg,0,0.97796649
Andre_Bucher/Andre_Bucher_0001.jpg,Joseph_Ralston/Joseph_Ralston_0001.jpg,0,0.97819537
Andre_Bucher/Andre_Bucher_0001.jpg,Maria_Garcia/Maria_Garcia_0001.jpg,0,0.95938933
Andrew_Gilligan/Andrew_Gilligan_0001.jpg,Henry_Castellanos/Henry_Castellanos_0001.jpg,0,0.96847212
Andrew_Shutley/Andrew_Shutley_0001.jpg,Edmund_Stoiber/Edmund_Stoiber_0005.jpg,0,0.98698282
Andrew_Shutley/Andrew_Shutley_0001.jpg,Mitchell_Swartz/Mitchell_Swartz_0001.jpg,0,0.95803499
Andrew_Shutley/Andrew_Shutley_0001.jpg,Saeb_Erekat/Saeb_Erekat_0002.jpg,0,0.98574322
Andy_Dick/Andy_Dick_0001.jpg,Simon_Yam/Simon_Yam_0001.jpg,0,0.96298802
Andy_Griffith/Andy_Griffith_0001.jpg,Osrat_Iosef/Osrat_Iosef_0001.jpg,0,0.96720850
Andy_Wisecarver/Andy_Wisecarver_0001.jpg,Dimitar_Berbatov/Dimitar_Berbatov_0001.jpg,0,0.98260975
Angela_Lansbury/Angela_Lansbury_0001.jpg,Steven_Van_Zandt/Steven_Van_Zandt_0001.jpg,0,0.96170604
Angela_Lansbury/Angela_Lansbury_0002.jpg,John_Coomber/John_Coomber_0001.jpg,0,0.97898126
Ann_Veneman/Ann_Veneman_0006.jpg,Sergio_Garcia/Sergio_Garcia_0002.jpg,0,0.95449626
Ann_Veneman/Ann_Veneman_0008.jpg,Ted_Williams/Ted_Williams_0001.jpg,0,0.96280777
Annie-Jeanne_Reynaud/Annie-Jeanne_Reynaud_0001.jpg,SJ_Twu/SJ_Twu_0001.jpg,0,0.97210157
Anthony_Carter/Anthony_Carter_0001.jpg,Eliza_Dushku/Eliza_Dushku_0001.jpg,0,0.97061259
Antonio_Cassano/Antonio_Cassano_0001.jpg,Paul_Celluci/Paul_Celluci_0001.jpg,0,0.97489321
Anwar_Ibrahim/Anwar_Ibrahim_0001.jpg,David_Alpay/David_Alpay_0001.jpg,0,0.97213554
Armand_Sargen/Armand_Sargen_0001.jpg,Daryl_Sabara/Daryl_Sabara_0001.jpg,0,0.96151793
Armand_Sargen/Armand_Sargen_0001.jpg,Kelvin_Sampson/Kelvin_Sampson_0003.jpg,0,0.96524614
Armand_Sargen/Armand_Sargen_0001.jpg,Lisa_Gottsegen/Lisa_Gottsegen_0002.jpg,0,0.96615970
Atom_Egoyan/Atom_Egoyan_0001.jpg,Bill_Stapleton/Bill_Stapleton_0001.jpg,0,0.98526096
Atom_Egoyan/Atom_Egoyan_0001.jpg,Janis_Ruth_Coulter/Janis_Ruth_Coulter_0001.jpg,0,0.96953768
Barbara_Brezigar/Barbara_Brezigar_0002.jpg,Doris_Roberts/Doris_Roberts_0002.jpg,0,0.97724628
Barbara_Felt-Miller/Barbara_Felt-Miller_0001.jpg,Leticia_Dolera/Leticia_Dolera_0001.jpg,0,0.99614668
Bart_Freundlich/Bart_Freundlich_0001.jpg,Ernie_Grunfeld/Ernie_Grunfeld_0001.jpg,0,0.98439151
Bart_Freundlich/Bart_Freundlich_0001.jpg,Kirsten_Gilham/Kirsten_Gilham_0001.jpg,0,0.96089089
Benjamin_Martinez/Benjamin_Martinez_0001.jpg,Garry_McCoy/Garry_McCoy_0001.jpg,0,0.96859133
Benjamin_Netanyahu/Benjamin_Netanyahu_0001.jpg,Maria_Callas/Maria_Callas_0001.jpg,0,0.95939910
Benjamin_Netanyahu/Benjamin_Netanyahu_0005.jpg,Frank_Beamer/Frank_Beamer_0001.jpg,0,0.98956287
Bernard_Law/Bernard_Law_0001.jpg,Liu_Xiaoqing/Liu_Xiaoqing_0001.jpg,0,0.96555519
Bernard_Law/Bernard_Law_0003.jpg,Valerie_Harper/Valerie_Harper_0002.jpg,0,0.97866321
Bertrand_Bonello/Bertrand_Bonello_0001.jpg,Jong_Thae_Hwa/Jong_Thae_Hwa_0002.jpg,0,0.97678328
Bill_Bradley/Bill_Bradley_0001.jpg,Chen_Tsai-chin/Chen_Tsai-chin_0001.jpg,0,0.98526555
Bill_Bradley/Bill_Bradley_0001.jpg,Helen_Alvare/Helen_Alvare_0001.jpg,0,0.97118503
Bill_Elliott/Bill_Elliott_0001.jpg,Mary_Anne_Souza/Mary_Anne_Souza_0001.jpg,0,0.96746707
Bill_Frist/Bill_Frist_0005.jpg,Jimmy_Kimmel/Jimmy_Kimmel_0002.jpg,0,0.97117341
Bill_Maher/Bill_Maher_0001.jpg,Brad_Russ/Brad_Russ_0001.jpg,0,0.98019433
Bill_Maher/Bill_Maher_0001.jpg,Juliette_Binoche/Juliette_Binoche_0001.jpg,0,0.97379601
Bill_Nelson/Bill_Nelson_0001.jpg,Kim_Jong-Il/Kim_Jong-Il_0003.jpg,0,0.97454762
Bill_Nelson/Bill_Nelson_0002.jpg,Gillian_Anderson/Gillian_Anderson_0001.jpg,0,0.97029650
Bill_Stapleton/Bill_Stapleton_0001.jpg,Sedigh_Barmak/Sedigh_Barmak_0001.jpg,0,0.97644365
Bill_Stapleton/Bill_Stapleton_0001.jpg,Valerie_Harper/Valerie_Harper_0001.jpg,0,0.97081500
Billy_Bob_Thornton/Billy_Bob_Thornton_0001.jpg,Herb_Dhaliwal/Herb_Dhaliwal_0001.jpg,0,0.97591758
Billy_Bob_Thornton/Billy_Bob_Thornton_0001.jpg,Nong_Duc_Manh/Nong_Duc_Manh_0001.jpg,0,0.98452878
Bob_Alper/Bob_Alper_0001.jpg,Kevin_Millwood/Kevin_Millwood_0001.jpg,0,0.98118341
Bob_Graham/Bob_Graham_0002.jpg,Dwayne_Wade/Dwayne_Wade_0001.jpg,0,0.97471797
Bob_Petrino/Bob_Petrino_0001.jpg,Geraldine_Chaplin/Geraldine_Chaplin_0004.jpg,0,0.98331666
Bob_Petrino/Bob_Petrino_0001.jpg,Jorge_Castaneda/Jorge_Castaneda_0001.jpg,0,0.97027582
Boris_Becker/Boris_Becker_0004.jpg,Julianna_Margulies/Julianna_Margulies_0002.jpg,0,0.98108846
Brad_Russ/Brad_Russ_0001.jpg,Hana_Urushima/Hana_Urushima_0001.jpg,0,0.96814233
Brad_Russ/Brad_Russ_0001.jpg,Romeo_Gigli/Romeo_Gigli_0001.jpg,0,0.97740245
Brawley_King/Brawley_King_0001.jpg,Tom_Glavine/Tom_Glavine_0002.jpg,0,0.97801751
Brian_Griese/Brian_Griese_0002.jpg,Jeffrey_Archer/Jeffrey_Archer_0002.jpg,0,0.97525626
Brian_Griese/Brian_Griese_0002.jpg,Laura_Elena_Harring/Laura_Elena_Harring_0001.jpg,0,0.96782267
Brian_Griese/Brian_Griese_0002.jpg,Nicolas_Lapentti/Nicolas_Lapentti_0002.jpg,0,0.98736429
Bryan_Adams/Bryan_Adams_0001.jpg,Michael_Kors/Michael_Kors_0001.jpg,0,0.98355782
Bryan_Adams/Bryan_Adams_0001.jpg,Mohamed_Seineldin/Mohamed_Seineldin_0001.jpg,0,0.97795570
Calbert_Cheaney/Calbert_Cheaney_0001.jpg,Ian_Smith/Ian_Smith_0001.jpg,0,0.96838844
Calbert_Cheaney/Calbert_Cheaney_0001.jpg,Robert_Downey_Jr/Robert_Downey_Jr_0001.jpg,0,0.97144198
Carl_Reiner/Carl_Reiner_0001.jpg,Hamid_Efendi/Hamid_Efendi_0001.jpg,0,0.98317152
Carl_Reiner/Carl_Reiner_0002.jpg,John_Engler/John_Engler_0001.jpg,0,0.96772695
Carl_Reiner/Carl_Reiner_0002.jpg,Prince_Rainier_III/Prince_Rainier_III_0001.jpg,0,0.99704778
Carl_Reiner/Carl_Reiner_0002.jpg,Tom_Glavine/Tom_Glavine_0002.jpg,0,0.97099632
Carlo_Azeglio_Ciampi/Carlo_Azeglio_Ciampi_0001.jpg,Francis_Ford_Coppola/Francis_Ford_Coppola_0001.jpg,0,0.98307604
Carlos_Arroyo/Carlos_Arroyo_0001.jpg,Shane_Phillips/Shane_Phillips_0001.jpg,0,0.97992164
Carlos_Paternina/Carlos_Paternina_0001.jpg,Emily_Stevens/Emily_Stevens_0001.jpg,0,0.96720183
Carlos_Paternina/Carlos_Paternina_0001.jpg,Paul_Sarbanes/Paul_Sarbanes_0001.jpg,0,0.96094555
Casey_Mears/Casey_Mears_0001.jpg,Mike_Davis/Mike_Davis_0001.jpg,0,0.97464657
Casey_Mears/Casey_Mears_0001.jpg,Yukiko_Okudo/Yukiko_Okudo_0001.jpg,0,0.97250515
Cathy_Freeman/Cathy_Freeman_0002.jpg,William_Martin/William_Martin_0002.jpg,0,0.97869450
Cecilia_Cheung/Cecilia_Cheung_0001.jpg,Daryl_Parks/Daryl_Parks_0001.jpg,0,0.97028464
Cecilia_Cheung/Cecilia_Cheung_0001.jpg,Pascal_Affi_Nguessan/Pascal_Affi_Nguessan_0001.jpg,0,0.96879137
Chen_Tsai-chin/Chen_Tsai-chin_0001.jpg,Dereck_Whittenburg/Dereck_Whittenburg_0001.jpg,0,0.97677356
Chen_Tsai-chin/Chen_Tsai-chin_0001.jpg,Mamdouh_Habib/Mamdouh_Habib_0001.jpg,0,0.96495003
Cho_Myung-kyun/Cho_Myung-kyun_0001.jpg,David_Bell/David_Bell_0001.jpg,0,0.98246920
Cho_Myung-kyun/Cho_Myung-kyun_0001.jpg,Fernando_Sanz/Fernando_Sanz_0001.jpg,0,0.97598213
Cho_Myung-kyun/Cho_Myung-kyun_0001.jpg,Georgia_Giddings/Georgia_Giddings_0001.jpg,0,0.97966695
Cho_Myung-kyun/Cho_Myung-kyun_0001.jpg,Richard_Fine/Richard_Fine_0001.jpg,0,0.97525185
Choi_Yun-yong/Choi_Yun-yong_0001.jpg,Chuck_Eidson/Chuck_Eidson_0001.jpg,0,0.96681607
Chris_Dodd/Chris_Dodd_0001.jpg,Taylor_Twellman/Taylor_Twellman_0001.jpg,0,0.98146546
Chris_Swecker/Chris_Swecker_0001.jpg,Tom_Vilsack/Tom_Vilsack_0001.jpg,0,0.97186750
Christian_Lacroix/Christian_Lacroix_0001.jpg,Laura_Elena_Harring/Laura_Elena_Harring_0001.jpg,0,0.97181177
Christian_Lacroix/Christian_Lacroix_0001.jpg,Ornella_Muti/Ornella_Muti_0001.jpg,0,0.97745949
Chuck_Eidson/Chuck_Eidson_0001.jpg,Sigourney_Weaver/Sigourney_Weaver_0001.jpg,0,0.96268123
Clare_Short/Clare_Short_0004.jpg,Don_Carcieri/Don_Carcieri_0001.jpg,0,0.98737252
Coco_dEste/Coco_dEste_0001.jpg,Darvis_Patton/Darvis_Patton_0001.jpg,0,0.96541333
Coco_dEste/Coco_dEste_0001.jpg,Melina_Kanakaredes/Melina_Kanakaredes_0001.jpg,0,0.98265827
Coco_dEste/Coco_dEste_0001.jpg,Tom_Rouen/Tom_Rouen_0001.jpg,0,0.96131504
Coleen_Rowley/Coleen_Rowley_0001.jpg,Nong_Duc_Manh/Nong_Duc_Manh_0001.jpg,0,0.96720952
Corinne_Coman/Corinne_Coman_0002.jpg,Frank_Beamer/Frank_Beamer_0001.jpg,0,0.96433342
Dale_Earnhardt_Jr/Dale_Earnhardt_Jr_0001.jpg,Nick_Reilly/Nick_Reilly_0001.jpg,0,0.98327529
Dario_Franchitti/Dario_Franchitti_0001.jpg,Henry_Castellanos/Henry_Castellanos_0001.jpg,0,0.98660290
Darren_Campel/Darren_Campel_0001.jpg,Hilary_McKay/Hilary_McKay_0001.jpg,0,0.96451914
Darvis_Patton/Darvis_Patton_0001.jpg,Gerard_Tronche/Gerard_Tronche_0001.jpg,0,0.96409690
Darvis_Patton/Darvis_Patton_0001.jpg,William_Macy/William_Macy_0004.jpg,0,0.97338372
Daryl_Parks/Daryl_Parks_0001.jpg,Guus_Hiddink/Guus_Hiddink_0001.jpg,0,0.97249836
Daryl_Sabara/Daryl_Sabara_0001.jpg,Nick_Reilly/Nick_Reilly_0001.jpg,0,0.97668260
Daryl_Sabara/Daryl_Sabara_0001.jpg,Valentina_Tereshkova/Valentina_Tereshkova_0001.jpg,0,0.98246324
Dave_Johnson/Dave_Johnson_0001.jpg,Howard_Stern/Howard_Stern_0001.jpg,0,0.98639804
Dave_Tucker/Dave_Tucker_0001.jpg,Gary_Gitnick/Gary_Gitnick_0001.jpg,0,0.98876250
David_Collenette/David_Collenette_0001.jpg,Salman_Khan/Salman_Khan_0001.jpg,0,0.97417140
David_Westerfield/David_Westerfield_0001.jpg,Stan_Kroenke/Stan_Kroenke_0001.jpg,0,0.97893202
Dean_Jacek/Dean_Jacek_0001.jpg,Larry_Wilmore/Larry_Wilmore_0001.jpg,0,0.97969294
Demi_Moore/Demi_Moore_0002.jpg,Fred_Thompson/Fred_Thompson_0001.jpg,0,0.96963477
Demi_Moore/Demi_Moore_0002.jpg,Linus_Roache/Linus_Roache_0001.jpg,0,0.97589010
Dereck_Whittenburg/Dereck_Whittenburg_0001.jpg,Lindsey_Graham/Lindsey_Graham_0002.jpg,0,0.97285604
Dianne_Reeves/Dianne_Reeves_0001.jpg,Larry_Wilmore/Larry_Wilmore_0001.jpg,0,0.98482788
Dianne_Reeves/Dianne_Reeves_0001.jpg,Romeo_Gigli/Romeo_Gigli_0001.jpg,0,0.96691960
Don_Carcieri/Don_Carcieri_0001.jpg,Janica_Kostelic/Janica_Kostelic_0001.jpg,0,0.96957654
Dora_Bakoyianni/Dora_Bakoyianni_0001.jpg,Richard_Sambrook/Richard_Sambrook_0002.jpg,0,0.96985829
Dora_Bakoyianni/Dora_Bakoyianni_0001.jpg,Saeb_Erekat/Saeb_Erekat_0002.jpg,0,0.96930927
Doris_Roberts/Doris_Roberts_0001.jpg,Nong_Duc_Manh/Nong_Duc_Manh_0001.jpg,0,0.95783007
Doug_Wilson/Doug_Wilson_0001.jpg,Szu_Yu_Chen/Szu_Yu_Chen_0001.jpg,0,0.96468735
Douglas_Gansler/Douglas_Gansler_0001.jpg,Martin_Brooke/Martin_Brooke_0001.jpg,0,0.98579431
Douglas_Gansler/Douglas_Gansler_0001.jpg,Ronald_Kadish/Ronald_Kadish_0001.jpg,0,0.97200841
Dwayne_Wade/Dwayne_Wade_0001.jpg,Mike_Farrar/Mike_Farrar_0001.jpg,0,0.96979773
Edward_Arsenault/Edward_Arsenault_0001.jpg,Jim_Hardin/Jim_Hardin_0001.jpg,0,0.98028421
Einars_Repse/Einars_Repse_0001.jpg,Minnie_Mendoza/Minnie_Mendoza_0001.jpg,0,0.98069543
Einars_Repse/Einars_Repse_0001.jpg,Tim_Blake_Nelson/Tim_Blake_Nelson_0001.jpg,0,0.97430074
Elinor_Caplan/Elinor_Caplan_0001.jpg,Hilary_McKay/Hilary_McKay_0001.jpg,0,0.98337674
Eliza_Dushku/Eliza_Dushku_0001.jpg,George_Lucas/George_Lucas_0001.jpg,0,0.97165293
Eliza_Dushku/Eliza_Dushku_0001.jpg,Itzhak_Perlman/Itzhak_Perlman_0001.jpg,0,0.96155190
Emily_Stevens/Emily_Stevens_0001.jpg,Janez_Drnovsek/Janez_Drnovsek_0001.jpg,0,0.96407622
Emmanuelle_Beart/Emmanuelle_Beart_0002.jpg,Phil_Jackson/Phil_Jackson_0001.jpg,0,0.96865362
Eric_Daze/Eric_Daze_0001.jpg,Sterling_Hitchcock/Sterling_Hitchcock_0001.jpg,0,0.98336518
Erika_Christensen/Erika_Christensen_0002.jpg,Michael_Dell/Michael_Dell_0001.jpg,0,0.96762186
Erika_Christensen/Erika_Christensen_0002.jpg,Woody_Allen/Woody_Allen_0002.jpg,0,0.96956551
Eriko_Tamura/Eriko_Tamura_0001.jpg,Georgia_Giddings/Georgia_Giddings_0001.jpg,0,0.98370653
Ernie_Grunfeld/Ernie_Grunfeld_0001.jpg,Frank_Coraci/Frank_Coraci_0001.jpg,0,0.97918773
Eugene_Melnyk/Eugene_Melnyk_0001.jpg,Mahima_Chaudhari/Mahima_Chaudhari_0001.jpg,0,0.96971238
Fatma_Kusibeh/Fatma_Kusibeh_0001.jpg,Lee_Baca/Lee_Baca_0001.jpg,0,0.96648127
Federico_Trillo/Federico_Trillo_0001.jpg,Jonathan_Woodgate/Jonathan_Woodgate_0001.jpg,0,0.96612358
Fernando_Alonso/Fernando_Alonso_0001.jpg,Sam_Brownback/Sam_Brownback_0001.jpg,0,0.97019005
Fernando_Sanz/Fernando_Sanz_0001.jpg,Miranda_Otto/Miranda_Otto_0001.jpg,0,0.96723890
Fernando_Sanz/Fernando_Sanz_0001.jpg,Roy_Moore/Roy_Moore_0001.jpg,0,0.96587926
Flor_Montulo/Flor_Montulo_0002.jpg,Juan_Pablo_Montoya/Juan_Pablo_Montoya_0001.jpg,0,0.97434139
Francisco_Garcia/Francisco_Garcia_0001.jpg,Marsha_Sharp/Marsha_Sharp_0001.jpg,0,0.95920753
Francois_Ozon/Francois_Ozon_0001.jpg,Makiya_Ali_Hassan/Makiya_Ali_Hassan_0001.jpg,0,0.98210508
Frank_Coraci/Frank_Coraci_0001.jpg,Tomoko_Hagiwara/Tomoko_Hagiwara_0002.jpg,0,0.98472190
Frank_Van_Ecke/Frank_Van_Ecke_0001.jpg,Tsutomu_Takebe/Tsutomu_Takebe_0001.jpg,0,0.98578024
Fred_Thompson/Fred_Thompson_0002.jpg,Helen_Alvare/Helen_Alvare_0001.jpg,0,0.97095966
Fred_Thompson/Fred_Thompson_0002.jpg,Sterling_Hitchcock/Sterling_Hitchcock_0001.jpg,0,0.97791934
Fred_Thompson/Fred_Thompson_0003.jpg,Magda_Kertasz/Magda_Kertasz_0001.jpg,0,0.96589804
Garry_Trudeau/Garry_Trudeau_0001.jpg,Pat_Riley/Pat_Riley_0001.jpg,0,0.97299385
Garry_Witherall/Garry_Witherall_0001.jpg,Howard_Stern/Howard_Stern_0001.jpg,0,0.98367375
Garry_Witherall/Garry_Witherall_0001.jpg,Ingrid_Betancourt/Ingrid_Betancourt_0001.jpg,0,0.96129465
Garry_Witherall/Garry_Witherall_0001.jpg,Martin_Keown/Martin_Keown_0001.jpg,0,0.97346699
Gary_Gero/Gary_Gero_0001.jpg,Kim_Hong-gul/Kim_Hong-gul_0001.jpg,0,0.98098129
Gary_Gero/Gary_Gero_0001.jpg,Phil_Gramm/Phil_Gramm_0001.jpg,0,0.98243749
Gavin_Degraw/Gavin_Degraw_0001.jpg,Jeffrey_Archer/Jeffrey_Archer_0001.jpg,0,0.95943725
Gene_Robinson/Gene_Robinson_0003.jpg,Martha_Bowen/Martha_Bowen_0002.jpg,0,0.96288860
Georgia_Giddings/Georgia_Giddings_0001.jpg,Mahima_Chaudhari/Mahima_Chaudhari_0001.jpg,0,0.97206891
Geovani_Lapentti/Geovani_Lapentti_0001.jpg,Rodney_Rempt/Rodney_Rempt_0001.jpg,0,0.97609746
Geovani_Lapentti/Geovani_Lapentti_0001.jpg,Sam_Brownback/Sam_Brownback_0001.jpg,0,0.97348249
Gerard_de_Cortanze/Gerard_de_Cortanze_0001.jpg,Mark_Wahlberg/Mark_Wahlberg_0001.jpg,0,0.97945601
Gian_Marco/Gian_Marco_0002.jpg,Kevin_Stallings/Kevin_Stallings_0002.jpg,0,0.99102700
Giancarlo_Fisichella/Giancarlo_Fisichella_0001.jpg,Maria_Callas/Maria_Callas_0001.jpg,0,0.95153773
Gideon_Yago/Gideon_Yago_0001.jpg,Natalie_Williams/Natalie_Williams_0001.jpg,0,0.96389914
Gideon_Yago/Gideon_Yago_0001.jpg,Paul_William_Hurley/Paul_William_Hurley_0001.jpg,0,0.97418320
Glenn_Plummer/Glenn_Plummer_0001.jpg,Maria_Garcia/Maria_Garcia_0001.jpg,0,0.96517658
Grant_Hackett/Grant_Hackett_0001.jpg,Todd_Robbins/Todd_Robbins_0001.jpg,0,0.99117565
Grant_Hackett/Grant_Hackett_0003.jpg,Milo_Djukanovic/Milo_Djukanovic_0003.jpg,0,0.98516643
Gray_Davis/Gray_Davis_0026.jpg,Karen_Lynn_Gorney/Karen_Lynn_Gorney_0001.jpg,0,0.97453505
Gregg_Popovich/Gregg_Popovich_0003.jpg,Vernon_Forrest/Vernon_Forrest_0001.jpg,0,0.97224164
Gregor_Gysi/Gregor_Gysi_0001.jpg,Tomoko_Hagiwara/Tomoko_Hagiwara_0001.jpg,0,0.96347958
Guy_Ritchie/Guy_Ritchie_0002.jpg,Herb_Dhaliwal/Herb_Dhaliwal_0001.jpg,0,0.97167099
Guy_Ritchie/Guy_Ritchie_0002.jpg,William_Macy/William_Macy_0001.jpg,0,0.99266505
Hamid_Efendi/Hamid_Efendi_0001.jpg,Jimmy_Carter/Jimmy_Carter_0008.jpg,0,0.97690964
Hamzah_Haz/Hamzah_Haz_0002.jpg,Hilary_McKay/Hilary_McKay_0001.jpg,0,0.96423090
Harald_Ringstorff/Harald_Ringstorff_0001.jpg,Pat_Riley/Pat_Riley_0001.jpg,0,0.98977149
Harald_Ringstorff/Harald_Ringstorff_0001.jpg,Romano_Prodi/Romano_Prodi_0006.jpg,0,0.99091065
Heather_Chinnock/Heather_Chinnock_0001.jpg,Jean-Francois_Lemounier/Jean-Francois_Lemounier_0001.jpg,0,0.95972323
Helen_Alvare/Helen_Alvare_0001.jpg,Milo_Djukanovic/Milo_Djukanovic_0001.jpg,0,0.96351111
Henry_Castellanos/Henry_Castellanos_0001.jpg,Pamela_Anderson/Pamela_Anderson_0004.jpg,0,0.96753079
Henry_Castellanos/Henry_Castellanos_0001.jpg,Tommy_Shane_Steiner/Tommy_Shane_Steiner_0001.jpg,0,0.95954061
Herb_Dhaliwal/Herb_Dhaliwal_0001.jpg,Hung_Wan-ting/Hung_Wan-ting_0001.jpg,0,0.96624458
Hilary_McKay/Hilary_McKay_0001.jpg,Kevin_Millwood/Kevin_Millwood_0001.jpg,0,0.96065903
Howard_Stern/Howard_Stern_0001.jpg,Maria_Callas/Maria_Callas_0001.jpg,0,0.96162689
Hugo_Chavez/Hugo_Chavez_0033.jpg,Karen_Lynn_Gorney/Karen_Lynn_Gorney_0001.jpg,0,0.96667492
Hugo_Chavez/Hugo_Chavez_0060.jpg,Steve_Shiver/Steve_Shiver_0001.jpg,0,0.98624456
Imam_Samudra/Imam_Samudra_0001.jpg,Ivana_Trump/Ivana_Trump_0001.jpg,0,0.96345341
Imelda_Marcos/Imelda_Marcos_0001.jpg,Patty_Schnyder/Patty_Schnyder_0004.jpg,0,0.96983546
Jack_Smith/Jack_Smith_0001.jpg,Mary_Jo_Myers/Mary_Jo_Myers_0001.jpg,0,0.97341406
James_Caan/James_Caan_0002.jpg,Paul_Sarbanes/Paul_Sarbanes_0002.jpg,0,0.99569851
James_Comey/James_Comey_0001.jpg,Juan_Carlos_Morales/Juan_Carlos_Morales_0001.jpg,0,0.98013365
James_Comey/James_Comey_0001.jpg,Paul_William_Hurley/Paul_William_Hurley_0001.jpg,0,0.98299944
Jamling_Norgay/Jamling_Norgay_0001.jpg,Zico/Zico_0002.jpg,0,0.96206850
Jan_Pronk/Jan_Pronk_0001.jpg,Kim_Dong-hwa/Kim_Dong-hwa_0001.jpg,0,0.96763521
Janez_Drnovsek/Janez_Drnovsek_0001.jpg,Sterling_Hitchcock/Sterling_Hitchcock_0001.jpg,0,0.98421770
Janica_Kostelic/Janica_Kostelic_0002.jpg,Yasushi_Akashi/Yasushi_Akashi_0001.jpg,0,0.97056621
Janice_Abreu/Janice_Abreu_0001.jpg,Kevin_Sorbo/Kevin_Sorbo_0001.jpg,0,0.96537828
Jeffrey_Ashby/Jeffrey_Ashby_0001.jpg,Michael_Dell/Michael_Dell_0001.jpg,0,0.97221345
Jennifer_Garner/Jennifer_Garner_0006.jpg,Mike_Duke/Mike_Duke_0001.jpg,0,0.97125334
Jennifer_Renee_Short/Jennifer_Renee_Short_0001.jpg,Taylor_Twellman/Taylor_Twellman_0001.jpg,0,0.96459293
Jerry_Seinfeld/Jerry_Seinfeld_0001.jpg,Tim_Blake_Nelson/Tim_Blake_Nelson_0001.jpg,0,0.98410773
Jerry_Tarkanian/Jerry_Tarkanian_0001.jpg,Thomas_Rupprath/Thomas_Rupprath_0001.jpg,0,0.96540868
Jessica_Lange/Jessica_Lange_0002.jpg,Sedigh_Barmak/Sedigh_Barmak_0001.jpg,0,0.95623761
Jim_Freudenberg/Jim_Freudenberg_0001.jpg,Nigel_Redden/Nigel_Redden_0001.jpg,0,0.98483562
Jim_Freudenberg/Jim_Freudenberg_0001.jpg,Tina_Pisnik/Tina_Pisnik_0001.jpg,0,0.96597338
Jim_Haslett/Jim_Haslett_0001.jpg,Tsutomu_Takebe/Tsutomu_Takebe_0001.jpg,0,0.97730255
Jim_Otto/Jim_Otto_0001.jpg,Rafiq_Hariri/Rafiq_Hariri_0001.jpg,0,0.97798485
Jimmy_Gurule/Jimmy_Gurule_0001.jpg,Terry_McAuliffe/Terry_McAuliffe_0001.jpg,0,0.97615653
Jodie_Foster/Jodie_Foster_0003.jpg,Joe_Pantoliano/Joe_Pantoliano_0001.jpg,0,0.96474373
John_Herrington/John_Herrington_0001.jpg,Luis_Ernesto_Derbez_Bautista/Luis_Ernesto_Derbez_Bautista_0002.jpg,0,0.98442674
John_Richardson/John_Richardson_0001.jpg,Yasushi_Akashi/Yasushi_Akashi_0001.jpg,0,0.98220366
John_Snow/John_Snow_0017.jpg,Se_Hyuk_Joo/Se_Hyuk_Joo_0001.jpg,0,0.98153305
Jonathan_Arden/Jonathan_Arden_0001.jpg,Joseph_Ralston/Joseph_Ralston_0001.jpg,0,0.97564298
Jorge_Castaneda/Jorge_Castaneda_0001.jpg,Robert_Fico/Robert_Fico_0001.jpg,0,0.96532482
Jose_Rosado/Jose_Rosado_0001.jpg,Micky_Arison/Micky_Arison_0001.jpg,0,0.97824651
Joseph_Blatter/Joseph_Blatter_0001.jpg,Ronald_Kadish/Ronald_Kadish_0001.jpg,0,0.97868538
Joseph_Ralston/Joseph_Ralston_0002.jpg,Juan_Pablo_Montoya/Juan_Pablo_Montoya_0005.jpg,0,0.97319365
Joseph_Ralston/Joseph_Ralston_0002.jpg,Yoshiyuki_Kamei/Yoshiyuki_Kamei_0001.jpg,0,0.97778469
Juliette_Binoche/Juliette_Binoche_0001.jpg,Matthew_Broderick/Matthew_Broderick_0003.jpg,0,0.97643936
Julio_De_Brun/Julio_De_Brun_0001.jpg,Patty_Schnyder/Patty_Schnyder_0001.jpg,0,0.96099275
Julio_De_Brun/Julio_De_Brun_0001.jpg,Vernon_Forrest/Vernon_Forrest_0001.jpg,0,0.97703230
Justin_Guarini/Justin_Guarini_0002.jpg,Prince_Edward/Prince_Edward_0001.jpg,0,0.98186713
Kate_Winslet/Kate_Winslet_0002.jpg,Mike_Duke/Mike_Duke_0001.jpg,0,0.97231174
Katie_Wagner/Katie_Wagner_0001.jpg,Stan_Kroenke/Stan_Kroenke_0001.jpg,0,0.97378337
Keith_Lowen/Keith_Lowen_0001.jpg,Robert_Evans/Robert_Evans_0002.jpg,0,0.97009748
Keith_Lowen/Keith_Lowen_0001.jpg,Silvia_Farina_Elia/Silvia_Farina_Elia_0002.jpg,0,0.95792007
Ken_Loach/Ken_Loach_0001.jpg,Taku_Yamasaki/Taku_Yamasaki_0001.jpg,0,0.97578961
Kevin_Crane/Kevin_Crane_0001.jpg,Mike_Krzyzewski/Mike_Krzyzewski_0002.jpg,0,0.97678369
Kevin_Millwood/Kevin_Millwood_0001.jpg,Mitchell_Crooks/Mitchell_Crooks_0001.jpg,0,0.98237336
Kim_Clijsters/Kim_Clijsters_0004.jpg,Martin_Short/Martin_Short_0001.jpg,0,0.96603143
Kim_Hong-gul/Kim_Hong-gul_0001.jpg,Milo_Djukanovic/Milo_Djukanovic_0003.jpg,0,0.96787894
Kim_Jong-Il/Kim_Jong-Il_0003.jpg,Rick_Reed/Rick_Reed_0001.jpg,0,0.97500658
Lance_Armstrong/Lance_Armstrong_0009.jpg,Maria_Garcia/Maria_Garcia_0001.jpg,0,0.96292770
Laurent_Jalabert/Laurent_Jalabert_0002.jpg,Vincent_Gallo/Vincent_Gallo_0001.jpg,0,0.99101901
Leon_LaPorte/Leon_LaPorte_0001.jpg,Ted_Williams/Ted_Williams_0001.jpg,0,0.97979051
Leon_LaPorte/Leon_LaPorte_0001.jpg,Tommy_Thompson/Tommy_Thompson_0005.jpg,0,0.99555892
Leonardo_Fernandez/Leonardo_Fernandez_0001.jpg,Romano_Prodi/Romano_Prodi_0007.jpg,0,0.96698475
Leticia_Dolera/Leticia_Dolera_0001.jpg,Tom_Glavine/Tom_Glavine_0001.jpg,0,0.98174882
Lorraine_Bracco/Lorraine_Bracco_0001.jpg,Momcilo_Perisic/Momcilo_Perisic_0001.jpg,0,0.96573627
Luis_Ernesto_Derbez_Bautista/Luis_Ernesto_Derbez_Bautista_0001.jpg,Tyra_Banks/Tyra_Banks_0001.jpg,0,0.96629906
Maria_Burks/Maria_Burks_0001.jpg,Todd_Parrott/Todd_Parrott_0001.jpg,0,0.95980203
Mario_Lemieux/Mario_Lemieux_0001.jpg,Stan_Kroenke/Stan_Kroenke_0001.jpg,0,0.97993731
Mark_Everson/Mark_Everson_0001.jpg,Martin_Sheen/Martin_Sheen_0002.jpg,0,0.98808879
Marquier_Montano_Contreras/Marquier_Montano_Contreras_0001.jpg,SJ_Twu/SJ_Twu_0001.jpg,0,0.96911418
Marsha_Sharp/Marsha_Sharp_0001.jpg,Steve_Shiver/Steve_Shiver_0001.jpg,0,0.97097379
Martin_Cauchon/Martin_Cauchon_0002.jpg,Vitali_Klitschko/Vitali_Klitschko_0003.jpg,0,0.97721440
Martin_Hoellwarth/Martin_Hoellwarth_0002.jpg,Mary_Katherine_Smart/Mary_Katherine_Smart_0001.jpg,0,0.98232841
Martina_Hingis/Martina_Hingis_0001.jpg,Terry_McAuliffe/Terry_McAuliffe_0002.jpg,0,0.96082270
Melina_Kanakaredes/Melina_Kanakaredes_0001.jpg,Ornella_Muti/Ornella_Muti_0001.jpg,0,0.99473584
Michael_Dell/Michael_Dell_0001.jpg,Mike_Duke/Mike_Duke_0001.jpg,0,0.96574402
Michael_Dell/Michael_Dell_0001.jpg,Nigel_Redden/Nigel_Redden_0001.jpg,0,0.96056712
Michael_Richards/Michael_Richards_0001.jpg,Silvia_Farina_Elia/Silvia_Farina_Elia_0003.jpg,0,0.97000271
Milan_Kucan/Milan_Kucan_0001.jpg,Salman_Khan/Salman_Khan_0001.jpg,0,0.97430199
Nancy_Kerrigan/Nancy_Kerrigan_0001.jpg,Sam_Brownback/Sam_Brownback_0001.jpg,0,0.97248948
Naomi_Campbell/Naomi_Campbell_0001.jpg,Tom_Ridge/Tom_Ridge_0016.jpg,0,0.97775984
Nina_Jacobson/Nina_Jacobson_0001.jpg,Portia_de_Rossi/Portia_de_Rossi_0001.jpg,0,0.99266165
Noah_Wyle/Noah_Wyle_0003.jpg,Robbie_Coltrane/Robbie_Coltrane_0001.jpg,0,0.97637719
Nora_Bendijo/Nora_Bendijo_0001.jpg,William_Martin/William_Martin_0002.jpg,0,0.96818924
Nursultan_Nazarbayev/Nursultan_Nazarbayev_0001.jpg,Robert_Bonner/Robert_Bonner_0001.jpg,0,0.98739380
Pascal_Affi_Nguessan/Pascal_Affi_Nguessan_0001.jpg,Tom_Moss/Tom_Moss_0001.jpg,0,0.97074616
Pat_Summitt/Pat_Summitt_0001.jpg,Paul_Celluci/Paul_Celluci_0001.jpg,0,0.96522951
Patty_Schnyder/Patty_Schnyder_0003.jpg,Pernilla_Bjorn/Pernilla_Bjorn_0001.jpg,0,0.98386699
Patty_Schnyder/Patty_Schnyder_0003.jpg,Prince_Philippe/Prince_Philippe_0001.jpg,0,0.98592114
Patty_Schnyder/Patty_Schnyder_0004.jpg,Ricardo_Lagos/Ricardo_Lagos_0025.jpg,0,0.96791065
Pervez_Musharraf/Pervez_Musharraf_0003.jpg,Richard_Rodriguez/Richard_Rodriguez_0001.jpg,0,0.97873139
Phil_Gramm/Phil_Gramm_0002.jpg,Stefan_Tafrov/Stefan_Tafrov_0001.jpg,0,0.97087348
Rachel_Kempson/Rachel_Kempson_0001.jpg,Zorica_Radovic/Zorica_Radovic_0001.jpg,0,0.98410654
Rachel_Roy/Rachel_Roy_0001.jpg,Steve_Shiver/Steve_Shiver_0001.jpg,0,0.97967643
Richard_Fine/Richard_Fine_0001.jpg,Richard_Rodriguez/Richard_Rodriguez_0001.jpg,0,0.96230501
Rick_Reed/Rick_Reed_0001.jpg,Ruth_Bader_Ginsburg/Ruth_Bader_Ginsburg_0001.jpg,0,0.98346293
Robbie_Naish/Robbie_Naish_0001.jpg,Zhong_Nanshan/Zhong_Nanshan_0001.jpg,0,0.96078837
Robert_Bonner/Robert_Bonner_0002.jpg,Vincent_Brooks/Vincent_Brooks_0002.jpg,0,0.96850139
Robert_Downey_Jr/Robert_Downey_Jr_0001.jpg,Tommy_Shane_Steiner/Tommy_Shane_Steiner_0001.jpg,0,0.97158515
Robert_Evans/Robert_Evans_0001.jpg,Todd_Robbins/Todd_Robbins_0001.jpg,0,0.97690213
Romeo_Gigli/Romeo_Gigli_0001.jpg,Tom_Harkin/Tom_Harkin_0004.jpg,0,0.98307055
Saeb_Erekat/Saeb_Erekat_0001.jpg,Tom_Coverdale/Tom_Coverdale_0002.jpg,0,0.97214317
Se_Hyuk_Joo/Se_Hyuk_Joo_0001.jpg,Tom_Rouen/Tom_Rouen_0001.jpg,0,0.98574877
Sergio_Garcia/Sergio_Garcia_0002.jpg,Thomas_Watjen/Thomas_Watjen_0001.jpg,0,0.97674906
Simon_Yam/Simon_Yam_0001.jpg,Terry_McAuliffe/Terry_McAuliffe_0003.jpg,0,0.96813524
Simon_Yam/Simon_Yam_0001.jpg,Tommy_Haas/Tommy_Haas_0005.jpg,0,0.97493637
Stan_Kroenke/Stan_Kroenke_0001.jpg,William_Hyde/William_Hyde_0001.jpg,0,0.97341287
Steve_Ballmer/Steve_Ballmer_0001.jpg,Tina_Pisnik/Tina_Pisnik_0001.jpg,0,0.97651255
Steve_Ballmer/Steve_Ballmer_0002.jpg,Vincent_Gallo/Vincent_Gallo_0003.jpg,0,0.95627332
Steve_Shiver/Steve_Shiver_0001.jpg,Thomas_Rupprath/Thomas_Rupprath_0003.jpg,0,0.97394294
Tina_Fey/Tina_Fey_0001.jpg,Todd_Parrott/Todd_Parrott_0001.jpg,0,0.95937920
Adolfo_Rodriguez_Saa/Adolfo_Rodriguez_Saa_0001.jpg,Dave_Odom/Dave_Odom_0001.jpg,0,0.97081596
Adolfo_Rodriguez_Saa/Adolfo_Rodriguez_Saa_0001.jpg,Nancy_Powell/Nancy_Powell_0001.jpg,0,0.97057772
Adrien_Brody/Adrien_Brody_0003.jpg,Damon_Dash/Damon_Dash_0001.jpg,0,0.96391970
Ahmed_Ahmed/Ahmed_Ahmed_0001.jpg,Mike_Smith/Mike_Smith_0001.jpg,0,0.99071306
Al_Sharpton/Al_Sharpton_0005.jpg,Cole_Chapman/Cole_Chapman_0001.jpg,0,0.97259176
Alberto_Sordi/Alberto_Sordi_0001.jpg,James_Cameron/James_Cameron_0002.jpg,0,0.98829627
Alejandro_Lerner/Alejandro_Lerner_0001.jpg,Jesper_Parnevik/Jesper_Parnevik_0001.jpg,0,0.98116601
Alejandro_Lerner/Alejandro_Lerner_0001.jpg,TA_McLendon/TA_McLendon_0001.jpg,0,0.97249103
Alex_Penelas/Alex_Penelas_0001.jpg,Robin_Johansen/Robin_Johansen_0001.jpg,0,0.98450768
Alex_Penelas/Alex_Penelas_0002.jpg,Gretchen_Mol/Gretchen_Mol_0001.jpg,0,0.98169249
Alexandra_Stevenson/Alexandra_Stevenson_0003.jpg,Ronde_Barber/Ronde_Barber_0001.jpg,0,0.97204661
Ali_Adbul_Karim_Madani/Ali_Adbul_Karim_Madani_0001.jpg,Carey_Lowell/Carey_Lowell_0001.jpg,0,0.96508998
Ali_Mohammed_Maher/Ali_Mohammed_Maher_0001.jpg,Isabela_Moraes/Isabela_Moraes_0001.jpg,0,0.97150135
Ali_Mohammed_Maher/Ali_Mohammed_Maher_0001.jpg,Isidro_Pastor/Isidro_Pastor_0001.jpg,0,0.97049856
Alicia_Silverstone/Alicia_Silverstone_0002.jpg,Jennifer_Thompson/Jennifer_Thompson_0001.jpg,0,0.98048234
Alicia_Silverstone/Alicia_Silverstone_0002.jpg,Jonathan_Tiomkin/Jonathan_Tiomkin_0001.jpg,0,0.97086626
Alicia_Silverstone/Alicia_Silverstone_0002.jpg,Serge_Tchuruk/Serge_Tchuruk_0001.jpg,0,0.96063280
Andre_Agassi/Andre_Agassi_0031.jpg,Boris_Jordan/Boris_Jordan_0001.jpg,0,0.98224330
Andre_Techine/Andre_Techine_0001.jpg,Lloyd_Richards/Lloyd_Richards_0001.jpg,0,0.96462333
Andy_Benes/Andy_Benes_0001.jpg,Doug_Moe/Doug_Moe_0001.jpg,0,0.98235238
Andy_Benes/Andy_Benes_0001.jpg,Mitar_Rasevic/Mitar_Rasevic_0001.jpg,0,0.97337174
Andy_Bryant/Andy_Bryant_0001.jpg,Mike_Slive/Mike_Slive_0001.jpg,0,0.98994601
Anna_Kournikova/Anna_Kournikova_0008.jpg,Colin_Farrell/Colin_Farrell_0001.jpg,0,0.96513075
Anne_ONeil/Anne_ONeil_0001.jpg,Sophie/Sophie_0001.jpg,0,0.96441036
Anthony_Lee_Johnson/Anthony_Lee_Johnson_0001.jpg,Dave_Williams/Dave_Williams_0001.jpg,0,0.96911681
Arnold_Palmer/Arnold_Palmer_0001.jpg,Stephanie_Zimbalist/Stephanie_Zimbalist_0001.jpg,0,0.97322774
Arnold_Palmer/Arnold_Palmer_0003.jpg,Charles_Kartman/Charles_Kartman_0001.jpg,0,0.96894467
Aron_Ralston/Aron_Ralston_0001.jpg,Bill_Fennelly/Bill_Fennelly_0001.jpg,0,0.98435807
Bart_Hendricks/Bart_Hendricks_0001.jpg,Philippe_Noiret/Philippe_Noiret_0001.jpg,0,0.97298729
Ben_Kingsley/Ben_Kingsley_0001.jpg,Daryl_Hannah/Daryl_Hannah_0001.jpg,0,0.96491838
Ben_Kingsley/Ben_Kingsley_0001.jpg,Jean_Nagel/Jean_Nagel_0001.jpg,0,0.96274686
Ben_Kingsley/Ben_Kingsley_0001.jpg,Perry_Farrell/Perry_Farrell_0001.jpg,0,0.95728868
Benjamin_Neulander/Benjamin_Neulander_0001.jpg,Robin_Tunney/Robin_Tunney_0001.jpg,0,0.96223170
Bernardo_Segura/Bernardo_Segura_0001.jpg,Debra_Shank/Debra_Shank_0001.jpg,0,0.98957038
Bernardo_Segura/Bernardo_Segura_0002.jpg,Douglas_Paal/Douglas_Paal_0001.jpg,0,0.96719038
Bernardo_Segura/Bernardo_Segura_0002.jpg,Jeanette_Stauffer/Jeanette_Stauffer_0001.jpg,0,0.96090949
Bill_Pryor/Bill_Pryor_0001.jpg,Ronde_Barber/Ronde_Barber_0001.jpg,0,0.96571857
Bob_Melvin/Bob_Melvin_0001.jpg,Richard_Hamilton/Richard_Hamilton_0001.jpg,0,0.96352744
Bob_Stoops/Bob_Stoops_0003.jpg,Wayne_Allard/Wayne_Allard_0001.jpg,0,0.97090435
Bobby_Jackson/Bobby_Jackson_0001.jpg,Bruce_Gebhardt/Bruce_Gebhardt_0001.jpg,0,0.96642458
Bobby_Jackson/Bobby_Jackson_0001.jpg,JP_Suarez/JP_Suarez_0001.jpg,0,0.96591640
Bobby_Jackson/Bobby_Jackson_0001.jpg,Madge_Overhouse/Madge_Overhouse_0001.jpg,0,0.96548408
Bobby_Jackson/Bobby_Jackson_0001.jpg,Nicola_Wells/Nicola_Wells_0001.jpg,0,0.96792650
Bobby_Robson/Bobby_Robson_0001.jpg,Rollie_Massimino/Rollie_Massimino_0001.jpg,0,0.98548436
Bode_Miller/Bode_Miller_0001.jpg,David_Howard/David_Howard_0001.jpg,0,0.98391801
Bode_Miller/Bode_Miller_0001.jpg,Steffi_Graf/Steffi_Graf_0001.jpg,0,0.96520507
Boris_Jordan/Boris_Jordan_0001.jpg,Kim_Weeks/Kim_Weeks_0001.jpg,0,0.96966529
Boris_Jordan/Boris_Jordan_0001.jpg,Vincent_Sombrotto/Vincent_Sombrotto_0001.jpg,0,0.97444993
Brad_Alexander_Smith/Brad_Alexander_Smith_0001.jpg,Jason_Alexander/Jason_Alexander_0002.jpg,0,0.97521812
Brad_Alexander_Smith/Brad_Alexander_Smith_0001.jpg,Kate_Lee/Kate_Lee_0001.jpg,0,0.97272283
Brad_Alexander_Smith/Brad_Alexander_Smith_0001.jpg,Tatiana_Gratcheva/Tatiana_Gratcheva_0001.jpg,0,0.99345815
Brandon_Webb/Brandon_Webb_0001.jpg,Helmut_Panke/Helmut_Panke_0001.jpg,0,0.98023987
Brandon_Webb/Brandon_Webb_0001.jpg,Larry_Hahn/Larry_Hahn_0001.jpg,0,0.97430587
Brandon_Webb/Brandon_Webb_0001.jpg,Ryan_Leaf/Ryan_Leaf_0001.jpg,0,0.98384511
Brennon_Leighton/Brennon_Leighton_0001.jpg,Laurel_Clark/Laurel_Clark_0001.jpg,0,0.98964906
Brett_Hawke/Brett_Hawke_0001.jpg,Teri_Files/Teri_Files_0001.jpg,0,0.96497357
Bruce_Gebhardt/Bruce_Gebhardt_0001.jpg,Jean-Luc_Bideau/Jean-Luc_Bideau_0001.jpg,0,0.98038161
Bruce_Gebhardt/Bruce_Gebhardt_0001.jpg,Masao_Azuma/Masao_Azuma_0001.jpg,0,0.97017157
Bryan_Cooley/Bryan_Cooley_0001.jpg,Katie_Harman/Katie_Harman_0003.jpg,0,0.96869111
Bryan_Murray/Bryan_Murray_0001.jpg,Eric_Schacht/Eric_Schacht_0001.jpg,0,0.98872107
Bryan_Murray/Bryan_Murray_0001.jpg,Mikhail_Youzhny/Mikhail_Youzhny_0001.jpg,0,0.98408300
Bryan_Murray/Bryan_Murray_0001.jpg,Mitchell_Daniels/Mitchell_Daniels_0002.jpg,0,0.99065679
Camille_Colvin/Camille_Colvin_0001.jpg,Irina_Yatchenko/Irina_Yatchenko_0001.jpg,0,0.98855531
Carey_Lowell/Carey_Lowell_0001.jpg,Charlie_Coles/Charlie_Coles_0001.jpg,0,0.97272593
Carl_Pope/Carl_Pope_0001.jpg,Larry_Hahn/Larry_Hahn_0001.jpg,0,0.98304534
Carolina_Barco/Carolina_Barco_0001.jpg,Daryl_Hannah/Daryl_Hannah_0001.jpg,0,0.98142099
Carolina_Barco/Carolina_Barco_0001.jpg,Lindsay_Davenport/Lindsay_Davenport_0022.jpg,0,0.97124714
Carolina_Barco/Carolina_Barco_0001.jpg,Norodom_Sihanouk/Norodom_Sihanouk_0001.jpg,0,0.96728206
Caroline_Kennedy/Caroline_Kennedy_0003.jpg,Henry_Suazo/Henry_Suazo_0001.jpg,0,0.96968907
Catherine_Bell/Catherine_Bell_0001.jpg,Guillaume_Cannet/Guillaume_Cannet_0001.jpg,0,0.97156399
Catherine_Zeta-Jones/Catherine_Zeta-Jones_0010.jpg,Pier_Ferdinando_Casini/Pier_Ferdinando_Casini_0001.jpg,0,0.96577144
Catherine_Zeta-Jones/Catherine_Zeta-Jones_0011.jpg,Hayley_Tullett/Hayley_Tullett_0002.jpg,0,0.97622138
Celso_Amorim/Celso_Amorim_0002.jpg,Juljia_Vysotskij/Juljia_Vysotskij_0001.jpg,0,0.96924305
Celso_Amorim/Celso_Amorim_0002.jpg,Kevin_Costner/Kevin_Costner_0001.jpg,0,0.97104621
Celso_Amorim/Celso_Amorim_0002.jpg,Thomas_Stewart/Thomas_Stewart_0001.jpg,0,0.97292578
Chanda_Rubin/Chanda_Rubin_0003.jpg,Richard_Tubb/Richard_Tubb_0001.jpg,0,0.96779692
Chante_Jawan_Mallard/Chante_Jawan_Mallard_0001.jpg,Stephen_Glassroth/Stephen_Glassroth_0001.jpg,0,0.96495938
Chante_Jawan_Mallard/Chante_Jawan_Mallard_0001.jpg,Vicente_Fox/Vicente_Fox_0023.jpg,0,0.96048498
Charles_Bronson/Charles_Bronson_0002.jpg,Hu_Jintao/Hu_Jintao_0004.jpg,0,0.98713630
Charles_Kartman/Charles_Kartman_0001.jpg,Debra_Shank/Debra_Shank_0001.jpg,0,0.97026944
Charles_Schumer/Charles_Schumer_0002.jpg,James_Watt/James_Watt_0001.jpg,0,0.97629261
Charles_Schumer/Charles_Schumer_0002.jpg,Justin_Gatlin/Justin_Gatlin_0002.jpg,0,0.97373539
Charles_Schumer/Charles_Schumer_0002.jpg,Lionel_Chalmers/Lionel_Chalmers_0001.jpg,0,0.97368801
Chris_Rock/Chris_Rock_0002.jpg,Dalai_Lama/Dalai_Lama_0001.jpg,0,0.97827554
Christine_Baumgartner/Christine_Baumgartner_0002.jpg,Vincent_Sombrotto/Vincent_Sombrotto_0001.jpg,0,0.96079189
Christine_Baumgartner/Christine_Baumgartner_0003.jpg,Lars_Burgsmuller/Lars_Burgsmuller_0001.jpg,0,0.96477181
Chyung_Dai-chul/Chyung_Dai-chul_0001.jpg,Dan_Reeves/Dan_Reeves_0001.jpg,0,0.99078071
Cindy_Moll/Cindy_Moll_0001.jpg,Daniel_Radcliffe/Daniel_Radcliffe_0003.jpg,0,0.96653628
Cindy_Moll/Cindy_Moll_0001.jpg,James_McPherson/James_McPherson_0001.jpg,0,0.96610069
Cindy_Moll/Cindy_Moll_0001.jpg,Robin_Johansen/Robin_Johansen_0001.jpg,0,0.96918458
Claire_De_Gryse/Claire_De_Gryse_0001.jpg,Deb_Santos/Deb_Santos_0001.jpg,0,0.98145652
Claire_Tomalin/Claire_Tomalin_0001.jpg,Steve_Case/Steve_Case_0001.jpg,0,0.97449929
Clay_Campbell/Clay_Campbell_0001.jpg,Leonardo_DiCaprio/Leonardo_DiCaprio_0002.jpg,0,0.98443997
Cole_Chapman/Cole_Chapman_0001.jpg,Marisol_Martinez_Sambran/Marisol_Martinez_Sambran_0001.jpg,0,0.96834469
Colin_Phillips/Colin_Phillips_0001.jpg,Ian_McKellen/Ian_McKellen_0003.jpg,0,0.98166728
Colin_Phillips/Colin_Phillips_0001.jpg,Lloyd_Richards/Lloyd_Richards_0001.jpg,0,0.96731567
Colin_Prescot/Colin_Prescot_0001.jpg,Laurie_Hobbs/Laurie_Hobbs_0001.jpg,0,0.97160119
Connie_Freydell/Connie_Freydell_0001.jpg,Tommy_Maddox/Tommy_Maddox_0001.jpg,0,0.96395290
Craig_OClair/Craig_OClair_0001.jpg,Steve_Avery/Steve_Avery_0001.jpg,0,0.97225153
Damarius_Bilbo/Damarius_Bilbo_0001.jpg,Juljia_Vysotskij/Juljia_Vysotskij_0001.jpg,0,0.97634554
Damon_Dash/Damon_Dash_0001.jpg,Henry_Suazo/Henry_Suazo_0001.jpg,0,0.99695742
Daniel_Comisso_Urdaneta/Daniel_Comisso_Urdaneta_0001.jpg,Larry_Ralston/Larry_Ralston_0001.jpg,0,0.96812344
Daniel_Radcliffe/Daniel_Radcliffe_0003.jpg,Diane_Green/Diane_Green_0002.jpg,0,0.97160095
Daniel_Radcliffe/Daniel_Radcliffe_0003.jpg,Rick_Barnes/Rick_Barnes_0002.jpg,0,0.96735358
Daniel_Radcliffe/Daniel_Radcliffe_0003.jpg,Vicente_Fox/Vicente_Fox_0032.jpg,0,0.96512973
Dany_Heatley/Dany_Heatley_0001.jpg,Richard_Parsons/Richard_Parsons_0001.jpg,0,0.96897119
Dany_Heatley/Dany_Heatley_0001.jpg,Terry_Hoeppner/Terry_Hoeppner_0001.jpg,0,0.96710128
Dave_Odom/Dave_Odom_0001.jpg,Maritza_Macias_Furano/Maritza_Macias_Furano_0001.jpg,0,0.98635322
David_Beckham/David_Beckham_0022.jpg,Laura_Morante/Laura_Morante_0001.jpg,0,0.98104656
David_Duval/David_Duval_0001.jpg,Philippe_Noiret/Philippe_Noiret_0002.jpg,0,0.98568416
David_Ho/David_Ho_0001.jpg,Doug_Moe/Doug_Moe_0001.jpg,0,0.98040915
David_Ho/David_Ho_0001.jpg,Erskine_Bowles/Erskine_Bowles_0001.jpg,0,0.98794085
David_Ho/David_Ho_0001.jpg,Evander_Holyfield/Evander_Holyfield_0001.jpg,0,0.97033036
David_Howard/David_Howard_0001.jpg,Hugo_Conte/Hugo_Conte_0001.jpg,0,0.96493542
Denzel_Washington/Denzel_Washington_0004.jpg,Henry_Suazo/Henry_Suazo_0001.jpg,0,0.99822646
Des_Brown/Des_Brown_0001.jpg,Eliott_Spitzer/Eliott_Spitzer_0001.jpg,0,0.96958464
Des_Brown/Des_Brown_0001.jpg,Svetislav_Pesic/Svetislav_Pesic_0001.jpg,0,0.98070031
Diana_Ross/Diana_Ross_0001.jpg,Rick_Rickert/Rick_Rickert_0001.jpg,0,0.96271563
Dianne_Feinstein/Dianne_Feinstein_0003.jpg,Dwayne_Johnson/Dwayne_Johnson_0002.jpg,0,0.96566671
Dick_Clark/Dick_Clark_0003.jpg,Manfred_Stolpe/Manfred_Stolpe_0001.jpg,0,0.98499769
Dino_Risi/Dino_Risi_0001.jpg,Gabriel_Farhi/Gabriel_Farhi_0001.jpg,0,0.97072929
Doc_Rivers/Doc_Rivers_0001.jpg,Melissa_Joan_Hart/Melissa_Joan_Hart_0001.jpg,0,0.96492058
Dominick_Dunne/Dominick_Dunne_0001.jpg,Nicoletta_Braschi/Nicoletta_Braschi_0001.jpg,0,0.96001691
Don_Flanagan/Don_Flanagan_0001.jpg,Ed_Sullivan/Ed_Sullivan_0001.jpg,0,0.97524494
Don_Flanagan/Don_Flanagan_0001.jpg,Ratna_Sari_Dewi_Sukarno/Ratna_Sari_Dewi_Sukarno_0001.jpg,0,0.96525395
Donald_Keyser/Donald_Keyser_0001.jpg,Salma_Hayek/Salma_Hayek_0002.jpg,0,0.97241747
Douglas_Paal/Douglas_Paal_0001.jpg,Ed_Sullivan/Ed_Sullivan_0001.jpg,0,0.97249115
Douglas_Paal/Douglas_Paal_0001.jpg,Richard_Hamilton/Richard_Hamilton_0001.jpg,0,0.96721089
Dusty_Baker/Dusty_Baker_0001.jpg,Saddam_Hussein/Saddam_Hussein_0002.jpg,0,0.97471559
Ed_Rendell/Ed_Rendell_0001.jpg,Jamie_Dimon/Jamie_Dimon_0001.jpg,0,0.97459173
Ed_Rendell/Ed_Rendell_0001.jpg,Richard_Cohen/Richard_Cohen_0001.jpg,0,0.96423602
Eddie_Murray/Eddie_Murray_0001.jpg,Kevin_Costner/Kevin_Costner_0007.jpg,0,0.97606146
Elaine_Stritch/Elaine_Stritch_0001.jpg,Richard_Parsons/Richard_Parsons_0001.jpg,0,0.97224951
Elena_Tihomirova/Elena_Tihomirova_0001.jpg,Mike_Slive/Mike_Slive_0001.jpg,0,0.96601397
Elena_Tihomirova/Elena_Tihomirova_0001.jpg,Mohammed_Abu_Sharia/Mohammed_Abu_Sharia_0001.jpg,0,0.96122462
Eric_Schacht/Eric_Schacht_0001.jpg,Jennifer_Keller/Jennifer_Keller_0002.jpg,0,0.96599776
Erik_Morales/Erik_Morales_0003.jpg,Werner_Schlager/Werner_Schlager_0001.jpg,0,0.96749055
Erin_Brockovich/Erin_Brockovich_0001.jpg,Henry_Suazo/Henry_Suazo_0001.jpg,0,0.97292364
Erin_Brockovich/Erin_Brockovich_0001.jpg,Mike_Carona/Mike_Carona_0001.jpg,0,0.97383010
Evan_Rachel_Wood/Evan_Rachel_Wood_0001.jpg,Sharon_Frey/Sharon_Frey_0001.jpg,0,0.98524898
Evander_Holyfield/Evander_Holyfield_0001.jpg,Julio_Rossi/Julio_Rossi_0001.jpg,0,0.98273814
Evander_Holyfield/Evander_Holyfield_0001.jpg,Michael_Jordan/Michael_Jordan_0003.jpg,0,0.99842834
Evander_Holyfield/Evander_Holyfield_0001.jpg,Mike_Carona/Mike_Carona_0001.jpg,0,0.97268003
Fatmir_Limaj/Fatmir_Limaj_0001.jpg,Todd_Haynes/Todd_Haynes_0004.jpg,0,0.97687918
Felicity_Huffman/Felicity_Huffman_0001.jpg,Nelson_Acosta/Nelson_Acosta_0001.jpg,0,0.95842379
Felipe_De_Borbon/Felipe_De_Borbon_0001.jpg,Jose_Bove/Jose_Bove_0001.jpg,0,0.96403027
Frank_Cassell/Frank_Cassell_0002.jpg,Jesper_Parnevik/Jesper_Parnevik_0001.jpg,0,0.97157061
Frank_Cassell/Frank_Cassell_0003.jpg,Ronde_Barber/Ronde_Barber_0001.jpg,0,0.96526498
Fred_Durst/Fred_Durst_0001.jpg,Marisol_Martinez_Sambran/Marisol_Martinez_Sambran_0001.jpg,0,0.96739841
Fred_Durst/Fred_Durst_0001.jpg,Shavon_Earp/Shavon_Earp_0001.jpg,0,0.96506059
Fujio_Cho/Fujio_Cho_0001.jpg,Javier_Vargas/Javier_Vargas_0001.jpg,0,0.98494083
Fujio_Cho/Fujio_Cho_0002.jpg,Tatsuya_Fuji/Tatsuya_Fuji_0001.jpg,0,0.98261112
Fujio_Cho/Fujio_Cho_0003.jpg,Michael_Brandon/Michael_Brandon_0001.jpg,0,0.98782897
Fujio_Cho/Fujio_Cho_0006.jpg,Olene_Walker/Olene_Walker_0001.jpg,0,0.96757817
Gabriel_Farhi/Gabriel_Farhi_0001.jpg,Lars_Burgsmuller/Lars_Burgsmuller_0001.jpg,0,0.95891118
Gao_Qiang/Gao_Qiang_0002.jpg,Kenneth_Brill/Kenneth_Brill_0001.jpg,0,0.98485416
Gary_Stevens/Gary_Stevens_0001.jpg,Wanda_Ilene_Barzee/Wanda_Ilene_Barzee_0001.jpg,0,0.97654378
Geoff_Hoon/Geoff_Hoon_0001.jpg,Osama_bin_Laden/Osama_bin_Laden_0003.jpg,0,0.96991444
Geoff_Hoon/Geoff_Hoon_0003.jpg,Richard_Tubb/Richard_Tubb_0001.jpg,0,0.98057294
Geoff_Hoon/Geoff_Hoon_0005.jpg,Thomas_Stewart/Thomas_Stewart_0001.jpg,0,0.99256635
George_Brumley/George_Brumley_0001.jpg,Manfred_Stolpe/Manfred_Stolpe_0001.jpg,0,0.99561161
George_Brumley/George_Brumley_0001.jpg,Ryan_Leaf/Ryan_Leaf_0001.jpg,0,0.96654755
George_Brumley/George_Brumley_0002.jpg,Sergei_Yushenkov/Sergei_Yushenkov_0001.jpg,0,0.97805828
George_Papandreou/George_Papandreou_0002.jpg,Tatiana_Panova/Tatiana_Panova_0001.jpg,0,0.97791791
George_Papandreou/George_Papandreou_0004.jpg,Larry_Lindsey/Larry_Lindsey_0002.jpg,0,0.98039001
George_Papandreou/George_Papandreou_0004.jpg,Paul_LeClerc/Paul_LeClerc_0001.jpg,0,0.97709632
Ghassan_Elashi/Ghassan_Elashi_0001.jpg,Rick_Rickert/Rick_Rickert_0001.jpg,0,0.96624410
Gloria_Allred/Gloria_Allred_0002.jpg,Roman_Tam/Roman_Tam_0001.jpg,0,0.96439683
Greg_Kinsey/Greg_Kinsey_0001.jpg,Priscilla_Presley/Priscilla_Presley_0001.jpg,0,0.96661890
Greg_Ostertag/Greg_Ostertag_0002.jpg,Kevin_Costner/Kevin_Costner_0006.jpg,0,0.98171091
Greg_Owen/Greg_Owen_0001.jpg,Mark_Sisk/Mark_Sisk_0001.jpg,0,0.97973621
Greg_Owen/Greg_Owen_0002.jpg,Mike_Smith/Mike_Smith_0001.jpg,0,0.96443504
Gretchen_Mol/Gretchen_Mol_0001.jpg,Isabella_Rossellini/Isabella_Rossellini_0002.jpg,0,0.98817378
Gunilla_Backman/Gunilla_Backman_0001.jpg,Kathleen_Abernathy/Kathleen_Abernathy_0001.jpg,0,0.97804266
Hanan_Ashrawi/Hanan_Ashrawi_0001.jpg,Mario_Kreutzberger/Mario_Kreutzberger_0002.jpg,0,0.96465653
Hans_Leistritz/Hans_Leistritz_0001.jpg,Saddam_Hussein/Saddam_Hussein_0018.jpg,0,0.97547883
Hans_Leistritz/Hans_Leistritz_0001.jpg,Sue_Grafton/Sue_Grafton_0001.jpg,0,0.96261799
Hans_Peter_Briegel/Hans_Peter_Briegel_0001.jpg,Theresa_May/Theresa_May_0002.jpg,0,0.96778083
Harriet_Lessy/Harriet_Lessy_0001.jpg,Mike_Carona/Mike_Carona_0001.jpg,0,0.95863247
Harry_Kalas/Harry_Kalas_0002.jpg,Joe_Strummer/Joe_Strummer_0001.jpg,0,0.98776746
Harry_Kalas/Harry_Kalas_0002.jpg,Lewis_Booth/Lewis_Booth_0001.jpg,0,0.99594688
Hayley_Tullett/Hayley_Tullett_0001.jpg,Ian_McKellen/Ian_McKellen_0001.jpg,0,0.96586418
Henry_Suazo/Henry_Suazo_0001.jpg,Ratna_Sari_Dewi_Sukarno/Ratna_Sari_Dewi_Sukarno_0001.jpg,0,0.97764993
Hernan_Crespo/Hernan_Crespo_0001.jpg,Ronde_Barber/Ronde_Barber_0001.jpg,0,0.96845996
Hiroyuki_Yoshino/Hiroyuki_Yoshino_0001.jpg,Rollie_Massimino/Rollie_Massimino_0001.jpg,0,0.98436183
Hu_Jintao/Hu_Jintao_0006.jpg,Jerome_Jenkins/Jerome_Jenkins_0001.jpg,0,0.97066116
Hugh_Jessiman/Hugh_Jessiman_0001.jpg,Solomon_Passy/Solomon_Passy_0001.jpg,0,0.96027827
Hugh_Jessiman/Hugh_Jessiman_0001.jpg,TA_McLendon/TA_McLendon_0001.jpg,0,0.99365556
Hugo_Conte/Hugo_Conte_0001.jpg,Laurent_Woulzy/Laurent_Woulzy_0001.jpg,0,0.97405839
Irina_Yatchenko/Irina_Yatchenko_0001.jpg,Katie_Harman/Katie_Harman_0002.jpg,0,0.96595383
Isidro_Pastor/Isidro_Pastor_0001.jpg,Mark_Butcher/Mark_Butcher_0001.jpg,0,0.96005344
Ismail_Merchant/Ismail_Merchant_0001.jpg,Mack_Brown/Mack_Brown_0002.jpg,0,0.98090613
Ismail_Merchant/Ismail_Merchant_0002.jpg,Kathleen_Abernathy/Kathleen_Abernathy_0001.jpg,0,0.95557773
Ivan_Helguera/Ivan_Helguera_0001.jpg,William_Donaldson/William_Donaldson_0004.jpg,0,0.97271806
Iveta_Benesova/Iveta_Benesova_0001.jpg,Jacques_Chirac/Jacques_Chirac_0050.jpg,0,0.97529757
Jacques_Chirac/Jacques_Chirac_0020.jpg,Tzipora_Obziler/Tzipora_Obziler_0001.jpg,0,0.96424425
Jacques_Chirac/Jacques_Chirac_0035.jpg,Richard_Shelby/Richard_Shelby_0002.jpg,0,0.98895675
James_Cameron/James_Cameron_0001.jpg,Richard_Shelby/Richard_Shelby_0002.jpg,0,0.98665750
James_McGreevey/James_McGreevey_0001.jpg,Katie_Harman/Katie_Harman_0002.jpg,0,0.96678913
James_McGreevey/James_McGreevey_0001.jpg,Tzipora_Obziler/Tzipora_Obziler_0001.jpg,0,0.96368665
James_Sensenbrenner/James_Sensenbrenner_0001.jpg,Jimmy_Smits/Jimmy_Smits_0001.jpg,0,0.95148379
James_Sensenbrenner/James_Sensenbrenner_0001.jpg,Maria_Shkolnikova/Maria_Shkolnikova_0001.jpg,0,0.96551758
James_Watt/James_Watt_0001.jpg,Priscilla_Presley/Priscilla_Presley_0002.jpg,0,0.96638727
Jamie_Dimon/Jamie_Dimon_0001.jpg,Robert_Korzeniowski/Robert_Korzeniowski_0001.jpg,0,0.98074198
Jason_Alexander/Jason_Alexander_0001.jpg,Mike_Maroth/Mike_Maroth_0001.jpg,0,0.97110832
Jason_Alexander/Jason_Alexander_0001.jpg,Wayne_Allard/Wayne_Allard_0001.jpg,0,0.98488820
Jason_Kidd/Jason_Kidd_0007.jpg,Louisa_Baileche/Louisa_Baileche_0001.jpg,0,0.97156042
Javier_Vargas/Javier_Vargas_0001.jpg,Jesse_Helms/Jesse_Helms_0001.jpg,0,0.96489912
Jeanette_Gray/Jeanette_Gray_0001.jpg,Keith_Fotta/Keith_Fotta_0001.jpg,0,0.98268092
Jeanette_Stauffer/Jeanette_Stauffer_0001.jpg,Marie-Josee_Croze/Marie-Josee_Croze_0001.jpg,0,0.98291707
Jeffrey_Donaldson/Jeffrey_Donaldson_0001.jpg,Leonardo_DiCaprio/Leonardo_DiCaprio_0008.jpg,0,0.97802758
Jeffrey_Donaldson/Jeffrey_Donaldson_0001.jpg,Peter_Bacanovic/Peter_Bacanovic_0001.jpg,0,0.98381913
Jennifer_Connelly/Jennifer_Connelly_0004.jpg,Martin_Bandier/Martin_Bandier_0001.jpg,0,0.96922117
Jesper_Parnevik/Jesper_Parnevik_0001.jpg,Justin_Gatlin/Justin_Gatlin_0002.jpg,0,0.97770470
Jimmy_Smits/Jimmy_Smits_0001.jpg,Robin_Johansen/Robin_Johansen_0001.jpg,0,0.95976543
Jimmy_Smits/Jimmy_Smits_0001.jpg,Shane_Hmiel/Shane_Hmiel_0001.jpg,0,0.97254390
Joe_Crede/Joe_Crede_0001.jpg,Tom_DeLay/Tom_DeLay_0001.jpg,0,0.96815830
John_Burkett/John_Burkett_0001.jpg,Leonardo_DiCaprio/Leonardo_DiCaprio_0002.jpg,0,0.98833025
John_McKay/John_McKay_0001.jpg,Mary_Sue_Coleman/Mary_Sue_Coleman_0001.jpg,0,0.97739738
Johnny_Hallyday/Johnny_Hallyday_0001.jpg,Olene_Walker/Olene_Walker_0001.jpg,0,0.97342479
Jonathan_Tiomkin/Jonathan_Tiomkin_0001.jpg,Rita_Grande/Rita_Grande_0002.jpg,0,0.98249125
Jorge_Rodolfo_Canicoba_Corral/Jorge_Rodolfo_Canicoba_Corral_0001.jpg,Wayne_Allard/Wayne_Allard_0001.jpg,0,0.98425621
Jose_Bove/Jose_Bove_0001.jpg,Juergen_Trittin/Juergen_Trittin_0001.jpg,0,0.98467934
Juljia_Vysotskij/Juljia_Vysotskij_0001.jpg,Patrick_Coleman/Patrick_Coleman_0001.jpg,0,0.97725904
Kate_Lee/Kate_Lee_0001.jpg,Toshimitsu_Motegi/Toshimitsu_Motegi_0001.jpg,0,0.97806168
Kathie_Louise_Saunders/Kathie_Louise_Saunders_0001.jpg,Roberto_Lavagna/Roberto_Lavagna_0001.jpg,0,0.96671832
Kathie_Louise_Saunders/Kathie_Louise_Saunders_0001.jpg,Rosalyn_Carter/Rosalyn_Carter_0001.jpg,0,0.95858693
Kenneth_Branagh/Kenneth_Branagh_0001.jpg,Pinar_del_Rio/Pinar_del_Rio_0001.jpg,0,0.98149443
Kevin_Costner/Kevin_Costner_0005.jpg,Stephen_Glassroth/Stephen_Glassroth_0001.jpg,0,0.97536123
Khader_Rashid_Rahim/Khader_Rashid_Rahim_0001.jpg,Richard_Cohen/Richard_Cohen_0001.jpg,0,0.96219003
Khalid_Khannouchi/Khalid_Khannouchi_0001.jpg,Werner_Schlager/Werner_Schlager_0001.jpg,0,0.96221936
Kim_Su_Nam/Kim_Su_Nam_0001.jpg,Todd_Haynes/Todd_Haynes_0004.jpg,0,0.98926425
Kim_Weeks/Kim_Weeks_0001.jpg,Marie-Josee_Croze/Marie-Josee_Croze_0001.jpg,0,0.99055457
Kimora_Lee/Kimora_Lee_0001.jpg,Robin_Johansen/Robin_Johansen_0001.jpg,0,0.96921951
Kurt_Suzuki/Kurt_Suzuki_0001.jpg,Scott_Hoch/Scott_Hoch_0001.jpg,0,0.99024284
Larry_Lindsey/Larry_Lindsey_0001.jpg,Wanda_Ilene_Barzee/Wanda_Ilene_Barzee_0001.jpg,0,0.99458563
Larry_Ralston/Larry_Ralston_0001.jpg,Richard_Carl/Richard_Carl_0001.jpg,0,0.97755575
Larry_Ralston/Larry_Ralston_0001.jpg,William_Donaldson/William_Donaldson_0006.jpg,0,0.99555743
Larry_Ralston/Larry_Ralston_0001.jpg,Willie_Wilson/Willie_Wilson_0001.jpg,0,0.96207023
Laurel_Clark/Laurel_Clark_0001.jpg,Laurent_Woulzy/Laurent_Woulzy_0001.jpg,0,0.96385235
Laurel_Clark/Laurel_Clark_0001.jpg,Priscilla_Presley/Priscilla_Presley_0001.jpg,0,0.99127084
Leandrinho_Barbosa/Leandrinho_Barbosa_0001.jpg,Melissa_Joan_Hart/Melissa_Joan_Hart_0001.jpg,0,0.96484584
Leandrinho_Barbosa/Leandrinho_Barbosa_0001.jpg,Olene_Walker/Olene_Walker_0001.jpg,0,0.96506870
Leon_Barmore/Leon_Barmore_0001.jpg,Sachin_Tendulkar/Sachin_Tendulkar_0001.jpg,0,0.97238016
Leon_Barmore/Leon_Barmore_0001.jpg,Yusaku_Miyazato/Yusaku_Miyazato_0001.jpg,0,0.98150903
Leonard_Schrank/Leonard_Schrank_0001.jpg,Marie_Haghal/Marie_Haghal_0001.jpg,0,0.97056335
Leonard_Schrank/Leonard_Schrank_0001.jpg,Rick_Rickert/Rick_Rickert_0001.jpg,0,0.97278237
Linda_Franklin/Linda_Franklin_0001.jpg,Melissa_Joan_Hart/Melissa_Joan_Hart_0001.jpg,0,0.98490477
Lindsay_Davenport/Lindsay_Davenport_0001.jpg,Martin_Burnham/Martin_Burnham_0001.jpg,0,0.97504264
Lindsay_Davenport/Lindsay_Davenport_0017.jpg,Oxana_Fedorova/Oxana_Fedorova_0003.jpg,0,0.98772430
Lionel_Chalmers/Lionel_Chalmers_0001.jpg,Mohammad_Fares/Mohammad_Fares_0001.jpg,0,0.97190726
Lisa_Ling/Lisa_Ling_0002.jpg,Mike_Maroth/Mike_Maroth_0001.jpg,0,0.97503388
Lucy_Liu/Lucy_Liu_0003.jpg,Prince_William/Prince_William_0001.jpg,0,0.95775580
Maria_Luisa_Mendonca/Maria_Luisa_Mendonca_0002.jpg,Stephane_Delajoux/Stephane_Delajoux_0001.jpg,0,0.95909536
Maria_Luisa_Mendonca/Maria_Luisa_Mendonca_0002.jpg,Terunobu_Maeda/Terunobu_Maeda_0001.jpg,0,0.96930897
Maria_Shkolnikova/Maria_Shkolnikova_0001.jpg,Martin_Rodriguez/Martin_Rodriguez_0001.jpg,0,0.96512777
Mariana_Ohata/Mariana_Ohata_0001.jpg,Xavier_Malisse/Xavier_Malisse_0003.jpg,0,0.95723438
Mario_Kreutzberger/Mario_Kreutzberger_0001.jpg,Shavon_Earp/Shavon_Earp_0001.jpg,0,0.96023417
Mario_Kreutzberger/Mario_Kreutzberger_0002.jpg,Raul_Cubas/Raul_Cubas_0001.jpg,0,0.98604596
Maritza_Macias_Furano/Maritza_Macias_Furano_0001.jpg,Qusai_Hussein/Qusai_Hussein_0001.jpg,0,0.95762765
Mark_Butcher/Mark_Butcher_0001.jpg,Scott_Hoch/Scott_Hoch_0001.jpg,0,0.96264708
Mark_Sisk/Mark_Sisk_0001.jpg,Mehdi_Baala/Mehdi_Baala_0001.jpg,0,0.98238349
Mark_Sisk/Mark_Sisk_0001.jpg,Stephen_Swindal/Stephen_Swindal_0001.jpg,0,0.98314553
Masao_Azuma/Masao_Azuma_0001.jpg,Mikhail_Kalashnikov/Mikhail_Kalashnikov_0001.jpg,0,0.97689670
McGuire_Gibson/McGuire_Gibson_0001.jpg,Richard_Haass/Richard_Haass_0001.jpg,0,0.99032295
Mehdi_Baala/Mehdi_Baala_0001.jpg,Steve_Avery/Steve_Avery_0001.jpg,0,0.95737708
Melissa_Joan_Hart/Melissa_Joan_Hart_0001.jpg,Mikhail_Kalashnikov/Mikhail_Kalashnikov_0001.jpg,0,0.97406358
Melissa_Joan_Hart/Melissa_Joan_Hart_0001.jpg,Sue_Grafton/Sue_Grafton_0001.jpg,0,0.96632385
Michael_Brandon/Michael_Brandon_0001.jpg,Toshimitsu_Motegi/Toshimitsu_Motegi_0001.jpg,0,0.98094201
Michael_Shelby/Michael_Shelby_0001.jpg,Olene_Walker/Olene_Walker_0001.jpg,0,0.97105634
Michel_Kratochvil/Michel_Kratochvil_0001.jpg,Sheldon_Silver/Sheldon_Silver_0001.jpg,0,0.96114469
Mike_Eskew/Mike_Eskew_0001.jpg,Zarai_Toledo/Zarai_Toledo_0001.jpg,0,0.96773744
Mike_OConnell/Mike_OConnell_0001.jpg,Roberto_Lavagna/Roberto_Lavagna_0001.jpg,0,0.98060060
Mike_Sherman/Mike_Sherman_0001.jpg,Natalie_Maines/Natalie_Maines_0003.jpg,0,0.97176492
Mike_Sherman/Mike_Sherman_0001.jpg,Paige_Fitzgerald/Paige_Fitzgerald_0001.jpg,0,0.96743035
Milt_Heflin/Milt_Heflin_0001.jpg,Pier_Ferdinando_Casini/Pier_Ferdinando_Casini_0001.jpg,0,0.96616256
Nicholoas_DiMarzio/Nicholoas_DiMarzio_0001.jpg,Richard_Parsons/Richard_Parsons_0001.jpg,0,0.98502052
Nikki_McKibbin/Nikki_McKibbin_0001.jpg,Stephen_Swindal/Stephen_Swindal_0001.jpg,0,0.97393429
Nikki_McKibbin/Nikki_McKibbin_0001.jpg,Steven_Tyler/Steven_Tyler_0001.jpg,0,0.98217708
Osama_Al_Baz/Osama_Al_Baz_0001.jpg,Patricia_Wartusch/Patricia_Wartusch_0001.jpg,0,0.96780723
Osama_Al_Baz/Osama_Al_Baz_0001.jpg,Sandra_Day_OConner/Sandra_Day_OConner_0001.jpg,0,0.97716236
Patricia_Phillips/Patricia_Phillips_0001.jpg,Thierry_Falise/Thierry_Falise_0002.jpg,0,0.96078056
Paula_Locke/Paula_Locke_0001.jpg,Teri_Files/Teri_Files_0001.jpg,0,0.96001256
Peter_Bacanovic/Peter_Bacanovic_0002.jpg,Robert_Korzeniowski/Robert_Korzeniowski_0001.jpg,0,0.98766643
Pier_Ferdinando_Casini/Pier_Ferdinando_Casini_0001.jpg,Ratna_Sari_Dewi_Sukarno/Ratna_Sari_Dewi_Sukarno_0001.jpg,0,0.97560722
Priscilla_Presley/Priscilla_Presley_0002.jpg,Raul_Rivero/Raul_Rivero_0001.jpg,0,0.97082549
Raaf_Schefter/Raaf_Schefter_0001.jpg,Rick_Dinse/Rick_Dinse_0002.jpg,0,0.98478585
Richard_Sterner/Richard_Sterner_0001.jpg,Steven_Spielberg/Steven_Spielberg_0002.jpg,0,0.98984253
Rick_Dinse/Rick_Dinse_0002.jpg,Shavon_Earp/Shavon_Earp_0001.jpg,0,0.96676004
Roberto_Lavagna/Roberto_Lavagna_0001.jpg,Sandra_Bullock/Sandra_Bullock_0004.jpg,0,0.97465092
Rod_Stewart/Rod_Stewart_0001.jpg,Steffi_Graf/Steffi_Graf_0002.jpg,0,0.95583850
Rodolfo_Abalos/Rodolfo_Abalos_0001.jpg,Thierry_Falise/Thierry_Falise_0003.jpg,0,0.96839398
Roman_Tam/Roman_Tam_0001.jpg,Zalmay_Khalilzad/Zalmay_Khalilzad_0001.jpg,0,0.97199070
Scott_Hoch/Scott_Hoch_0001.jpg,Thomas_Stewart/Thomas_Stewart_0001.jpg,0,0.96902096
Seymour_Cassell/Seymour_Cassell_0001.jpg,Todd_Haynes/Todd_Haynes_0004.jpg,0,0.97168350
Shaun_Rusling/Shaun_Rusling_0001.jpg,Vincent_Sombrotto/Vincent_Sombrotto_0001.jpg,0,0.96996713
Sheldon_Silver/Sheldon_Silver_0001.jpg,Xavier_Malisse/Xavier_Malisse_0003.jpg,0,0.97703654
Stephane_Delajoux/Stephane_Delajoux_0001.jpg,Tristan_Gretzky/Tristan_Gretzky_0001.jpg,0,0.95118439
Takahiro_Mori/Takahiro_Mori_0001.jpg,Tony_Blair/Tony_Blair_0064.jpg,0,0.96919835
Thierry_Falise/Thierry_Falise_0002.jpg,Werner_Schlager/Werner_Schlager_0001.jpg,0,0.97164583
Abbas_Kiarostami/Abbas_Kiarostami_0001.jpg,Fujio_Mitarai/Fujio_Mitarai_0001.jpg,0,0.97824609
Abdullah/Abdullah_0001.jpg,Teresa_Heinz_Kerry/Teresa_Heinz_Kerry_0001.jpg,0,0.95126683
Abdullah/Abdullah_0003.jpg,Samuel_Waksal/Samuel_Waksal_0001.jpg,0,0.96745574
Abdullah/Abdullah_0004.jpg,Julio_Cesar_Franco/Julio_Cesar_Franco_0001.jpg,0,0.98046952
Abid_Hamid_Mahmud_Al-Tikriti/Abid_Hamid_Mahmud_Al-Tikriti_0001.jpg,Anjum_Hussain/Anjum_Hussain_0001.jpg,0,0.99058545
Abid_Hamid_Mahmud_Al-Tikriti/Abid_Hamid_Mahmud_Al-Tikriti_0002.jpg,Doris_Schroeder/Doris_Schroeder_0001.jpg,0,0.95830011
Adam_Freier/Adam_Freier_0001.jpg,Hillary_Clinton/Hillary_Clinton_0003.jpg,0,0.96649659
Adam_Freier/Adam_Freier_0001.jpg,Princess_Caroline/Princess_Caroline_0001.jpg,0,0.97207421
Adam_Freier/Adam_Freier_0001.jpg,Regina_Ip/Regina_Ip_0001.jpg,0,0.96764135
Alan_Ball/Alan_Ball_0001.jpg,Kristin_Scott_Thomas/Kristin_Scott_Thomas_0001.jpg,0,0.96345270
Alan_Ball/Alan_Ball_0002.jpg,Yuri_Malenchenko/Yuri_Malenchenko_0001.jpg,0,0.97069728
Albert_Costa/Albert_Costa_0006.jpg,Gary_Barnett/Gary_Barnett_0001.jpg,0,0.96692801
Albert_Costa/Albert_Costa_0006.jpg,John_Marburger/John_Marburger_0001.jpg,0,0.96277183
Albert_Costa/Albert_Costa_0006.jpg,Wen_Jiabao/Wen_Jiabao_0007.jpg,0,0.96613294
Alberta_Lee/Alberta_Lee_0001.jpg,Babe_Ruth/Babe_Ruth_0001.jpg,0,0.97168887
Alex_Popov/Alex_Popov_0001.jpg,Kent_Rominger/Kent_Rominger_0002.jpg,0,0.97852111
Alex_Popov/Alex_Popov_0001.jpg,Matthew_During/Matthew_During_0001.jpg,0,0.98680401
Ali_Khamenei/Ali_Khamenei_0002.jpg,Roberto_Canessa/Roberto_Canessa_0001.jpg,0,0.97719157
Amelia_Vega/Amelia_Vega_0001.jpg,Gina_Lollobrigida/Gina_Lollobrigida_0001.jpg,0,0.98552537
Amelia_Vega/Amelia_Vega_0005.jpg,Jim_Harrick/Jim_Harrick_0001.jpg,0,0.96750605
Amy_Pascal/Amy_Pascal_0001.jpg,Eduardo_Duhalde/Eduardo_Duhalde_0007.jpg,0,0.96316773
Amy_Pascal/Amy_Pascal_0001.jpg,Hank_Azaria/Hank_Azaria_0001.jpg,0,0.94550729
Amy_Pascal/Amy_Pascal_0001.jpg,John_Marburger/John_Marburger_0001.jpg,0,0.97045636
Amy_Redford/Amy_Redford_0001.jpg,Roman_Coppola/Roman_Coppola_0001.jpg,0,0.96883166
Amy_Redford/Amy_Redford_0001.jpg,Victor_Kraatz/Victor_Kraatz_0001.jpg,0,0.95335972
Anderson_Varejao/Anderson_Varejao_0001.jpg,Dennis_Oswald/Dennis_Oswald_0001.jpg,0,0.96697283
Anderson_Varejao/Anderson_Varejao_0001.jpg,Garth_Drabinsky/Garth_Drabinsky_0001.jpg,0,0.97011375
Andrei_Nikolishin/Andrei_Nikolishin_0001.jpg,Angelica_Romero/Angelica_Romero_0001.jpg,0,0.96830982
Andrew_Bernard/Andrew_Bernard_0001.jpg,Don_Nickles/Don_Nickles_0002.jpg,0,0.98698270
Andrew_Bernard/Andrew_Bernard_0001.jpg,Hassan_Wirajuda/Hassan_Wirajuda_0001.jpg,0,0.98353976
Andrew_Bernard/Andrew_Bernard_0001.jpg,Mark_Broxmeyer/Mark_Broxmeyer_0001.jpg,0,0.97200340
Andrew_Fastow/Andrew_Fastow_0001.jpg,Luca_Cordero_di_Montezemolo/Luca_Cordero_di_Montezemolo_0001.jpg,0,0.98910999
Andrew_Fastow/Andrew_Fastow_0001.jpg,Meghann_Shaughnessy/Meghann_Shaughnessy_0001.jpg,0,0.96560776
Andrew_Fastow/Andrew_Fastow_0001.jpg,Tomas_Malik/Tomas_Malik_0001.jpg,0,0.99496001
Andrew_Luster/Andrew_Luster_0001.jpg,Eric_Rosser/Eric_Rosser_0001.jpg,0,0.96485448
Andrew_Luster/Andrew_Luster_0001.jpg,Jose_Manuel_Durao_Barroso/Jose_Manuel_Durao_Barroso_0006.jpg,0,0.97793245
Andrew_Luster/Andrew_Luster_0001.jpg,Lisa_Murkowski/Lisa_Murkowski_0001.jpg,0,0.95902491
Anita_DeFrantz/Anita_DeFrantz_0001.jpg,Carla_Gay_Balingit/Carla_Gay_Balingit_0001.jpg,0,0.99623317
Anita_DeFrantz/Anita_DeFrantz_0001.jpg,Penny_Lancaster/Penny_Lancaster_0001.jpg,0,0.97790402
Anjum_Hussain/Anjum_Hussain_0001.jpg,David_Caraway/David_Caraway_0002.jpg,0,0.97268438
Anne_Cavers/Anne_Cavers_0001.jpg,James_Barksdale/James_Barksdale_0001.jpg,0,0.96883357
Anne_Cavers/Anne_Cavers_0001.jpg,Stephen_Oake/Stephen_Oake_0001.jpg,0,0.95319134
Anthony_Hazen/Anthony_Hazen_0001.jpg,Debra_Yang/Debra_Yang_0001.jpg,0,0.96002579
Antonio_Catania/Antonio_Catania_0001.jpg,Barry_Bonds/Barry_Bonds_0001.jpg,0,0.96500027
Antonio_Catania/Antonio_Catania_0001.jpg,Taylyn_Solomon/Taylyn_Solomon_0001.jpg,0,0.96140158
Aretha_Franklin/Aretha_Franklin_0001.jpg,Jean_Brumley/Jean_Brumley_0001.jpg,0,0.96006560
Aretha_Franklin/Aretha_Franklin_0001.jpg,Teruaki_Masumoto/Teruaki_Masumoto_0001.jpg,0,0.98407167
Art_Lopez/Art_Lopez_0001.jpg,Diane_Lane/Diane_Lane_0001.jpg,0,0.97667891
Arthur_Johnson/Arthur_Johnson_0001.jpg,Selma_Phoenix/Selma_Phoenix_0001.jpg,0,0.96670043
Arye_Mekel/Arye_Mekel_0002.jpg,Chung_Mong-joon/Chung_Mong-joon_0001.jpg,0,0.98377436
Arye_Mekel/Arye_Mekel_0002.jpg,Georgina_Papin/Georgina_Papin_0001.jpg,0,0.96301222
Babe_Ruth/Babe_Ruth_0001.jpg,Jim_Harrick/Jim_Harrick_0001.jpg,0,0.96831393
Babe_Ruth/Babe_Ruth_0001.jpg,Pete_Aldridge/Pete_Aldridge_0001.jpg,0,0.96749598
Barry_Bonds/Barry_Bonds_0001.jpg,James_Barksdale/James_Barksdale_0001.jpg,0,0.96039170
Barry_Bonds/Barry_Bonds_0001.jpg,Mickey_Sherman/Mickey_Sherman_0001.jpg,0,0.97612453
Barry_Switzer/Barry_Switzer_0001.jpg,Jiang_Zemin/Jiang_Zemin_0011.jpg,0,0.98818731
Barry_Switzer/Barry_Switzer_0001.jpg,Kirk_Ferentz/Kirk_Ferentz_0002.jpg,0,0.97161859
Bernard_Giraudeau/Bernard_Giraudeau_0001.jpg,Keira_Knightley/Keira_Knightley_0001.jpg,0,0.98011267
Bernard_Landry/Bernard_Landry_0003.jpg,Stacey_Jones/Stacey_Jones_0001.jpg,0,0.96625805
Bernard_Landry/Bernard_Landry_0004.jpg,Sylvia_Plachy/Sylvia_Plachy_0001.jpg,0,0.98689675
Biljana_Plavsic/Biljana_Plavsic_0001.jpg,Kieran_Prendergast/Kieran_Prendergast_0002.jpg,0,0.98653245
Bill_Cartwright/Bill_Cartwright_0001.jpg,Claude_Jorda/Claude_Jorda_0001.jpg,0,0.97074151
Bill_Lerach/Bill_Lerach_0001.jpg,Martin_Verkerk/Martin_Verkerk_0002.jpg,0,0.96817958
Bob_Hope/Bob_Hope_0001.jpg,Stanley_Ho/Stanley_Ho_0001.jpg,0,0.97408879
Bob_Hope/Bob_Hope_0005.jpg,Micah_Knorr/Micah_Knorr_0001.jpg,0,0.97488624
Bob_Hope/Bob_Hope_0005.jpg,Mitchell_Potter/Mitchell_Potter_0001.jpg,0,0.98553437
Bob_Menendez/Bob_Menendez_0001.jpg,David_Caraway/David_Caraway_0002.jpg,0,0.99361384
Bob_Menendez/Bob_Menendez_0001.jpg,Lauren_Hutton/Lauren_Hutton_0001.jpg,0,0.97239184
Bob_Riley/Bob_Riley_0001.jpg,Danny_Ainge/Danny_Ainge_0001.jpg,0,0.97922492
Bob_Riley/Bob_Riley_0001.jpg,Nastassia_Kinski/Nastassia_Kinski_0002.jpg,0,0.95883882
Bob_Riley/Bob_Riley_0001.jpg,Sheila_Wellstone/Sheila_Wellstone_0002.jpg,0,0.97069633
Brad_Wilk/Brad_Wilk_0001.jpg,Phil_Cline/Phil_Cline_0001.jpg,0,0.95318747
Brad_Wilk/Brad_Wilk_0001.jpg,Scott_Dalton/Scott_Dalton_0001.jpg,0,0.97809553
Brian_Grazier/Brian_Grazier_0001.jpg,Tomas_Malik/Tomas_Malik_0001.jpg,0,0.99423122
Brian_StPierre/Brian_StPierre_0001.jpg,Steve_Mariucci/Steve_Mariucci_0002.jpg,0,0.97374618
Cari_Davis/Cari_Davis_0001.jpg,Don_Henley/Don_Henley_0001.jpg,0,0.97572041
Cari_Davis/Cari_Davis_0001.jpg,Mark_Broxmeyer/Mark_Broxmeyer_0001.jpg,0,0.97444755
Carin_Koch/Carin_Koch_0001.jpg,John_Banko/John_Banko_0002.jpg,0,0.96007937
Carla_Gay_Balingit/Carla_Gay_Balingit_0001.jpg,Frank_Lautenberg/Frank_Lautenberg_0002.jpg,0,0.96753228
Carla_Gay_Balingit/Carla_Gay_Balingit_0001.jpg,Paula_Dobriansky/Paula_Dobriansky_0001.jpg,0,0.98536313
Carlos_Ruiz/Carlos_Ruiz_0001.jpg,Peter_Schultz/Peter_Schultz_0001.jpg,0,0.97224772
Carlos_Ruiz/Carlos_Ruiz_0003.jpg,Jennifer_Tilly/Jennifer_Tilly_0001.jpg,0,0.96729386
Carly_Fiorina/Carly_Fiorina_0002.jpg,Peter_Ueberroth/Peter_Ueberroth_0001.jpg,0,0.96650314
Catherine_Woodard/Catherine_Woodard_0001.jpg,Mike_Sweeney/Mike_Sweeney_0001.jpg,0,0.96388125
Chan_Ho_Park/Chan_Ho_Park_0001.jpg,Xiang_Xu/Xiang_Xu_0001.jpg,0,0.96909904
Chance_Mock/Chance_Mock_0001.jpg,Herb_Ritts/Herb_Ritts_0001.jpg,0,0.97361887
Chance_Mock/Chance_Mock_0001.jpg,Shafal_Mosed/Shafal_Mosed_0001.jpg,0,0.95245731
Chance_Mock/Chance_Mock_0001.jpg,Simona_Hradil/Simona_Hradil_0001.jpg,0,0.95198250
Chance_Mock/Chance_Mock_0001.jpg,Troy_Jenkins/Troy_Jenkins_0001.jpg,0,0.97407973
Charles_Taylor/Charles_Taylor_0007.jpg,Tom_Curley/Tom_Curley_0001.jpg,0,0.97511238
Chea_Sophara/Chea_Sophara_0001.jpg,John_Wolf/John_Wolf_0001.jpg,0,0.97483385
Chris_Cirino/Chris_Cirino_0001.jpg,Jen_Bice/Jen_Bice_0001.jpg,0,0.97401011
Chris_Cirino/Chris_Cirino_0001.jpg,Mary_Lou_Markakis/Mary_Lou_Markakis_0001.jpg,0,0.97304958
Chris_Cirino/Chris_Cirino_0001.jpg,Peri_Gilpin/Peri_Gilpin_0001.jpg,0,0.97014463
Christina_Sawaya/Christina_Sawaya_0001.jpg,Greg_Gilbert/Greg_Gilbert_0001.jpg,0,0.96678245
Chung_Mong-joon/Chung_Mong-joon_0001.jpg,David_Modell/David_Modell_0001.jpg,0,0.98139030
Chung_Mong-joon/Chung_Mong-joon_0001.jpg,Luca_Cordero_di_Montezemolo/Luca_Cordero_di_Montezemolo_0001.jpg,0,0.96861863
Chung_Mong-joon/Chung_Mong-joon_0001.jpg,Nick_Markakis/Nick_Markakis_0001.jpg,0,0.97354198
Chung_Mong-joon/Chung_Mong-joon_0002.jpg,John_Rusnak/John_Rusnak_0001.jpg,0,0.98896962
Claire_Leger/Claire_Leger_0001.jpg,David_Caraway/David_Caraway_0002.jpg,0,0.96480668
Claire_Leger/Claire_Leger_0001.jpg,Jerry_Sexton/Jerry_Sexton_0001.jpg,0,0.97787410
Claire_Leger/Claire_Leger_0001.jpg,Nobuyuki_Idei/Nobuyuki_Idei_0001.jpg,0,0.96456599
Clark_Randt/Clark_Randt_0001.jpg,Katie_Boone/Katie_Boone_0001.jpg,0,0.97917467
Clark_Randt/Clark_Randt_0001.jpg,Marc-Andre_Fleury/Marc-Andre_Fleury_0001.jpg,0,0.96934283
Clemente_de_la_Vega/Clemente_de_la_Vega_0001.jpg,Ron_Gonzales/Ron_Gonzales_0001.jpg,0,0.97075236
Colin_Campbell/Colin_Campbell_0001.jpg,Frank_Keating/Frank_Keating_0001.jpg,0,0.99750769
Colin_Campbell/Colin_Campbell_0001.jpg,Jean_Carnahan/Jean_Carnahan_0002.jpg,0,0.96389204
Colin_Campbell/Colin_Campbell_0001.jpg,Mitchell_Potter/Mitchell_Potter_0001.jpg,0,0.97406197
Colleen_Atwood/Colleen_Atwood_0001.jpg,Penelope_Cruz/Penelope_Cruz_0002.jpg,0,0.97192770
Craig_Morgan/Craig_Morgan_0001.jpg,Matthew_McConaughey/Matthew_McConaughey_0001.jpg,0,0.98495817
Dan_Duquette/Dan_Duquette_0001.jpg,Paddy_Torsney/Paddy_Torsney_0001.jpg,0,0.97013652
Daniel_Ortega/Daniel_Ortega_0001.jpg,Norah_Jones/Norah_Jones_0006.jpg,0,0.97663748
Daniel_Patrick_Moynihan/Daniel_Patrick_Moynihan_0001.jpg,Eglis_Yaima_Cruz/Eglis_Yaima_Cruz_0001.jpg,0,0.96629202
Daniel_Patrick_Moynihan/Daniel_Patrick_Moynihan_0001.jpg,Newton_Carlton_Slawson/Newton_Carlton_Slawson_0001.jpg,0,0.98736906
Daniel_Rouse/Daniel_Rouse_0001.jpg,Doris_Schroeder/Doris_Schroeder_0001.jpg,0,0.96676803
Daniel_Rouse/Daniel_Rouse_0001.jpg,Mike_Johanns/Mike_Johanns_0001.jpg,0,0.99711466
Daniell_Sunjata/Daniell_Sunjata_0001.jpg,Marc-Andre_Fleury/Marc-Andre_Fleury_0002.jpg,0,0.98091811
Danny_Ainge/Danny_Ainge_0001.jpg,Lee_Ann_Terlaji/Lee_Ann_Terlaji_0001.jpg,0,0.98045552
David_Leahy/David_Leahy_0001.jpg,Jerry_Sexton/Jerry_Sexton_0001.jpg,0,0.97807354
David_Scott_Morris/David_Scott_Morris_0001.jpg,Valerie_Thwaites/Valerie_Thwaites_0001.jpg,0,0.97761548
David_Zeplowitz/David_Zeplowitz_0001.jpg,Jerry_Springer/Jerry_Springer_0001.jpg,0,0.98948878
Dawn_Staley/Dawn_Staley_0001.jpg,Hasan_Wirayuda/Hasan_Wirayuda_0001.jpg,0,0.97503757
Debra_Rose/Debra_Rose_0001.jpg,Jonathan_Edwards/Jonathan_Edwards_0002.jpg,0,0.95178443
Debra_Yang/Debra_Yang_0001.jpg,Hashim_Thaci/Hashim_Thaci_0002.jpg,0,0.95744193
Debra_Yang/Debra_Yang_0001.jpg,Yekaterina_Guseva/Yekaterina_Guseva_0001.jpg,0,0.97446620
Denis_Fassou-Nguesso/Denis_Fassou-Nguesso_0001.jpg,William_Overlin/William_Overlin_0001.jpg,0,0.96539378
Derrick_Taylor/Derrick_Taylor_0001.jpg,Giuseppe_Morchio/Giuseppe_Morchio_0001.jpg,0,0.99428976
Derrick_Taylor/Derrick_Taylor_0001.jpg,William_Overlin/William_Overlin_0001.jpg,0,0.97132039
Dick_Cheney/Dick_Cheney_0005.jpg,James_Murdoch/James_Murdoch_0001.jpg,0,0.98313606
Dick_Cheney/Dick_Cheney_0008.jpg,Nobuyuki_Idei/Nobuyuki_Idei_0001.jpg,0,0.98881590
Dick_Smothers/Dick_Smothers_0001.jpg,Yoon_Won-Sik/Yoon_Won-Sik_0001.jpg,0,0.96514761
Dita_Von_Tesse/Dita_Von_Tesse_0001.jpg,Mohammed_Al-Douri/Mohammed_Al-Douri_0012.jpg,0,0.96300167
Don_Henley/Don_Henley_0001.jpg,Ernie_Eves/Ernie_Eves_0001.jpg,0,0.99713033
Don_Henley/Don_Henley_0001.jpg,Gil_Cates/Gil_Cates_0001.jpg,0,0.99259275
Don_Henley/Don_Henley_0001.jpg,Stephen_Frears/Stephen_Frears_0001.jpg,0,0.97188127
Don_Henley/Don_Henley_0001.jpg,Ziwang_Xu/Ziwang_Xu_0001.jpg,0,0.97417390
Donald_Regan/Donald_Regan_0001.jpg,John_Gruden/John_Gruden_0001.jpg,0,0.98889637
Doris_Schroeder/Doris_Schroeder_0002.jpg,Joe_Mantegna/Joe_Mantegna_0001.jpg,0,0.96084511
Eduardo_Duhalde/Eduardo_Duhalde_0001.jpg,Paula_Dobriansky/Paula_Dobriansky_0001.jpg,0,0.96526736
Eduardo_Duhalde/Eduardo_Duhalde_0002.jpg,Tab_Turner/Tab_Turner_0001.jpg,0,0.97669554
Eduardo_Duhalde/Eduardo_Duhalde_0013.jpg,James_Murdoch/James_Murdoch_0001.jpg,0,0.96559399
Edward_Egan/Edward_Egan_0001.jpg,Ernie_Fletcher/Ernie_Fletcher_0002.jpg,0,0.98300999
Edward_Johnson/Edward_Johnson_0001.jpg,Jessica_Capshaw/Jessica_Capshaw_0001.jpg,0,0.96274960
El_Hadji_Diouf/El_Hadji_Diouf_0001.jpg,Hitomi_Soga/Hitomi_Soga_0002.jpg,0,0.97413081
Emilio_Botin/Emilio_Botin_0001.jpg,Luca_Cordero_di_Montezemolo/Luca_Cordero_di_Montezemolo_0001.jpg,0,0.98099947
Emilio_Botin/Emilio_Botin_0001.jpg,Robert_Hyatt/Robert_Hyatt_0001.jpg,0,0.98691618
Enrique_Iglesias/Enrique_Iglesias_0001.jpg,Gisele_Bundchen/Gisele_Bundchen_0002.jpg,0,0.96114922
Eric_Bana/Eric_Bana_0001.jpg,Mike_Sweeney/Mike_Sweeney_0001.jpg,0,0.98777819
Eric_Bana/Eric_Bana_0001.jpg,Tab_Turner/Tab_Turner_0001.jpg,0,0.96481484
Eric_Benet/Eric_Benet_0001.jpg,Mohammad_Mustapha_Miro/Mohammad_Mustapha_Miro_0001.jpg,0,0.97681344
Eric_Rosser/Eric_Rosser_0001.jpg,Marc-Andre_Fleury/Marc-Andre_Fleury_0002.jpg,0,0.95519173
Eric_Rosser/Eric_Rosser_0001.jpg,Peter_Chan/Peter_Chan_0001.jpg,0,0.94893104
Ernie_Eves/Ernie_Eves_0002.jpg,Hana_Makhmalbaf/Hana_Makhmalbaf_0001.jpg,0,0.96707958
Fernando_Vargas/Fernando_Vargas_0001.jpg,Julio_Cesar_Franco/Julio_Cesar_Franco_0001.jpg,0,0.96610105
Fernando_Vargas/Fernando_Vargas_0003.jpg,Martin_Verkerk/Martin_Verkerk_0003.jpg,0,0.97945935
Flavia_Pennetta/Flavia_Pennetta_0001.jpg,Larry_Flynt/Larry_Flynt_0001.jpg,0,0.98595041
Flavia_Pennetta/Flavia_Pennetta_0001.jpg,Micah_Knorr/Micah_Knorr_0001.jpg,0,0.98074967
Flavia_Pennetta/Flavia_Pennetta_0001.jpg,Paul_Wellstone/Paul_Wellstone_0001.jpg,0,0.97356111
Frank_Keating/Frank_Keating_0001.jpg,Paul_McCartney/Paul_McCartney_0007.jpg,0,0.98471355
Frank_Lautenberg/Frank_Lautenberg_0002.jpg,Michael_Capellas/Michael_Capellas_0001.jpg,0,0.99013257
Frank_Lautenberg/Frank_Lautenberg_0002.jpg,Steve_Allee/Steve_Allee_0001.jpg,0,0.97273260
Fujio_Mitarai/Fujio_Mitarai_0001.jpg,Harvey_Weinstein/Harvey_Weinstein_0001.jpg,0,0.98695791
Gabriella_Bo/Gabriella_Bo_0001.jpg,Jeremy_Shockey/Jeremy_Shockey_0002.jpg,0,0.96805310
Gavyn_Arthur/Gavyn_Arthur_0001.jpg,Kevin_Hearn/Kevin_Hearn_0001.jpg,0,0.96081173
Gavyn_Arthur/Gavyn_Arthur_0001.jpg,Lynne_Slepian/Lynne_Slepian_0001.jpg,0,0.97153133
Gavyn_Arthur/Gavyn_Arthur_0001.jpg,Zahir_Shah/Zahir_Shah_0001.jpg,0,0.97826195
George_HW_Bush/George_HW_Bush_0007.jpg,George_Maxwell_Richards/George_Maxwell_Richards_0001.jpg,0,0.98839223
George_HW_Bush/George_HW_Bush_0013.jpg,Penny_Lancaster/Penny_Lancaster_0001.jpg,0,0.97251892
George_Maxwell_Richards/George_Maxwell_Richards_0001.jpg,Reggie_Miller/Reggie_Miller_0001.jpg,0,0.97954267
Georgina_Papin/Georgina_Papin_0001.jpg,Mary_Lou_Retton/Mary_Lou_Retton_0001.jpg,0,0.97476453
Georgina_Papin/Georgina_Papin_0001.jpg,Svend_Robinson/Svend_Robinson_0001.jpg,0,0.96107113
Gerry_Kelly/Gerry_Kelly_0001.jpg,Keira_Knightley/Keira_Knightley_0001.jpg,0,0.95867074
Giannina_Facio/Giannina_Facio_0001.jpg,Peri_Gilpin/Peri_Gilpin_0001.jpg,0,0.98562968
Gideon_Black/Gideon_Black_0001.jpg,Kevin_Hearn/Kevin_Hearn_0001.jpg,0,0.97560358
Gideon_Black/Gideon_Black_0001.jpg,Shafal_Mosed/Shafal_Mosed_0001.jpg,0,0.96656823
Gisele_Bundchen/Gisele_Bundchen_0002.jpg,Penny_Lancaster/Penny_Lancaster_0001.jpg,0,0.97845739
Giuseppe_Morchio/Giuseppe_Morchio_0001.jpg,Penny_Lancaster/Penny_Lancaster_0001.jpg,0,0.97885293
Greg_Frers/Greg_Frers_0001.jpg,Mohammed_Al-Douri/Mohammed_Al-Douri_0004.jpg,0,0.97481954
Greg_Gilbert/Greg_Gilbert_0001.jpg,Mehmet_Ali_Sahin/Mehmet_Ali_Sahin_0001.jpg,0,0.98885727
Gregorio_Honasan/Gregorio_Honasan_0001.jpg,Jim_Schwarz/Jim_Schwarz_0001.jpg,0,0.97005999
Gregorio_Honasan/Gregorio_Honasan_0001.jpg,Jonathan_Fine/Jonathan_Fine_0001.jpg,0,0.98239541
Gregorio_Honasan/Gregorio_Honasan_0001.jpg,Matt_Doherty/Matt_Doherty_0001.jpg,0,0.96861291
Hama_Arba_Diallo/Hama_Arba_Diallo_0001.jpg,Zhang_Yimou/Zhang_Yimou_0001.jpg,0,0.98317802
Hana_Makhmalbaf/Hana_Makhmalbaf_0001.jpg,Raquel_Welch/Raquel_Welch_0001.jpg,0,0.96638852
Hassan_Wirajuda/Hassan_Wirajuda_0001.jpg,Scott_Dalton/Scott_Dalton_0001.jpg,0,0.96390212
Hector_Babenco/Hector_Babenco_0002.jpg,Talisa_Bratt/Talisa_Bratt_0001.jpg,0,0.97274554
Herb_Ritts/Herb_Ritts_0001.jpg,Mark_Broxmeyer/Mark_Broxmeyer_0001.jpg,0,0.98331714
Hugh_Campbell/Hugh_Campbell_0001.jpg,Ken_Watanabe/Ken_Watanabe_0001.jpg,0,0.97943366
Hugh_Campbell/Hugh_Campbell_0001.jpg,Masamori_Tokuyama/Masamori_Tokuyama_0001.jpg,0,0.98680156
Hugh_Campbell/Hugh_Campbell_0001.jpg,Tom_Foy/Tom_Foy_0001.jpg,0,0.98958999
Imran_Khan/Imran_Khan_0001.jpg,Matt_Morris/Matt_Morris_0001.jpg,0,0.96617901
Imran_Khan/Imran_Khan_0001.jpg,Nancy_Humbert/Nancy_Humbert_0001.jpg,0,0.96928251
Ivan_Lee/Ivan_Lee_0001.jpg,Jennifer_Furminger/Jennifer_Furminger_0001.jpg,0,0.96571136
James_Hallock/James_Hallock_0001.jpg,Robert_Beck/Robert_Beck_0001.jpg,0,0.99106109
James_Murdoch/James_Murdoch_0001.jpg,Martina_McBride/Martina_McBride_0003.jpg,0,0.96616817
Jamie_Kellner/Jamie_Kellner_0001.jpg,Tomas_Malik/Tomas_Malik_0001.jpg,0,0.98171234
Jamie_King/Jamie_King_0001.jpg,Lauren_Hutton/Lauren_Hutton_0002.jpg,0,0.99217224
Jane_Fonda/Jane_Fonda_0002.jpg,Martha_Stewart/Martha_Stewart_0004.jpg,0,0.97772235
Janet_Leigh/Janet_Leigh_0001.jpg,Marianne_Stanley/Marianne_Stanley_0001.jpg,0,0.97445989
Jaromir_Jagr/Jaromir_Jagr_0001.jpg,Troy_Jenkins/Troy_Jenkins_0001.jpg,0,0.99554384
Jean_Brumley/Jean_Brumley_0002.jpg,Jim_Harrick/Jim_Harrick_0001.jpg,0,0.96264094
Jen_Bice/Jen_Bice_0001.jpg,Judi_Dench/Judi_Dench_0002.jpg,0,0.98043692
Jennifer_Furminger/Jennifer_Furminger_0001.jpg,Matthew_During/Matthew_During_0001.jpg,0,0.96763241
Jennifer_Tilly/Jennifer_Tilly_0001.jpg,Serge_Klarsfeld/Serge_Klarsfeld_0001.jpg,0,0.97213447
Jennifer_Tilly/Jennifer_Tilly_0001.jpg,Stella_Tennant/Stella_Tennant_0001.jpg,0,0.97780454
Jeremy_Shockey/Jeremy_Shockey_0002.jpg,Robert_Beck/Robert_Beck_0001.jpg,0,0.97205198
Jerry_Regier/Jerry_Regier_0002.jpg,Paulina_Rodriguez_Davila/Paulina_Rodriguez_Davila_0001.jpg,0,0.97235537
Jerry_Regier/Jerry_Regier_0003.jpg,Lee_Hyung-taik/Lee_Hyung-taik_0001.jpg,0,0.98308581
Jerry_Regier/Jerry_Regier_0003.jpg,Pete_Rose/Pete_Rose_0002.jpg,0,0.99173355
Jessica_Capshaw/Jessica_Capshaw_0001.jpg,Penelope_Cruz/Penelope_Cruz_0002.jpg,0,0.97687131
Jiang_Zemin/Jiang_Zemin_0004.jpg,Michelangelo_Antonioni/Michelangelo_Antonioni_0001.jpg,0,0.98863459
Jiang_Zemin/Jiang_Zemin_0013.jpg,Roman_Coppola/Roman_Coppola_0001.jpg,0,0.98332471
Jim_Sterk/Jim_Sterk_0001.jpg,Jonathan_Edwards/Jonathan_Edwards_0003.jpg,0,0.96846879
Jim_Sterk/Jim_Sterk_0001.jpg,Ken_Watanabe/Ken_Watanabe_0002.jpg,0,0.96718240
Joey_Harrington/Joey_Harrington_0001.jpg,Nick_Price/Nick_Price_0001.jpg,0,0.95940232
John_Lynch/John_Lynch_0001.jpg,Michael_Sullivan/Michael_Sullivan_0001.jpg,0,0.98750305
John_Robbins/John_Robbins_0001.jpg,Tom_Foy/Tom_Foy_0001.jpg,0,0.98195249
John_Thune/John_Thune_0001.jpg,Milan_Milutinovic/Milan_Milutinovic_0001.jpg,0,0.97139621
John_Velazquez/John_Velazquez_0001.jpg,Marco_Antonio_Barrera/Marco_Antonio_Barrera_0003.jpg,0,0.97787017
John_Velazquez/John_Velazquez_0001.jpg,Tammy_Lynn_Michaels/Tammy_Lynn_Michaels_0001.jpg,0,0.95743489
John_Wolf/John_Wolf_0002.jpg,Prince_Harry/Prince_Harry_0001.jpg,0,0.96777296
Jonathan_Byrd/Jonathan_Byrd_0001.jpg,Mike_Matheny/Mike_Matheny_0001.jpg,0,0.98319542
Jonathan_Byrd/Jonathan_Byrd_0001.jpg,Sheikh_Ahmed_Yassin/Sheikh_Ahmed_Yassin_0001.jpg,0,0.98216015
Jonathan_Horton/Jonathan_Horton_0001.jpg,Lee_Ann_Terlaji/Lee_Ann_Terlaji_0001.jpg,0,0.96833086
Jorge_Alberto_Galindo/Jorge_Alberto_Galindo_0001.jpg,Roger_King/Roger_King_0001.jpg,0,0.97155768
Joseph_Biden/Joseph_Biden_0005.jpg,Mahdi_Al_Bassam/Mahdi_Al_Bassam_0001.jpg,0,0.98451817
Joseph_Biden/Joseph_Biden_0005.jpg,Tung_Chee-hwa/Tung_Chee-hwa_0004.jpg,0,0.98337573
Judy_Genshaft/Judy_Genshaft_0001.jpg,Shane_Warne/Shane_Warne_0001.jpg,0,0.96599621
Jules_Asner/Jules_Asner_0001.jpg,Robert_Beck/Robert_Beck_0001.jpg,0,0.96536905
Julien_Varlet/Julien_Varlet_0001.jpg,Scott_Dalton/Scott_Dalton_0001.jpg,0,0.98668015
Kate_Burton/Kate_Burton_0001.jpg,Martha_Stewart/Martha_Stewart_0002.jpg,0,0.96858823
Kate_Richardson/Kate_Richardson_0001.jpg,Roman_Coppola/Roman_Coppola_0001.jpg,0,0.97721887
Katie_Boone/Katie_Boone_0001.jpg,Uthai_Pimchaichon/Uthai_Pimchaichon_0001.jpg,0,0.97602725
Katie_Smith/Katie_Smith_0001.jpg,Leland_Chapman/Leland_Chapman_0001.jpg,0,0.98281598
Katrin_Susi/Katrin_Susi_0001.jpg,Luca_Cordero_di_Montezemolo/Luca_Cordero_di_Montezemolo_0001.jpg,0,0.97031927
Kay_Bailey_Hutchison/Kay_Bailey_Hutchison_0001.jpg,Theodore_Tweed_Roosevelt/Theodore_Tweed_Roosevelt_0003.jpg,0,0.97155553
Kieran_Prendergast/Kieran_Prendergast_0001.jpg,Lachlan_Murdoch/Lachlan_Murdoch_0001.jpg,0,0.96461701
King_Abdullah_II/King_Abdullah_II_0004.jpg,Robert_Hyatt/Robert_Hyatt_0001.jpg,0,0.98338807
Kirk_Ferentz/Kirk_Ferentz_0002.jpg,Milan_Milutinovic/Milan_Milutinovic_0001.jpg,0,0.98496675
Lachlan_Murdoch/Lachlan_Murdoch_0001.jpg,Mickey_Sherman/Mickey_Sherman_0001.jpg,0,0.97968149
Larry_Flynt/Larry_Flynt_0001.jpg,Phil_Cline/Phil_Cline_0001.jpg,0,0.98677897
Larry_Greene/Larry_Greene_0001.jpg,Mike_Brey/Mike_Brey_0002.jpg,0,0.98132056
Laurence_Tribe/Laurence_Tribe_0001.jpg,Uthai_Pimchaichon/Uthai_Pimchaichon_0001.jpg,0,0.97427845
Lee_Ann_Terlaji/Lee_Ann_Terlaji_0001.jpg,Roman_Coppola/Roman_Coppola_0001.jpg,0,0.97762895
Lee_Yuan-tseh/Lee_Yuan-tseh_0001.jpg,Shafal_Mosed/Shafal_Mosed_0001.jpg,0,0.97801399
Lee_Yuan-tseh/Lee_Yuan-tseh_0001.jpg,Yuri_Malenchenko/Yuri_Malenchenko_0002.jpg,0,0.96037412
Leland_Chapman/Leland_Chapman_0001.jpg,Theodore_Tweed_Roosevelt/Theodore_Tweed_Roosevelt_0001.jpg,0,0.96203828
Leslie_Moonves/Leslie_Moonves_0002.jpg,Robert_Hyatt/Robert_Hyatt_0001.jpg,0,0.97938114
Lisa_Murkowski/Lisa_Murkowski_0001.jpg,Serge_Klarsfeld/Serge_Klarsfeld_0001.jpg,0,0.96506095
Magui_Serna/Magui_Serna_0001.jpg,Maura_Tierney/Maura_Tierney_0001.jpg,0,0.97959769
Mahdi_Al_Bassam/Mahdi_Al_Bassam_0001.jpg,Marc-Andre_Fleury/Marc-Andre_Fleury_0002.jpg,0,0.97388148
Mahdi_Al_Bassam/Mahdi_Al_Bassam_0001.jpg,Mother_Teresa/Mother_Teresa_0001.jpg,0,0.97758341
Malak_Habbak/Malak_Habbak_0001.jpg,Prince_Harry/Prince_Harry_0003.jpg,0,0.97207582
Manuel_Pellegrini/Manuel_Pellegrini_0001.jpg,Rolf_Eckrodt/Rolf_Eckrodt_0001.jpg,0,0.98254740
Manuela_Montebrun/Manuela_Montebrun_0001.jpg,Martina_McBride/Martina_McBride_0002.jpg,0,0.96600413
Manuela_Montebrun/Manuela_Montebrun_0001.jpg,Steven_Seagal/Steven_Seagal_0002.jpg,0,0.97070289
Marion_Fahnestock/Marion_Fahnestock_0001.jpg,Wen_Jiabao/Wen_Jiabao_0003.jpg,0,0.96981561
Mark_Hamister/Mark_Hamister_0001.jpg,Xiang_Xu/Xiang_Xu_0001.jpg,0,0.96689457
Martha_Martinez_Flores/Martha_Martinez_Flores_0001.jpg,Mike_Brey/Mike_Brey_0002.jpg,0,0.97112942
Martha_Stewart/Martha_Stewart_0005.jpg,Victor_Kraatz/Victor_Kraatz_0001.jpg,0,0.96141380
Martin_Lawrence/Martin_Lawrence_0001.jpg,Mickey_Sherman/Mickey_Sherman_0001.jpg,0,0.96555865
Martin_Lawrence/Martin_Lawrence_0001.jpg,Penny_Lancaster/Penny_Lancaster_0001.jpg,0,0.97206676
Martin_McCauley/Martin_McCauley_0002.jpg,Steven_Seagal/Steven_Seagal_0001.jpg,0,0.98174417
Martin_Verkerk/Martin_Verkerk_0001.jpg,Steven_Seagal/Steven_Seagal_0001.jpg,0,0.99503452
Martina_McBride/Martina_McBride_0003.jpg,Peter_Schultz/Peter_Schultz_0001.jpg,0,0.96693814
Masamori_Tokuyama/Masamori_Tokuyama_0001.jpg,Regina_Ip/Regina_Ip_0001.jpg,0,0.96520287
Masamori_Tokuyama/Masamori_Tokuyama_0001.jpg,Serge_Melac/Serge_Melac_0001.jpg,0,0.98025268
Matt_Doherty/Matt_Doherty_0002.jpg,Saoud_Al_Faisal/Saoud_Al_Faisal_0001.jpg,0,0.97766745
Meghann_Shaughnessy/Meghann_Shaughnessy_0001.jpg,William_Perry/William_Perry_0001.jpg,0,0.96626830
Mehmet_Ali_Sahin/Mehmet_Ali_Sahin_0001.jpg,Peri_Gilpin/Peri_Gilpin_0001.jpg,0,0.97220445
Mehmet_Ali_Sahin/Mehmet_Ali_Sahin_0001.jpg,Raquel_Welch/Raquel_Welch_0002.jpg,0,0.96507442
Michael_Capellas/Michael_Capellas_0001.jpg,Victor_Garber/Victor_Garber_0001.jpg,0,0.98923761
Mickey_Sherman/Mickey_Sherman_0001.jpg,Roman_Coppola/Roman_Coppola_0001.jpg,0,0.97109973
Mike_Brey/Mike_Brey_0002.jpg,Nick_Markakis/Nick_Markakis_0001.jpg,0,0.99000698
Mike_Johanns/Mike_Johanns_0001.jpg,Pascal_Lamy/Pascal_Lamy_0001.jpg,0,0.98152995
Mike_Matheny/Mike_Matheny_0001.jpg,Norm_Coleman/Norm_Coleman_0005.jpg,0,0.97800344
Mohammad_Mustapha_Miro/Mohammad_Mustapha_Miro_0001.jpg,Steve_Mariucci/Steve_Mariucci_0002.jpg,0,0.99193454
Mother_Teresa/Mother_Teresa_0001.jpg,Yekaterina_Guseva/Yekaterina_Guseva_0001.jpg,0,0.95844162
Nancy_Humbert/Nancy_Humbert_0001.jpg,Park_Na-kyong/Park_Na-kyong_0001.jpg,0,0.97348845
Nanni_Moretti/Nanni_Moretti_0001.jpg,Shigeru_Ishiba/Shigeru_Ishiba_0001.jpg,0,0.95940983
Natalia_Dmitrieva/Natalia_Dmitrieva_0001.jpg,Willie_Nelson/Willie_Nelson_0001.jpg,0,0.96644807
Natalie_Juniardi/Natalie_Juniardi_0001.jpg,Uthai_Pimchaichon/Uthai_Pimchaichon_0001.jpg,0,0.98544490
Nick_Price/Nick_Price_0001.jpg,Tab_Turner/Tab_Turner_0001.jpg,0,0.98254013
Norm_Coleman/Norm_Coleman_0004.jpg,Peri_Gilpin/Peri_Gilpin_0001.jpg,0,0.96680200
Norm_Coleman/Norm_Coleman_0007.jpg,Scott_McClellan/Scott_McClellan_0005.jpg,0,0.98156357
Paddy_Torsney/Paddy_Torsney_0001.jpg,Tung_Chee-hwa/Tung_Chee-hwa_0009.jpg,0,0.94939137
Park_Na-kyong/Park_Na-kyong_0001.jpg,Vecdi_Gonul/Vecdi_Gonul_0001.jpg,0,0.96845454
Patrick_Rafter/Patrick_Rafter_0001.jpg,Peter_Care/Peter_Care_0001.jpg,0,0.96843123
Pierre_Van_Hooijdonk/Pierre_Van_Hooijdonk_0001.jpg,Scott_McClellan/Scott_McClellan_0001.jpg,0,0.96950686
Regina_Ip/Regina_Ip_0001.jpg,Rohman_al-Ghozi/Rohman_al-Ghozi_0001.jpg,0,0.98590249
Renee_Zellweger/Renee_Zellweger_0009.jpg,Yuri_Malenchenko/Yuri_Malenchenko_0002.jpg,0,0.96749592
Rolf_Eckrodt/Rolf_Eckrodt_0002.jpg,Teresa_Heinz_Kerry/Teresa_Heinz_Kerry_0001.jpg,0,0.96452206
Rubens_Barrichello/Rubens_Barrichello_0010.jpg,Stella_Tennant/Stella_Tennant_0001.jpg,0,0.97398782
Saoud_Al_Faisal/Saoud_Al_Faisal_0001.jpg,Vecdi_Gonul/Vecdi_Gonul_0001.jpg,0,0.97916925
Scott_Dalton/Scott_Dalton_0001.jpg,Zach_Safrin/Zach_Safrin_0001.jpg,0,0.98028934
Scott_McClellan/Scott_McClellan_0002.jpg,Tom_Schnackenberg/Tom_Schnackenberg_0001.jpg,0,0.98593277
Todd_MacCulloch/Todd_MacCulloch_0001.jpg,Willie_Nelson/Willie_Nelson_0001.jpg,0,0.98463190
Tom_Curley/Tom_Curley_0001.jpg,Wanda_de_la_Jesus/Wanda_de_la_Jesus_0001.jpg,0,0.96226329
Troy_Jenkins/Troy_Jenkins_0001.jpg,Walid_Al-Awadi/Walid_Al-Awadi_0001.jpg,0,0.97347814
William_Overlin/William_Overlin_0001.jpg,Yekaterina_Guseva/Yekaterina_Guseva_0001.jpg,0,0.95564514
Aaron_Patterson/Aaron_Patterson_0001.jpg,Frank_Bell/Frank_Bell_0001.jpg,0,0.97872311
Abdoulaye_Wade/Abdoulaye_Wade_0004.jpg,Bruce_Weber/Bruce_Weber_0002.jpg,0,0.96217871
Abner_Martinez/Abner_Martinez_0001.jpg,Carlos_Alberto/Carlos_Alberto_0001.jpg,0,0.97448474
Adam_Sandler/Adam_Sandler_0002.jpg,Matthew_Ouimet/Matthew_Ouimet_0001.jpg,0,0.99259359
Adam_Sandler/Adam_Sandler_0003.jpg,Saeed_Anwar/Saeed_Anwar_0001.jpg,0,0.97910070
Adolfo_Aguilar_Zinser/Adolfo_Aguilar_Zinser_0003.jpg,Jaime_Pressly/Jaime_Pressly_0001.jpg,0,0.96980464
Agnelo_Queiroz/Agnelo_Queiroz_0001.jpg,Aung_San_Suu_Kyi/Aung_San_Suu_Kyi_0002.jpg,0,0.95869243
Agnelo_Queiroz/Agnelo_Queiroz_0001.jpg,Dave_Barr/Dave_Barr_0001.jpg,0,0.97451347
Aicha_El_Ouafi/Aicha_El_Ouafi_0003.jpg,Michael_Lechner/Michael_Lechner_0001.jpg,0,0.96194416
Akbar_Hashemi_Rafsanjani/Akbar_Hashemi_Rafsanjani_0001.jpg,Larry_Harris/Larry_Harris_0001.jpg,0,0.97018898
Al_Pacino/Al_Pacino_0002.jpg,Charles_Cope/Charles_Cope_0001.jpg,0,0.97268403
Alex_Barros/Alex_Barros_0001.jpg,Brandon_Jones/Brandon_Jones_0001.jpg,0,0.97753668
Alex_Barros/Alex_Barros_0002.jpg,Will_Smith/Will_Smith_0002.jpg,0,0.99501044
Alex_Ferguson/Alex_Ferguson_0001.jpg,Rainer_Gut/Rainer_Gut_0001.jpg,0,0.98581016
Alex_Wallau/Alex_Wallau_0001.jpg,Shireen_Amir_Begum/Shireen_Amir_Begum_0001.jpg,0,0.96498895
Alexandra_Jackson/Alexandra_Jackson_0001.jpg,Larry_Harris/Larry_Harris_0001.jpg,0,0.97026360
Alfonso_Portillo/Alfonso_Portillo_0001.jpg,Benito_Santiago/Benito_Santiago_0001.jpg,0,0.98980701
Alfonso_Portillo/Alfonso_Portillo_0001.jpg,Faye_Alibocus/Faye_Alibocus_0001.jpg,0,0.97288865
Alfonso_Portillo/Alfonso_Portillo_0001.jpg,Fidel_Castro/Fidel_Castro_0017.jpg,0,0.97664797
Ali_Abdullah_Saleh/Ali_Abdullah_Saleh_0001.jpg,Khalid_Qazi/Khalid_Qazi_0001.jpg,0,0.97561103
Allan_Houston/Allan_Houston_0001.jpg,Andy_Garcia/Andy_Garcia_0001.jpg,0,0.97026086
Allan_Houston/Allan_Houston_0001.jpg,Heidi_Klum/Heidi_Klum_0001.jpg,0,0.95494676
Allan_Houston/Allan_Houston_0001.jpg,Thomas_Mesereau_Jr/Thomas_Mesereau_Jr_0001.jpg,0,0.96311188
Ally_Sheedy/Ally_Sheedy_0001.jpg,Hugh_Carey/Hugh_Carey_0001.jpg,0,0.96360356
Ally_Sheedy/Ally_Sheedy_0001.jpg,Myung_Yang/Myung_Yang_0001.jpg,0,0.97080708
Amanda_Marsh/Amanda_Marsh_0001.jpg,Tony_Curtis/Tony_Curtis_0002.jpg,0,0.97355187
Anastasia_Myskina/Anastasia_Myskina_0001.jpg,Raul_Gonzalez/Raul_Gonzalez_0001.jpg,0,0.95442259
Anastasia_Myskina/Anastasia_Myskina_0003.jpg,Len_Jenoff/Len_Jenoff_0002.jpg,0,0.95542592
Andrzej_Tyszkiewicz/Andrzej_Tyszkiewicz_0001.jpg,Wes_Craven/Wes_Craven_0001.jpg,0,0.97923797
Andy_Griggs/Andy_Griggs_0001.jpg,Lech_Walesa/Lech_Walesa_0002.jpg,0,0.97661793
Andy_Rooney/Andy_Rooney_0001.jpg,Jessica_Simpson/Jessica_Simpson_0001.jpg,0,0.96691167
Anna_Nicole_Smith/Anna_Nicole_Smith_0002.jpg,Marcus_Garrettson/Marcus_Garrettson_0001.jpg,0,0.98367989
Antonio_Palocci/Antonio_Palocci_0003.jpg,Liza_Minnelli/Liza_Minnelli_0001.jpg,0,0.96550345
Antonio_Palocci/Antonio_Palocci_0005.jpg,JC_Chasez/JC_Chasez_0001.jpg,0,0.98019481
Antonio_Palocci/Antonio_Palocci_0005.jpg,Jose_Woldenberg/Jose_Woldenberg_0001.jpg,0,0.99452490
Antonio_Palocci/Antonio_Palocci_0006.jpg,John_Geoghan/John_Geoghan_0001.jpg,0,0.99080586
Antonio_Palocci/Antonio_Palocci_0008.jpg,Hans_Corell/Hans_Corell_0001.jpg,0,0.97519374
Arif_Mardin/Arif_Mardin_0001.jpg,Eduardo_Fischer/Eduardo_Fischer_0001.jpg,0,0.96878135
Arnaud_Lagardere/Arnaud_Lagardere_0001.jpg,Melanie_Griffith/Melanie_Griffith_0003.jpg,0,0.97285748
Ashton_Kutcher/Ashton_Kutcher_0002.jpg,Daniel_Barenboim/Daniel_Barenboim_0001.jpg,0,0.97064155
Asif_Hanif/Asif_Hanif_0001.jpg,Robbie_Williams/Robbie_Williams_0001.jpg,0,0.98600358
Asmaa_Assad/Asmaa_Assad_0001.jpg,Barry_Hinson/Barry_Hinson_0001.jpg,0,0.96037954
Aung_San_Suu_Kyi/Aung_San_Suu_Kyi_0001.jpg,Charla_Moye/Charla_Moye_0001.jpg,0,0.98459792
Azmi_Bishara/Azmi_Bishara_0001.jpg,Sammy_Sosa/Sammy_Sosa_0002.jpg,0,0.97464514
Barry_Hinson/Barry_Hinson_0001.jpg,Nino_DAngelo/Nino_DAngelo_0001.jpg,0,0.98452455
Barry_Zito/Barry_Zito_0002.jpg,Chris_Gratton/Chris_Gratton_0001.jpg,0,0.98776364
Bill_Graham/Bill_Graham_0008.jpg,Michelle_Hofland/Michelle_Hofland_0001.jpg,0,0.95708072
Bill_Graham/Bill_Graham_0009.jpg,Jacqueline_Marris/Jacqueline_Marris_0001.jpg,0,0.96683550
Bill_Readdy/Bill_Readdy_0001.jpg,Brendan_Gaughan/Brendan_Gaughan_0001.jpg,0,0.99194622
Bill_Readdy/Bill_Readdy_0001.jpg,Jaymon_Crabb/Jaymon_Crabb_0001.jpg,0,0.98014116
Bill_Readdy/Bill_Readdy_0001.jpg,Yasser_Arafat/Yasser_Arafat_0003.jpg,0,0.98281515
Billy_Rork/Billy_Rork_0001.jpg,Eva_Mendes/Eva_Mendes_0001.jpg,0,0.97309047
Billy_Rork/Billy_Rork_0001.jpg,German_Khan/German_Khan_0001.jpg,0,0.97113204
Billy_Rork/Billy_Rork_0001.jpg,Peter_Struck/Peter_Struck_0002.jpg,0,0.99732393
Bison_Dele/Bison_Dele_0001.jpg,Brian_McIntyre/Brian_McIntyre_0001.jpg,0,0.97589839
Bob_Dole/Bob_Dole_0002.jpg,Dai_Chul_Chyung/Dai_Chul_Chyung_0001.jpg,0,0.97214782
Bob_Dole/Bob_Dole_0002.jpg,John_Henry/John_Henry_0001.jpg,0,0.97968566
Bob_Dole/Bob_Dole_0003.jpg,Chris_Gratton/Chris_Gratton_0001.jpg,0,0.96440560
Bob_Dole/Bob_Dole_0003.jpg,Hugh_Carey/Hugh_Carey_0001.jpg,0,0.99569255
Bob_Geldof/Bob_Geldof_0001.jpg,Zoran_Djindjic/Zoran_Djindjic_0002.jpg,0,0.96964371
Bob_Geldof/Bob_Geldof_0002.jpg,Ed_Wade/Ed_Wade_0001.jpg,0,0.97925097
Bob_Holden/Bob_Holden_0001.jpg,Fernando_Leon_de_Aranoa/Fernando_Leon_de_Aranoa_0001.jpg,0,0.97933346
Bob_Iger/Bob_Iger_0001.jpg,Edie_Falco/Edie_Falco_0001.jpg,0,0.96769482
Bob_Iger/Bob_Iger_0001.jpg,Jean-Claude_Van_Damme/Jean-Claude_Van_Damme_0001.jpg,0,0.99167752
Brian_Clemens/Brian_Clemens_0001.jpg,Brian_Meadors/Brian_Meadors_0001.jpg,0,0.98474658
Brian_Clemens/Brian_Clemens_0001.jpg,Melanie_Griffith/Melanie_Griffith_0002.jpg,0,0.97115147
Brian_Heidik/Brian_Heidik_0002.jpg,Djabir_Said-Guerni/Djabir_Said-Guerni_0001.jpg,0,0.96617347
Brian_McIntyre/Brian_McIntyre_0001.jpg,Hans_Corell/Hans_Corell_0001.jpg,0,0.98966897
Brian_McIntyre/Brian_McIntyre_0001.jpg,Mohammed_Abulhasan/Mohammed_Abulhasan_0001.jpg,0,0.97803199
Brian_Pavlich/Brian_Pavlich_0001.jpg,Ruben_Wolkowyski/Ruben_Wolkowyski_0001.jpg,0,0.96692806
Brook_Robinson/Brook_Robinson_0001.jpg,Tom_McClintock/Tom_McClintock_0001.jpg,0,0.97011143
Brooke_Adams/Brooke_Adams_0001.jpg,Paula_Prentiss/Paula_Prentiss_0001.jpg,0,0.97231436
Brooke_Gordon/Brooke_Gordon_0001.jpg,Joschka_Fischer/Joschka_Fischer_0012.jpg,0,0.96743739
Bruce_Weber/Bruce_Weber_0001.jpg,Hal_Sellers/Hal_Sellers_0001.jpg,0,0.98785830
Bryan_Thomas/Bryan_Thomas_0001.jpg,Joey_Mantia/Joey_Mantia_0001.jpg,0,0.97237289
Bustam_A_Zedan_Aljanabi/Bustam_A_Zedan_Aljanabi_0001.jpg,Kajsa_Bergqvist/Kajsa_Bergqvist_0001.jpg,0,0.97734344
Calvin_Joseph_Coleman/Calvin_Joseph_Coleman_0001.jpg,Hassan_Nasrallah/Hassan_Nasrallah_0001.jpg,0,0.97405112
Carla_Sullivan/Carla_Sullivan_0001.jpg,Edie_Falco/Edie_Falco_0001.jpg,0,0.95561814
Carlos_Barragan/Carlos_Barragan_0001.jpg,Chen_Shui-bian/Chen_Shui-bian_0003.jpg,0,0.97810721
Carlos_Salinas/Carlos_Salinas_0001.jpg,Norman_Mailer/Norman_Mailer_0001.jpg,0,0.98373771
Carlos_Salinas/Carlos_Salinas_0001.jpg,Sonya_Walger/Sonya_Walger_0001.jpg,0,0.96235681
Carolyn_Dawn_Johnson/Carolyn_Dawn_Johnson_0003.jpg,Lydia_Shum/Lydia_Shum_0001.jpg,0,0.97978127
Carolyn_Kuhl/Carolyn_Kuhl_0001.jpg,Pierre_Boulanger/Pierre_Boulanger_0001.jpg,0,0.97318423
Celine_Dion/Celine_Dion_0002.jpg,John_Stallworth/John_Stallworth_0002.jpg,0,0.95868635
Celine_Dion/Celine_Dion_0005.jpg,Linda_Baboolal/Linda_Baboolal_0001.jpg,0,0.96475589
Celine_Dion/Celine_Dion_0005.jpg,Tom_Poston/Tom_Poston_0001.jpg,0,0.96176249
Chakib_Khelil/Chakib_Khelil_0002.jpg,Chuck_Woolery/Chuck_Woolery_0001.jpg,0,0.98812157
Charla_Moye/Charla_Moye_0001.jpg,Patti_Balgojevich/Patti_Balgojevich_0001.jpg,0,0.98338652
Charles_Cope/Charles_Cope_0001.jpg,Garry_Alejano/Garry_Alejano_0001.jpg,0,0.96182644
Charles_Holzner/Charles_Holzner_0001.jpg,Eurico_Guterres/Eurico_Guterres_0001.jpg,0,0.99288583
Charles_Holzner/Charles_Holzner_0001.jpg,Greg_Kinnear/Greg_Kinnear_0001.jpg,0,0.97013921
Chen_Shui-bian/Chen_Shui-bian_0003.jpg,Gaston_Gaudio/Gaston_Gaudio_0001.jpg,0,0.95904660
Chris_Gratton/Chris_Gratton_0001.jpg,Mario_Vasquez_Rana/Mario_Vasquez_Rana_0001.jpg,0,0.96571064
Chris_Kolanas/Chris_Kolanas_0001.jpg,Joshua_Gracin/Joshua_Gracin_0001.jpg,0,0.97059506
Claudia_Pechstein/Claudia_Pechstein_0002.jpg,Mireille_Jospin-Dandieu/Mireille_Jospin-Dandieu_0001.jpg,0,0.97139907
Clay_Aiken/Clay_Aiken_0001.jpg,Svetlana_Koroleva/Svetlana_Koroleva_0001.jpg,0,0.97297657
Colin_Powell/Colin_Powell_0095.jpg,Frank_Hsieh/Frank_Hsieh_0001.jpg,0,0.98040563
Craig_David/Craig_David_0001.jpg,Tom_McClintock/Tom_McClintock_0001.jpg,0,0.97237492
Craig_Wilson/Craig_Wilson_0001.jpg,Kajsa_Bergqvist/Kajsa_Bergqvist_0001.jpg,0,0.98124182
Cristina_Fernandez/Cristina_Fernandez_0002.jpg,Stephen_Cooper/Stephen_Cooper_0001.jpg,0,0.96326613
Curtis_Joseph/Curtis_Joseph_0001.jpg,Terrell_Suggs/Terrell_Suggs_0002.jpg,0,0.97872460
Cynthia_Rowley/Cynthia_Rowley_0001.jpg,Michael_Friedman/Michael_Friedman_0001.jpg,0,0.96464002
Damon_van_Dam/Damon_van_Dam_0002.jpg,Jason_Sorens/Jason_Sorens_0001.jpg,0,0.97549933
Daniel_Barenboim/Daniel_Barenboim_0001.jpg,Tyler_Grillo/Tyler_Grillo_0001.jpg,0,0.96831131
Daniel_Bruehl/Daniel_Bruehl_0001.jpg,Gus_Frerotte/Gus_Frerotte_0001.jpg,0,0.98210323
Daniel_Bruehl/Daniel_Bruehl_0001.jpg,Max_Mosley/Max_Mosley_0001.jpg,0,0.98105514
Daniel_Bruehl/Daniel_Bruehl_0001.jpg,Ramon_Cardenas/Ramon_Cardenas_0001.jpg,0,0.97004497
Daniele_Bergamin/Daniele_Bergamin_0001.jpg,Kenneth_Evans/Kenneth_Evans_0001.jpg,0,0.96898526
Danielle_Spencer/Danielle_Spencer_0001.jpg,Rachel_Wheatley/Rachel_Wheatley_0001.jpg,0,0.97516060
Darcy_Regier/Darcy_Regier_0001.jpg,William_Hurt/William_Hurt_0001.jpg,0,0.99403536
Dave_Matthews/Dave_Matthews_0001.jpg,Linda_Dano/Linda_Dano_0001.jpg,0,0.96244812
Dave_Matthews/Dave_Matthews_0001.jpg,Paul_Burrell/Paul_Burrell_0007.jpg,0,0.98439813
Dave_McNealey/Dave_McNealey_0001.jpg,Gerald_Riley/Gerald_Riley_0001.jpg,0,0.99043071
David_Bisbal/David_Bisbal_0001.jpg,Terri_Clark/Terri_Clark_0001.jpg,0,0.97237813
David_Chase/David_Chase_0001.jpg,Ekaterina_Dmitriev/Ekaterina_Dmitriev_0001.jpg,0,0.97693217
David_McCullough/David_McCullough_0001.jpg,Evo_Morales/Evo_Morales_0001.jpg,0,0.97709364
David_McKiernan/David_McKiernan_0001.jpg,Fernando_Leon_de_Aranoa/Fernando_Leon_de_Aranoa_0001.jpg,0,0.97633171
David_McKiernan/David_McKiernan_0001.jpg,Jane_Leeves/Jane_Leeves_0001.jpg,0,0.98051995
Dennis_Erickson/Dennis_Erickson_0002.jpg,Hisham_Halawi/Hisham_Halawi_0001.jpg,0,0.96445525
Dennis_Erickson/Dennis_Erickson_0002.jpg,Noer_Muis/Noer_Muis_0001.jpg,0,0.98890722
Derek_Lowe/Derek_Lowe_0002.jpg,Hisham_Halawi/Hisham_Halawi_0001.jpg,0,0.96908772
Derek_Lowe/Derek_Lowe_0002.jpg,Madonna/Madonna_0001.jpg,0,0.97033286
Derek_Lowe/Derek_Lowe_0002.jpg,Mohamed_Benaissa/Mohamed_Benaissa_0001.jpg,0,0.98933935
Diego_Colorado/Diego_Colorado_0001.jpg,Jason_Sorens/Jason_Sorens_0001.jpg,0,0.97959971
Diego_Colorado/Diego_Colorado_0001.jpg,John_Gordnick/John_Gordnick_0001.jpg,0,0.98561990
Diego_Diego_Lerman/Diego_Diego_Lerman_0001.jpg,Francisco_Flores/Francisco_Flores_0002.jpg,0,0.96403515
Diego_Diego_Lerman/Diego_Diego_Lerman_0001.jpg,Lesley_Coppin/Lesley_Coppin_0001.jpg,0,0.97538006
Djabir_Said-Guerni/Djabir_Said-Guerni_0001.jpg,Paul_Tracy/Paul_Tracy_0001.jpg,0,0.95205319
Djabir_Said-Guerni/Djabir_Said-Guerni_0001.jpg,Pedro_Solbes/Pedro_Solbes_0003.jpg,0,0.97404081
Dominik_Hrbaty/Dominik_Hrbaty_0001.jpg,Toshi_Izawa/Toshi_Izawa_0001.jpg,0,0.97736418
Donald_Keck/Donald_Keck_0001.jpg,Kyoko_Nakayama/Kyoko_Nakayama_0001.jpg,0,0.97693813
Donald_Keck/Donald_Keck_0001.jpg,Tom_Poston/Tom_Poston_0001.jpg,0,0.98915648
Donna_Walker/Donna_Walker_0001.jpg,Jacqueline_Marris/Jacqueline_Marris_0001.jpg,0,0.96720016
Dragan_Covic/Dragan_Covic_0001.jpg,Todd_Reid/Todd_Reid_0001.jpg,0,0.98263282
Dudley_Rogers/Dudley_Rogers_0001.jpg,Syed_Ibrahim/Syed_Ibrahim_0001.jpg,0,0.96771759
Dunn_Lampton/Dunn_Lampton_0001.jpg,Jessica_Simpson/Jessica_Simpson_0001.jpg,0,0.97015500
Dustin_Hoffman/Dustin_Hoffman_0001.jpg,Nicole_Parker/Nicole_Parker_0001.jpg,0,0.96447515
Ed_Wade/Ed_Wade_0001.jpg,Roger_Staubach/Roger_Staubach_0001.jpg,0,0.99180186
Ed_Wade/Ed_Wade_0001.jpg,Terri_Clark/Terri_Clark_0001.jpg,0,0.96233821
Eddie_Lucio/Eddie_Lucio_0001.jpg,Patti_Balgojevich/Patti_Balgojevich_0001.jpg,0,0.96907401
Eddie_Sutton/Eddie_Sutton_0001.jpg,James_Wattana/James_Wattana_0001.jpg,0,0.96631241
Eddie_Sutton/Eddie_Sutton_0001.jpg,Jeanne_Anne_Schroeder/Jeanne_Anne_Schroeder_0001.jpg,0,0.96912849
Eddie_Sutton/Eddie_Sutton_0002.jpg,Ronald_Ito/Ronald_Ito_0001.jpg,0,0.98648763
Eduardo_Fischer/Eduardo_Fischer_0001.jpg,Kimberly_Bruckner/Kimberly_Bruckner_0001.jpg,0,0.98262745
Edward_Lohn/Edward_Lohn_0001.jpg,Lily_Safra/Lily_Safra_0001.jpg,0,0.95698267
Edward_Lohn/Edward_Lohn_0001.jpg,Nino_DAngelo/Nino_DAngelo_0001.jpg,0,0.97967362
Ekaterina_Dmitriev/Ekaterina_Dmitriev_0001.jpg,Mitch_Kupchak/Mitch_Kupchak_0001.jpg,0,0.96562719
Eladio_Larez/Eladio_Larez_0001.jpg,Frank_Pallone/Frank_Pallone_0001.jpg,0,0.98492366
Eli_Broad/Eli_Broad_0001.jpg,Ravan_AG_Farhadi/Ravan_AG_Farhadi_0001.jpg,0,0.98135412
Elijah_Wood/Elijah_Wood_0002.jpg,Stefano_Gabbana/Stefano_Gabbana_0001.jpg,0,0.97770423
Elijah_Wood/Elijah_Wood_0003.jpg,Marcus_Garrettson/Marcus_Garrettson_0001.jpg,0,0.97686613
Elijan_Ingram/Elijan_Ingram_0001.jpg,Michelle_Hofland/Michelle_Hofland_0001.jpg,0,0.95889747
Elijan_Ingram/Elijan_Ingram_0001.jpg,Nastia_Liukin/Nastia_Liukin_0001.jpg,0,0.97029066
Elvis_Costello/Elvis_Costello_0001.jpg,Jaime_Pressly/Jaime_Pressly_0001.jpg,0,0.96821851
Emelie_Loit/Emelie_Loit_0001.jpg,Thomas_Mesereau_Jr/Thomas_Mesereau_Jr_0001.jpg,0,0.95894730
Eric_Staal/Eric_Staal_0001.jpg,Jerry_Lewis/Jerry_Lewis_0001.jpg,0,0.96878427
Erin_Hershey_Presley/Erin_Hershey_Presley_0001.jpg,Frank_Dunham_Jr/Frank_Dunham_Jr_0001.jpg,0,0.96985298
Erin_Hershey_Presley/Erin_Hershey_Presley_0001.jpg,Yukio_Hatoyama/Yukio_Hatoyama_0001.jpg,0,0.96881104
Eva_Mendes/Eva_Mendes_0001.jpg,Larry_Harris/Larry_Harris_0001.jpg,0,0.97382230
Faye_Alibocus/Faye_Alibocus_0001.jpg,Frank_Bell/Frank_Bell_0001.jpg,0,0.96781796
Faye_Alibocus/Faye_Alibocus_0001.jpg,Tommy_Tubberville/Tommy_Tubberville_0001.jpg,0,0.96374726
Felix_Mantilla/Felix_Mantilla_0001.jpg,Jerry_Lewis/Jerry_Lewis_0001.jpg,0,0.96990335
Fernando_Leon_de_Aranoa/Fernando_Leon_de_Aranoa_0001.jpg,John_Scarlett/John_Scarlett_0001.jpg,0,0.97994447
Fernando_Leon_de_Aranoa/Fernando_Leon_de_Aranoa_0001.jpg,Mike_Leach/Mike_Leach_0001.jpg,0,0.97485012
Fidel_Castro/Fidel_Castro_0007.jpg,Hu_Maoyuan/Hu_Maoyuan_0001.jpg,0,0.97285521
Francisco_Flores/Francisco_Flores_0004.jpg,Hisham_Halawi/Hisham_Halawi_0001.jpg,0,0.96250653
Frank_Bell/Frank_Bell_0001.jpg,Khatol_Mohammad_Zai/Khatol_Mohammad_Zai_0001.jpg,0,0.95804280
Frank_Dunham_Jr/Frank_Dunham_Jr_0001.jpg,Tom_McClintock/Tom_McClintock_0001.jpg,0,0.98505318
Frank_Hsieh/Frank_Hsieh_0001.jpg,Paula_Prentiss/Paula_Prentiss_0001.jpg,0,0.97024882
Frank_Pallone/Frank_Pallone_0001.jpg,Jim_Wall/Jim_Wall_0001.jpg,0,0.98961675
Frank_Pallone/Frank_Pallone_0001.jpg,Mary_Tyler_Moore/Mary_Tyler_Moore_0002.jpg,0,0.97024548
Frank_Schmoekel/Frank_Schmoekel_0001.jpg,Ronald_Ito/Ronald_Ito_0001.jpg,0,0.98645037
Franko_Simatovic/Franko_Simatovic_0002.jpg,Tyler_Grillo/Tyler_Grillo_0001.jpg,0,0.97302830
Franz_Gsell/Franz_Gsell_0001.jpg,John_Scarlett/John_Scarlett_0001.jpg,0,0.98702765
Franz_Gsell/Franz_Gsell_0001.jpg,Sarah_Jessica_Parker/Sarah_Jessica_Parker_0002.jpg,0,0.96674758
Fred_Eckhard/Fred_Eckhard_0001.jpg,Rachel_Wheatley/Rachel_Wheatley_0001.jpg,0,0.97568142
Garry_Alejano/Garry_Alejano_0001.jpg,Iban_Mayo/Iban_Mayo_0001.jpg,0,0.96930611
Garry_Alejano/Garry_Alejano_0001.jpg,Michael_Olowokandi/Michael_Olowokandi_0001.jpg,0,0.98268729
Garry_Alejano/Garry_Alejano_0001.jpg,Morgan_Freeman/Morgan_Freeman_0002.jpg,0,0.97924089
Garry_Alejano/Garry_Alejano_0001.jpg,Peter_Struck/Peter_Struck_0005.jpg,0,0.96198821
Gary_Marshall/Gary_Marshall_0001.jpg,Rashid_Qureshi/Rashid_Qureshi_0001.jpg,0,0.97573411
Gerald_Fitch/Gerald_Fitch_0001.jpg,Robin_Williams/Robin_Williams_0001.jpg,0,0.96938562
Gerald_Riley/Gerald_Riley_0001.jpg,Michael_Hagee/Michael_Hagee_0001.jpg,0,0.97032118
German_Khan/German_Khan_0001.jpg,Morgan_Freeman/Morgan_Freeman_0002.jpg,0,0.97364509
Grady_Little/Grady_Little_0001.jpg,Robert_Morvillo/Robert_Morvillo_0001.jpg,0,0.97410256
Hal_Sellers/Hal_Sellers_0001.jpg,Janet_Thorpe/Janet_Thorpe_0001.jpg,0,0.97100151
Hans_Corell/Hans_Corell_0001.jpg,John_Gordnick/John_Gordnick_0001.jpg,0,0.97451478
Heidi_Klum/Heidi_Klum_0002.jpg,Paul_Reiser/Paul_Reiser_0001.jpg,0,0.96717918
Heidi_Klum/Heidi_Klum_0003.jpg,Pedro_Solbes/Pedro_Solbes_0001.jpg,0,0.96470261
Hermando_Harton/Hermando_Harton_0001.jpg,Paris_Hilton/Paris_Hilton_0002.jpg,0,0.97092682
Holly_Robinson_Peete/Holly_Robinson_Peete_0001.jpg,Michael_Hagee/Michael_Hagee_0001.jpg,0,0.96848023
Howard_Ross/Howard_Ross_0001.jpg,Kajsa_Bergqvist/Kajsa_Bergqvist_0001.jpg,0,0.97954696
Howard_Ross/Howard_Ross_0001.jpg,Patsy_Hardy/Patsy_Hardy_0001.jpg,0,0.96504837
Hugh_Carey/Hugh_Carey_0001.jpg,Lawrence_Roberts/Lawrence_Roberts_0001.jpg,0,0.97804320
Hugh_Carey/Hugh_Carey_0001.jpg,Tracee_Treadwell/Tracee_Treadwell_0001.jpg,0,0.97374630
Iban_Mayo/Iban_Mayo_0002.jpg,Juan_Valencia_Osorio/Juan_Valencia_Osorio_0001.jpg,0,0.96725720
Iban_Mayo/Iban_Mayo_0002.jpg,Rosalie_Perkov/Rosalie_Perkov_0001.jpg,0,0.96691918
Ibrahim_Al-Marashi/Ibrahim_Al-Marashi_0001.jpg,John_Travolta/John_Travolta_0003.jpg,0,0.96256995
Ibrahim_Al-Marashi/Ibrahim_Al-Marashi_0001.jpg,Joshua_Gracin/Joshua_Gracin_0001.jpg,0,0.98687565
Imad_Moustapha/Imad_Moustapha_0002.jpg,Kyoko_Nakayama/Kyoko_Nakayama_0001.jpg,0,0.95970720
Ira_Einhorn/Ira_Einhorn_0001.jpg,John_Ruiz/John_Ruiz_0002.jpg,0,0.96218872
Jacqueline_Marris/Jacqueline_Marris_0001.jpg,Matthew_Ouimet/Matthew_Ouimet_0001.jpg,0,0.96713406
Jaime_Pressly/Jaime_Pressly_0001.jpg,Tiago_Splitter/Tiago_Splitter_0001.jpg,0,0.97087407
James_Brown/James_Brown_0001.jpg,Mary_Blige/Mary_Blige_0001.jpg,0,0.98944080
James_Brown/James_Brown_0001.jpg,Paul_Reiser/Paul_Reiser_0001.jpg,0,0.96176690
James_Mathis/James_Mathis_0001.jpg,Yuri_Fedotov/Yuri_Fedotov_0001.jpg,0,0.96790147
James_Wattana/James_Wattana_0001.jpg,Paul_Reiser/Paul_Reiser_0001.jpg,0,0.96442509
James_Wattana/James_Wattana_0001.jpg,Ron_Kirk/Ron_Kirk_0001.jpg,0,0.97844350
James_Young/James_Young_0001.jpg,Jeffrey_Scott_Postell/Jeffrey_Scott_Postell_0002.jpg,0,0.98339784
James_Young/James_Young_0001.jpg,Ronald_Harwood/Ronald_Harwood_0001.jpg,0,0.98191619
Jane_Leeves/Jane_Leeves_0001.jpg,Tom_McClintock/Tom_McClintock_0001.jpg,0,0.99264336
Janet_Crawford/Janet_Crawford_0001.jpg,Thomas_Scavone/Thomas_Scavone_0001.jpg,0,0.96917355
Jason_Sorens/Jason_Sorens_0001.jpg,Lidija_Djukanovic/Lidija_Djukanovic_0001.jpg,0,0.98578191
Jason_Vale/Jason_Vale_0001.jpg,Marcus_Garrettson/Marcus_Garrettson_0001.jpg,0,0.97678751
Jason_Vale/Jason_Vale_0001.jpg,Zoran_Djindjic/Zoran_Djindjic_0003.jpg,0,0.98532975
Jaymon_Crabb/Jaymon_Crabb_0001.jpg,Ted_Christopher/Ted_Christopher_0001.jpg,0,0.98222113
Jeff_Weaver/Jeff_Weaver_0001.jpg,Kyoko_Nakayama/Kyoko_Nakayama_0001.jpg,0,0.97859013
Jeff_Weaver/Jeff_Weaver_0001.jpg,Rosalie_Perkov/Rosalie_Perkov_0001.jpg,0,0.96984255
Jeffrey_Scott_Postell/Jeffrey_Scott_Postell_0001.jpg,Tara_Dawn_Christensen/Tara_Dawn_Christensen_0001.jpg,0,0.95881033
Jeffrey_Scott_Postell/Jeffrey_Scott_Postell_0002.jpg,Lesley_Coppin/Lesley_Coppin_0001.jpg,0,0.97279751
Jennifer_Capriati/Jennifer_Capriati_0026.jpg,Ruben_Wolkowyski/Ruben_Wolkowyski_0001.jpg,0,0.97798020
Jim_Bunning/Jim_Bunning_0001.jpg,Terence_Newman/Terence_Newman_0001.jpg,0,0.96953332
Jim_Jeffords/Jim_Jeffords_0001.jpg,Peter_Rasch/Peter_Rasch_0001.jpg,0,0.98788691
Jim_Jeffords/Jim_Jeffords_0001.jpg,Tom_Sizemore/Tom_Sizemore_0001.jpg,0,0.97808504
Job_Cohen/Job_Cohen_0001.jpg,John_Stockton/John_Stockton_0002.jpg,0,0.97625899
John_Franco/John_Franco_0001.jpg,Paul_Wolfowitz/Paul_Wolfowitz_0004.jpg,0,0.96710503
John_Gordnick/John_Gordnick_0001.jpg,Linda_Dano/Linda_Dano_0001.jpg,0,0.96330720
John_Gordnick/John_Gordnick_0001.jpg,Paul_Vathis/Paul_Vathis_0001.jpg,0,0.97716022
John_Gordnick/John_Gordnick_0001.jpg,Yasser_Arafat/Yasser_Arafat_0003.jpg,0,0.97054136
John_Stockton/John_Stockton_0004.jpg,Patsy_Hardy/Patsy_Hardy_0001.jpg,0,0.96852595
John_Travolta/John_Travolta_0002.jpg,Lech_Walesa/Lech_Walesa_0001.jpg,0,0.97579682
Juan_Valencia_Osorio/Juan_Valencia_Osorio_0001.jpg,Tom_Daschle/Tom_Daschle_0006.jpg,0,0.97985542
Juergen_Schrempp/Juergen_Schrempp_0001.jpg,Mitt_Romney/Mitt_Romney_0001.jpg,0,0.97658181
Julien_Boutter/Julien_Boutter_0001.jpg,Saeed_Anwar/Saeed_Anwar_0001.jpg,0,0.97547305
Kaisser_Bazan/Kaisser_Bazan_0001.jpg,Lawrence_Vito/Lawrence_Vito_0001.jpg,0,0.96826375
Kaisser_Bazan/Kaisser_Bazan_0001.jpg,Pierre_Lacroix/Pierre_Lacroix_0001.jpg,0,0.98532772
Kajsa_Bergqvist/Kajsa_Bergqvist_0001.jpg,Tayshaun_Prince/Tayshaun_Prince_0001.jpg,0,0.97276425
Keith_Snyder/Keith_Snyder_0001.jpg,Terri_Clark/Terri_Clark_0001.jpg,0,0.97133899
Kemal_Dervis/Kemal_Dervis_0003.jpg,Roger_Staubach/Roger_Staubach_0001.jpg,0,0.99285567
Kifah_Ajouri/Kifah_Ajouri_0001.jpg,Laurie_Pirtle/Laurie_Pirtle_0001.jpg,0,0.95097244
Kifah_Ajouri/Kifah_Ajouri_0001.jpg,Raul_Gonzalez/Raul_Gonzalez_0001.jpg,0,0.98019409
Kimberly_Bruckner/Kimberly_Bruckner_0001.jpg,Pete_Carroll/Pete_Carroll_0001.jpg,0,0.97454369
Kirk_Douglas/Kirk_Douglas_0001.jpg,Nida_Blanca/Nida_Blanca_0001.jpg,0,0.96032113
Larry_Harris/Larry_Harris_0001.jpg,Michael_Lechner/Michael_Lechner_0001.jpg,0,0.96582341
Larry_Lucchino/Larry_Lucchino_0001.jpg,Rudy_Tomjanovich/Rudy_Tomjanovich_0001.jpg,0,0.98267615
Latrell_Sprewell/Latrell_Sprewell_0001.jpg,Rosalie_Perkov/Rosalie_Perkov_0001.jpg,0,0.97192603
Laura_Schlessinger/Laura_Schlessinger_0001.jpg,Tony_Curtis/Tony_Curtis_0001.jpg,0,0.97137725
Laurie_Pirtle/Laurie_Pirtle_0001.jpg,Roberta_Combs/Roberta_Combs_0001.jpg,0,0.97885334
Lawrence_Roberts/Lawrence_Roberts_0001.jpg,Lynne_Thigpen/Lynne_Thigpen_0001.jpg,0,0.97594190
Lawrence_Roberts/Lawrence_Roberts_0001.jpg,Nick_Cassavetes/Nick_Cassavetes_0001.jpg,0,0.97306556
Lech_Walesa/Lech_Walesa_0002.jpg,Rick_Wagoner/Rick_Wagoner_0002.jpg,0,0.99193025
Len_Jenoff/Len_Jenoff_0002.jpg,Tom_Daschle/Tom_Daschle_0007.jpg,0,0.96891725
Lew_Rywin/Lew_Rywin_0001.jpg,Terri_Clark/Terri_Clark_0001.jpg,0,0.96816039
Linda_Dano/Linda_Dano_0001.jpg,Terence_Newman/Terence_Newman_0001.jpg,0,0.96737212
Lydia_Shum/Lydia_Shum_0001.jpg,Mario_Vasquez_Rana/Mario_Vasquez_Rana_0001.jpg,0,0.96041560
Lynne_Thigpen/Lynne_Thigpen_0001.jpg,Mary_Blige/Mary_Blige_0001.jpg,0,0.99534714
Malcolm_Glazer/Malcolm_Glazer_0001.jpg,Noer_Muis/Noer_Muis_0001.jpg,0,0.98097122
Malcolm_Glazer/Malcolm_Glazer_0001.jpg,Tabare_Vazquez/Tabare_Vazquez_0001.jpg,0,0.97775972
Marc_Bulger/Marc_Bulger_0001.jpg,Paul_Wolfowitz/Paul_Wolfowitz_0007.jpg,0,0.97965837
Marcus_Garrettson/Marcus_Garrettson_0001.jpg,Pham_Sy_Chien/Pham_Sy_Chien_0001.jpg,0,0.97784561
Marcus_Garrettson/Marcus_Garrettson_0001.jpg,Roberto_Carlos/Roberto_Carlos_0003.jpg,0,0.96003652
Maribel_Dominguez/Maribel_Dominguez_0001.jpg,Michael_Winterbottom/Michael_Winterbottom_0003.jpg,0,0.97856331
Marion_Barry/Marion_Barry_0001.jpg,Steve_Peace/Steve_Peace_0001.jpg,0,0.98658621
Mark_Hogan/Mark_Hogan_0001.jpg,Queen_Elizabeth_II/Queen_Elizabeth_II_0011.jpg,0,0.97495115
Mark_Hogan/Mark_Hogan_0001.jpg,Roger_Toussaint/Roger_Toussaint_0001.jpg,0,0.96652567
Mary_Blige/Mary_Blige_0001.jpg,Raul_Gonzalez/Raul_Gonzalez_0001.jpg,0,0.96264613
Massoud_Barzani/Massoud_Barzani_0001.jpg,Pierre_Lacroix/Pierre_Lacroix_0001.jpg,0,0.97582233
Max_Mosley/Max_Mosley_0001.jpg,Raul_Gonzalez/Raul_Gonzalez_0001.jpg,0,0.96306330
Melvin_Talbert/Melvin_Talbert_0001.jpg,Rudy_Tomjanovich/Rudy_Tomjanovich_0001.jpg,0,0.98200762
Michael_Hagee/Michael_Hagee_0001.jpg,Sonya_Walger/Sonya_Walger_0001.jpg,0,0.96885395
Michael_Killeen/Michael_Killeen_0001.jpg,Sammy_Sosa/Sammy_Sosa_0002.jpg,0,0.97163570
Michael_Olowokandi/Michael_Olowokandi_0001.jpg,Pete_Carroll/Pete_Carroll_0002.jpg,0,0.96882176
Michael_Winterbottom/Michael_Winterbottom_0001.jpg,Pierre_Boulanger/Pierre_Boulanger_0001.jpg,0,0.97905380
Mike_Price/Mike_Price_0002.jpg,Tom_Miller/Tom_Miller_0001.jpg,0,0.99192423
Milo_Maestrecampo/Milo_Maestrecampo_0001.jpg,Yuri_Fedotov/Yuri_Fedotov_0001.jpg,0,0.98556042
Milo_Maestrecampo/Milo_Maestrecampo_0002.jpg,Steve_Peace/Steve_Peace_0001.jpg,0,0.97569060
Milo_Maestrecampo/Milo_Maestrecampo_0003.jpg,Stacey_Dales-Schuman/Stacey_Dales-Schuman_0001.jpg,0,0.97387183
Mitt_Romney/Mitt_Romney_0001.jpg,Nida_Blanca/Nida_Blanca_0001.jpg,0,0.96127403
Mohamed_ElBaradei/Mohamed_ElBaradei_0008.jpg,Rachel_Wheatley/Rachel_Wheatley_0001.jpg,0,0.95981693
Mohammad_Aktar/Mohammad_Aktar_0001.jpg,Rafeeuddin_Ahmed/Rafeeuddin_Ahmed_0001.jpg,0,0.96352661
Mohammad_Aktar/Mohammad_Aktar_0001.jpg,Tom_McClintock/Tom_McClintock_0001.jpg,0,0.96914816
Mohammed_Abulhasan/Mohammed_Abulhasan_0001.jpg,Stephane_Rousseau/Stephane_Rousseau_0001.jpg,0,0.97288507
Mohammed_Abulhasan/Mohammed_Abulhasan_0001.jpg,Vladimiro_Montesinos/Vladimiro_Montesinos_0001.jpg,0,0.98012680
Nastia_Liukin/Nastia_Liukin_0001.jpg,Nicole_Parker/Nicole_Parker_0001.jpg,0,0.97981727
Nastia_Liukin/Nastia_Liukin_0001.jpg,Sharon_Davis/Sharon_Davis_0002.jpg,0,0.98435497
Nicolas_Latorre/Nicolas_Latorre_0001.jpg,Paula_Prentiss/Paula_Prentiss_0001.jpg,0,0.96784604
Nicolas_Latorre/Nicolas_Latorre_0001.jpg,Vassilis_Xiros/Vassilis_Xiros_0001.jpg,0,0.98573720
Nicolas_Latorre/Nicolas_Latorre_0001.jpg,William_Delahunt/William_Delahunt_0001.jpg,0,0.96475810
Pete_Sampras/Pete_Sampras_0010.jpg,Stan_Heath/Stan_Heath_0001.jpg,0,0.99334359
Phil_Vassar/Phil_Vassar_0002.jpg,Tabare_Vazquez/Tabare_Vazquez_0001.jpg,0,0.96548748
Philip_Zalewski/Philip_Zalewski_0001.jpg,Stefan_Holm/Stefan_Holm_0001.jpg,0,0.97553951
Roberto_Carlos/Roberto_Carlos_0001.jpg,Yasser_Arafat/Yasser_Arafat_0005.jpg,0,0.96177095
Roger_Cook/Roger_Cook_0001.jpg,Wilbert_Foy/Wilbert_Foy_0001.jpg,0,0.98198414
Roger_Staubach/Roger_Staubach_0001.jpg,Severino_Antinori/Severino_Antinori_0001.jpg,0,0.98164916
Ron_Kirk/Ron_Kirk_0001.jpg,Troy_Hudson/Troy_Hudson_0001.jpg,0,0.97905022
Sammy_Sosa/Sammy_Sosa_0002.jpg,Stan_Heath/Stan_Heath_0002.jpg,0,0.99026424
Sandra_Ceccarelli/Sandra_Ceccarelli_0001.jpg,Stephen_Cooper/Stephen_Cooper_0001.jpg,0,0.96883661
Sandra_Ceccarelli/Sandra_Ceccarelli_0001.jpg,Tom_Coughlin/Tom_Coughlin_0001.jpg,0,0.96666324
Shireen_Amir_Begum/Shireen_Amir_Begum_0001.jpg,Sushma_Swaraj/Sushma_Swaraj_0001.jpg,0,0.97503573
Sinead_OConnor/Sinead_OConnor_0001.jpg,Stephane_Rochon/Stephane_Rochon_0001.jpg,0,0.96979159
Adrian_Annus/Adrian_Annus_0001.jpg,Jorge_Marquez-Ruarte/Jorge_Marquez-Ruarte_0001.jpg,0,0.97549075
Adrian_Annus/Adrian_Annus_0001.jpg,Patrick_Bourrat/Patrick_Bourrat_0001.jpg,0,0.99060863
Adrian_Murrell/Adrian_Murrell_0001.jpg,Jose_Cevallos/Jose_Cevallos_0001.jpg,0,0.98920381
Adrian_Murrell/Adrian_Murrell_0001.jpg,Paul_Brandt/Paul_Brandt_0001.jpg,0,0.96209359
Ahmed_Ibrahim_Bilal/Ahmed_Ibrahim_Bilal_0001.jpg,Beatrice_Dalle/Beatrice_Dalle_0001.jpg,0,0.96915662
Ahmed_Ibrahim_Bilal/Ahmed_Ibrahim_Bilal_0001.jpg,Lee_Chang-dong/Lee_Chang-dong_0001.jpg,0,0.98413444
Aileen_Riggin_Soule/Aileen_Riggin_Soule_0001.jpg,Norio_Ohga/Norio_Ohga_0001.jpg,0,0.97852582
Aitor_Gonzalez/Aitor_Gonzalez_0002.jpg,Horace_Donovan_Reid/Horace_Donovan_Reid_0001.jpg,0,0.98097336
Ajit_Agarkar/Ajit_Agarkar_0001.jpg,Jesse_James/Jesse_James_0001.jpg,0,0.97188991
Akbar_Al_Baker/Akbar_Al_Baker_0001.jpg,Andrei_Konchalovsky/Andrei_Konchalovsky_0001.jpg,0,0.97038639
Akbar_Al_Baker/Akbar_Al_Baker_0001.jpg,Bobby_Goldwater/Bobby_Goldwater_0001.jpg,0,0.97163987
Alain_Cervantes/Alain_Cervantes_0001.jpg,Bob_Huggins/Bob_Huggins_0003.jpg,0,0.98151177
Alain_Cervantes/Alain_Cervantes_0001.jpg,Pierre_Png/Pierre_Png_0001.jpg,0,0.96051133
Alanna_Ubach/Alanna_Ubach_0001.jpg,Paul_Gascoigne/Paul_Gascoigne_0001.jpg,0,0.96906722
Alec_Baldwin/Alec_Baldwin_0004.jpg,Goh_Kun/Goh_Kun_0002.jpg,0,0.98612380
Alex_Holmes/Alex_Holmes_0001.jpg,Beatrice_Dalle/Beatrice_Dalle_0001.jpg,0,0.97487533
Alfred_Sant/Alfred_Sant_0001.jpg,Randall_Tobias/Randall_Tobias_0001.jpg,0,0.98563957
Alfredo_Moreno/Alfredo_Moreno_0001.jpg,Dyab_Abou_Jahjah/Dyab_Abou_Jahjah_0001.jpg,0,0.97832757
Alfredo_Moreno/Alfredo_Moreno_0001.jpg,Suzanne_Torrance/Suzanne_Torrance_0001.jpg,0,0.96624804
Alfredo_Pena/Alfredo_Pena_0001.jpg,Emmanuel_Milingo/Emmanuel_Milingo_0001.jpg,0,0.97156274
Alvaro_Noboa/Alvaro_Noboa_0001.jpg,Phan_Van_Khai/Phan_Van_Khai_0001.jpg,0,0.98856211
Alvaro_Noboa/Alvaro_Noboa_0002.jpg,Timothy_Rigas/Timothy_Rigas_0001.jpg,0,0.98947173
Amanda_Coetzer/Amanda_Coetzer_0001.jpg,Bridgette_Wilson-Sampras/Bridgette_Wilson-Sampras_0002.jpg,0,0.98213714
Amanda_Coetzer/Amanda_Coetzer_0001.jpg,Eddie_Jordan/Eddie_Jordan_0001.jpg,0,0.97094804
Amer_al-Saadi/Amer_al-Saadi_0004.jpg,Miguel_Cotto/Miguel_Cotto_0001.jpg,0,0.97712970
Amy_Brenneman/Amy_Brenneman_0001.jpg,Russell_Coutts/Russell_Coutts_0002.jpg,0,0.96696395
Amy_Brenneman/Amy_Brenneman_0001.jpg,Terje_Roed-Larsen/Terje_Roed-Larsen_0001.jpg,0,0.97025973
Andrew_Firestone/Andrew_Firestone_0001.jpg,Harry_Schmidt/Harry_Schmidt_0004.jpg,0,0.97768641
Andrew_Firestone/Andrew_Firestone_0001.jpg,Ian_Campbell/Ian_Campbell_0001.jpg,0,0.98481148
Andrew_Firestone/Andrew_Firestone_0001.jpg,Jose_Acasuso/Jose_Acasuso_0001.jpg,0,0.99741650
Andrew_Firestone/Andrew_Firestone_0001.jpg,Omar_Sharif/Omar_Sharif_0004.jpg,0,0.96809214
Andy_Graves/Andy_Graves_0001.jpg,Gil_de_Ferran/Gil_de_Ferran_0001.jpg,0,0.97909075
Angela_Alvarado_Rosa/Angela_Alvarado_Rosa_0001.jpg,Gerald_Calabrese/Gerald_Calabrese_0001.jpg,0,0.95698833
Angela_Alvarado_Rosa/Angela_Alvarado_Rosa_0001.jpg,Jeffrey_Jones/Jeffrey_Jones_0001.jpg,0,0.95832127
Anneli_Jaatteenmaki/Anneli_Jaatteenmaki_0002.jpg,Eric_Robert_Rudolph/Eric_Robert_Rudolph_0002.jpg,0,0.96177173
Anneli_Jaatteenmaki/Anneli_Jaatteenmaki_0002.jpg,Gerry_Adams/Gerry_Adams_0006.jpg,0,0.95348179
Anneli_Jaatteenmaki/Anneli_Jaatteenmaki_0002.jpg,Jorge_Marquez-Ruarte/Jorge_Marquez-Ruarte_0001.jpg,0,0.96179819
Anthony_Corso/Anthony_Corso_0001.jpg,Johnny_Benson/Johnny_Benson_0001.jpg,0,0.95723701
Anthony_Corso/Anthony_Corso_0001.jpg,Ray_Allen/Ray_Allen_0003.jpg,0,0.96520102
Anthony_Pico/Anthony_Pico_0001.jpg,Stephanie_Cohen_Aloro/Stephanie_Cohen_Aloro_0001.jpg,0,0.96165168
Ari_Fleischer/Ari_Fleischer_0001.jpg,Razali_Ismail/Razali_Ismail_0001.jpg,0,0.98809505
Ari_Fleischer/Ari_Fleischer_0009.jpg,Jean-Marc_de_La_Sabliere/Jean-Marc_de_La_Sabliere_0002.jpg,0,0.99262428
Arianna_Huffington/Arianna_Huffington_0004.jpg,Philippe_Gagnon/Philippe_Gagnon_0001.jpg,0,0.96530604
Arnaud_Clement/Arnaud_Clement_0001.jpg,Jeffrey_Jones/Jeffrey_Jones_0002.jpg,0,0.95861703
Arnaud_Clement/Arnaud_Clement_0001.jpg,King_Gyanendra/King_Gyanendra_0001.jpg,0,0.98932290
Arnaud_Clement/Arnaud_Clement_0002.jpg,Grady_Irvin_Jr/Grady_Irvin_Jr_0002.jpg,0,0.96905005
Arnold_Scott/Arnold_Scott_0001.jpg,Randy_Dryer/Randy_Dryer_0001.jpg,0,0.99317282
Art_Howe/Art_Howe_0002.jpg,Luciano_Bovicelli/Luciano_Bovicelli_0001.jpg,0,0.98323655
Art_Howe/Art_Howe_0003.jpg,Teresa_Worbis/Teresa_Worbis_0001.jpg,0,0.98118514
Artieas_Shanks/Artieas_Shanks_0001.jpg,Derek_King/Derek_King_0001.jpg,0,0.97197825
Astrid_Betancourt/Astrid_Betancourt_0001.jpg,Frederick_Madden/Frederick_Madden_0001.jpg,0,0.96087706
Barbara_De_Brun/Barbara_De_Brun_0001.jpg,Cosmo_Iacavazzi/Cosmo_Iacavazzi_0001.jpg,0,0.95014644
Barry_Collier/Barry_Collier_0001.jpg,Narendra_Modi/Narendra_Modi_0001.jpg,0,0.97566819
Ben_Affleck/Ben_Affleck_0003.jpg,Patricia_Hearst/Patricia_Hearst_0001.jpg,0,0.96505070
Ben_Affleck/Ben_Affleck_0004.jpg,Daniel_Scioli/Daniel_Scioli_0001.jpg,0,0.98864460
Ben_Affleck/Ben_Affleck_0007.jpg,Marcio_de_Souza/Marcio_de_Souza_0001.jpg,0,0.97549546
Ben_Broussard/Ben_Broussard_0001.jpg,Rudi_Voeller/Rudi_Voeller_0001.jpg,0,0.96334344
Betsy_Smith/Betsy_Smith_0002.jpg,Steven_Kinlock/Steven_Kinlock_0001.jpg,0,0.96955150
Betty_Williams/Betty_Williams_0001.jpg,Mary_Catherine_Correll/Mary_Catherine_Correll_0001.jpg,0,0.99260825
Bianca_Jagger/Bianca_Jagger_0001.jpg,Dario_Camuffo/Dario_Camuffo_0001.jpg,0,0.95413017
Bianca_Jagger/Bianca_Jagger_0001.jpg,Fabricio_Oberto/Fabricio_Oberto_0001.jpg,0,0.96943563
Bill_Callahan/Bill_Callahan_0001.jpg,Gina_Gershon/Gina_Gershon_0001.jpg,0,0.97479713
Bill_Kollar/Bill_Kollar_0001.jpg,Gina_Gershon/Gina_Gershon_0001.jpg,0,0.95962030
Bill_Kollar/Bill_Kollar_0001.jpg,Jose_Miguel_Aleman/Jose_Miguel_Aleman_0001.jpg,0,0.99025059
Bill_Kollar/Bill_Kollar_0001.jpg,Mae_Jemison/Mae_Jemison_0001.jpg,0,0.96331716
Bill_Kollar/Bill_Kollar_0001.jpg,Mohammed_Ashraf_Hafiz/Mohammed_Ashraf_Hafiz_0001.jpg,0,0.97103751
Bill_Kollar/Bill_Kollar_0001.jpg,Patty_Sheehan/Patty_Sheehan_0001.jpg,0,0.97736514
Bill_Parsons/Bill_Parsons_0001.jpg,Donna_Barrera/Donna_Barrera_0001.jpg,0,0.96741366
Bill_Stein/Bill_Stein_0001.jpg,Vanessa_Incontrada/Vanessa_Incontrada_0004.jpg,0,0.96949685
Blythe_Hartley/Blythe_Hartley_0001.jpg,Jackie_Dennis/Jackie_Dennis_0001.jpg,0,0.97511977
Blythe_Hartley/Blythe_Hartley_0002.jpg,Gil_de_Ferran/Gil_de_Ferran_0002.jpg,0,0.95051426
Bob_Curtis/Bob_Curtis_0001.jpg,Helen_Clark/Helen_Clark_0001.jpg,0,0.97895169
Bob_Huggins/Bob_Huggins_0003.jpg,Sylvester_Stallone/Sylvester_Stallone_0002.jpg,0,0.97809798
Bobby_Goldwater/Bobby_Goldwater_0001.jpg,John_Moxley/John_Moxley_0001.jpg,0,0.98699820
Bobby_Goldwater/Bobby_Goldwater_0001.jpg,Ulrich_Kueperkoch/Ulrich_Kueperkoch_0001.jpg,0,0.98148036
Bono/Bono_0003.jpg,Ian_Huntley/Ian_Huntley_0001.jpg,0,0.99477243
Brad_Garrett/Brad_Garrett_0001.jpg,Hoda_Asfor/Hoda_Asfor_0001.jpg,0,0.97643214
Brad_Garrett/Brad_Garrett_0004.jpg,Wang_Nan/Wang_Nan_0001.jpg,0,0.98254424
Brandon_Hammond/Brandon_Hammond_0001.jpg,Thomas_Kelly/Thomas_Kelly_0001.jpg,0,0.98844284
Brandon_Robinson/Brandon_Robinson_0001.jpg,Giovanny_Cordoba/Giovanny_Cordoba_0001.jpg,0,0.99466705
Brandon_Robinson/Brandon_Robinson_0001.jpg,Michael_Linscott/Michael_Linscott_0001.jpg,0,0.98309249
Brandon_Robinson/Brandon_Robinson_0001.jpg,Shi_Guangsheng/Shi_Guangsheng_0001.jpg,0,0.98183733
Brendan_Stai/Brendan_Stai_0001.jpg,Dan_Guerrero/Dan_Guerrero_0001.jpg,0,0.97825563
Brett_Boone/Brett_Boone_0001.jpg,Jean-Marc_de_La_Sabliere/Jean-Marc_de_La_Sabliere_0001.jpg,0,0.98822993
Brett_Boone/Brett_Boone_0001.jpg,Teresa_Worbis/Teresa_Worbis_0001.jpg,0,0.98663694
Brian_Billick/Brian_Billick_0001.jpg,Ian_Huntley/Ian_Huntley_0001.jpg,0,0.98029721
Brian_Billick/Brian_Billick_0001.jpg,John_Wayne/John_Wayne_0001.jpg,0,0.99279356
Brian_Billick/Brian_Billick_0001.jpg,Stephanie_Moore/Stephanie_Moore_0001.jpg,0,0.97392249
Brian_Olson/Brian_Olson_0001.jpg,Roberto_Tovar/Roberto_Tovar_0001.jpg,0,0.96678972
Bud_Selig/Bud_Selig_0001.jpg,Franz_Fischler/Franz_Fischler_0001.jpg,0,0.99068367
Bud_Selig/Bud_Selig_0003.jpg,John_Duprey/John_Duprey_0001.jpg,0,0.98745060
Carla_Moreno/Carla_Moreno_0001.jpg,Suzanne_Torrance/Suzanne_Torrance_0001.jpg,0,0.98294473
Carla_Moreno/Carla_Moreno_0001.jpg,Tang_Jiaxuan/Tang_Jiaxuan_0003.jpg,0,0.96720850
Carlos_Beltran/Carlos_Beltran_0001.jpg,Ulrich_Kueperkoch/Ulrich_Kueperkoch_0001.jpg,0,0.97872674
Carlos_Ghosn/Carlos_Ghosn_0001.jpg,Jim_Paxson/Jim_Paxson_0001.jpg,0,0.97457421
Carlos_Ghosn/Carlos_Ghosn_0002.jpg,Ray_Allen/Ray_Allen_0003.jpg,0,0.97362876
Carlton_Dotson/Carlton_Dotson_0001.jpg,Jim_Paxson/Jim_Paxson_0001.jpg,0,0.97024906
Carlton_Dotson/Carlton_Dotson_0001.jpg,Patrick_Bourrat/Patrick_Bourrat_0001.jpg,0,0.96679848
Carlton_Dotson/Carlton_Dotson_0001.jpg,Porter_Goss/Porter_Goss_0001.jpg,0,0.96313059
Carlton_Dotson/Carlton_Dotson_0001.jpg,Vyacheslav_Fetisov/Vyacheslav_Fetisov_0001.jpg,0,0.97178805
Cass_Ballenger/Cass_Ballenger_0001.jpg,Norio_Ohga/Norio_Ohga_0001.jpg,0,0.98004007
Cecile_de_France/Cecile_de_France_0001.jpg,Dyab_Abou_Jahjah/Dyab_Abou_Jahjah_0001.jpg,0,0.96332800
Cecile_de_France/Cecile_de_France_0001.jpg,Terrence_Kiel/Terrence_Kiel_0001.jpg,0,0.97406137
Charles_Bell/Charles_Bell_0001.jpg,Tatjana_Gsell/Tatjana_Gsell_0001.jpg,0,0.97748274
Charlotte_Rampling/Charlotte_Rampling_0001.jpg,Lana_Clarkson/Lana_Clarkson_0002.jpg,0,0.96441573
Chick_Hearn/Chick_Hearn_0001.jpg,Mohammed_Salmane/Mohammed_Salmane_0001.jpg,0,0.97157931
Christopher_Reeve/Christopher_Reeve_0004.jpg,Pauline_Landers/Pauline_Landers_0001.jpg,0,0.96859705
Christopher_Reeve/Christopher_Reeve_0004.jpg,Scott_OGrady/Scott_OGrady_0001.jpg,0,0.96282303
Cindy_Margolis/Cindy_Margolis_0001.jpg,Mark_Cuban/Mark_Cuban_0002.jpg,0,0.97129828
Claire_Danes/Claire_Danes_0002.jpg,Nadine_Vinzens/Nadine_Vinzens_0001.jpg,0,0.98726821
Claudio_Lopez/Claudio_Lopez_0001.jpg,Gabrielle_Rose/Gabrielle_Rose_0001.jpg,0,0.96151280
Collis_Temple_III/Collis_Temple_III_0001.jpg,Eva_Amurri/Eva_Amurri_0001.jpg,0,0.96661472
Collis_Temple_III/Collis_Temple_III_0001.jpg,Rob_Niedermayer/Rob_Niedermayer_0001.jpg,0,0.97805661
Collis_Temple_III/Collis_Temple_III_0001.jpg,Santiago_Botero/Santiago_Botero_0001.jpg,0,0.99362528
Collis_Temple_III/Collis_Temple_III_0001.jpg,Simon_Chalk/Simon_Chalk_0001.jpg,0,0.98082924
Conan_OBrien/Conan_OBrien_0001.jpg,Liliana_Cavani/Liliana_Cavani_0001.jpg,0,0.96544302
Corinna_Harfouch/Corinna_Harfouch_0001.jpg,Ivo_Dubs/Ivo_Dubs_0001.jpg,0,0.99153346
Corinna_Harfouch/Corinna_Harfouch_0001.jpg,Tim_Curry/Tim_Curry_0001.jpg,0,0.96812427
Cristina_Kirchner/Cristina_Kirchner_0001.jpg,Stefanie_De_Roux/Stefanie_De_Roux_0001.jpg,0,0.97860843
Dan_Boyle/Dan_Boyle_0001.jpg,Paul_Clark/Paul_Clark_0001.jpg,0,0.96751201
Dan_Boyle/Dan_Boyle_0001.jpg,Thabo_Mbeki/Thabo_Mbeki_0003.jpg,0,0.96506023
Daniel_Chin/Daniel_Chin_0001.jpg,Ian_Huntley/Ian_Huntley_0001.jpg,0,0.96911061
Daniel_Chin/Daniel_Chin_0001.jpg,Jim_Letten/Jim_Letten_0001.jpg,0,0.97213137
Daniel_Chin/Daniel_Chin_0001.jpg,Julia_Glass/Julia_Glass_0001.jpg,0,0.95758760
Daniel_Scioli/Daniel_Scioli_0001.jpg,Lena_Katina/Lena_Katina_0001.jpg,0,0.96509027
Daniel_Scioli/Daniel_Scioli_0001.jpg,Lindsay_Lohan/Lindsay_Lohan_0001.jpg,0,0.97395879
Dario_Camuffo/Dario_Camuffo_0001.jpg,Eli_Stutsman/Eli_Stutsman_0001.jpg,0,0.97639245
David_Brinkley/David_Brinkley_0001.jpg,Jeff_Bridges/Jeff_Bridges_0001.jpg,0,0.98637694
David_Brinkley/David_Brinkley_0001.jpg,Stephen_Arigbabu/Stephen_Arigbabu_0001.jpg,0,0.98771322
David_Montoya/David_Montoya_0001.jpg,Mary_Elizabeth_Mastrantonio/Mary_Elizabeth_Mastrantonio_0001.jpg,0,0.96612918
David_Siegel/David_Siegel_0001.jpg,Francis_Mer/Francis_Mer_0001.jpg,0,0.97582793
Dennis_Johnson/Dennis_Johnson_0001.jpg,Satnarine_Sharma/Satnarine_Sharma_0001.jpg,0,0.99381447
Denys_Arcand/Denys_Arcand_0001.jpg,Nadine_Vinzens/Nadine_Vinzens_0002.jpg,0,0.95987463
Derek_Jeter/Derek_Jeter_0001.jpg,Tian_Zhuang_Zhuang/Tian_Zhuang_Zhuang_0001.jpg,0,0.97985899
Derek_Jeter/Derek_Jeter_0003.jpg,Jolanta_Kwasniewski/Jolanta_Kwasniewski_0002.jpg,0,0.95239598
Derek_King/Derek_King_0001.jpg,Yasein_Taher/Yasein_Taher_0001.jpg,0,0.97735256
Derrick_Battie/Derrick_Battie_0001.jpg,Ian_Huntley/Ian_Huntley_0001.jpg,0,0.97013301
Diego_Armando_Maradona/Diego_Armando_Maradona_0001.jpg,Robert_Gordon_Card/Robert_Gordon_Card_0001.jpg,0,0.96869546
Don_King/Don_King_0001.jpg,Thomas_Kelly/Thomas_Kelly_0001.jpg,0,0.99195719
Don_King/Don_King_0001.jpg,Zurab_Tsereteli/Zurab_Tsereteli_0001.jpg,0,0.97176516
Donna_Barrera/Donna_Barrera_0001.jpg,Francis_Mer/Francis_Mer_0002.jpg,0,0.96962130
Donna_Shalala/Donna_Shalala_0002.jpg,Sereyvuth_Kem/Sereyvuth_Kem_0001.jpg,0,0.98187029
Duncan_Fletcher/Duncan_Fletcher_0001.jpg,John_Cusack/John_Cusack_0002.jpg,0,0.98059750
Duncan_Fletcher/Duncan_Fletcher_0001.jpg,Mike_Alden/Mike_Alden_0001.jpg,0,0.97854376
Dustin_Brown/Dustin_Brown_0001.jpg,Jose_Cevallos/Jose_Cevallos_0001.jpg,0,0.96804488
Dyab_Abou_Jahjah/Dyab_Abou_Jahjah_0001.jpg,John_Cornyn/John_Cornyn_0001.jpg,0,0.96002346
Ed_Mekertichian/Ed_Mekertichian_0001.jpg,Paul_Clark/Paul_Clark_0001.jpg,0,0.98598725
Edmund_Hillary/Edmund_Hillary_0002.jpg,Miguel_Cotto/Miguel_Cotto_0001.jpg,0,0.95616174
Elena_Likhovtseva/Elena_Likhovtseva_0001.jpg,Marty_Mornhinweg/Marty_Mornhinweg_0002.jpg,0,0.98380798
Eli_Stutsman/Eli_Stutsman_0001.jpg,Kalpana_Chawla/Kalpana_Chawla_0004.jpg,0,0.97088301
Eli_Stutsman/Eli_Stutsman_0001.jpg,Marcio_de_Souza/Marcio_de_Souza_0001.jpg,0,0.97092199
Eli_Stutsman/Eli_Stutsman_0001.jpg,Michael_Phelps/Michael_Phelps_0001.jpg,0,0.96595836
Elizabeth_Regan/Elizabeth_Regan_0001.jpg,Eugene_Teslovic/Eugene_Teslovic_0001.jpg,0,0.97271401
Emmanuel_Milingo/Emmanuel_Milingo_0001.jpg,Enrica_Fico/Enrica_Fico_0001.jpg,0,0.96730173
Enola_Rice/Enola_Rice_0001.jpg,Lana_Clarkson/Lana_Clarkson_0002.jpg,0,0.98901796
Erin_Runnion/Erin_Runnion_0003.jpg,Rob_Lowe/Rob_Lowe_0002.jpg,0,0.98538160
Eugene_Teslovic/Eugene_Teslovic_0001.jpg,Goh_Kun/Goh_Kun_0001.jpg,0,0.97387457
Eugene_Teslovic/Eugene_Teslovic_0001.jpg,Jean-Marc_de_La_Sabliere/Jean-Marc_de_La_Sabliere_0002.jpg,0,0.98320925
Eva_Amurri/Eva_Amurri_0001.jpg,Tanya_Holyk/Tanya_Holyk_0001.jpg,0,0.98852140
Fabricio_Oberto/Fabricio_Oberto_0001.jpg,Rudi_Voeller/Rudi_Voeller_0001.jpg,0,0.97361088
Felix_Sanchez/Felix_Sanchez_0001.jpg,Ian_Moran/Ian_Moran_0001.jpg,0,0.96903443
Fernando_Henrique_Cardoso/Fernando_Henrique_Cardoso_0001.jpg,Michael_Phelps/Michael_Phelps_0001.jpg,0,0.95939958
Fernando_Henrique_Cardoso/Fernando_Henrique_Cardoso_0008.jpg,Sherry_Fisher/Sherry_Fisher_0001.jpg,0,0.96109539
Francis_Mer/Francis_Mer_0002.jpg,Patrick_Bourrat/Patrick_Bourrat_0001.jpg,0,0.97821498
Franz_Fischler/Franz_Fischler_0002.jpg,Robert_Lange/Robert_Lange_0001.jpg,0,0.98525649
Frederick_Madden/Frederick_Madden_0001.jpg,Gary_Condit/Gary_Condit_0001.jpg,0,0.97478032
Gary_Bauer/Gary_Bauer_0001.jpg,Greg_Hodge/Greg_Hodge_0001.jpg,0,0.99547720
Gary_Condit/Gary_Condit_0001.jpg,Nathan_Lane/Nathan_Lane_0002.jpg,0,0.97968614
Gary_Locke/Gary_Locke_0001.jpg,Marcio_de_Souza/Marcio_de_Souza_0001.jpg,0,0.97122973
Gen_Meredith/Gen_Meredith_0001.jpg,Matthew_Vaughan/Matthew_Vaughan_0001.jpg,0,0.96051973
Gerry_Adams/Gerry_Adams_0008.jpg,Jamir_Miller/Jamir_Miller_0001.jpg,0,0.97398281
Gilles_Panizzi/Gilles_Panizzi_0001.jpg,Jim_Piper/Jim_Piper_0001.jpg,0,0.97918814
Gina_Gershon/Gina_Gershon_0001.jpg,Patricia_Garone/Patricia_Garone_0001.jpg,0,0.95062828
Gina_Gershon/Gina_Gershon_0001.jpg,Zhang_Ziyi/Zhang_Ziyi_0002.jpg,0,0.98055691
Giovanny_Cordoba/Giovanny_Cordoba_0001.jpg,Jackie_Sherrill/Jackie_Sherrill_0001.jpg,0,0.96060956
Giovanny_Cordoba/Giovanny_Cordoba_0001.jpg,Keith_Olbermann/Keith_Olbermann_0001.jpg,0,0.96285009
Grady_Irvin_Jr/Grady_Irvin_Jr_0002.jpg,Oracene_Williams/Oracene_Williams_0001.jpg,0,0.97857559
Graeme_Smith/Graeme_Smith_0001.jpg,John_Salazar/John_Salazar_0001.jpg,0,0.98203564
Graham_Bentley/Graham_Bentley_0001.jpg,Jason_Clermont/Jason_Clermont_0001.jpg,0,0.96195894
Guillaume_Depardieu/Guillaume_Depardieu_0001.jpg,Manuel_Llorente/Manuel_Llorente_0001.jpg,0,0.95699215
Gunter_Pleuger/Gunter_Pleuger_0001.jpg,Nicole_Kidman/Nicole_Kidman_0002.jpg,0,0.97040373
Gunter_Pleuger/Gunter_Pleuger_0002.jpg,Robby_Ginepri/Robby_Ginepri_0001.jpg,0,0.96161330
Gunter_Pleuger/Gunter_Pleuger_0003.jpg,Vaclav_Klaus/Vaclav_Klaus_0001.jpg,0,0.99430871
Hanns_Schumacher/Hanns_Schumacher_0001.jpg,Martin_Gecht/Martin_Gecht_0001.jpg,0,0.99182540
Henri_Proglio/Henri_Proglio_0001.jpg,Ibrahim_Haddad/Ibrahim_Haddad_0001.jpg,0,0.99238855
Henri_Proglio/Henri_Proglio_0001.jpg,Jeffery_Hendren/Jeffery_Hendren_0001.jpg,0,0.97697747
Hermann_Maier/Hermann_Maier_0001.jpg,Phan_Van_Khai/Phan_Van_Khai_0001.jpg,0,0.97318518
Hermann_Maier/Hermann_Maier_0002.jpg,Stephen_Arigbabu/Stephen_Arigbabu_0001.jpg,0,0.97278625
Hideki_Sato/Hideki_Sato_0001.jpg,Peter_Mugyeni/Peter_Mugyeni_0001.jpg,0,0.96824682
Hideki_Sato/Hideki_Sato_0001.jpg,Troy_Aikman/Troy_Aikman_0001.jpg,0,0.96698511
Hoda_Asfor/Hoda_Asfor_0001.jpg,Juergen_Peters/Juergen_Peters_0001.jpg,0,0.97363997
Hoda_Asfor/Hoda_Asfor_0001.jpg,Lindsay_Lohan/Lindsay_Lohan_0001.jpg,0,0.98211229
Horace_Donovan_Reid/Horace_Donovan_Reid_0001.jpg,Rob_Lowe/Rob_Lowe_0001.jpg,0,0.96982849
Hunter_Kemper/Hunter_Kemper_0001.jpg,Marsha_Thomason/Marsha_Thomason_0001.jpg,0,0.96130925
Ian_Campbell/Ian_Campbell_0001.jpg,Mike_Alden/Mike_Alden_0001.jpg,0,0.99090749
Ian_Huntley/Ian_Huntley_0001.jpg,Jalen_Rose/Jalen_Rose_0001.jpg,0,0.97927880
Ian_Huntley/Ian_Huntley_0001.jpg,Sebastian_Saja/Sebastian_Saja_0002.jpg,0,0.98472059
Ian_Moran/Ian_Moran_0001.jpg,Stephanie_Cohen_Aloro/Stephanie_Cohen_Aloro_0001.jpg,0,0.96976829
Ian_Thorpe/Ian_Thorpe_0005.jpg,Mickey_Gilley/Mickey_Gilley_0001.jpg,0,0.97551584
Ignacio_Antonio_Velasco/Ignacio_Antonio_Velasco_0001.jpg,Rich_Brooks/Rich_Brooks_0001.jpg,0,0.97337294
Iran_Brown/Iran_Brown_0001.jpg,Margaret_Caruso/Margaret_Caruso_0001.jpg,0,0.96309102
Isabelle_Huppert/Isabelle_Huppert_0001.jpg,Marcio_de_Souza/Marcio_de_Souza_0001.jpg,0,0.97063375
Isabelle_Huppert/Isabelle_Huppert_0002.jpg,Phan_Van_Khai/Phan_Van_Khai_0003.jpg,0,0.96298921
Ivan_Shvedoff/Ivan_Shvedoff_0001.jpg,Josh_Childress/Josh_Childress_0001.jpg,0,0.97237945
Ivan_Shvedoff/Ivan_Shvedoff_0001.jpg,Miguel_Estrada/Miguel_Estrada_0002.jpg,0,0.96223229
Ivan_Shvedoff/Ivan_Shvedoff_0001.jpg,Vojislav_Seselj/Vojislav_Seselj_0001.jpg,0,0.98162770
Izzat_Ibrahim/Izzat_Ibrahim_0001.jpg,Jerry_Rice/Jerry_Rice_0001.jpg,0,0.96974421
Jacques_Villeneuve/Jacques_Villeneuve_0001.jpg,Wim_Duisenberg/Wim_Duisenberg_0001.jpg,0,0.97084397
Jalen_Rose/Jalen_Rose_0001.jpg,Suzanne_Torrance/Suzanne_Torrance_0001.jpg,0,0.95871860
James_Butts/James_Butts_0001.jpg,Nicole_Kidman/Nicole_Kidman_0002.jpg,0,0.96379292
James_Butts/James_Butts_0002.jpg,Jerry_Colangelo/Jerry_Colangelo_0001.jpg,0,0.96697140
James_Butts/James_Butts_0002.jpg,Sherry_Fisher/Sherry_Fisher_0001.jpg,0,0.96545327
James_May/James_May_0001.jpg,Trevor_McDonald/Trevor_McDonald_0001.jpg,0,0.97923839
James_May/James_May_0001.jpg,Vaclav_Klaus/Vaclav_Klaus_0002.jpg,0,0.99149007
Jamie_Cooke/Jamie_Cooke_0001.jpg,Kalpana_Chawla/Kalpana_Chawla_0005.jpg,0,0.97790825
Jamie_Cooke/Jamie_Cooke_0001.jpg,Mickey_Rooney/Mickey_Rooney_0001.jpg,0,0.96371078
Jamir_Miller/Jamir_Miller_0001.jpg,Laura_Hernandez/Laura_Hernandez_0001.jpg,0,0.97488087
Jana_Pittman/Jana_Pittman_0001.jpg,Liv_Tyler/Liv_Tyler_0001.jpg,0,0.99057484
Jason_Clermont/Jason_Clermont_0001.jpg,Jose_Carlo_Fernandez/Jose_Carlo_Fernandez_0001.jpg,0,0.98361748
Jason_Clermont/Jason_Clermont_0001.jpg,Patty_Duke/Patty_Duke_0001.jpg,0,0.95755535
Jeff_Bridges/Jeff_Bridges_0001.jpg,Landon_Donovan/Landon_Donovan_0001.jpg,0,0.97677070
Jeff_Bridges/Jeff_Bridges_0001.jpg,Patty_Duke/Patty_Duke_0001.jpg,0,0.97167659
Jeffery_Hendren/Jeffery_Hendren_0001.jpg,Jeremy_Wotherspoon/Jeremy_Wotherspoon_0001.jpg,0,0.97710800
Jennifer_McCoy/Jennifer_McCoy_0001.jpg,Manuel_Llorente/Manuel_Llorente_0001.jpg,0,0.96358073
Jennifer_McCoy/Jennifer_McCoy_0001.jpg,William_Cocksedge/William_Cocksedge_0001.jpg,0,0.96650678
Jerry_Colangelo/Jerry_Colangelo_0001.jpg,Vin_Diesel/Vin_Diesel_0002.jpg,0,0.96523160
Jerry_Rice/Jerry_Rice_0001.jpg,Joe_Gatti/Joe_Gatti_0002.jpg,0,0.97322309
Jessica_Brungo/Jessica_Brungo_0001.jpg,Landon_Donovan/Landon_Donovan_0001.jpg,0,0.97206897
Jim_OBrien/Jim_OBrien_0001.jpg,Nadine_Vinzens/Nadine_Vinzens_0001.jpg,0,0.96712202
Jim_Paxson/Jim_Paxson_0001.jpg,Robert_Gordon_Card/Robert_Gordon_Card_0001.jpg,0,0.97364485
Joe_Gatti/Joe_Gatti_0002.jpg,Mike_Samp/Mike_Samp_0001.jpg,0,0.97541595
Joel_Todd/Joel_Todd_0001.jpg,John_Fox/John_Fox_0001.jpg,0,0.98735952
Joel_Todd/Joel_Todd_0001.jpg,Momir_Nikolic/Momir_Nikolic_0001.jpg,0,0.97205794
John_Cornyn/John_Cornyn_0001.jpg,Jose_Mourinho/Jose_Mourinho_0002.jpg,0,0.96724617
John_Cornyn/John_Cornyn_0001.jpg,Robert_Weitzel/Robert_Weitzel_0001.jpg,0,0.98767930
John_Cornyn/John_Cornyn_0001.jpg,Toshihiko_Fukui/Toshihiko_Fukui_0002.jpg,0,0.97920132
John_Dallager/John_Dallager_0001.jpg,Jose_Canseco_Sr/Jose_Canseco_Sr_0001.jpg,0,0.97776186
John_Spencer/John_Spencer_0002.jpg,Stephanie_Moore/Stephanie_Moore_0001.jpg,0,0.97723728
John_Walsh/John_Walsh_0001.jpg,Kalpana_Chawla/Kalpana_Chawla_0001.jpg,0,0.98402590
John_Wright/John_Wright_0001.jpg,Sandra_Milo/Sandra_Milo_0001.jpg,0,0.97154540
John_Wright/John_Wright_0001.jpg,Trevor_McDonald/Trevor_McDonald_0001.jpg,0,0.97762293
Johnny_Benson/Johnny_Benson_0001.jpg,Lana_Clarkson/Lana_Clarkson_0002.jpg,0,0.97347206
Johnny_Benson/Johnny_Benson_0001.jpg,Teresa_Worbis/Teresa_Worbis_0001.jpg,0,0.97885299
Jolanta_Kwasniewski/Jolanta_Kwasniewski_0002.jpg,Martin_Howard/Martin_Howard_0001.jpg,0,0.95977068
Jose_Canseco_Sr/Jose_Canseco_Sr_0001.jpg,Julia_Glass/Julia_Glass_0001.jpg,0,0.97584701
Jose_Mourinho/Jose_Mourinho_0001.jpg,Joseph_LePore/Joseph_LePore_0001.jpg,0,0.99300206
Jose_Mourinho/Jose_Mourinho_0002.jpg,LeRoy_Millette_Jr/LeRoy_Millette_Jr_0001.jpg,0,0.98335367
Jose_Vicente_Rangel/Jose_Vicente_Rangel_0001.jpg,Leuris_Pupo/Leuris_Pupo_0001.jpg,0,0.97171986
Jose_Vicente_Rangel/Jose_Vicente_Rangel_0001.jpg,Scott_OGrady/Scott_OGrady_0001.jpg,0,0.96520782
Joy_Lee_Sadler/Joy_Lee_Sadler_0001.jpg,Laurie_Chan/Laurie_Chan_0001.jpg,0,0.98255479
Joy_Lee_Sadler/Joy_Lee_Sadler_0001.jpg,Norio_Ohga/Norio_Ohga_0001.jpg,0,0.97511470
Joy_Lee_Sadler/Joy_Lee_Sadler_0001.jpg,Stephanie_Moore/Stephanie_Moore_0001.jpg,0,0.96955752
Karen_Pereiras/Karen_Pereiras_0001.jpg,Michael_Phelps/Michael_Phelps_0002.jpg,0,0.98741436
Keith_Brown/Keith_Brown_0001.jpg,Nicole_Kidman/Nicole_Kidman_0017.jpg,0,0.97166169
Keith_Brown/Keith_Brown_0001.jpg,William_Harrison/William_Harrison_0001.jpg,0,0.99752814
Keith_Van_Horn/Keith_Van_Horn_0001.jpg,Sherry_Fisher/Sherry_Fisher_0001.jpg,0,0.95859224
Kelli_White/Kelli_White_0001.jpg,Rudi_Voeller/Rudi_Voeller_0001.jpg,0,0.95341814
King_Gyanendra/King_Gyanendra_0001.jpg,Otto_Reich/Otto_Reich_0001.jpg,0,0.97311199
Lana_Clarkson/Lana_Clarkson_0001.jpg,Mike_Samp/Mike_Samp_0001.jpg,0,0.96333528
Landon_Donovan/Landon_Donovan_0001.jpg,Robby_Ginepri/Robby_Ginepri_0001.jpg,0,0.96811461
Larry_Tanenbaum/Larry_Tanenbaum_0001.jpg,Mike_Samp/Mike_Samp_0001.jpg,0,0.97888297
Laura_Ziskin/Laura_Ziskin_0001.jpg,Reyyan_Uzuner/Reyyan_Uzuner_0001.jpg,0,0.98219627
Laura_Ziskin/Laura_Ziskin_0001.jpg,Robert_Gordon_Card/Robert_Gordon_Card_0001.jpg,0,0.97089553
LeRoy_Millette_Jr/LeRoy_Millette_Jr_0001.jpg,Leuris_Pupo/Leuris_Pupo_0001.jpg,0,0.96825719
Lee_Chang-dong/Lee_Chang-dong_0001.jpg,Phil_Bredesen/Phil_Bredesen_0001.jpg,0,0.97685814
Liliana_Cavani/Liliana_Cavani_0001.jpg,Richard_Pennington/Richard_Pennington_0001.jpg,0,0.96216625
Lindsay_Lohan/Lindsay_Lohan_0001.jpg,Mireya_Elisa_Moscoso_Rodriguez/Mireya_Elisa_Moscoso_Rodriguez_0001.jpg,0,0.97831142
Lloyd_Ward/Lloyd_Ward_0002.jpg,Tina_Andrews/Tina_Andrews_0001.jpg,0,0.97603130
Mark_Heller/Mark_Heller_0001.jpg,Nicolas_Kiefer/Nicolas_Kiefer_0001.jpg,0,0.99271202
Mark_Heller/Mark_Heller_0001.jpg,Parris_Glendening/Parris_Glendening_0001.jpg,0,0.95747370
Mark_Heller/Mark_Heller_0001.jpg,Peter_Hillary/Peter_Hillary_0002.jpg,0,0.96279937
Martin_Gecht/Martin_Gecht_0001.jpg,Peter_Hillary/Peter_Hillary_0001.jpg,0,0.97842848
Mary_Elizabeth_Mastrantonio/Mary_Elizabeth_Mastrantonio_0001.jpg,Vaclav_Klaus/Vaclav_Klaus_0001.jpg,0,0.96337008
Michael_Arif/Michael_Arif_0001.jpg,Sean_Patrick_OMalley/Sean_Patrick_OMalley_0003.jpg,0,0.97782654
Michael_Linscott/Michael_Linscott_0001.jpg,Tom_Brady/Tom_Brady_0002.jpg,0,0.99303055
Mick_Jagger/Mick_Jagger_0003.jpg,Oracene_Williams/Oracene_Williams_0001.jpg,0,0.97923386
Mo_Elleithee/Mo_Elleithee_0001.jpg,Tanya_Holyk/Tanya_Holyk_0001.jpg,0,0.97546029
Mohammed_Ashraf_Hafiz/Mohammed_Ashraf_Hafiz_0001.jpg,Rod_Bryden/Rod_Bryden_0001.jpg,0,0.96098411
Mukhtar_Alytnbayev/Mukhtar_Alytnbayev_0001.jpg,Oracene_Williams/Oracene_Williams_0001.jpg,0,0.97286868
Patricia_Garone/Patricia_Garone_0001.jpg,Sean_Patrick_OMalley/Sean_Patrick_OMalley_0002.jpg,0,0.97823250
Patricia_Hearst/Patricia_Hearst_0001.jpg,Scott_Dickson/Scott_Dickson_0001.jpg,0,0.96801829
Patty_Duke/Patty_Duke_0001.jpg,Simon_Chalk/Simon_Chalk_0001.jpg,0,0.96896058
Paul_Bettany/Paul_Bettany_0001.jpg,Ulrich_Kueperkoch/Ulrich_Kueperkoch_0001.jpg,0,0.99026084
Paul_Gascoigne/Paul_Gascoigne_0003.jpg,Tian_Liang/Tian_Liang_0001.jpg,0,0.96275973
Paul_Greengrass/Paul_Greengrass_0001.jpg,Tim_Pawlenty/Tim_Pawlenty_0001.jpg,0,0.98192906
Perry_Compton/Perry_Compton_0001.jpg,William_Shatner/William_Shatner_0001.jpg,0,0.98755014
Peter_Camejo/Peter_Camejo_0001.jpg,Ruth_Christofferson/Ruth_Christofferson_0001.jpg,0,0.98181129
Porter_Goss/Porter_Goss_0001.jpg,Tara_Kirk/Tara_Kirk_0001.jpg,0,0.95741248
Rand_Miller/Rand_Miller_0001.jpg,Robert_Nillson/Robert_Nillson_0001.jpg,0,0.97568953
Rich_Brooks/Rich_Brooks_0001.jpg,Sharess_Harrell/Sharess_Harrell_0001.jpg,0,0.97225213
Richard_Pennington/Richard_Pennington_0001.jpg,Robby_Ginepri/Robby_Ginepri_0002.jpg,0,0.97047329
Robert_Gordon_Card/Robert_Gordon_Card_0001.jpg,William_Shatner/William_Shatner_0001.jpg,0,0.98809338
Robert_Kipkoech_Cheruiyot/Robert_Kipkoech_Cheruiyot_0001.jpg,Sally_Kirkland/Sally_Kirkland_0003.jpg,0,0.96900868
Robert_Kipkoech_Cheruiyot/Robert_Kipkoech_Cheruiyot_0001.jpg,Steve_Park/Steve_Park_0001.jpg,0,0.97941923
Russell_Coutts/Russell_Coutts_0001.jpg,Tian_Liang/Tian_Liang_0001.jpg,0,0.97065830
Sandra_Milo/Sandra_Milo_0001.jpg,Satnarine_Sharma/Satnarine_Sharma_0001.jpg,0,0.97199392
Steve_Nesbitt/Steve_Nesbitt_0001.jpg,Win_Aung/Win_Aung_0004.jpg,0,0.99004704
Sylvester_Stallone/Sylvester_Stallone_0007.jpg,TJ_Ford/TJ_Ford_0001.jpg,0,0.97701621
Sylvie_Guillem/Sylvie_Guillem_0001.jpg,Vadim_Devyatovskiy/Vadim_Devyatovskiy_0001.jpg,0,0.96454787
Tara_Kirk/Tara_Kirk_0001.jpg,Win_Aung/Win_Aung_0001.jpg,0,0.98501295
Aaron_Guiel/Aaron_Guiel_0001.jpg,Pascal_Rheaume/Pascal_Rheaume_0001.jpg,0,0.97795892
Aaron_Guiel/Aaron_Guiel_0001.jpg,Steve_Zahn/Steve_Zahn_0001.jpg,0,0.97738177
Adrian_Nastase/Adrian_Nastase_0002.jpg,Princess_Victoria/Princess_Victoria_0001.jpg,0,0.96052039
Ahmed_Chalabi/Ahmed_Chalabi_0001.jpg,Rosario_Dawson/Rosario_Dawson_0001.jpg,0,0.97569549
Ahmed_Ghazi/Ahmed_Ghazi_0001.jpg,Julia_Tymoshenko/Julia_Tymoshenko_0003.jpg,0,0.96042037
Ahmet_Demir/Ahmet_Demir_0001.jpg,Wally_Szczerbiak/Wally_Szczerbiak_0001.jpg,0,0.97604370
Ain_Seppik/Ain_Seppik_0001.jpg,Gerhard_Schroeder/Gerhard_Schroeder_0055.jpg,0,0.97530949
Ain_Seppik/Ain_Seppik_0001.jpg,Misty_Dawn_Clymer/Misty_Dawn_Clymer_0001.jpg,0,0.96796513
Ain_Seppik/Ain_Seppik_0001.jpg,Raoul_Ruiz/Raoul_Ruiz_0001.jpg,0,0.97400004
Ain_Seppik/Ain_Seppik_0001.jpg,Susan_Whelan/Susan_Whelan_0001.jpg,0,0.95835376
Aishwarya_Rai/Aishwarya_Rai_0001.jpg,Chloe_Sevigny/Chloe_Sevigny_0001.jpg,0,0.97430652
Aishwarya_Rai/Aishwarya_Rai_0001.jpg,Dinah_Turner/Dinah_Turner_0001.jpg,0,0.97939533
Aishwarya_Rai/Aishwarya_Rai_0001.jpg,Rosario_Dawson/Rosario_Dawson_0001.jpg,0,0.98824215
Alan_Zemaitis/Alan_Zemaitis_0001.jpg,Lauren_Killian/Lauren_Killian_0001.jpg,0,0.97533232
Alex_Cejka/Alex_Cejka_0001.jpg,Taufik_Hidayat/Taufik_Hidayat_0002.jpg,0,0.97887540
Alexandre_Daigle/Alexandre_Daigle_0001.jpg,Brent_Coles/Brent_Coles_0001.jpg,0,0.97067642
Ali_Bin_Hussein/Ali_Bin_Hussein_0001.jpg,Ben_Cahoon/Ben_Cahoon_0001.jpg,0,0.98109198
Ali_Bin_Hussein/Ali_Bin_Hussein_0001.jpg,Oswald_Gruebel/Oswald_Gruebel_0001.jpg,0,0.98142248
Ali_Bin_Hussein/Ali_Bin_Hussein_0001.jpg,Raf_Vallone/Raf_Vallone_0001.jpg,0,0.97101331
Alimzhan_Tokhtakhounov/Alimzhan_Tokhtakhounov_0001.jpg,Jeane_Kirkpatrick/Jeane_Kirkpatrick_0001.jpg,0,0.97097731
Alimzhan_Tokhtakhounov/Alimzhan_Tokhtakhounov_0002.jpg,Butch_Davis/Butch_Davis_0001.jpg,0,0.97453296
Alisha_Richman/Alisha_Richman_0001.jpg,Camille_Lewis/Camille_Lewis_0001.jpg,0,0.96962333
Alisha_Richman/Alisha_Richman_0001.jpg,Katerina_Smrzova/Katerina_Smrzova_0001.jpg,0,0.99017763
Alisha_Richman/Alisha_Richman_0001.jpg,Miguel_Rosseto/Miguel_Rosseto_0001.jpg,0,0.96027446
Amelie_Mauresmo/Amelie_Mauresmo_0003.jpg,Laura_Flessel/Laura_Flessel_0001.jpg,0,0.97183049
Amelie_Mauresmo/Amelie_Mauresmo_0018.jpg,Bob_Colvin/Bob_Colvin_0001.jpg,0,0.98921055
Ana_Claudia_Talancon/Ana_Claudia_Talancon_0001.jpg,Piers_Sellers/Piers_Sellers_0001.jpg,0,0.97075826
Andrea_Kiser/Andrea_Kiser_0001.jpg,Ellen_Barkin/Ellen_Barkin_0001.jpg,0,0.97005200
Andrea_Kiser/Andrea_Kiser_0001.jpg,Imre_Kertasz/Imre_Kertasz_0001.jpg,0,0.97698939
Andrea_Kiser/Andrea_Kiser_0001.jpg,Matt_Dillon/Matt_Dillon_0001.jpg,0,0.97175753
Andrea_Kiser/Andrea_Kiser_0001.jpg,Yann_Martel/Yann_Martel_0002.jpg,0,0.97116274
Andres_DAlessandro/Andres_DAlessandro_0001.jpg,Leticia_Van_de_Putte/Leticia_Van_de_Putte_0001.jpg,0,0.97658318
Andres_DAlessandro/Andres_DAlessandro_0001.jpg,Ronaldo_Luis_Nazario_de_Lima/Ronaldo_Luis_Nazario_de_Lima_0001.jpg,0,0.98460412
Anette_Hosoi/Anette_Hosoi_0001.jpg,Rolf_Zimmermann/Rolf_Zimmermann_0001.jpg,0,0.96039224
Anette_Hosoi/Anette_Hosoi_0001.jpg,Sheila_Taormina/Sheila_Taormina_0001.jpg,0,0.97625947
Anette_Hosoi/Anette_Hosoi_0001.jpg,Tora_Takagi/Tora_Takagi_0001.jpg,0,0.97134519
Angelo_Reyes/Angelo_Reyes_0001.jpg,Chip_Knight/Chip_Knight_0001.jpg,0,0.98451102
Angelo_Reyes/Angelo_Reyes_0001.jpg,Oliver_Neuville/Oliver_Neuville_0001.jpg,0,0.95641410
Anne_Heche/Anne_Heche_0001.jpg,Sasha_Alexander/Sasha_Alexander_0001.jpg,0,0.97233826
Anne_Heche/Anne_Heche_0001.jpg,Tanya_Lindenmuth/Tanya_Lindenmuth_0001.jpg,0,0.99444187
Antje_Buschschulte/Antje_Buschschulte_0001.jpg,Jerry_Angelo/Jerry_Angelo_0001.jpg,0,0.96317863
Anton_Balasingham/Anton_Balasingham_0001.jpg,Matt_Siebrandt/Matt_Siebrandt_0001.jpg,0,0.96620953
Anton_Balasingham/Anton_Balasingham_0001.jpg,Will_Ferrell/Will_Ferrell_0001.jpg,0,0.98971349
Armando_Avila_Panchame/Armando_Avila_Panchame_0001.jpg,Monica_Gabrielle/Monica_Gabrielle_0001.jpg,0,0.97333312
Armando_Avila_Panchame/Armando_Avila_Panchame_0001.jpg,Retief_Goosen/Retief_Goosen_0001.jpg,0,0.97573757
BJ_Habibie/BJ_Habibie_0001.jpg,Craig_MacTavish/Craig_MacTavish_0001.jpg,0,0.98711455
Baz_Luhrmann/Baz_Luhrmann_0001.jpg,Danny_Avalon/Danny_Avalon_0001.jpg,0,0.98450959
Begum_Khaleda_Zia/Begum_Khaleda_Zia_0001.jpg,Eric_Idle/Eric_Idle_0001.jpg,0,0.96598834
Begum_Khaleda_Zia/Begum_Khaleda_Zia_0001.jpg,Michael_Andretti/Michael_Andretti_0001.jpg,0,0.96637803
Begum_Khaleda_Zia/Begum_Khaleda_Zia_0001.jpg,Picabo_Street/Picabo_Street_0001.jpg,0,0.98694193
Ben_Cahoon/Ben_Cahoon_0001.jpg,Nate_Blackwell/Nate_Blackwell_0001.jpg,0,0.97066426
Ben_Cahoon/Ben_Cahoon_0001.jpg,Roy_Williams/Roy_Williams_0003.jpg,0,0.97932833
Ben_Curtis/Ben_Curtis_0003.jpg,Jim_Calhoun/Jim_Calhoun_0001.jpg,0,0.96911132
Benicio_Del_Toro/Benicio_Del_Toro_0001.jpg,Elizabeth_Taylor/Elizabeth_Taylor_0001.jpg,0,0.97445601
Benicio_Del_Toro/Benicio_Del_Toro_0001.jpg,Ismail_Khan/Ismail_Khan_0001.jpg,0,0.98220718
Benicio_Del_Toro/Benicio_Del_Toro_0001.jpg,Tonya_Payne/Tonya_Payne_0001.jpg,0,0.97102278
Bijan_Namdar_Zangeneh/Bijan_Namdar_Zangeneh_0001.jpg,Petro_Symonenko/Petro_Symonenko_0001.jpg,0,0.98174667
Billy_Graham/Billy_Graham_0001.jpg,Karin_Pilsaeter/Karin_Pilsaeter_0001.jpg,0,0.97052395
Billy_Graham/Billy_Graham_0001.jpg,Piers_Sellers/Piers_Sellers_0001.jpg,0,0.96452320
Billy_Graham/Billy_Graham_0002.jpg,Howard_Wilkinson/Howard_Wilkinson_0001.jpg,0,0.98497838
Bob_Colvin/Bob_Colvin_0002.jpg,Janet_Napolitano/Janet_Napolitano_0001.jpg,0,0.97917038
Boris_Henry/Boris_Henry_0001.jpg,John_Reid/John_Reid_0002.jpg,0,0.96498424
Brandon_Boyd/Brandon_Boyd_0001.jpg,James_Brosnahan/James_Brosnahan_0001.jpg,0,0.97890961
Brandon_Boyd/Brandon_Boyd_0001.jpg,Neil_Moritz/Neil_Moritz_0001.jpg,0,0.97456676
Brent_Coles/Brent_Coles_0001.jpg,Zoe_Ball/Zoe_Ball_0001.jpg,0,0.97604197
Brett_Hull/Brett_Hull_0001.jpg,Gregorio_Rosal/Gregorio_Rosal_0001.jpg,0,0.97527742
Brett_Hull/Brett_Hull_0001.jpg,Kirsten_Clark/Kirsten_Clark_0001.jpg,0,0.97732663
Brett_Hull/Brett_Hull_0001.jpg,Ralph_Nader/Ralph_Nader_0001.jpg,0,0.96369648
Brett_Perry/Brett_Perry_0001.jpg,Neri_Marcore/Neri_Marcore_0001.jpg,0,0.96273148
Bruce_Willis/Bruce_Willis_0001.jpg,Carlos_Juarez/Carlos_Juarez_0001.jpg,0,0.98099381
Bruce_Willis/Bruce_Willis_0001.jpg,Jim_Carrey/Jim_Carrey_0001.jpg,0,0.96799082
Bruce_Willis/Bruce_Willis_0001.jpg,Petria_Thomas/Petria_Thomas_0002.jpg,0,0.96874619
Bryant_Young/Bryant_Young_0001.jpg,Jim_Bollman/Jim_Bollman_0001.jpg,0,0.97079903
Bryant_Young/Bryant_Young_0001.jpg,Maurice_Cheeks/Maurice_Cheeks_0001.jpg,0,0.99000466
Buddy_Ryan/Buddy_Ryan_0001.jpg,James_Brosnahan/James_Brosnahan_0001.jpg,0,0.99561936
Buddy_Ryan/Buddy_Ryan_0001.jpg,Nancy_Reagan/Nancy_Reagan_0002.jpg,0,0.96769309
Butch_Davis/Butch_Davis_0002.jpg,Herta_Daeubler-Gmelin/Herta_Daeubler-Gmelin_0002.jpg,0,0.98357993
Byron_Scott/Byron_Scott_0001.jpg,Jane_Clayson/Jane_Clayson_0001.jpg,0,0.97334898
Camille_Lewis/Camille_Lewis_0001.jpg,Lincoln_Chafee/Lincoln_Chafee_0001.jpg,0,0.96839106
Camille_Lewis/Camille_Lewis_0001.jpg,Nathirah_Hussein/Nathirah_Hussein_0001.jpg,0,0.97991472
Carol_Burnett/Carol_Burnett_0001.jpg,Raf_Vallone/Raf_Vallone_0001.jpg,0,0.96100342
Carol_Niedermayer/Carol_Niedermayer_0001.jpg,Kristin_Scott/Kristin_Scott_0001.jpg,0,0.98177779
Catherine_Ndereba/Catherine_Ndereba_0001.jpg,Janet_Napolitano/Janet_Napolitano_0004.jpg,0,0.96591949
Chandrika_Kumaratunga/Chandrika_Kumaratunga_0001.jpg,Kevin_Satterfield/Kevin_Satterfield_0001.jpg,0,0.97294068
Charles_Mathews/Charles_Mathews_0001.jpg,Will_Ferrell/Will_Ferrell_0001.jpg,0,0.97539717
Charles_Mathews/Charles_Mathews_0002.jpg,Kristin_Scott/Kristin_Scott_0001.jpg,0,0.96937746
Charlie_Garner/Charlie_Garner_0001.jpg,Luo_Linquan/Luo_Linquan_0001.jpg,0,0.97292793
Charlie_Williams/Charlie_Williams_0001.jpg,Julia_Tymoshenko/Julia_Tymoshenko_0001.jpg,0,0.95750880
Cheryl_Ford/Cheryl_Ford_0001.jpg,Chris_Cookson/Chris_Cookson_0001.jpg,0,0.97014683
Chip_Knight/Chip_Knight_0001.jpg,Ronald_Post/Ronald_Post_0001.jpg,0,0.97828859
Chloe_Sevigny/Chloe_Sevigny_0001.jpg,Emyr_Jones_Parry/Emyr_Jones_Parry_0001.jpg,0,0.97013426
Chloe_Sevigny/Chloe_Sevigny_0001.jpg,Petria_Thomas/Petria_Thomas_0003.jpg,0,0.97869718
Chris_Cornell/Chris_Cornell_0001.jpg,Desmon_Farmer/Desmon_Farmer_0001.jpg,0,0.97538865
Christine_Ebersole/Christine_Ebersole_0002.jpg,Paul_Walker/Paul_Walker_0001.jpg,0,0.95832819
Christoph_Daum/Christoph_Daum_0001.jpg,Scott_Hubbard/Scott_Hubbard_0001.jpg,0,0.98673236
Christopher_Conyers/Christopher_Conyers_0001.jpg,Michael_Milton/Michael_Milton_0001.jpg,0,0.98036814
Christopher_Conyers/Christopher_Conyers_0001.jpg,Raoul_Ruiz/Raoul_Ruiz_0001.jpg,0,0.95988172
Chuck_Bednarik/Chuck_Bednarik_0001.jpg,Mario_Jardel/Mario_Jardel_0001.jpg,0,0.97809553
Cindy_Zagorski/Cindy_Zagorski_0001.jpg,Rosie_Perez/Rosie_Perez_0001.jpg,0,0.97989017
Claudia_Schiffer/Claudia_Schiffer_0001.jpg,Lynn_Abraham/Lynn_Abraham_0002.jpg,0,0.98051000
Claudia_Schiffer/Claudia_Schiffer_0003.jpg,Lin_Yung_Hsi/Lin_Yung_Hsi_0001.jpg,0,0.97036088
Colin_Cowie/Colin_Cowie_0001.jpg,Mstislav_Rostropovich/Mstislav_Rostropovich_0001.jpg,0,0.96207643
Condoleezza_Rice/Condoleezza_Rice_0002.jpg,Mehmet_Okur/Mehmet_Okur_0001.jpg,0,0.97539115
Condoleezza_Rice/Condoleezza_Rice_0007.jpg,Ryan_Nyquist/Ryan_Nyquist_0001.jpg,0,0.96817696
Costas_Simitis/Costas_Simitis_0002.jpg,Lorraine_Fenton/Lorraine_Fenton_0001.jpg,0,0.97173792
Craig_MacTavish/Craig_MacTavish_0001.jpg,Vince_Dooley/Vince_Dooley_0001.jpg,0,0.97381800
Cristina_Saralegui/Cristina_Saralegui_0001.jpg,Dave_Robertson/Dave_Robertson_0001.jpg,0,0.96367991
Cruz_Bustamante/Cruz_Bustamante_0002.jpg,Dean_Barkley/Dean_Barkley_0003.jpg,0,0.98184901
Cyndi_Thompson/Cyndi_Thompson_0001.jpg,Nicolas_Escude/Nicolas_Escude_0002.jpg,0,0.96422207
Cyndi_Thompson/Cyndi_Thompson_0002.jpg,Owen_Nolan/Owen_Nolan_0001.jpg,0,0.97122610
Dalia_Rabin-Pelosoff/Dalia_Rabin-Pelosoff_0001.jpg,Sean_Combs/Sean_Combs_0001.jpg,0,0.95846409
Daniel_Darnell/Daniel_Darnell_0001.jpg,Malcolm_Jamal_Warner/Malcolm_Jamal_Warner_0001.jpg,0,0.96928358
Danny_Avalon/Danny_Avalon_0001.jpg,Sean_Penn/Sean_Penn_0002.jpg,0,0.97718620
David_Blaine/David_Blaine_0001.jpg,Nicholas_Tse/Nicholas_Tse_0002.jpg,0,0.97441375
David_Blaine/David_Blaine_0001.jpg,Ramon_Delgado/Ramon_Delgado_0001.jpg,0,0.98415327
David_Heymann/David_Heymann_0003.jpg,Norm_Macdonald/Norm_Macdonald_0001.jpg,0,0.97978979
David_Surrett/David_Surrett_0001.jpg,Michael_Taylor/Michael_Taylor_0001.jpg,0,0.97893071
David_Tornberg/David_Tornberg_0001.jpg,Ricky_Ponting/Ricky_Ponting_0001.jpg,0,0.98779845
Deece_Eckstein/Deece_Eckstein_0001.jpg,Diana_Munz/Diana_Munz_0001.jpg,0,0.96918285
Deece_Eckstein/Deece_Eckstein_0001.jpg,Tommy_Lewis/Tommy_Lewis_0001.jpg,0,0.95803428
Denis_Coderre/Denis_Coderre_0001.jpg,Don_Siegelman/Don_Siegelman_0001.jpg,0,0.98683679
Denis_Coderre/Denis_Coderre_0001.jpg,John_Eder/John_Eder_0001.jpg,0,0.99386585
Desmon_Farmer/Desmon_Farmer_0001.jpg,Lin_Yung_Hsi/Lin_Yung_Hsi_0001.jpg,0,0.98385632
Diana_Krall/Diana_Krall_0004.jpg,Ramon_Delgado/Ramon_Delgado_0001.jpg,0,0.96616387
Dick_Armey/Dick_Armey_0001.jpg,Mehmet_Okur/Mehmet_Okur_0001.jpg,0,0.97185528
Dinah_Turner/Dinah_Turner_0001.jpg,Mekhi_Phifer/Mekhi_Phifer_0001.jpg,0,0.97563028
Dinah_Turner/Dinah_Turner_0001.jpg,Tammy_Helm/Tammy_Helm_0001.jpg,0,0.97498357
Don_Boudria/Don_Boudria_0001.jpg,Roy_Chaderton/Roy_Chaderton_0001.jpg,0,0.97415239
Don_Boudria/Don_Boudria_0001.jpg,Sananda_Maitreya/Sananda_Maitreya_0001.jpg,0,0.96003336
Don_Matthews/Don_Matthews_0001.jpg,Kirsten_Clark/Kirsten_Clark_0001.jpg,0,0.98585951
Don_Matthews/Don_Matthews_0001.jpg,Pa_Kou_Hang/Pa_Kou_Hang_0001.jpg,0,0.99024141
Don_Matthews/Don_Matthews_0001.jpg,Peter_Arnett/Peter_Arnett_0002.jpg,0,0.98660177
Don_Siegelman/Don_Siegelman_0002.jpg,Elizabeth_Taylor/Elizabeth_Taylor_0002.jpg,0,0.96431738
Donald_Pettit/Donald_Pettit_0001.jpg,Edward_James_Olmos/Edward_James_Olmos_0002.jpg,0,0.98044503
Doug_Collins/Doug_Collins_0001.jpg,Kristanna_Loken/Kristanna_Loken_0005.jpg,0,0.97299963
Dyana_Calub/Dyana_Calub_0001.jpg,Ronald_Post/Ronald_Post_0001.jpg,0,0.97393835
Earl_Counter/Earl_Counter_0001.jpg,Joe_Friedberg/Joe_Friedberg_0001.jpg,0,0.96992201
Edward_Albee/Edward_Albee_0001.jpg,Nicola_Bono/Nicola_Bono_0001.jpg,0,0.96373898
Edward_Belvin/Edward_Belvin_0001.jpg,Jacqueline_Gold/Jacqueline_Gold_0001.jpg,0,0.96570152
Edward_James_Olmos/Edward_James_Olmos_0002.jpg,Mariano_Zabaleta/Mariano_Zabaleta_0001.jpg,0,0.97938758
Elin_Nordegren/Elin_Nordegren_0001.jpg,George_Brumley_III/George_Brumley_III_0001.jpg,0,0.96637917
Elin_Nordegren/Elin_Nordegren_0001.jpg,Samantha_Daniels/Samantha_Daniels_0001.jpg,0,0.96460992
Elin_Nordegren/Elin_Nordegren_0002.jpg,Leszek_Miller/Leszek_Miller_0003.jpg,0,0.96890748
Elisabeth_Welch/Elisabeth_Welch_0001.jpg,Piers_Sellers/Piers_Sellers_0001.jpg,0,0.99211168
Elizabeth_Taylor/Elizabeth_Taylor_0001.jpg,Olympia_Dukakis/Olympia_Dukakis_0001.jpg,0,0.98194087
Ellen_DeGeneres/Ellen_DeGeneres_0002.jpg,Lorraine_Fenton/Lorraine_Fenton_0001.jpg,0,0.96740294
Elva_Hsiao/Elva_Hsiao_0001.jpg,Samantha_Daniels/Samantha_Daniels_0001.jpg,0,0.97452831
Emma_Watson/Emma_Watson_0002.jpg,Henry_Hyde/Henry_Hyde_0001.jpg,0,0.97287858
Emyr_Jones_Parry/Emyr_Jones_Parry_0001.jpg,Sally_Clark/Sally_Clark_0001.jpg,0,0.97275805
Eric_Ryan_Donnelly/Eric_Ryan_Donnelly_0001.jpg,Iain_Duncan_Smith/Iain_Duncan_Smith_0001.jpg,0,0.98919642
Ernesto_Zedillo/Ernesto_Zedillo_0001.jpg,Lenny_Kravitz/Lenny_Kravitz_0001.jpg,0,0.97575450
Ernesto_Zedillo/Ernesto_Zedillo_0001.jpg,Megan_Mullally/Megan_Mullally_0002.jpg,0,0.96324456
Erwin_Mapasseng/Erwin_Mapasseng_0001.jpg,Hilary_Duff/Hilary_Duff_0003.jpg,0,0.97778749
Evelyn_Lauder/Evelyn_Lauder_0001.jpg,Nathan_Powell/Nathan_Powell_0001.jpg,0,0.96438164
Fernando_Hierro/Fernando_Hierro_0001.jpg,Prince_Charles/Prince_Charles_0002.jpg,0,0.95864129
Flavia_Delaroli/Flavia_Delaroli_0002.jpg,John_Warner/John_Warner_0004.jpg,0,0.95878911
Flavia_Delaroli/Flavia_Delaroli_0002.jpg,Vanessa_Laine/Vanessa_Laine_0001.jpg,0,0.99377018
Fran_Drescher/Fran_Drescher_0001.jpg,Warren_Truss/Warren_Truss_0001.jpg,0,0.96840334
Fran_Drescher/Fran_Drescher_0002.jpg,Jay_Leno/Jay_Leno_0003.jpg,0,0.96584737
Frank_Murkowski/Frank_Murkowski_0001.jpg,James_Brosnahan/James_Brosnahan_0001.jpg,0,0.99313378
Frank_Stallone/Frank_Stallone_0001.jpg,Tommy_Lewis/Tommy_Lewis_0001.jpg,0,0.96119928
Frank_Stallone/Frank_Stallone_0002.jpg,Toni_Braxton/Toni_Braxton_0002.jpg,0,0.95946753
Gary_Coleman/Gary_Coleman_0001.jpg,Koichi_Tanaka/Koichi_Tanaka_0001.jpg,0,0.97833592
Gary_Coleman/Gary_Coleman_0001.jpg,Uri_Lopolianski/Uri_Lopolianski_0001.jpg,0,0.97001934
Gary_Sayler/Gary_Sayler_0001.jpg,Ralph_Sampson/Ralph_Sampson_0001.jpg,0,0.97037059
George_Brumley_III/George_Brumley_III_0001.jpg,Will_Ferrell/Will_Ferrell_0001.jpg,0,0.97995454
George_Lopez/George_Lopez_0005.jpg,Iain_Duncan_Smith/Iain_Duncan_Smith_0001.jpg,0,0.98313963
Georgina_Bardach/Georgina_Bardach_0001.jpg,Henry_Hilow/Henry_Hilow_0001.jpg,0,0.96389705
Gilberto_Rodriguez_Orejuela/Gilberto_Rodriguez_Orejuela_0003.jpg,Lennox_Lewis/Lennox_Lewis_0001.jpg,0,0.97373104
Gilberto_Rodriguez_Orejuela/Gilberto_Rodriguez_Orejuela_0003.jpg,Nancy_Demme/Nancy_Demme_0001.jpg,0,0.96324664
Gordon_Lightfoot/Gordon_Lightfoot_0001.jpg,Lima_Azimi/Lima_Azimi_0001.jpg,0,0.97207886
Gordon_Lightfoot/Gordon_Lightfoot_0001.jpg,Robert_Nardelli/Robert_Nardelli_0001.jpg,0,0.98801804
Gracia_Burnham/Gracia_Burnham_0001.jpg,Jim_Calhoun/Jim_Calhoun_0001.jpg,0,0.98158085
Gregorio_Rosal/Gregorio_Rosal_0001.jpg,Richard_Greenberg/Richard_Greenberg_0001.jpg,0,0.99083078
Guenter_Verheugen/Guenter_Verheugen_0001.jpg,Kaspar_Villiger/Kaspar_Villiger_0001.jpg,0,0.98806322
Guillermo_Canas/Guillermo_Canas_0001.jpg,Tim_Duncan/Tim_Duncan_0002.jpg,0,0.98136985
Guillermo_Canas/Guillermo_Canas_0002.jpg,Michalis_Chrisohoides/Michalis_Chrisohoides_0001.jpg,0,0.96963680
Hal_McCoy/Hal_McCoy_0001.jpg,Rudolph_Holton/Rudolph_Holton_0001.jpg,0,0.96876812
Hank_Aaron/Hank_Aaron_0001.jpg,Steve_Valentine/Steve_Valentine_0001.jpg,0,0.97306001
Hans_Eichel/Hans_Eichel_0001.jpg,Jimmy_Iovine/Jimmy_Iovine_0001.jpg,0,0.96708810
Hashan_Tillakaratne/Hashan_Tillakaratne_0001.jpg,John_Warner/John_Warner_0003.jpg,0,0.96467769
Heath_Ledger/Heath_Ledger_0002.jpg,Melissa_Stark/Melissa_Stark_0001.jpg,0,0.98239219
Henry_Hilow/Henry_Hilow_0001.jpg,Monica_Gabrielle/Monica_Gabrielle_0001.jpg,0,0.95633674
Herta_Daeubler-Gmelin/Herta_Daeubler-Gmelin_0002.jpg,Koichi_Tanaka/Koichi_Tanaka_0001.jpg,0,0.98262477
Hilary_Duff/Hilary_Duff_0001.jpg,Luther_Htu/Luther_Htu_0001.jpg,0,0.98104703
Hun_Sen/Hun_Sen_0002.jpg,John_Rigas/John_Rigas_0002.jpg,0,0.97866082
Idi_Amin/Idi_Amin_0001.jpg,Stephen_Silas/Stephen_Silas_0001.jpg,0,0.98261154
Isabel_Orellana/Isabel_Orellana_0001.jpg,Spike_Helmick/Spike_Helmick_0001.jpg,0,0.96353990
Ismael_Miranda/Ismael_Miranda_0001.jpg,Janela_Jara/Janela_Jara_0001.jpg,0,0.96933138
Ismael_Miranda/Ismael_Miranda_0001.jpg,Peter_Greenspun/Peter_Greenspun_0001.jpg,0,0.98316199
Ismail_Khan/Ismail_Khan_0001.jpg,Malcolm_Jamal_Warner/Malcolm_Jamal_Warner_0001.jpg,0,0.98250526
JK_Rowling/JK_Rowling_0005.jpg,Sasha_Alexander/Sasha_Alexander_0001.jpg,0,0.98384595
Jackie_Chan/Jackie_Chan_0003.jpg,Jennifer_Gratz/Jennifer_Gratz_0001.jpg,0,0.96046346
Jacqueline_Edwards/Jacqueline_Edwards_0001.jpg,Meg_Wakeman/Meg_Wakeman_0001.jpg,0,0.97487158
Jacqueline_Edwards/Jacqueline_Edwards_0001.jpg,Noor_Mohammed/Noor_Mohammed_0001.jpg,0,0.97663474
James_Baker/James_Baker_0001.jpg,Mike_Tice/Mike_Tice_0001.jpg,0,0.97936517
James_Harris/James_Harris_0001.jpg,Keith_Bogans/Keith_Bogans_0002.jpg,0,0.99559867
James_Layug/James_Layug_0001.jpg,Ralph_Sampson/Ralph_Sampson_0001.jpg,0,0.99010378
Jane_Clayson/Jane_Clayson_0001.jpg,Rene_Antonio_Leon_Rodriguez/Rene_Antonio_Leon_Rodriguez_0001.jpg,0,0.96200496
Jane_Kaczmarek/Jane_Kaczmarek_0002.jpg,Morris_Watts/Morris_Watts_0001.jpg,0,0.96634775
Jane_Russell/Jane_Russell_0001.jpg,Martin_ONeill/Martin_ONeill_0001.jpg,0,0.97818851
Janela_Jara/Janela_Jara_0001.jpg,Kirsten_Clark/Kirsten_Clark_0001.jpg,0,0.96872246
Janela_Jara/Janela_Jara_0001.jpg,Pa_Kou_Hang/Pa_Kou_Hang_0001.jpg,0,0.98419231
Janela_Jara/Janela_Jara_0001.jpg,Ricky_Cottrill/Ricky_Cottrill_0001.jpg,0,0.97993070
Janet_Napolitano/Janet_Napolitano_0002.jpg,Laurie_Laychak/Laurie_Laychak_0001.jpg,0,0.98133445
Javier_Camara/Javier_Camara_0001.jpg,Nate_Blackwell/Nate_Blackwell_0001.jpg,0,0.97686583
Jeane_Kirkpatrick/Jeane_Kirkpatrick_0001.jpg,Jeff_Van_Gundy/Jeff_Van_Gundy_0003.jpg,0,0.96231711
Jeane_Kirkpatrick/Jeane_Kirkpatrick_0001.jpg,Richard_Greenberg/Richard_Greenberg_0001.jpg,0,0.98434401
Jeff_Van_Gundy/Jeff_Van_Gundy_0001.jpg,Richard_Naughton/Richard_Naughton_0001.jpg,0,0.97817636
Jeffrey_Katzenberg/Jeffrey_Katzenberg_0001.jpg,Susan_Whelan/Susan_Whelan_0001.jpg,0,0.96312177
Jennette_Bradley/Jennette_Bradley_0001.jpg,Tammy_Helm/Tammy_Helm_0001.jpg,0,0.96651971
Jim_Furyk/Jim_Furyk_0006.jpg,Linn_Thornton/Linn_Thornton_0001.jpg,0,0.97703838
John_Eastman/John_Eastman_0001.jpg,Ricky_Ponting/Ricky_Ponting_0001.jpg,0,0.98751998
John_F_Kennedy_Jr/John_F_Kennedy_Jr_0002.jpg,Nathan_Powell/Nathan_Powell_0001.jpg,0,0.98663497
John_Garamendi/John_Garamendi_0001.jpg,Petro_Symonenko/Petro_Symonenko_0002.jpg,0,0.95495677
John_Madden/John_Madden_0001.jpg,Sara_Silverman/Sara_Silverman_0001.jpg,0,0.98034972
Jose_Luis_Rodriguez_Zapatero/Jose_Luis_Rodriguez_Zapatero_0001.jpg,Rene_Antonio_Leon_Rodriguez/Rene_Antonio_Leon_Rodriguez_0001.jpg,0,0.98148656
Jose_Luis_Rodriguez_Zapatero/Jose_Luis_Rodriguez_Zapatero_0001.jpg,Steve_Lenard/Steve_Lenard_0001.jpg,0,0.97707826
Jose_Santos/Jose_Santos_0001.jpg,Michael_Boyce/Michael_Boyce_0001.jpg,0,0.98167598
Joseph_Kabila/Joseph_Kabila_0001.jpg,Rose_Linkins/Rose_Linkins_0001.jpg,0,0.96060956
Juan_Francisco_Palencia/Juan_Francisco_Palencia_0001.jpg,Kristanna_Loken/Kristanna_Loken_0002.jpg,0,0.96539730
Juan_Francisco_Palencia/Juan_Francisco_Palencia_0001.jpg,Warren_Truss/Warren_Truss_0001.jpg,0,0.98019910
Juan_Roman_Riquelme/Juan_Roman_Riquelme_0001.jpg,Ralph_Sampson/Ralph_Sampson_0001.jpg,0,0.98489666
Julia_Tymoshenko/Julia_Tymoshenko_0002.jpg,Luis_Sanchez/Luis_Sanchez_0001.jpg,0,0.96056569
Karin_Pilsaeter/Karin_Pilsaeter_0001.jpg,Mike_Flanagan/Mike_Flanagan_0001.jpg,0,0.96961230
Karin_Pilsaeter/Karin_Pilsaeter_0001.jpg,Petria_Thomas/Petria_Thomas_0003.jpg,0,0.97505617
Keith_Bogans/Keith_Bogans_0002.jpg,Martin_ONeill/Martin_ONeill_0001.jpg,0,0.96910495
Kelly_Leigh/Kelly_Leigh_0001.jpg,Spike_Helmick/Spike_Helmick_0001.jpg,0,0.97041953
Ken_Macha/Ken_Macha_0003.jpg,Tommy_Lewis/Tommy_Lewis_0001.jpg,0,0.96216989
Kenneth_Carlsen/Kenneth_Carlsen_0001.jpg,Robin_Cook/Robin_Cook_0001.jpg,0,0.97277045
Kevin_Borseth/Kevin_Borseth_0001.jpg,Michael_Caine/Michael_Caine_0004.jpg,0,0.98243570
Koichi_Tanaka/Koichi_Tanaka_0001.jpg,Ricardo_Lopez_Murphy/Ricardo_Lopez_Murphy_0001.jpg,0,0.97063386
Kristin_Scott/Kristin_Scott_0001.jpg,Max_Mayfield/Max_Mayfield_0002.jpg,0,0.97191727
Laura_Flessel/Laura_Flessel_0001.jpg,Owen_Nolan/Owen_Nolan_0001.jpg,0,0.96850771
Lauren_Killian/Lauren_Killian_0002.jpg,Tommy_Lewis/Tommy_Lewis_0001.jpg,0,0.97482884
Laurie_Laychak/Laurie_Laychak_0001.jpg,Pa_Kou_Hang/Pa_Kou_Hang_0001.jpg,0,0.97438353
Lawrence_Di_Rita/Lawrence_Di_Rita_0001.jpg,Mekhi_Phifer/Mekhi_Phifer_0001.jpg,0,0.97447294
Lennox_Lewis/Lennox_Lewis_0003.jpg,Monte_Kiffin/Monte_Kiffin_0001.jpg,0,0.97368467
Leon_Lai/Leon_Lai_0001.jpg,Monica_Lewinsky/Monica_Lewinsky_0001.jpg,0,0.96939480
Leon_Lai/Leon_Lai_0001.jpg,Sun_Myung_Moon/Sun_Myung_Moon_0001.jpg,0,0.97857749
Lily_Tomlin/Lily_Tomlin_0001.jpg,Marcos_Daniel_Jimenez/Marcos_Daniel_Jimenez_0001.jpg,0,0.94831800
Lily_Tomlin/Lily_Tomlin_0002.jpg,Sim_Yong/Sim_Yong_0001.jpg,0,0.98837030
Linn_Thornton/Linn_Thornton_0001.jpg,Sherri_Coale/Sherri_Coale_0001.jpg,0,0.97178698
Linn_Thornton/Linn_Thornton_0001.jpg,Tom_Cruise/Tom_Cruise_0002.jpg,0,0.95255840
Lloyd_Mudiwa/Lloyd_Mudiwa_0001.jpg,Sebastien_Grosjean/Sebastien_Grosjean_0001.jpg,0,0.97519767
Lois_Smart/Lois_Smart_0001.jpg,Tavis_Smiley/Tavis_Smiley_0001.jpg,0,0.97118855
Luis_Sanchez/Luis_Sanchez_0001.jpg,Petro_Symonenko/Petro_Symonenko_0001.jpg,0,0.98315221
Luo_Linquan/Luo_Linquan_0001.jpg,Martin_ONeill/Martin_ONeill_0001.jpg,0,0.96559554
Luther_Htu/Luther_Htu_0001.jpg,Steve_Karsay/Steve_Karsay_0001.jpg,0,0.96807313
Lynn_Abraham/Lynn_Abraham_0001.jpg,Michael_Keaton/Michael_Keaton_0002.jpg,0,0.96948051
Lynn_Abraham/Lynn_Abraham_0002.jpg,Mariano_Zabaleta/Mariano_Zabaleta_0001.jpg,0,0.96859086
Mark_Richt/Mark_Richt_0003.jpg,Wilton_Gregory/Wilton_Gregory_0001.jpg,0,0.97812837
Martha_Smith/Martha_Smith_0001.jpg,Ray_Sherman/Ray_Sherman_0001.jpg,0,0.97114456
Martin_ONeill/Martin_ONeill_0001.jpg,Mike_Weir/Mike_Weir_0011.jpg,0,0.97746307
Mary-Kate_Olsen/Mary-Kate_Olsen_0001.jpg,Sim_Yong/Sim_Yong_0001.jpg,0,0.96844119
Matt_Siebrandt/Matt_Siebrandt_0001.jpg,Rodney_Dangerfield/Rodney_Dangerfield_0001.jpg,0,0.96482986
Maurice_Cheeks/Maurice_Cheeks_0001.jpg,Steve_Austin/Steve_Austin_0001.jpg,0,0.98841596
Mehmet_Okur/Mehmet_Okur_0001.jpg,Randy_Travis/Randy_Travis_0001.jpg,0,0.97621560
Michael_McNeely/Michael_McNeely_0001.jpg,Sean_Combs/Sean_Combs_0001.jpg,0,0.96855968
Michael_Milton/Michael_Milton_0001.jpg,Wilfredo_Moreno/Wilfredo_Moreno_0001.jpg,0,0.97297484
Michael_Powell/Michael_Powell_0001.jpg,Scott_Weiland/Scott_Weiland_0001.jpg,0,0.97842151
Miguel_Rosseto/Miguel_Rosseto_0001.jpg,Pascal_Rheaume/Pascal_Rheaume_0001.jpg,0,0.98840958
Miguel_Rosseto/Miguel_Rosseto_0001.jpg,Ricky_Ponting/Ricky_Ponting_0002.jpg,0,0.98699594
Mike_Flanagan/Mike_Flanagan_0001.jpg,Mohammed_Baqir_al-Hakim/Mohammed_Baqir_al-Hakim_0002.jpg,0,0.97823298
Mike_Tice/Mike_Tice_0001.jpg,Patti_Smith/Patti_Smith_0001.jpg,0,0.96584249
Mohammed_Baqir_al-Hakim/Mohammed_Baqir_al-Hakim_0002.jpg,Tatyana_Tomashova/Tatyana_Tomashova_0001.jpg,0,0.95578682
Mufti_Mohammad_Syed/Mufti_Mohammad_Syed_0001.jpg,Raoul_Ruiz/Raoul_Ruiz_0004.jpg,0,0.98887885
Nancy_Demme/Nancy_Demme_0001.jpg,Roger_Mahony/Roger_Mahony_0001.jpg,0,0.97155869
Nancy_Reagan/Nancy_Reagan_0001.jpg,Rafael_Bielsa/Rafael_Bielsa_0001.jpg,0,0.95845449
Natasha_McElhone/Natasha_McElhone_0002.jpg,Robert_Nardelli/Robert_Nardelli_0001.jpg,0,0.96739745
Nathirah_Hussein/Nathirah_Hussein_0001.jpg,Susan_Whelan/Susan_Whelan_0001.jpg,0,0.97469199
Neil_Moritz/Neil_Moritz_0001.jpg,Roy_Williams/Roy_Williams_0002.jpg,0,0.97918034
Neil_Moritz/Neil_Moritz_0001.jpg,Xanana_Gusmao/Xanana_Gusmao_0005.jpg,0,0.98792458
Nelson_Shanks/Nelson_Shanks_0001.jpg,Pedro_Martinez/Pedro_Martinez_0001.jpg,0,0.97528702
Nelson_Shanks/Nelson_Shanks_0001.jpg,Ren_Qingjin/Ren_Qingjin_0001.jpg,0,0.98889208
Noor_Mohammed/Noor_Mohammed_0001.jpg,Scott_Weiland/Scott_Weiland_0001.jpg,0,0.96082437
Oswald_Gruebel/Oswald_Gruebel_0001.jpg,Richard_Penniman/Richard_Penniman_0001.jpg,0,0.97664773
Parthiv_Patel/Parthiv_Patel_0001.jpg,Tonya_Payne/Tonya_Payne_0001.jpg,0,0.97013730
Pauley_Perrette/Pauley_Perrette_0001.jpg,Roy_Williams/Roy_Williams_0004.jpg,0,0.97131640
Peter_Arnett/Peter_Arnett_0002.jpg,Rodney_Dangerfield/Rodney_Dangerfield_0001.jpg,0,0.98549652
Peter_Greenspun/Peter_Greenspun_0001.jpg,Rod_Thorn/Rod_Thorn_0001.jpg,0,0.98864102
Peter_Harvey/Peter_Harvey_0001.jpg,Warren_Truss/Warren_Truss_0001.jpg,0,0.96591282
Raja_Ramani/Raja_Ramani_0001.jpg,Richard_Greenberg/Richard_Greenberg_0001.jpg,0,0.97461379
Raja_Ramani/Raja_Ramani_0001.jpg,Will_Young/Will_Young_0001.jpg,0,0.96569824
Ralph_Sampson/Ralph_Sampson_0001.jpg,Samantha_Daniels/Samantha_Daniels_0001.jpg,0,0.97455996
Raoul_Ruiz/Raoul_Ruiz_0003.jpg,Tirunesh_Dibaba/Tirunesh_Dibaba_0001.jpg,0,0.97232914
Ren_Qingjin/Ren_Qingjin_0001.jpg,Wilton_Gregory/Wilton_Gregory_0001.jpg,0,0.98855776
Ricardo_Lopez_Murphy/Ricardo_Lopez_Murphy_0002.jpg,Roberto_Robaina/Roberto_Robaina_0001.jpg,0,0.97677445
Ricky_Ponting/Ricky_Ponting_0001.jpg,Ronaldo_Luis_Nazario_de_Lima/Ronaldo_Luis_Nazario_de_Lima_0004.jpg,0,0.97542942
Robin_Cook/Robin_Cook_0001.jpg,Wilton_Gregory/Wilton_Gregory_0001.jpg,0,0.98217535
Roger_Federer/Roger_Federer_0004.jpg,Steve_Backley/Steve_Backley_0002.jpg,0,0.96684128
Ronald_Post/Ronald_Post_0001.jpg,Steve_Karsay/Steve_Karsay_0001.jpg,0,0.97537088
Ryan_Nyquist/Ryan_Nyquist_0001.jpg,Winona_Ryder/Winona_Ryder_0022.jpg,0,0.97771531
Sally_Clark/Sally_Clark_0001.jpg,Scott_Ritter/Scott_Ritter_0002.jpg,0,0.96047771
Samantha_Daniels/Samantha_Daniels_0001.jpg,Taufik_Hidayat/Taufik_Hidayat_0003.jpg,0,0.97677314
Sherri_Coale/Sherri_Coale_0001.jpg,Troy_Garity/Troy_Garity_0001.jpg,0,0.97707528
Steve_Valentine/Steve_Valentine_0001.jpg,Toni_Braxton/Toni_Braxton_0002.jpg,0,0.97087485
Tammy_Helm/Tammy_Helm_0001.jpg,Tom_Smothers/Tom_Smothers_0001.jpg,0,0.97939074
Tanya_Lindenmuth/Tanya_Lindenmuth_0001.jpg,Tora_Takagi/Tora_Takagi_0001.jpg,0,0.97516948
Toni_Braxton/Toni_Braxton_0003.jpg,Yann_Martel/Yann_Martel_0002.jpg,0,0.97039872
AJ_Lamas/AJ_Lamas_0001.jpg,Chris_Penn/Chris_Penn_0001.jpg,0,0.96906209
Ahmed_Qureia/Ahmed_Qureia_0001.jpg,Stanley_McChrystal/Stanley_McChrystal_0003.jpg,0,0.97422630
Ahmet_Necdet_Sezer/Ahmet_Necdet_Sezer_0001.jpg,John_Rowe/John_Rowe_0001.jpg,0,0.98297501
Alan_Dreher/Alan_Dreher_0001.jpg,Emily_Mason/Emily_Mason_0001.jpg,0,0.96672976
Alan_Dreher/Alan_Dreher_0001.jpg,Francisco_Santos/Francisco_Santos_0001.jpg,0,0.97648966
Alan_Dreher/Alan_Dreher_0001.jpg,Robert_Bullock/Robert_Bullock_0002.jpg,0,0.98770642
Alan_Mulally/Alan_Mulally_0002.jpg,Tomomi_Morita/Tomomi_Morita_0001.jpg,0,0.97117639
Alan_Stonecipher/Alan_Stonecipher_0001.jpg,Luis_Gonzalez/Luis_Gonzalez_0001.jpg,0,0.97982717
Alberto_Ruiz_Gallardon/Alberto_Ruiz_Gallardon_0001.jpg,James_Smith/James_Smith_0002.jpg,0,0.96995020
Alessandra_Cerna/Alessandra_Cerna_0001.jpg,John_Darby/John_Darby_0001.jpg,0,0.95596123
Alessandra_Cerna/Alessandra_Cerna_0001.jpg,John_Rowland/John_Rowland_0002.jpg,0,0.97391105
Alessandra_Cerna/Alessandra_Cerna_0001.jpg,Marina_Canetti/Marina_Canetti_0001.jpg,0,0.98727846
Alessandra_Cerna/Alessandra_Cerna_0001.jpg,Randy_Jackson/Randy_Jackson_0001.jpg,0,0.97189713
Alessandra_Cerna/Alessandra_Cerna_0001.jpg,Richard_Jewell/Richard_Jewell_0001.jpg,0,0.96222019
Alex_Cabrera/Alex_Cabrera_0001.jpg,Fred_Huff/Fred_Huff_0001.jpg,0,0.96911836
Alex_Cabrera/Alex_Cabrera_0001.jpg,Tommy_Franks/Tommy_Franks_0009.jpg,0,0.97034490
Alex_Corretja/Alex_Corretja_0001.jpg,Jacky_Cheung/Jacky_Cheung_0001.jpg,0,0.97973591
Alexandra_Spann/Alexandra_Spann_0001.jpg,Beth_Blough/Beth_Blough_0001.jpg,0,0.96167493
Ali_Hammoud/Ali_Hammoud_0001.jpg,Randy_Jackson/Randy_Jackson_0001.jpg,0,0.96942794
Almeida_Baptista/Almeida_Baptista_0001.jpg,Jan_Peter_Balkenende/Jan_Peter_Balkenende_0001.jpg,0,0.98078454
Almeida_Baptista/Almeida_Baptista_0001.jpg,Jason_Mewes/Jason_Mewes_0001.jpg,0,0.96639079
Almeida_Baptista/Almeida_Baptista_0001.jpg,Taoufik_Mathlouthi/Taoufik_Mathlouthi_0001.jpg,0,0.96884382
Amanda_Bynes/Amanda_Bynes_0002.jpg,Grant_Rossenmeyer/Grant_Rossenmeyer_0001.jpg,0,0.97426152
Amy_Cotton/Amy_Cotton_0001.jpg,Matt_Walters/Matt_Walters_0001.jpg,0,0.97473222
Amy_Cotton/Amy_Cotton_0001.jpg,Roberto_Guaterroma/Roberto_Guaterroma_0001.jpg,0,0.96547902
Andrew_Jarecki/Andrew_Jarecki_0001.jpg,Barbara_Boxer/Barbara_Boxer_0001.jpg,0,0.97922009
Andrew_Jarecki/Andrew_Jarecki_0001.jpg,Tessa_Jowell/Tessa_Jowell_0001.jpg,0,0.96648955
Andy_North/Andy_North_0001.jpg,Eric_Hinske/Eric_Hinske_0001.jpg,0,0.97015214
Andy_North/Andy_North_0001.jpg,Marina_Kuptsova/Marina_Kuptsova_0001.jpg,0,0.95940572
Andy_North/Andy_North_0001.jpg,Phil_Bennett/Phil_Bennett_0001.jpg,0,0.99309742
Angela_Merkel/Angela_Merkel_0002.jpg,Hal_Gehman/Hal_Gehman_0001.jpg,0,0.97048759
Angela_Merkel/Angela_Merkel_0003.jpg,Anna_Jones/Anna_Jones_0001.jpg,0,0.97492617
Angela_Merkel/Angela_Merkel_0003.jpg,Frank_Griswold/Frank_Griswold_0001.jpg,0,0.97813177
Anna_Jones/Anna_Jones_0001.jpg,Ray_Romano/Ray_Romano_0008.jpg,0,0.96807146
Anthony_LaPaglia/Anthony_LaPaglia_0001.jpg,Roberto_Guaterroma/Roberto_Guaterroma_0001.jpg,0,0.97750288
Arlen_Specter/Arlen_Specter_0001.jpg,Bill_Butler/Bill_Butler_0001.jpg,0,0.98931623
Arlen_Specter/Arlen_Specter_0002.jpg,Barbara_Boxer/Barbara_Boxer_0001.jpg,0,0.98701012
Atal_Bihari_Vajpayee/Atal_Bihari_Vajpayee_0003.jpg,Ruben_Sierra/Ruben_Sierra_0001.jpg,0,0.97009659
Atsushi_Sato/Atsushi_Sato_0001.jpg,Monica_Serra/Monica_Serra_0001.jpg,0,0.97555137
Baburam_Bhattari/Baburam_Bhattari_0001.jpg,Muhammad_Saeed_al-Sahhaf/Muhammad_Saeed_al-Sahhaf_0004.jpg,0,0.97408998
Barry_Alvarez/Barry_Alvarez_0001.jpg,John_Jones/John_Jones_0001.jpg,0,0.99711132
Bill_Belichick/Bill_Belichick_0001.jpg,John_Petty/John_Petty_0001.jpg,0,0.97536606
Bill_Belichick/Bill_Belichick_0001.jpg,Phillipe_Comtois/Phillipe_Comtois_0001.jpg,0,0.98515797
Bill_Belichick/Bill_Belichick_0002.jpg,Roger_Machado/Roger_Machado_0001.jpg,0,0.99300820
Bill_Byrne/Bill_Byrne_0001.jpg,Bill_Sizemore/Bill_Sizemore_0001.jpg,0,0.98291326
Bill_Curry/Bill_Curry_0001.jpg,Ellen_Martin/Ellen_Martin_0001.jpg,0,0.96734059
Bill_Curry/Bill_Curry_0001.jpg,Richard_Langille/Richard_Langille_0001.jpg,0,0.98750025
Bill_Curry/Bill_Curry_0001.jpg,Roberto_Guaterroma/Roberto_Guaterroma_0001.jpg,0,0.98816156
Billy_Beane/Billy_Beane_0001.jpg,Tom_Welch/Tom_Welch_0001.jpg,0,0.98655945
Boris_Trajkovski/Boris_Trajkovski_0001.jpg,Laurent_Gbagbo/Laurent_Gbagbo_0002.jpg,0,0.96255803
Brad_Brownell/Brad_Brownell_0001.jpg,Hussam_Mohammed_Amin/Hussam_Mohammed_Amin_0001.jpg,0,0.95804918
Brandon_Fails/Brandon_Fails_0001.jpg,Christian_Lirette/Christian_Lirette_0001.jpg,0,0.97165543
Brandon_Fails/Brandon_Fails_0001.jpg,Ellen_Engleman/Ellen_Engleman_0002.jpg,0,0.96595192
Brandon_Inge/Brandon_Inge_0001.jpg,Eric_Lloyd/Eric_Lloyd_0001.jpg,0,0.96808279
Brenda_Magana/Brenda_Magana_0001.jpg,Nikolay_Davydenko/Nikolay_Davydenko_0001.jpg,0,0.96488172
Brian_Jordan/Brian_Jordan_0001.jpg,Joe_Cravens/Joe_Cravens_0001.jpg,0,0.97112364
Brian_Lara/Brian_Lara_0001.jpg,John_Darby/John_Darby_0001.jpg,0,0.96581960
Brian_Lara/Brian_Lara_0001.jpg,Stanley_Nelson/Stanley_Nelson_0001.jpg,0,0.99242371
Calvin_Harrison/Calvin_Harrison_0001.jpg,Luis_Gonzalez_Macchi/Luis_Gonzalez_Macchi_0003.jpg,0,0.97298396
Calvin_Harrison/Calvin_Harrison_0001.jpg,Richard_Gephardt/Richard_Gephardt_0009.jpg,0,0.97242612
Calvin_Harrison/Calvin_Harrison_0001.jpg,Suzanne_Fox/Suzanne_Fox_0001.jpg,0,0.96371365
Camilla_Parker_Bowles/Camilla_Parker_Bowles_0002.jpg,Gustavo_Franco/Gustavo_Franco_0001.jpg,0,0.96427238
Carina_Lau_Ka-ling/Carina_Lau_Ka-ling_0001.jpg,Lin_Yi-fu/Lin_Yi-fu_0001.jpg,0,0.99090469
Carlos_Ortega/Carlos_Ortega_0003.jpg,Lionel_Hampton/Lionel_Hampton_0001.jpg,0,0.97716945
Carolina_Kluft/Carolina_Kluft_0003.jpg,Gwen_Stefani/Gwen_Stefani_0001.jpg,0,0.98043692
Carson_Palmer/Carson_Palmer_0003.jpg,Richard_Jewell/Richard_Jewell_0001.jpg,0,0.98566020
Catherine_Deneuve/Catherine_Deneuve_0004.jpg,Jade_Jagger/Jade_Jagger_0001.jpg,0,0.98152435
Catriona_Le_May_Doan/Catriona_Le_May_Doan_0001.jpg,Craig_Burley/Craig_Burley_0001.jpg,0,0.97130853
Catriona_Le_May_Doan/Catriona_Le_May_Doan_0001.jpg,Phil_Mickelson/Phil_Mickelson_0001.jpg,0,0.97400522
Charlie_Deane/Charlie_Deane_0001.jpg,Queen_Silvia/Queen_Silvia_0001.jpg,0,0.95995313
Charlotte_Church/Charlotte_Church_0001.jpg,Kaoru_Hasuike/Kaoru_Hasuike_0001.jpg,0,0.97236848
Charlotte_Church/Charlotte_Church_0001.jpg,Sourav_Ganguly/Sourav_Ganguly_0001.jpg,0,0.97921371
Cheryl_Hines/Cheryl_Hines_0001.jpg,Du_Qinglin/Du_Qinglin_0001.jpg,0,0.98005295
Cheryl_Hines/Cheryl_Hines_0001.jpg,Lane_Odom/Lane_Odom_0001.jpg,0,0.96187931
Chin-Hui_Tsao/Chin-Hui_Tsao_0001.jpg,Rosemarie_Stack/Rosemarie_Stack_0001.jpg,0,0.96785718
Choi_Sung-hong/Choi_Sung-hong_0004.jpg,Debra_Messing/Debra_Messing_0001.jpg,0,0.96473444
Choi_Sung-hong/Choi_Sung-hong_0004.jpg,Frederique_van_der_Wal/Frederique_van_der_Wal_0001.jpg,0,0.95950097
Chris_Penn/Chris_Penn_0001.jpg,Phil_Bennett/Phil_Bennett_0001.jpg,0,0.99245012
Chris_Penn/Chris_Penn_0001.jpg,Taoufik_Mathlouthi/Taoufik_Mathlouthi_0001.jpg,0,0.98681325
Christian_Lirette/Christian_Lirette_0001.jpg,Sargis_Sargsian/Sargis_Sargsian_0001.jpg,0,0.95955759
Christina_Aguilera/Christina_Aguilera_0002.jpg,Joshua_Harapko/Joshua_Harapko_0001.jpg,0,0.97172868
Christina_Aguilera/Christina_Aguilera_0004.jpg,Jerry_Falwell/Jerry_Falwell_0002.jpg,0,0.96732396
Christopher_Amolsch/Christopher_Amolsch_0001.jpg,Steve_Pagliuca/Steve_Pagliuca_0001.jpg,0,0.98700762
Christopher_Matero/Christopher_Matero_0001.jpg,Valery_Giscard_dEstaing/Valery_Giscard_dEstaing_0001.jpg,0,0.97842735
Claudine_Farrell/Claudine_Farrell_0001.jpg,Mike_Miller/Mike_Miller_0002.jpg,0,0.97843432
Clive_Woodward/Clive_Woodward_0001.jpg,Douglas_Faneuil/Douglas_Faneuil_0001.jpg,0,0.96704268
Clive_Woodward/Clive_Woodward_0001.jpg,Jose_Sarney/Jose_Sarney_0002.jpg,0,0.98947614
Coretta_Scott_King/Coretta_Scott_King_0001.jpg,Robert_Torricelli/Robert_Torricelli_0001.jpg,0,0.96674401
Cori_Enghusen/Cori_Enghusen_0001.jpg,Ernie_Stewart/Ernie_Stewart_0001.jpg,0,0.98634315
Courtney_Love/Courtney_Love_0001.jpg,Jennifer_Aniston/Jennifer_Aniston_0003.jpg,0,0.97670716
Courtney_Love/Courtney_Love_0001.jpg,Ruben_Sierra/Ruben_Sierra_0001.jpg,0,0.97050834
Craig_Burley/Craig_Burley_0001.jpg,Stanley_McChrystal/Stanley_McChrystal_0003.jpg,0,0.98259127
Daniel_Coats/Daniel_Coats_0001.jpg,Kathryn_Grayson/Kathryn_Grayson_0001.jpg,0,0.96883893
Daniel_Day-Lewis/Daniel_Day-Lewis_0003.jpg,Scott_Yates/Scott_Yates_0001.jpg,0,0.96857494
Daniela_Hantuchova/Daniela_Hantuchova_0001.jpg,Jan_Peter_Balkenende/Jan_Peter_Balkenende_0001.jpg,0,0.97310841
Danny_Green/Danny_Green_0001.jpg,Rodrigo_Rato/Rodrigo_Rato_0001.jpg,0,0.97182953
Darin_Erstad/Darin_Erstad_0001.jpg,Steve_Fehr/Steve_Fehr_0001.jpg,0,0.98002774
Daryl_Smith/Daryl_Smith_0001.jpg,Reese_Witherspoon/Reese_Witherspoon_0004.jpg,0,0.97414416
David_Hanson/David_Hanson_0001.jpg,Richard_Norton-Taylor/Richard_Norton-Taylor_0001.jpg,0,0.97273290
David_Hilt/David_Hilt_0001.jpg,Hipolito_Mejia/Hipolito_Mejia_0003.jpg,0,0.98207653
Dennis_Franchione/Dennis_Franchione_0001.jpg,Hugh_Miller/Hugh_Miller_0001.jpg,0,0.97745049
Dennis_Kucinich/Dennis_Kucinich_0003.jpg,Sam_Torrance/Sam_Torrance_0002.jpg,0,0.97158861
Dennis_Kucinich/Dennis_Kucinich_0004.jpg,Radovan_Karadzic/Radovan_Karadzic_0001.jpg,0,0.97388542
Dennis_Kucinich/Dennis_Kucinich_0006.jpg,Iain_Anderson/Iain_Anderson_0001.jpg,0,0.97936666
Derek_Bond/Derek_Bond_0001.jpg,John_Jumper/John_Jumper_0001.jpg,0,0.96692759
Diane_Ladd/Diane_Ladd_0001.jpg,Trevor_Watson/Trevor_Watson_0001.jpg,0,0.96231568
Dick_Latessa/Dick_Latessa_0001.jpg,John_Burnett/John_Burnett_0001.jpg,0,0.98101270
Dick_Latessa/Dick_Latessa_0002.jpg,Martha_Beatriz_Roque/Martha_Beatriz_Roque_0001.jpg,0,0.97743839
Didier_Defago/Didier_Defago_0001.jpg,Jerry_Falwell/Jerry_Falwell_0002.jpg,0,0.96651840
Don_Hewitt/Don_Hewitt_0001.jpg,Guennadi_Chipouline/Guennadi_Chipouline_0001.jpg,0,0.99269700
Donald_Carty/Donald_Carty_0001.jpg,Ernie_Stewart/Ernie_Stewart_0001.jpg,0,0.97954595
Donald_Carty/Donald_Carty_0001.jpg,Jeffrey_Immelt/Jeffrey_Immelt_0002.jpg,0,0.97898877
Donald_Carty/Donald_Carty_0001.jpg,Vladimir_Putin/Vladimir_Putin_0034.jpg,0,0.98599988
Du_Qinglin/Du_Qinglin_0001.jpg,Meryl_Streep/Meryl_Streep_0007.jpg,0,0.96179533
Dustan_Mohr/Dustan_Mohr_0001.jpg,Edward_Flynn/Edward_Flynn_0001.jpg,0,0.96289641
Dustan_Mohr/Dustan_Mohr_0001.jpg,Enrik_Vendt/Enrik_Vendt_0001.jpg,0,0.96646243
Dustan_Mohr/Dustan_Mohr_0001.jpg,Nikolay_Davydenko/Nikolay_Davydenko_0001.jpg,0,0.96639311
Dustan_Mohr/Dustan_Mohr_0001.jpg,Sourav_Ganguly/Sourav_Ganguly_0005.jpg,0,0.97223419
Dustan_Mohr/Dustan_Mohr_0001.jpg,Theo_Angelopoulos/Theo_Angelopoulos_0001.jpg,0,0.96490854
E_Clay_Shaw/E_Clay_Shaw_0001.jpg,Jerry_Jones/Jerry_Jones_0001.jpg,0,0.99364734
Eduard_Shevardnadze/Eduard_Shevardnadze_0003.jpg,Martha_Lucia_Ramirez/Martha_Lucia_Ramirez_0001.jpg,0,0.96567583
Edward_Flynn/Edward_Flynn_0001.jpg,Madeleine_Albright/Madeleine_Albright_0002.jpg,0,0.98025393
Edward_Lu/Edward_Lu_0001.jpg,Robert_Zoellick/Robert_Zoellick_0007.jpg,0,0.97033632
Edwina_Currie/Edwina_Currie_0004.jpg,Eric_Hinske/Eric_Hinske_0002.jpg,0,0.96602428
Elena_de_Chavez/Elena_de_Chavez_0001.jpg,Jack_Goodman/Jack_Goodman_0001.jpg,0,0.96307027
Elizabeth_Shue/Elizabeth_Shue_0001.jpg,Odai_Hussein/Odai_Hussein_0001.jpg,0,0.96616381
Elizabeth_Shue/Elizabeth_Shue_0002.jpg,Princess_Hisako/Princess_Hisako_0001.jpg,0,0.98407638
Elizabeth_Shue/Elizabeth_Shue_0002.jpg,Terry_Stotts/Terry_Stotts_0001.jpg,0,0.97221011
Ellen_Engleman/Ellen_Engleman_0001.jpg,Guennadi_Chipouline/Guennadi_Chipouline_0001.jpg,0,0.97146255
Ellen_Saracini/Ellen_Saracini_0001.jpg,Ray_Romano/Ray_Romano_0006.jpg,0,0.96250439
Elsa_Zylberstein/Elsa_Zylberstein_0002.jpg,Matt_Braker/Matt_Braker_0001.jpg,0,0.96808755
Elvis_Stojko/Elvis_Stojko_0001.jpg,Jerry_Falwell/Jerry_Falwell_0001.jpg,0,0.96396542
Elvis_Stojko/Elvis_Stojko_0001.jpg,Robert_Mueller/Robert_Mueller_0005.jpg,0,0.97873342
Emma_Thompson/Emma_Thompson_0003.jpg,Nathan_Doudney/Nathan_Doudney_0001.jpg,0,0.97394323
Emmit_Smith/Emmit_Smith_0002.jpg,Rafael_Ramirez/Rafael_Ramirez_0004.jpg,0,0.98952043
Enrik_Vendt/Enrik_Vendt_0001.jpg,Lane_Odom/Lane_Odom_0001.jpg,0,0.98476303
Enrique_Oliu/Enrique_Oliu_0001.jpg,Markus_Naslund/Markus_Naslund_0001.jpg,0,0.97761357
Enrique_Oliu/Enrique_Oliu_0001.jpg,William_McDonough/William_McDonough_0001.jpg,0,0.98955071
Eric_Hinske/Eric_Hinske_0001.jpg,Juan_Antonio_Samaranch/Juan_Antonio_Samaranch_0001.jpg,0,0.96205181
Eric_Lloyd/Eric_Lloyd_0001.jpg,Jessica_Alba/Jessica_Alba_0002.jpg,0,0.99098641
Eric_Lloyd/Eric_Lloyd_0001.jpg,Valery_Giscard_dEstaing/Valery_Giscard_dEstaing_0001.jpg,0,0.97370315
Ernie_Harwell/Ernie_Harwell_0001.jpg,Queen_Beatrix/Queen_Beatrix_0003.jpg,0,0.96967465
Felipe_Perez_Roque/Felipe_Perez_Roque_0002.jpg,MC_Hammer/MC_Hammer_0001.jpg,0,0.97250992
Frank_Griswold/Frank_Griswold_0001.jpg,Yana_Klochkova/Yana_Klochkova_0001.jpg,0,0.96957523
Frank_Zappa/Frank_Zappa_0001.jpg,Markus_Naslund/Markus_Naslund_0001.jpg,0,0.97052574
Frederique_van_der_Wal/Frederique_van_der_Wal_0001.jpg,Pedro_Mahecha/Pedro_Mahecha_0001.jpg,0,0.95414048
Frederique_van_der_Wal/Frederique_van_der_Wal_0001.jpg,Raja_Zafar-ul-Haq/Raja_Zafar-ul-Haq_0001.jpg,0,0.96413600
Gary_Leon_Ridgway/Gary_Leon_Ridgway_0001.jpg,Robert_Wagner/Robert_Wagner_0001.jpg,0,0.98597616
Gary_Leon_Ridgway/Gary_Leon_Ridgway_0001.jpg,Scott_Yates/Scott_Yates_0001.jpg,0,0.98495430
Gary_Leon_Ridgway/Gary_Leon_Ridgway_0001.jpg,Yana_Klochkova/Yana_Klochkova_0001.jpg,0,0.96734023
Gene_Keady/Gene_Keady_0001.jpg,Mark_Sacco/Mark_Sacco_0001.jpg,0,0.96512669
George_Gregan/George_Gregan_0001.jpg,John_Negroponte/John_Negroponte_0027.jpg,0,0.96165371
Glen_DaSilva/Glen_DaSilva_0001.jpg,Rachel_Hunter/Rachel_Hunter_0004.jpg,0,0.96271551
Glen_DaSilva/Glen_DaSilva_0001.jpg,Robert_Mugabe/Robert_Mugabe_0002.jpg,0,0.96919978
Glen_Sather/Glen_Sather_0001.jpg,Leslie_Caldwell/Leslie_Caldwell_0003.jpg,0,0.97376019
Glen_Sather/Glen_Sather_0001.jpg,Trevor_Watson/Trevor_Watson_0001.jpg,0,0.96836102
Goran_Zivkovic/Goran_Zivkovic_0001.jpg,Lee_Soo-hyuck/Lee_Soo-hyuck_0002.jpg,0,0.97546268
Goran_Zivkovic/Goran_Zivkovic_0001.jpg,Martha_Sahagun_de_Fox/Martha_Sahagun_de_Fox_0001.jpg,0,0.96519959
Goran_Zivkovic/Goran_Zivkovic_0001.jpg,Shane_Reynolds/Shane_Reynolds_0001.jpg,0,0.96265912
Grant_Rossenmeyer/Grant_Rossenmeyer_0001.jpg,Trevor_Watson/Trevor_Watson_0001.jpg,0,0.96611118
Gregory_Hines/Gregory_Hines_0001.jpg,Marcus_Gronholm/Marcus_Gronholm_0002.jpg,0,0.97487009
Guennadi_Chipouline/Guennadi_Chipouline_0001.jpg,Tom_Lantos/Tom_Lantos_0001.jpg,0,0.99209809
Guillermo_Ortiz/Guillermo_Ortiz_0001.jpg,Nestor_Santillan/Nestor_Santillan_0001.jpg,0,0.97054082
Guillermo_Ortiz/Guillermo_Ortiz_0002.jpg,Strom_Thurmond/Strom_Thurmond_0002.jpg,0,0.98859167
Gus_Van_Sant/Gus_Van_Sant_0003.jpg,Natalie_Stewart/Natalie_Stewart_0001.jpg,0,0.97714818
Gwen_Stefani/Gwen_Stefani_0001.jpg,Hugh_Miller/Hugh_Miller_0001.jpg,0,0.96893203
Gwendal_Peizerat/Gwendal_Peizerat_0003.jpg,Turner_Stevenson/Turner_Stevenson_0001.jpg,0,0.97191012
Hal_Gehman/Hal_Gehman_0001.jpg,Scott_Yates/Scott_Yates_0001.jpg,0,0.97188878
Hamad_Bin_Isa_al-Khalifa/Hamad_Bin_Isa_al-Khalifa_0001.jpg,Marta_Dominguz/Marta_Dominguz_0001.jpg,0,0.96156943
Harrison_Ford/Harrison_Ford_0002.jpg,Marcus_Gronholm/Marcus_Gronholm_0001.jpg,0,0.99469727
Harvey_Wachsman/Harvey_Wachsman_0001.jpg,Narayan_Singh_Pun/Narayan_Singh_Pun_0001.jpg,0,0.97271389
Heather_Locklear/Heather_Locklear_0001.jpg,John_Mayer/John_Mayer_0003.jpg,0,0.97231728
Heather_Locklear/Heather_Locklear_0001.jpg,Pablo_Khulental/Pablo_Khulental_0001.jpg,0,0.95880497
Hichiro_Naemura/Hichiro_Naemura_0002.jpg,Richard_Jewell/Richard_Jewell_0001.jpg,0,0.97882092
Hipolito_Mejia/Hipolito_Mejia_0003.jpg,Jim_Ahern/Jim_Ahern_0001.jpg,0,0.97326875
Holly_Hunter/Holly_Hunter_0003.jpg,Joshua_Perper/Joshua_Perper_0001.jpg,0,0.96556008
Hugh_Hefner/Hugh_Hefner_0001.jpg,Sam_Mendes/Sam_Mendes_0001.jpg,0,0.96512944
Iain_Anderson/Iain_Anderson_0001.jpg,James_Kopp/James_Kopp_0002.jpg,0,0.98235714
Iain_Anderson/Iain_Anderson_0001.jpg,Recep_Tayyip_Erdogan/Recep_Tayyip_Erdogan_0012.jpg,0,0.99019957
Ilan_Goldfajn/Ilan_Goldfajn_0001.jpg,Jennifer_Aniston/Jennifer_Aniston_0017.jpg,0,0.95520043
Ilie_Nastase/Ilie_Nastase_0001.jpg,Michael_Lopez-Alegria/Michael_Lopez-Alegria_0001.jpg,0,0.99094296
Intisar_Ajouri/Intisar_Ajouri_0003.jpg,Lin_Yi-fu/Lin_Yi-fu_0001.jpg,0,0.96577805
Itamar_Franco/Itamar_Franco_0001.jpg,Jessica_Alba/Jessica_Alba_0001.jpg,0,0.96138501
Jack_Goodman/Jack_Goodman_0001.jpg,Kirsten_Dunst/Kirsten_Dunst_0001.jpg,0,0.98755783
Jack_Goodman/Jack_Goodman_0001.jpg,Saburo_Kawabuchi/Saburo_Kawabuchi_0002.jpg,0,0.97576928
Jack_Nicholson/Jack_Nicholson_0001.jpg,Pat_Wharton/Pat_Wharton_0001.jpg,0,0.96841431
Jack_Valenti/Jack_Valenti_0001.jpg,Shinzo_Abe/Shinzo_Abe_0001.jpg,0,0.98607332
Jake_Plummer/Jake_Plummer_0001.jpg,Jose_Dirceu/Jose_Dirceu_0002.jpg,0,0.97962713
Jakob_Kellenberger/Jakob_Kellenberger_0001.jpg,Lara_Logan/Lara_Logan_0001.jpg,0,0.97151804
Jakob_Kellenberger/Jakob_Kellenberger_0001.jpg,Pedro_Mahecha/Pedro_Mahecha_0001.jpg,0,0.96863598
James_Maguire/James_Maguire_0001.jpg,Ronald_Reagan/Ronald_Reagan_0001.jpg,0,0.99119931
James_Smith/James_Smith_0002.jpg,Kyra_Sedgwick/Kyra_Sedgwick_0001.jpg,0,0.96796674
Jason_Statham/Jason_Statham_0001.jpg,Kwame_Kilpatrick/Kwame_Kilpatrick_0001.jpg,0,0.97076631
Jawad_Boulus/Jawad_Boulus_0001.jpg,Narayan_Singh_Pun/Narayan_Singh_Pun_0001.jpg,0,0.96368468
Jean-Rene_Fourtou/Jean-Rene_Fourtou_0001.jpg,Roh_Moo-hyun/Roh_Moo-hyun_0028.jpg,0,0.98011959
Jeannette_Biedermann/Jeannette_Biedermann_0001.jpg,Kenny_Brack/Kenny_Brack_0001.jpg,0,0.96039045
Jennifer_Granholm/Jennifer_Granholm_0001.jpg,Trudi_Lacey/Trudi_Lacey_0001.jpg,0,0.98709893
Jerelle_Kraus/Jerelle_Kraus_0001.jpg,Warren_Beatty/Warren_Beatty_0001.jpg,0,0.96883482
Jesus_Cardenal/Jesus_Cardenal_0001.jpg,Pablo_Khulental/Pablo_Khulental_0001.jpg,0,0.95749891
Jim_Hendry/Jim_Hendry_0001.jpg,Larry_Beinfest/Larry_Beinfest_0001.jpg,0,0.98863149
Joan_Claybrook/Joan_Claybrook_0002.jpg,Pablo_Latras/Pablo_Latras_0001.jpg,0,0.97663987
Joaquin_Sanchez/Joaquin_Sanchez_0001.jpg,Richard_Armitage/Richard_Armitage_0001.jpg,0,0.96405768
Joe_Cocker/Joe_Cocker_0001.jpg,Martha_Beatriz_Roque/Martha_Beatriz_Roque_0001.jpg,0,0.98521644
Joe_Cocker/Joe_Cocker_0001.jpg,Randy_Jackson/Randy_Jackson_0001.jpg,0,0.97351062
Joe_Cravens/Joe_Cravens_0001.jpg,Sam_Mendes/Sam_Mendes_0001.jpg,0,0.98470223
John_Barnett/John_Barnett_0001.jpg,Kathryn_Grayson/Kathryn_Grayson_0001.jpg,0,0.97029877
John_Darby/John_Darby_0001.jpg,Masum_Turker/Masum_Turker_0003.jpg,0,0.97341835
John_Ferguson/John_Ferguson_0001.jpg,Paul_Schrader/Paul_Schrader_0001.jpg,0,0.98290062
John_Paul_DeJoria/John_Paul_DeJoria_0001.jpg,Paul_Pierce/Paul_Pierce_0001.jpg,0,0.97259414
John_Reilly/John_Reilly_0002.jpg,Princess_Hisako/Princess_Hisako_0001.jpg,0,0.97949404
John_Rowland/John_Rowland_0002.jpg,Steve_Kerr/Steve_Kerr_0001.jpg,0,0.98205841
Johnny_Depp/Johnny_Depp_0001.jpg,Leo_Mullin/Leo_Mullin_0001.jpg,0,0.96845472
Johnny_Depp/Johnny_Depp_0001.jpg,Trudi_Lacey/Trudi_Lacey_0001.jpg,0,0.97008026
Johnny_Htu/Johnny_Htu_0001.jpg,Roger_Machado/Roger_Machado_0001.jpg,0,0.97450459
Jose_Dirceu/Jose_Dirceu_0001.jpg,Robert_Torricelli/Robert_Torricelli_0003.jpg,0,0.98478842
Juan_Antonio_Samaranch/Juan_Antonio_Samaranch_0001.jpg,Stefan_Koubek/Stefan_Koubek_0001.jpg,0,0.97148496
Juergen_Braehmer/Juergen_Braehmer_0001.jpg,Shawn_Bradley/Shawn_Bradley_0001.jpg,0,0.96797383
Juergen_Braehmer/Juergen_Braehmer_0001.jpg,Travis_Rudolph/Travis_Rudolph_0001.jpg,0,0.97613597
Kathryn_Grayson/Kathryn_Grayson_0001.jpg,Queen_Beatrix/Queen_Beatrix_0004.jpg,0,0.98939216
Kathryn_Grayson/Kathryn_Grayson_0001.jpg,Ruben_Sierra/Ruben_Sierra_0001.jpg,0,0.96768737
Kathryn_Grayson/Kathryn_Grayson_0001.jpg,Shannon_OBrien/Shannon_OBrien_0002.jpg,0,0.98343372
Katie_Holmes/Katie_Holmes_0001.jpg,Park_Jung_Sung/Park_Jung_Sung_0001.jpg,0,0.96952808
Kenny_Brack/Kenny_Brack_0001.jpg,Lin_Yi-fu/Lin_Yi-fu_0001.jpg,0,0.97256595
Kwame_Kilpatrick/Kwame_Kilpatrick_0001.jpg,Shannon_OBrien/Shannon_OBrien_0002.jpg,0,0.96625006
Kyra_Sedgwick/Kyra_Sedgwick_0001.jpg,Reese_Witherspoon/Reese_Witherspoon_0003.jpg,0,0.98697311
Kyra_Sedgwick/Kyra_Sedgwick_0001.jpg,Richard_Hellfant/Richard_Hellfant_0001.jpg,0,0.96374798
Kyra_Sedgwick/Kyra_Sedgwick_0001.jpg,Wilbert_Elki_Meza_Majino/Wilbert_Elki_Meza_Majino_0001.jpg,0,0.95992136
Lance_Bass/Lance_Bass_0003.jpg,Queen_Rania/Queen_Rania_0005.jpg,0,0.96891063
Lara_Logan/Lara_Logan_0001.jpg,Turner_Stevenson/Turner_Stevenson_0001.jpg,0,0.97387934
Laszlo_Kovacs/Laszlo_Kovacs_0001.jpg,Luke_Ridnour/Luke_Ridnour_0001.jpg,0,0.97465914
Laszlo_Kovacs/Laszlo_Kovacs_0001.jpg,Olesya_Bonabarenko/Olesya_Bonabarenko_0002.jpg,0,0.97779125
Lee_Byung-woong/Lee_Byung-woong_0001.jpg,William_Hochul/William_Hochul_0002.jpg,0,0.97704548
Lee_Soo-hyuck/Lee_Soo-hyuck_0001.jpg,Robert_Bullock/Robert_Bullock_0001.jpg,0,0.96335292
Leslie_Caldwell/Leslie_Caldwell_0001.jpg,Shane_Reynolds/Shane_Reynolds_0001.jpg,0,0.97168279
Leslie_Caldwell/Leslie_Caldwell_0002.jpg,Turner_Stevenson/Turner_Stevenson_0001.jpg,0,0.97757459
Li_Zhaoxing/Li_Zhaoxing_0004.jpg,Susan_Sarandon/Susan_Sarandon_0004.jpg,0,0.97105408
Linda_Mason/Linda_Mason_0001.jpg,Rupert_Murdoch/Rupert_Murdoch_0002.jpg,0,0.96476632
Liu_Mingkang/Liu_Mingkang_0002.jpg,Pedro_Pauleta/Pedro_Pauleta_0001.jpg,0,0.96702003
Liu_Ye/Liu_Ye_0001.jpg,Ruben_Sierra/Ruben_Sierra_0001.jpg,0,0.96381986
Liu_Ye/Liu_Ye_0001.jpg,Steve_Alford/Steve_Alford_0001.jpg,0,0.97554386
Loretta_Lynn_Harper/Loretta_Lynn_Harper_0001.jpg,Michel_Temer/Michel_Temer_0002.jpg,0,0.98555666
Luis_Gonzalez/Luis_Gonzalez_0001.jpg,Warren_Beatty/Warren_Beatty_0001.jpg,0,0.97189689
Madeleine_Albright/Madeleine_Albright_0002.jpg,Martha_Lucia_Ramirez/Martha_Lucia_Ramirez_0002.jpg,0,0.98090470
Maha_Habib/Maha_Habib_0001.jpg,Princess_Elisabeth/Princess_Elisabeth_0001.jpg,0,0.98794317
Marc_Anthony/Marc_Anthony_0001.jpg,Michael_Pfleger/Michael_Pfleger_0001.jpg,0,0.97300911
Marcus_Gronholm/Marcus_Gronholm_0001.jpg,Teresa_Graves/Teresa_Graves_0001.jpg,0,0.96443164
Marcus_Gronholm/Marcus_Gronholm_0001.jpg,Tommy_Franks/Tommy_Franks_0008.jpg,0,0.97822189
Marina_Canetti/Marina_Canetti_0001.jpg,Saied_Hadi_al_Mudarissi/Saied_Hadi_al_Mudarissi_0001.jpg,0,0.97142529
Mario_Alfaro-Lopez/Mario_Alfaro-Lopez_0001.jpg,Richard_Armitage/Richard_Armitage_0006.jpg,0,0.96629727
Mario_Alfaro-Lopez/Mario_Alfaro-Lopez_0001.jpg,Tom_Lantos/Tom_Lantos_0001.jpg,0,0.96826863
Mark_Dacey/Mark_Dacey_0001.jpg,Turner_Stevenson/Turner_Stevenson_0001.jpg,0,0.98021555
Mark_Dacey/Mark_Dacey_0002.jpg,Steve_Cox/Steve_Cox_0001.jpg,0,0.98433173
Mark_Kelly/Mark_Kelly_0001.jpg,Mark_Lazarus/Mark_Lazarus_0001.jpg,0,0.97947156
Mark_Lazarus/Mark_Lazarus_0001.jpg,Ronnie_Jagday/Ronnie_Jagday_0001.jpg,0,0.95552409
Mark_Sacco/Mark_Sacco_0001.jpg,Tono_Suratman/Tono_Suratman_0001.jpg,0,0.95603979
Markus_Naslund/Markus_Naslund_0001.jpg,Robert_Wagner/Robert_Wagner_0001.jpg,0,0.95899099
Martin_Kristof/Martin_Kristof_0001.jpg,Taia_Balk/Taia_Balk_0001.jpg,0,0.96174562
Matt_Anderson/Matt_Anderson_0001.jpg,Seth_Gorney/Seth_Gorney_0001.jpg,0,0.98685944
Matt_Braker/Matt_Braker_0001.jpg,Surakait_Sathirathai/Surakait_Sathirathai_0001.jpg,0,0.97074860
Matt_Roney/Matt_Roney_0001.jpg,Wilbert_Elki_Meza_Majino/Wilbert_Elki_Meza_Majino_0001.jpg,0,0.98120940
Michael_Bolton/Michael_Bolton_0001.jpg,Robert_Bullock/Robert_Bullock_0002.jpg,0,0.97617429
Michael_Pfleger/Michael_Pfleger_0001.jpg,Robert_Ehrlich/Robert_Ehrlich_0002.jpg,0,0.99050462
Michael_Schumacher/Michael_Schumacher_0017.jpg,Natalie_Imbruglia/Natalie_Imbruglia_0001.jpg,0,0.96368217
Michael_Shane_Jolly/Michael_Shane_Jolly_0001.jpg,Trudi_Lacey/Trudi_Lacey_0001.jpg,0,0.96164769
Michel_Temer/Michel_Temer_0001.jpg,Paul_Shanley/Paul_Shanley_0001.jpg,0,0.98518974
Michelle_Yeoh/Michelle_Yeoh_0005.jpg,Saburo_Kawabuchi/Saburo_Kawabuchi_0001.jpg,0,0.97984272
Mike_Helton/Mike_Helton_0001.jpg,Octavio_Lara/Octavio_Lara_0001.jpg,0,0.96803129
Mike_Miller/Mike_Miller_0002.jpg,Toby_Keith/Toby_Keith_0001.jpg,0,0.98650330
Monica_Seles/Monica_Seles_0002.jpg,Queen_Beatrix/Queen_Beatrix_0004.jpg,0,0.96772844
Nancy_Sinatra/Nancy_Sinatra_0001.jpg,Sargis_Sargsian/Sargis_Sargsian_0001.jpg,0,0.96194625
Pablo_Khulental/Pablo_Khulental_0001.jpg,Rosemarie_Stack/Rosemarie_Stack_0002.jpg,0,0.95130742
Park_Jung_Sung/Park_Jung_Sung_0001.jpg,Robert_Bullock/Robert_Bullock_0002.jpg,0,0.97884709
Paul_Pierce/Paul_Pierce_0002.jpg,Robert_Bullock/Robert_Bullock_0002.jpg,0,0.98722142
Pedro_Pauleta/Pedro_Pauleta_0001.jpg,Robert_Tyrrell/Robert_Tyrrell_0001.jpg,0,0.96556687
Pedro_Pauleta/Pedro_Pauleta_0001.jpg,Tommy_Franks/Tommy_Franks_0014.jpg,0,0.96271509
Phil_Morris/Phil_Morris_0001.jpg,Priscilla_Owen/Priscilla_Owen_0002.jpg,0,0.96876073
Phil_Morris/Phil_Morris_0001.jpg,Roberto_Guaterroma/Roberto_Guaterroma_0001.jpg,0,0.97226799
Phil_Morris/Phil_Morris_0001.jpg,Yuri_Luzhkov/Yuri_Luzhkov_0001.jpg,0,0.98674446
Queen_Rania/Queen_Rania_0003.jpg,Ronnie_Jagday/Ronnie_Jagday_0001.jpg,0,0.96781695
Radovan_Karadzic/Radovan_Karadzic_0001.jpg,Richard_Langille/Richard_Langille_0001.jpg,0,0.96922970
Randy_Jackson/Randy_Jackson_0001.jpg,Steve_Alford/Steve_Alford_0001.jpg,0,0.96838963
Reese_Witherspoon/Reese_Witherspoon_0001.jpg,Sam_Torrance/Sam_Torrance_0001.jpg,0,0.96364427
Reese_Witherspoon/Reese_Witherspoon_0002.jpg,Toni_Jennings/Toni_Jennings_0001.jpg,0,0.98036528
Rina_Lazo/Rina_Lazo_0001.jpg,Ronald_Reagan/Ronald_Reagan_0001.jpg,0,0.98338383
Robert_Ehrlich/Robert_Ehrlich_0002.jpg,Ron_Lantz/Ron_Lantz_0001.jpg,0,0.98554796
Robert_Mugabe/Robert_Mugabe_0001.jpg,Tessa_Jowell/Tessa_Jowell_0001.jpg,0,0.96087742
Robert_Torricelli/Robert_Torricelli_0003.jpg,Taoufik_Mathlouthi/Taoufik_Mathlouthi_0001.jpg,0,0.96910286
Robert_Tyrrell/Robert_Tyrrell_0001.jpg,Yuri_Luzhkov/Yuri_Luzhkov_0001.jpg,0,0.99155402
Robert_Wagner/Robert_Wagner_0001.jpg,Tommy_Franks/Tommy_Franks_0011.jpg,0,0.98181689
Robin_Wright_Penn/Robin_Wright_Penn_0001.jpg,Sam_Torrance/Sam_Torrance_0003.jpg,0,0.96712208
Robin_Wright_Penn/Robin_Wright_Penn_0001.jpg,Yoko_Ono/Yoko_Ono_0006.jpg,0,0.96892083
Rogelio_Ramos/Rogelio_Ramos_0001.jpg,Ryan_Newman/Ryan_Newman_0001.jpg,0,0.98129392
Roman_Polanski/Roman_Polanski_0004.jpg,Toby_Keith/Toby_Keith_0001.jpg,0,0.96295738
Ronnie_Jagday/Ronnie_Jagday_0001.jpg,Sidney_Kimmel/Sidney_Kimmel_0001.jpg,0,0.97348022
Scott_Yates/Scott_Yates_0001.jpg,Steve_Cox/Steve_Cox_0001.jpg,0,0.97941887
Sean_Patrick_Thomas/Sean_Patrick_Thomas_0001.jpg,William_Hochul/William_Hochul_0001.jpg,0,0.96731198
Sharon_Osbourne/Sharon_Osbourne_0002.jpg,Shimon_Peres/Shimon_Peres_0006.jpg,0,0.95588088
Stefan_Koubek/Stefan_Koubek_0001.jpg,Steve_Alford/Steve_Alford_0001.jpg,0,0.97241747
Teri_Garr/Teri_Garr_0001.jpg,Yana_Klochkova/Yana_Klochkova_0001.jpg,0,0.97813737
Warren_Beatty/Warren_Beatty_0002.jpg,William_McDonough/William_McDonough_0001.jpg,0,0.98524475
Aaron_Eckhart/Aaron_Eckhart_0001.jpg,Akiko_Morigami/Akiko_Morigami_0001.jpg,0,0.97066444
Aaron_Eckhart/Aaron_Eckhart_0001.jpg,AnFernce_Negron/AnFernce_Negron_0001.jpg,0,0.97106266
Aaron_Eckhart/Aaron_Eckhart_0001.jpg,Sadie_Frost/Sadie_Frost_0001.jpg,0,0.96464139
Abdel_Aziz_Al-Hakim/Abdel_Aziz_Al-Hakim_0001.jpg,Joe_Darrell/Joe_Darrell_0001.jpg,0,0.95701957
Abdullah_al-Attiyah/Abdullah_al-Attiyah_0001.jpg,Rachel_Wadsworth/Rachel_Wadsworth_0001.jpg,0,0.96046317
Abdullah_al-Attiyah/Abdullah_al-Attiyah_0002.jpg,John_Lisowski/John_Lisowski_0001.jpg,0,0.97595370
Abraham_Foxman/Abraham_Foxman_0001.jpg,Doug_Melvin/Doug_Melvin_0002.jpg,0,0.98664546
Abraham_Foxman/Abraham_Foxman_0001.jpg,Nikki_Reed/Nikki_Reed_0001.jpg,0,0.97201407
Adam_Rich/Adam_Rich_0001.jpg,Jean-Claude_Trichet/Jean-Claude_Trichet_0001.jpg,0,0.97812301
Adam_Rich/Adam_Rich_0001.jpg,John_Goold/John_Goold_0001.jpg,0,0.96423572
Adam_Rich/Adam_Rich_0001.jpg,Lisa_Girman/Lisa_Girman_0001.jpg,0,0.98949015
Adam_Rich/Adam_Rich_0001.jpg,Roger_Clemens/Roger_Clemens_0001.jpg,0,0.97279084
Adam_Rich/Adam_Rich_0001.jpg,Suzanne_Somers/Suzanne_Somers_0001.jpg,0,0.96535325
Adrian_Fernandez/Adrian_Fernandez_0001.jpg,Nicolas_Massu/Nicolas_Massu_0001.jpg,0,0.97713149
Aiysha_Smith/Aiysha_Smith_0001.jpg,Yossi_Beilin/Yossi_Beilin_0001.jpg,0,0.96438342
Akiko_Morigami/Akiko_Morigami_0001.jpg,Shane_Mosley/Shane_Mosley_0001.jpg,0,0.96587270
Alastair_Johnston/Alastair_Johnston_0001.jpg,Aleksander_Kwasniewski/Aleksander_Kwasniewski_0004.jpg,0,0.99157560
Alastair_Johnston/Alastair_Johnston_0001.jpg,Bill_Duffey/Bill_Duffey_0001.jpg,0,0.98175216
Albert_Brooks/Albert_Brooks_0001.jpg,Robinson_Stevenin/Robinson_Stevenin_0001.jpg,0,0.96920013
Albert_Brooks/Albert_Brooks_0001.jpg,Sheila_Copps/Sheila_Copps_0003.jpg,0,0.97334111
Aleksander_Kwasniewski/Aleksander_Kwasniewski_0001.jpg,Guangdong_Ou_Guangyuan/Guangdong_Ou_Guangyuan_0001.jpg,0,0.96335077
Aleksander_Kwasniewski/Aleksander_Kwasniewski_0002.jpg,George_Plimpton/George_Plimpton_0001.jpg,0,0.98542261
Aleksander_Kwasniewski/Aleksander_Kwasniewski_0002.jpg,Juan_Jose_Lucas/Juan_Jose_Lucas_0001.jpg,0,0.97239375
Aleksander_Kwasniewski/Aleksander_Kwasniewski_0003.jpg,Billy_Crawford/Billy_Crawford_0001.jpg,0,0.97824156
Aleksander_Voloshin/Aleksander_Voloshin_0001.jpg,Kristen_Rivera/Kristen_Rivera_0001.jpg,0,0.96912128
Alessandro_Nesta/Alessandro_Nesta_0001.jpg,Paul_Kelleher/Paul_Kelleher_0001.jpg,0,0.96171153
Alfredo_di_Stefano/Alfredo_di_Stefano_0001.jpg,Chris_Moore/Chris_Moore_0001.jpg,0,0.96991217
Alfredo_di_Stefano/Alfredo_di_Stefano_0001.jpg,Maryn_McKenna/Maryn_McKenna_0001.jpg,0,0.95739281
Alfredo_di_Stefano/Alfredo_di_Stefano_0001.jpg,Shamai_Leibowitz/Shamai_Leibowitz_0001.jpg,0,0.96334136
Ali_Naimi/Ali_Naimi_0005.jpg,Morris_Dees/Morris_Dees_0001.jpg,0,0.97672284
Aline_Chretien/Aline_Chretien_0001.jpg,Guillermo_Coria/Guillermo_Coria_0017.jpg,0,0.97832215
Amy_Yasbeck/Amy_Yasbeck_0001.jpg,Chawki_Armali/Chawki_Armali_0001.jpg,0,0.96596181
AnFernce_Negron/AnFernce_Negron_0001.jpg,Kristen_Rivera/Kristen_Rivera_0001.jpg,0,0.99002761
Andrew_Cuomo/Andrew_Cuomo_0002.jpg,Todd_Petit/Todd_Petit_0001.jpg,0,0.98147196
Anil_Ramsook/Anil_Ramsook_0001.jpg,Takeo_Hiranuma/Takeo_Hiranuma_0001.jpg,0,0.97619593
Annie_Chaplin/Annie_Chaplin_0001.jpg,Charles_Tannok/Charles_Tannok_0001.jpg,0,0.97426832
Antanas_Valionis/Antanas_Valionis_0001.jpg,William_Rehnquist/William_Rehnquist_0001.jpg,0,0.97121668
Avril_Lavigne/Avril_Lavigne_0001.jpg,Shia_LaBeouf/Shia_LaBeouf_0002.jpg,0,0.96139413
Barbara_Becker/Barbara_Becker_0001.jpg,Chris_Noth/Chris_Noth_0001.jpg,0,0.95648921
Barbara_Becker/Barbara_Becker_0001.jpg,Franz_Beckenbauer/Franz_Beckenbauer_0002.jpg,0,0.96463531
Barbora_Strycova/Barbora_Strycova_0001.jpg,Christiane_Wulff/Christiane_Wulff_0001.jpg,0,0.97811389
Barry_Diller/Barry_Diller_0001.jpg,Meles_Zenawi/Meles_Zenawi_0001.jpg,0,0.98074728
Bartosz_Kizierowski/Bartosz_Kizierowski_0001.jpg,Faye_Wong/Faye_Wong_0001.jpg,0,0.97014236
Ben_Wallace/Ben_Wallace_0001.jpg,Nia_Vardalos/Nia_Vardalos_0005.jpg,0,0.96460873
Bernard_Lord/Bernard_Lord_0001.jpg,Joxel_Garcia/Joxel_Garcia_0001.jpg,0,0.97564846
Bernard_Lord/Bernard_Lord_0002.jpg,Bing_Crosby/Bing_Crosby_0001.jpg,0,0.98589712
Beyonce_Knowles/Beyonce_Knowles_0001.jpg,Maurice_Papon/Maurice_Papon_0001.jpg,0,0.96698844
Bill_Duffey/Bill_Duffey_0001.jpg,Jong_Wook_Lee/Jong_Wook_Lee_0001.jpg,0,0.98411131
Bill_Guerin/Bill_Guerin_0001.jpg,Julie_Goodenough/Julie_Goodenough_0001.jpg,0,0.96711910
Bill_Herrion/Bill_Herrion_0001.jpg,Fernando_Valenzuela/Fernando_Valenzuela_0001.jpg,0,0.97368520
Bill_Herrion/Bill_Herrion_0001.jpg,Johnny_Unitas/Johnny_Unitas_0002.jpg,0,0.97948503
Bill_Richardson/Bill_Richardson_0001.jpg,George_McCloud/George_McCloud_0001.jpg,0,0.97873300
Billy_Andrade/Billy_Andrade_0001.jpg,Kellie_Coffey/Kellie_Coffey_0001.jpg,0,0.96257818
Billy_Crawford/Billy_Crawford_0001.jpg,Jim_Edmonds/Jim_Edmonds_0002.jpg,0,0.96882898
Billy_Edelin/Billy_Edelin_0001.jpg,Himmler_Rebu/Himmler_Rebu_0001.jpg,0,0.98995745
Bing_Crosby/Bing_Crosby_0001.jpg,Stephen_Webster/Stephen_Webster_0001.jpg,0,0.97410309
Bixente_LIzarazu/Bixente_LIzarazu_0001.jpg,Chris_Bell/Chris_Bell_0002.jpg,0,0.96764183
Bixente_LIzarazu/Bixente_LIzarazu_0001.jpg,Todd_Wike/Todd_Wike_0001.jpg,0,0.96522629
Blythe_Danner/Blythe_Danner_0002.jpg,Hank_McKinnell/Hank_McKinnell_0001.jpg,0,0.97496039
Bob_Eskridge/Bob_Eskridge_0001.jpg,Marco_Pantani/Marco_Pantani_0001.jpg,0,0.97530431
Bob_Hartley/Bob_Hartley_0001.jpg,Lou_Piniella/Lou_Piniella_0003.jpg,0,0.98929143
Bob_Krueger/Bob_Krueger_0001.jpg,Gordana_Grubin/Gordana_Grubin_0001.jpg,0,0.96386647
Bob_Krueger/Bob_Krueger_0001.jpg,Mariana_Pollack/Mariana_Pollack_0001.jpg,0,0.96162117
Bob_Sulkin/Bob_Sulkin_0001.jpg,Branko_Crvenkovski/Branko_Crvenkovski_0003.jpg,0,0.98395586
Bobby_Kielty/Bobby_Kielty_0001.jpg,Robert_Horan/Robert_Horan_0002.jpg,0,0.98371279
Brajesh_Mishra/Brajesh_Mishra_0001.jpg,Mark_Podlesny/Mark_Podlesny_0001.jpg,0,0.95220912
Brandon_Knight/Brandon_Knight_0001.jpg,Claudia_Cardinale/Claudia_Cardinale_0001.jpg,0,0.96185803
Brandon_Knight/Brandon_Knight_0001.jpg,Phil_Donahue/Phil_Donahue_0001.jpg,0,0.96266007
Brandon_Lloyd/Brandon_Lloyd_0001.jpg,Cha_Yung-gu/Cha_Yung-gu_0001.jpg,0,0.98140001
Brandon_Lloyd/Brandon_Lloyd_0001.jpg,James_Coburn/James_Coburn_0001.jpg,0,0.98910481
Brian_Schneider/Brian_Schneider_0001.jpg,Michael_Rolinee/Michael_Rolinee_0001.jpg,0,0.97961372
Bruce_Springsteen/Bruce_Springsteen_0004.jpg,Ion_Tiriac/Ion_Tiriac_0001.jpg,0,0.97477216
Cameron_Diaz/Cameron_Diaz_0002.jpg,Shia_LaBeouf/Shia_LaBeouf_0001.jpg,0,0.97735310
Cameron_Diaz/Cameron_Diaz_0005.jpg,Nadia_Petrova/Nadia_Petrova_0002.jpg,0,0.97837073
Carla_Gugino/Carla_Gugino_0001.jpg,Kelly_Osbourne/Kelly_Osbourne_0001.jpg,0,0.97781891
Carla_Gugino/Carla_Gugino_0001.jpg,Kenny_Chesney/Kenny_Chesney_0001.jpg,0,0.96974164
Carla_Gugino/Carla_Gugino_0001.jpg,Michael_Douglas/Michael_Douglas_0003.jpg,0,0.96938145
Carla_Gugino/Carla_Gugino_0001.jpg,Miguel_Aldana_Ibarra/Miguel_Aldana_Ibarra_0001.jpg,0,0.97145569
Carlos_Fasciolo/Carlos_Fasciolo_0001.jpg,Debbie_Allen/Debbie_Allen_0001.jpg,0,0.96815562
Carol_Williams/Carol_Williams_0001.jpg,Gorden_Tallis/Gorden_Tallis_0001.jpg,0,0.97650534
Carrie-Anne_Moss/Carrie-Anne_Moss_0002.jpg,Horacio_Julio_Pina/Horacio_Julio_Pina_0001.jpg,0,0.96539176
Carrie-Anne_Moss/Carrie-Anne_Moss_0004.jpg,Michael_Goldrich/Michael_Goldrich_0001.jpg,0,0.96483135
Casey_Crowder/Casey_Crowder_0001.jpg,Keiko_Sofia_Fujimori/Keiko_Sofia_Fujimori_0001.jpg,0,0.98531401
Casey_Crowder/Casey_Crowder_0001.jpg,Phoenix_Chang/Phoenix_Chang_0001.jpg,0,0.97831255
Cha_Yung-gu/Cha_Yung-gu_0001.jpg,Takeo_Hiranuma/Takeo_Hiranuma_0001.jpg,0,0.99484897
Charlene_Barshefsky/Charlene_Barshefsky_0001.jpg,James_Coburn/James_Coburn_0001.jpg,0,0.96170169
Charles_Tannok/Charles_Tannok_0001.jpg,Larry_Coker/Larry_Coker_0004.jpg,0,0.97106028
Charlie_Hunnam/Charlie_Hunnam_0001.jpg,Hestrie_Cloette/Hestrie_Cloette_0001.jpg,0,0.97513044
Charlie_Hunnam/Charlie_Hunnam_0001.jpg,Veronica_Lake/Veronica_Lake_0001.jpg,0,0.97322142
Charlton_Heston/Charlton_Heston_0004.jpg,Desiree_Lemosi/Desiree_Lemosi_0001.jpg,0,0.97856772
Chawki_Armali/Chawki_Armali_0001.jpg,Shoshannah_Stern/Shoshannah_Stern_0001.jpg,0,0.96384978
Chris_Bell/Chris_Bell_0002.jpg,Pharrell_Williams/Pharrell_Williams_0001.jpg,0,0.96929467
Chris_Forsyth/Chris_Forsyth_0001.jpg,Nikki_Reed/Nikki_Reed_0002.jpg,0,0.95699888
Chris_Neil/Chris_Neil_0001.jpg,John_Kerry/John_Kerry_0014.jpg,0,0.96709406
Chris_Noth/Chris_Noth_0001.jpg,Takeshi_Kitano/Takeshi_Kitano_0001.jpg,0,0.97024328
Christine_Arron/Christine_Arron_0001.jpg,Robert_Duvall/Robert_Duvall_0005.jpg,0,0.96332294
Christine_Arron/Christine_Arron_0001.jpg,Steve_McManaman/Steve_McManaman_0001.jpg,0,0.96038413
Chuck_Hagel/Chuck_Hagel_0001.jpg,Jeff_Roehm/Jeff_Roehm_0001.jpg,0,0.97412813
Chuck_Hagel/Chuck_Hagel_0001.jpg,Margaret_Hasley/Margaret_Hasley_0001.jpg,0,0.95649719
Chuck_Hagel/Chuck_Hagel_0001.jpg,Sebastian_Porto/Sebastian_Porto_0001.jpg,0,0.96748596
Cliff_Ellis/Cliff_Ellis_0001.jpg,John_Lisowski/John_Lisowski_0001.jpg,0,0.96803379
Clifford_Etienne/Clifford_Etienne_0001.jpg,Pharrell_Williams/Pharrell_Williams_0001.jpg,0,0.99499172
Clifford_Etienne/Clifford_Etienne_0001.jpg,Ray_Lewis/Ray_Lewis_0001.jpg,0,0.97666466
Clive_Lloyd/Clive_Lloyd_0001.jpg,Harland_Braun/Harland_Braun_0001.jpg,0,0.96908200
Colin_Montgomerie/Colin_Montgomerie_0001.jpg,Horacio_Julio_Pina/Horacio_Julio_Pina_0001.jpg,0,0.97334802
Daniel_Montenegro/Daniel_Montenegro_0001.jpg,Gustavo_Cisneros/Gustavo_Cisneros_0001.jpg,0,0.97669876
Daniel_Montenegro/Daniel_Montenegro_0001.jpg,Nadia_Petrova/Nadia_Petrova_0004.jpg,0,0.96097988
Daniel_Montenegro/Daniel_Montenegro_0001.jpg,Omar_Khan_Sharif/Omar_Khan_Sharif_0001.jpg,0,0.98145187
Daniel_Montenegro/Daniel_Montenegro_0001.jpg,Rick_Santorum/Rick_Santorum_0001.jpg,0,0.98392177
Danny_Glover/Danny_Glover_0001.jpg,Morris_Dees/Morris_Dees_0001.jpg,0,0.97437084
Danny_Glover/Danny_Glover_0001.jpg,Patrice_Chereau/Patrice_Chereau_0002.jpg,0,0.96571803
David_Trimble/David_Trimble_0004.jpg,John_Elway/John_Elway_0001.jpg,0,0.97959173
David_Wolf/David_Wolf_0002.jpg,Emanuel_Ginobili/Emanuel_Ginobili_0004.jpg,0,0.98505610
David_Wolf/David_Wolf_0002.jpg,Kathleen_Glynn/Kathleen_Glynn_0002.jpg,0,0.96559107
David_Wolf/David_Wolf_0002.jpg,Venus_Williams/Venus_Williams_0006.jpg,0,0.97242224
Debbie_Allen/Debbie_Allen_0001.jpg,Sebastian_Cuattrin/Sebastian_Cuattrin_0001.jpg,0,0.96958941
Demetrius_Ferraciu/Demetrius_Ferraciu_0002.jpg,Edward_Seaga/Edward_Seaga_0001.jpg,0,0.97185934
Denise_Johnson/Denise_Johnson_0001.jpg,Nikki_Cascone/Nikki_Cascone_0001.jpg,0,0.96844560
Denise_Johnson/Denise_Johnson_0002.jpg,Emanuel_Ginobili/Emanuel_Ginobili_0003.jpg,0,0.96236974
Denise_Johnson/Denise_Johnson_0002.jpg,Filippo_Inzaghi/Filippo_Inzaghi_0002.jpg,0,0.97542739
Dennis_Powell/Dennis_Powell_0001.jpg,Horst_Koehler/Horst_Koehler_0003.jpg,0,0.99340093
Dennis_Powell/Dennis_Powell_0001.jpg,Michael_Chiklis/Michael_Chiklis_0002.jpg,0,0.98358816
Desiree_Lemosi/Desiree_Lemosi_0002.jpg,Dion_Glover/Dion_Glover_0001.jpg,0,0.96965307
Dion_Glover/Dion_Glover_0001.jpg,Michael_Weiss/Michael_Weiss_0001.jpg,0,0.96319222
Doug_Melvin/Doug_Melvin_0001.jpg,Gustavo_Cisneros/Gustavo_Cisneros_0001.jpg,0,0.97777426
Doug_Melvin/Doug_Melvin_0003.jpg,Emma_Nicholson/Emma_Nicholson_0001.jpg,0,0.98866165
Doug_Racine/Doug_Racine_0001.jpg,Marisol_Breton/Marisol_Breton_0001.jpg,0,0.97347713
Ed_Book/Ed_Book_0001.jpg,Nur_Jaafar/Nur_Jaafar_0001.jpg,0,0.97911316
Ed_Case/Ed_Case_0001.jpg,Sadam_Hassan/Sadam_Hassan_0001.jpg,0,0.97807115
Edward_Seaga/Edward_Seaga_0001.jpg,George_Roy_Hill/George_Roy_Hill_0001.jpg,0,0.99144810
Edward_Seaga/Edward_Seaga_0001.jpg,Sarah_Price/Sarah_Price_0001.jpg,0,0.96022838
Eileen_Spina/Eileen_Spina_0001.jpg,Jeff_Bzdelik/Jeff_Bzdelik_0001.jpg,0,0.96059048
Ekke_Hard_Forberg/Ekke_Hard_Forberg_0001.jpg,Nikki_Reed/Nikki_Reed_0001.jpg,0,0.97529024
Elena_Bereznaya/Elena_Bereznaya_0001.jpg,Lene_Espersen/Lene_Espersen_0001.jpg,0,0.98330224
Elena_Bereznaya/Elena_Bereznaya_0001.jpg,Mario_Lobo_Zagallo/Mario_Lobo_Zagallo_0001.jpg,0,0.96868086
Elena_Bereznaya/Elena_Bereznaya_0001.jpg,Rick_Stansbury/Rick_Stansbury_0002.jpg,0,0.97327936
Elisha_Cuthbert/Elisha_Cuthbert_0001.jpg,Mariana_Pollack/Mariana_Pollack_0002.jpg,0,0.97426593
Eliza_Manningham-Buller/Eliza_Manningham-Buller_0001.jpg,Lawrence_MacAulay/Lawrence_MacAulay_0002.jpg,0,0.96699858
Eric_Clapton/Eric_Clapton_0002.jpg,Niall_Connolly/Niall_Connolly_0001.jpg,0,0.98408198
Eric_Taino/Eric_Taino_0001.jpg,Michael_Goldrich/Michael_Goldrich_0001.jpg,0,0.98161149
Farida_Ragoonanan/Farida_Ragoonanan_0001.jpg,Jorge_Enrique_Jimenez/Jorge_Enrique_Jimenez_0001.jpg,0,0.96811444
Felix_Trinidad/Felix_Trinidad_0001.jpg,Joe_Darrell/Joe_Darrell_0001.jpg,0,0.96737599
Felix_Trinidad/Felix_Trinidad_0001.jpg,Justine_Pasek/Justine_Pasek_0004.jpg,0,0.96886051
Fernando_Valenzuela/Fernando_Valenzuela_0001.jpg,Luis_Figo/Luis_Figo_0003.jpg,0,0.97783637
Fernando_Valenzuela/Fernando_Valenzuela_0001.jpg,Nicolas_Macrozonaris/Nicolas_Macrozonaris_0001.jpg,0,0.98414540
Filippo_Inzaghi/Filippo_Inzaghi_0001.jpg,Mohammed_Al_Hindi/Mohammed_Al_Hindi_0001.jpg,0,0.96721685
Filippo_Inzaghi/Filippo_Inzaghi_0001.jpg,Shanna_Zolman/Shanna_Zolman_0001.jpg,0,0.96557611
Francis_Ricciardone/Francis_Ricciardone_0001.jpg,Sven_Goran_Eriksson/Sven_Goran_Eriksson_0001.jpg,0,0.98656708
Franz_Beckenbauer/Franz_Beckenbauer_0001.jpg,Gerald_Ford/Gerald_Ford_0001.jpg,0,0.99044716
Franz_Beckenbauer/Franz_Beckenbauer_0002.jpg,Rick_Bragg/Rick_Bragg_0001.jpg,0,0.97937679
George_Foreman/George_Foreman_0002.jpg,Ralph_Goodale/Ralph_Goodale_0001.jpg,0,0.97846502
George_Pataki/George_Pataki_0001.jpg,James_Dingemans/James_Dingemans_0001.jpg,0,0.97944206
George_Pataki/George_Pataki_0002.jpg,Masahiko_Nagasawa/Masahiko_Nagasawa_0002.jpg,0,0.97550261
George_Plimpton/George_Plimpton_0001.jpg,Ximena_Bohorquez/Ximena_Bohorquez_0001.jpg,0,0.95159084
Gerald_Ford/Gerald_Ford_0001.jpg,Kurt_Budke/Kurt_Budke_0001.jpg,0,0.98227197
Gerald_Ford/Gerald_Ford_0001.jpg,Li_Peng/Li_Peng_0001.jpg,0,0.97886556
Giselle_Estefania_Tavarelli/Giselle_Estefania_Tavarelli_0001.jpg,John_Sununu/John_Sununu_0001.jpg,0,0.95661223
Giulio_Andreotti/Giulio_Andreotti_0001.jpg,Kurt_Russell/Kurt_Russell_0002.jpg,0,0.97410530
Giulio_Andreotti/Giulio_Andreotti_0001.jpg,Michael_Denzel/Michael_Denzel_0001.jpg,0,0.95838886
Gonzalo_Sanchez_de_Lozada/Gonzalo_Sanchez_de_Lozada_0003.jpg,Shannyn_Sossamon/Shannyn_Sossamon_0001.jpg,0,0.97705698
Graciano_Rocchigiani/Graciano_Rocchigiani_0001.jpg,Juan_Jose_Lucas/Juan_Jose_Lucas_0001.jpg,0,0.96890378
Gregory_Geoffroy/Gregory_Geoffroy_0001.jpg,Sybille_Schmid/Sybille_Schmid_0001.jpg,0,0.96164560
Gregory_Geoffroy/Gregory_Geoffroy_0002.jpg,Kosuke_Kitajima/Kosuke_Kitajima_0001.jpg,0,0.97376627
Gregory_Geoffroy/Gregory_Geoffroy_0002.jpg,Wycliffe_Grousbeck/Wycliffe_Grousbeck_0001.jpg,0,0.98152256
Guangdong_Ou_Guangyuan/Guangdong_Ou_Guangyuan_0001.jpg,Li_Ruihuan/Li_Ruihuan_0001.jpg,0,0.98367125
Guangdong_Ou_Guangyuan/Guangdong_Ou_Guangyuan_0001.jpg,Nicole/Nicole_0001.jpg,0,0.97242737
Gustavo_Cisneros/Gustavo_Cisneros_0001.jpg,Steve_Blake/Steve_Blake_0001.jpg,0,0.96493077
Gustavo_Noboa/Gustavo_Noboa_0001.jpg,Lea_Fastow/Lea_Fastow_0002.jpg,0,0.96769488
Habib_Hisham/Habib_Hisham_0001.jpg,Pat_Rochester/Pat_Rochester_0001.jpg,0,0.96980023
Habib_Hisham/Habib_Hisham_0001.jpg,Paul_Wilson/Paul_Wilson_0001.jpg,0,0.96014953
Habib_Rizieq/Habib_Rizieq_0001.jpg,Olivia_Newton-John/Olivia_Newton-John_0002.jpg,0,0.96736836
Habib_Rizieq/Habib_Rizieq_0003.jpg,Kenny_Chesney/Kenny_Chesney_0001.jpg,0,0.98224080
Hal_Sutton/Hal_Sutton_0002.jpg,Kellie_Coffey/Kellie_Coffey_0001.jpg,0,0.96393073
Harland_Braun/Harland_Braun_0001.jpg,Kathryn_Tucker/Kathryn_Tucker_0001.jpg,0,0.97028887
Hassanal_Bolkiah/Hassanal_Bolkiah_0001.jpg,Michael_Leavitt/Michael_Leavitt_0001.jpg,0,0.98023415
Hestrie_Cloette/Hestrie_Cloette_0001.jpg,Nicholas_Byron/Nicholas_Byron_0002.jpg,0,0.97233820
Hitoshi_Tanaka/Hitoshi_Tanaka_0001.jpg,Ramon_Ponce_de_Leon/Ramon_Ponce_de_Leon_0001.jpg,0,0.97951114
Horacio_Julio_Pina/Horacio_Julio_Pina_0001.jpg,Zaini_Abdullah/Zaini_Abdullah_0001.jpg,0,0.98134124
Huang_Suey-Sheng/Huang_Suey-Sheng_0001.jpg,Lucrecia_Orozco/Lucrecia_Orozco_0001.jpg,0,0.97575158
Huang_Suey-Sheng/Huang_Suey-Sheng_0001.jpg,Paul_Cerjan/Paul_Cerjan_0001.jpg,0,0.98863566
Huang_Suey-Sheng/Huang_Suey-Sheng_0001.jpg,Robinson_Stevenin/Robinson_Stevenin_0001.jpg,0,0.97137451
Ian_Knop/Ian_Knop_0001.jpg,Michel_Minard/Michel_Minard_0001.jpg,0,0.97898149
Ilan_Ramon/Ilan_Ramon_0003.jpg,Tatiana_Kennedy_Schlossberg/Tatiana_Kennedy_Schlossberg_0001.jpg,0,0.97048962
Ion_Tiriac/Ion_Tiriac_0001.jpg,Lawrence_MacAulay/Lawrence_MacAulay_0001.jpg,0,0.98196507
Ismail_Abu_Shanab/Ismail_Abu_Shanab_0001.jpg,Michael_Denzel/Michael_Denzel_0001.jpg,0,0.98325902
Ismail_Abu_Shanab/Ismail_Abu_Shanab_0001.jpg,Rebecca_Romijn-Stamos/Rebecca_Romijn-Stamos_0001.jpg,0,0.96957242
Jack_Welch/Jack_Welch_0001.jpg,Keizo_Yamada/Keizo_Yamada_0001.jpg,0,0.98222065
James_Dingemans/James_Dingemans_0001.jpg,Robert_Duvall/Robert_Duvall_0005.jpg,0,0.99162954
James_Dingemans/James_Dingemans_0001.jpg,William_Morrow/William_Morrow_0001.jpg,0,0.98604226
Jamie_Lee_Curtis/Jamie_Lee_Curtis_0001.jpg,William_Joppy/William_Joppy_0001.jpg,0,0.97137082
Jamie_Martin/Jamie_Martin_0001.jpg,Patrick_Ewing/Patrick_Ewing_0001.jpg,0,0.97184169
Jan_Bjoerklund/Jan_Bjoerklund_0001.jpg,Li_Ruihuan/Li_Ruihuan_0001.jpg,0,0.98626614
Jan_Paul_Miller/Jan_Paul_Miller_0001.jpg,Paradorn_Srichaphan/Paradorn_Srichaphan_0008.jpg,0,0.97094131
Jay_Garner/Jay_Garner_0003.jpg,Reggie_Sanders/Reggie_Sanders_0001.jpg,0,0.98835897
Jeff_Bzdelik/Jeff_Bzdelik_0001.jpg,Zach_Parise/Zach_Parise_0001.jpg,0,0.98634726
Jerry_Oliver/Jerry_Oliver_0001.jpg,Rudolf_Schuster/Rudolf_Schuster_0001.jpg,0,0.97673362
Jerry_Oliver/Jerry_Oliver_0001.jpg,Stefaan_Declerk/Stefaan_Declerk_0001.jpg,0,0.97725385
Jerry_Sloan/Jerry_Sloan_0001.jpg,Julianne_Moore/Julianne_Moore_0009.jpg,0,0.96935898
Jerry_Sloan/Jerry_Sloan_0001.jpg,Keiko_Sofia_Fujimori/Keiko_Sofia_Fujimori_0001.jpg,0,0.96762049
Jerry_Sloan/Jerry_Sloan_0001.jpg,Nikki_Cascone/Nikki_Cascone_0001.jpg,0,0.97001886
Jim_Anderson/Jim_Anderson_0001.jpg,Jose_Luis_Santiago_Vasconcelos/Jose_Luis_Santiago_Vasconcelos_0001.jpg,0,0.97930527
Jim_Anderson/Jim_Anderson_0001.jpg,Mikhail_Wehbe/Mikhail_Wehbe_0001.jpg,0,0.98334295
Joaquim_Levy/Joaquim_Levy_0001.jpg,Judy_Vassar/Judy_Vassar_0001.jpg,0,0.97154903
Joe_Leonard/Joe_Leonard_0001.jpg,Kristen_Rivera/Kristen_Rivera_0001.jpg,0,0.97007543
John_Baldacci/John_Baldacci_0001.jpg,Nona_Gaye/Nona_Gaye_0001.jpg,0,0.96968544
John_Baldacci/John_Baldacci_0001.jpg,Shia_LaBeouf/Shia_LaBeouf_0001.jpg,0,0.97428071
John_Elway/John_Elway_0001.jpg,Mahmoud_Diyab_al-Ahmed/Mahmoud_Diyab_al-Ahmed_0001.jpg,0,0.96980619
John_Kerry/John_Kerry_0009.jpg,Raja_Ibrahim/Raja_Ibrahim_0001.jpg,0,0.95442104
John_Kerry/John_Kerry_0014.jpg,Pat_Rochester/Pat_Rochester_0001.jpg,0,0.96772665
John_Lisowski/John_Lisowski_0001.jpg,Michelle_Kwan/Michelle_Kwan_0001.jpg,0,0.96068436
John_Malkovich/John_Malkovich_0002.jpg,Paradorn_Srichaphan/Paradorn_Srichaphan_0007.jpg,0,0.96033227
John_Malkovich/John_Malkovich_0003.jpg,Mona_Locke/Mona_Locke_0001.jpg,0,0.96691883
John_Malkovich/John_Malkovich_0003.jpg,Richard_Palmer/Richard_Palmer_0001.jpg,0,0.98001683
John_McCallum/John_McCallum_0001.jpg,Oliver_Phelps/Oliver_Phelps_0001.jpg,0,0.97883666
John_McCallum/John_McCallum_0002.jpg,Rick_Bragg/Rick_Bragg_0001.jpg,0,0.98414993
John_McEnroe/John_McEnroe_0002.jpg,Shane_Mosley/Shane_Mosley_0001.jpg,0,0.97388363
John_Prescott/John_Prescott_0001.jpg,Will_Ofenheusle/Will_Ofenheusle_0001.jpg,0,0.98494887
Johnnie_Lynn/Johnnie_Lynn_0001.jpg,Larry_Coker/Larry_Coker_0004.jpg,0,0.97979844
Johnnie_Lynn/Johnnie_Lynn_0001.jpg,Richard_Palmer/Richard_Palmer_0001.jpg,0,0.97977573
Johnny_Unitas/Johnny_Unitas_0001.jpg,Mark_Foley/Mark_Foley_0001.jpg,0,0.96614385
Jonathan_Karsh/Jonathan_Karsh_0001.jpg,Samantha_Ledster/Samantha_Ledster_0001.jpg,0,0.96799564
Joxel_Garcia/Joxel_Garcia_0001.jpg,Lena_Olin/Lena_Olin_0001.jpg,0,0.95985353
Joy_Bryant/Joy_Bryant_0001.jpg,Richard_Chamberlain/Richard_Chamberlain_0001.jpg,0,0.96809131
Julianne_Moore/Julianne_Moore_0004.jpg,Shia_LaBeouf/Shia_LaBeouf_0001.jpg,0,0.97168511
Julio_Iglesias_Jr/Julio_Iglesias_Jr_0001.jpg,Ramon_Ponce_de_Leon/Ramon_Ponce_de_Leon_0001.jpg,0,0.97882533
Justin_Timberlake/Justin_Timberlake_0001.jpg,Suzanne_Somers/Suzanne_Somers_0001.jpg,0,0.97440255
Kathleen_Glynn/Kathleen_Glynn_0002.jpg,Susilo_Bambang_Yudhoyono/Susilo_Bambang_Yudhoyono_0001.jpg,0,0.97028381
Kathryn_Morris/Kathryn_Morris_0001.jpg,Minnie_Driver/Minnie_Driver_0002.jpg,0,0.97369719
Kathryn_Tucker/Kathryn_Tucker_0001.jpg,Stella_McCartney/Stella_McCartney_0001.jpg,0,0.97121674
Katie_Couric/Katie_Couric_0001.jpg,Sanjay_Gupta/Sanjay_Gupta_0001.jpg,0,0.96872920
Keiko_Sofia_Fujimori/Keiko_Sofia_Fujimori_0001.jpg,Sureyya_Ayhan/Sureyya_Ayhan_0001.jpg,0,0.97717631
Kellie_Coffey/Kellie_Coffey_0001.jpg,Todd_Petit/Todd_Petit_0001.jpg,0,0.95946312
Kenny_Chesney/Kenny_Chesney_0001.jpg,Steve_Coogan/Steve_Coogan_0001.jpg,0,0.96200556
Kevin_Tarrant/Kevin_Tarrant_0001.jpg,Marisol_Breton/Marisol_Breton_0001.jpg,0,0.96745777
Kristen_Rivera/Kristen_Rivera_0001.jpg,Valdas_Adamkus/Valdas_Adamkus_0002.jpg,0,0.96992826
Kurt_Russell/Kurt_Russell_0002.jpg,Mahmoud_Diyab_al-Ahmed/Mahmoud_Diyab_al-Ahmed_0001.jpg,0,0.97082651
Kurt_Tanabe/Kurt_Tanabe_0001.jpg,William_Jackson/William_Jackson_0001.jpg,0,0.96801972
Kyle_McLaren/Kyle_McLaren_0001.jpg,Sofia_Milos/Sofia_Milos_0001.jpg,0,0.96131277
Kyle_McLaren/Kyle_McLaren_0001.jpg,Will_Ofenheusle/Will_Ofenheusle_0001.jpg,0,0.98132032
Kyle_Shewfelt/Kyle_Shewfelt_0001.jpg,Larry_Coker/Larry_Coker_0002.jpg,0,0.99104702
Lawrence_Foley/Lawrence_Foley_0001.jpg,Rachel_Wadsworth/Rachel_Wadsworth_0001.jpg,0,0.96155453
Lea_Fastow/Lea_Fastow_0001.jpg,Uday_Hussein/Uday_Hussein_0001.jpg,0,0.97229660
Lesia_Burlak/Lesia_Burlak_0001.jpg,Nur_Jaafar/Nur_Jaafar_0001.jpg,0,0.97394478
Lori_Berenson/Lori_Berenson_0001.jpg,Rudolf_Schuster/Rudolf_Schuster_0001.jpg,0,0.97270840
Lucio_Angulo/Lucio_Angulo_0001.jpg,Sarah_Price/Sarah_Price_0001.jpg,0,0.96387917
Lucio_Gutierrez/Lucio_Gutierrez_0010.jpg,Pedro_Malan/Pedro_Malan_0005.jpg,0,0.97227472
Margaret_Hasley/Margaret_Hasley_0001.jpg,Michael_Denzel/Michael_Denzel_0001.jpg,0,0.96540087
Mark_Redman/Mark_Redman_0001.jpg,Stephen_Funk/Stephen_Funk_0001.jpg,0,0.97566611
Mark_Salter/Mark_Salter_0001.jpg,Shanna_Zolman/Shanna_Zolman_0001.jpg,0,0.97130287
Martin_Luther_King_III/Martin_Luther_King_III_0001.jpg,Maryn_McKenna/Maryn_McKenna_0001.jpg,0,0.95501328
Mary_Bono/Mary_Bono_0001.jpg,Todd_Wike/Todd_Wike_0001.jpg,0,0.96243954
Matt_LeBlanc/Matt_LeBlanc_0001.jpg,Robert_Redford/Robert_Redford_0002.jpg,0,0.97309804
Mauro_Viza/Mauro_Viza_0001.jpg,William_Jackson/William_Jackson_0001.jpg,0,0.97460949
Max_Baucus/Max_Baucus_0001.jpg,Paradorn_Srichaphan/Paradorn_Srichaphan_0005.jpg,0,0.97728157
Max_Baucus/Max_Baucus_0001.jpg,Yossi_Beilin/Yossi_Beilin_0002.jpg,0,0.99135566
Meles_Zenawi/Meles_Zenawi_0001.jpg,Nawabzada_Nasrullah_Khan/Nawabzada_Nasrullah_Khan_0001.jpg,0,0.96600091
Melissa_Mulloy/Melissa_Mulloy_0001.jpg,Paula_Abdul/Paula_Abdul_0001.jpg,0,0.97694999
Melissa_Mulloy/Melissa_Mulloy_0001.jpg,Roger_Lyons/Roger_Lyons_0001.jpg,0,0.96952522
Michael_Chiklis/Michael_Chiklis_0001.jpg,Mohammed_Al_Hindi/Mohammed_Al_Hindi_0001.jpg,0,0.96971083
Michael_Chiklis/Michael_Chiklis_0001.jpg,Steve_Rush/Steve_Rush_0001.jpg,0,0.98832548
Michael_Doleac/Michael_Doleac_0001.jpg,Nur_Jaafar/Nur_Jaafar_0001.jpg,0,0.98354876
Michael_Goldrich/Michael_Goldrich_0001.jpg,Suzanne_Somers/Suzanne_Somers_0001.jpg,0,0.96692699
Michael_Kahn/Michael_Kahn_0001.jpg,Rick_Caruso/Rick_Caruso_0001.jpg,0,0.98543000
Michel_Minard/Michel_Minard_0001.jpg,Suzanne_Gaudet/Suzanne_Gaudet_0001.jpg,0,0.96375775
Michelle_Bachelet/Michelle_Bachelet_0001.jpg,Sami_Al-Arian/Sami_Al-Arian_0001.jpg,0,0.97047889
Miguel_Angel_Rodriguez/Miguel_Angel_Rodriguez_0001.jpg,Sasha_Cohen/Sasha_Cohen_0001.jpg,0,0.97134018
Mike_Bryan/Mike_Bryan_0001.jpg,Shanna_Zolman/Shanna_Zolman_0001.jpg,0,0.97711945
Mike_Montgomery/Mike_Montgomery_0001.jpg,Ray_Lewis/Ray_Lewis_0001.jpg,0,0.97432220
Milton_Wynants/Milton_Wynants_0001.jpg,Stuart_Townsend/Stuart_Townsend_0001.jpg,0,0.98243701
Miyako_Miyazaki/Miyako_Miyazaki_0002.jpg,Munir_Akram/Munir_Akram_0002.jpg,0,0.97217363
Morris_Dees/Morris_Dees_0001.jpg,Shamai_Leibowitz/Shamai_Leibowitz_0001.jpg,0,0.95675069
Morris_Dees/Morris_Dees_0001.jpg,Suzie_McConnell_Serio/Suzie_McConnell_Serio_0001.jpg,0,0.96240401
Nathalie_Gagnon/Nathalie_Gagnon_0001.jpg,Richard_Reid/Richard_Reid_0001.jpg,0,0.95570576
Nicklas_Lidstrom/Nicklas_Lidstrom_0001.jpg,Norman_Jewison/Norman_Jewison_0001.jpg,0,0.99187571
Nicklas_Lidstrom/Nicklas_Lidstrom_0001.jpg,Sadie_Frost/Sadie_Frost_0003.jpg,0,0.97361821
Nicole_Hiltz/Nicole_Hiltz_0001.jpg,Zaini_Abdullah/Zaini_Abdullah_0001.jpg,0,0.97373903
Nona_Gaye/Nona_Gaye_0001.jpg,Paul_Cerjan/Paul_Cerjan_0001.jpg,0,0.96110016
Oscar_Bolanos/Oscar_Bolanos_0001.jpg,Phil_Donahue/Phil_Donahue_0001.jpg,0,0.98530519
Oscar_Bolanos/Oscar_Bolanos_0001.jpg,Tatiana_Kennedy_Schlossberg/Tatiana_Kennedy_Schlossberg_0001.jpg,0,0.96801955
Pascal_Quignard/Pascal_Quignard_0003.jpg,Patrick_Ewing/Patrick_Ewing_0002.jpg,0,0.97562218
Pat_Rochester/Pat_Rochester_0001.jpg,Phoenix_Chang/Phoenix_Chang_0001.jpg,0,0.99002224
Pat_Rochester/Pat_Rochester_0001.jpg,Will_Ofenheusle/Will_Ofenheusle_0001.jpg,0,0.97541976
Paul_Farley/Paul_Farley_0001.jpg,Platon_Lebedev/Platon_Lebedev_0001.jpg,0,0.98671520
Paula_Abdul/Paula_Abdul_0001.jpg,Robert_Vowler/Robert_Vowler_0001.jpg,0,0.97163856
Pharrell_Williams/Pharrell_Williams_0001.jpg,Tyrone_Medley/Tyrone_Medley_0001.jpg,0,0.96949923
Phoenix_Chang/Phoenix_Chang_0001.jpg,Platon_Lebedev/Platon_Lebedev_0001.jpg,0,0.96239114
Rachel_Wadsworth/Rachel_Wadsworth_0001.jpg,Richard_Palmer/Richard_Palmer_0001.jpg,0,0.96566653
Raymond_Odierno/Raymond_Odierno_0001.jpg,Richard_Reid/Richard_Reid_0001.jpg,0,0.96359783
Reggie_Sanders/Reggie_Sanders_0001.jpg,Rick_Santorum/Rick_Santorum_0002.jpg,0,0.96318853
Richard_Chamberlain/Richard_Chamberlain_0001.jpg,Steve_Patterson/Steve_Patterson_0001.jpg,0,0.96791482
Richard_Ward/Richard_Ward_0001.jpg,Steve_Redgrave/Steve_Redgrave_0001.jpg,0,0.99105924
Robert_Vowler/Robert_Vowler_0001.jpg,Tab_Baldwin/Tab_Baldwin_0001.jpg,0,0.97733134
Roy_Rogers/Roy_Rogers_0001.jpg,Steven_Feldman/Steven_Feldman_0001.jpg,0,0.96946377
Scott_Rolen/Scott_Rolen_0001.jpg,William_Murabito/William_Murabito_0001.jpg,0,0.98915350
Sofia_Milos/Sofia_Milos_0001.jpg,Steve_Nash/Steve_Nash_0003.jpg,0,0.96698046
Sofia_Milos/Sofia_Milos_0001.jpg,Will_Ofenheusle/Will_Ofenheusle_0001.jpg,0,0.96218574
Sonja_Kesselschlager/Sonja_Kesselschlager_0001.jpg,Tim_Robbins/Tim_Robbins_0003.jpg,0,0.95729744
Takeo_Hiranuma/Takeo_Hiranuma_0001.jpg,Ty_Votaw/Ty_Votaw_0001.jpg,0,0.97540969
Ted_Washington/Ted_Washington_0001.jpg,Ximena_Bohorquez/Ximena_Bohorquez_0001.jpg,0,0.96760446
Ty_Votaw/Ty_Votaw_0001.jpg,William_Webster/William_Webster_0001.jpg,0,0.97955245
Abdullah_Nasseef/Abdullah_Nasseef_0001.jpg,Bruce_Paltrow/Bruce_Paltrow_0001.jpg,0,0.96464831
Abdullah_Nasseef/Abdullah_Nasseef_0001.jpg,Howard_Smith/Howard_Smith_0002.jpg,0,0.98239088
Abdullah_Nasseef/Abdullah_Nasseef_0001.jpg,Jan_De_Bont/Jan_De_Bont_0001.jpg,0,0.95383370
Abdullah_Nasseef/Abdullah_Nasseef_0001.jpg,Jim_Nochols/Jim_Nochols_0001.jpg,0,0.98751014
Abdullah_Nasseef/Abdullah_Nasseef_0001.jpg,Oleg_Romantsev/Oleg_Romantsev_0001.jpg,0,0.98822004
Adam_Kennedy/Adam_Kennedy_0001.jpg,Charlie_Sheen/Charlie_Sheen_0001.jpg,0,0.98882878
Adrian_McPherson/Adrian_McPherson_0002.jpg,Eduardo_Chillida/Eduardo_Chillida_0001.jpg,0,0.96270525
Al_Davis/Al_Davis_0001.jpg,Julian_Fantino/Julian_Fantino_0001.jpg,0,0.98613381
Alan_Greenspan/Alan_Greenspan_0004.jpg,Kent_McCord/Kent_McCord_0001.jpg,0,0.96662807
Alastair_Campbell/Alastair_Campbell_0004.jpg,Li_Ka-shing/Li_Ka-shing_0001.jpg,0,0.96916032
Alexa_Vega/Alexa_Vega_0001.jpg,Tony_Shalhoub/Tony_Shalhoub_0001.jpg,0,0.96613139
Alexander_Downer/Alexander_Downer_0002.jpg,Zeljko_Rebraca/Zeljko_Rebraca_0001.jpg,0,0.98636174
Alexander_Downer/Alexander_Downer_0003.jpg,Luis_Berrondo/Luis_Berrondo_0001.jpg,0,0.96674681
Alexandra_Pelosi/Alexandra_Pelosi_0001.jpg,Ken_Kutaragi/Ken_Kutaragi_0001.jpg,0,0.96314889
Alexandre_Herchcovitch/Alexandre_Herchcovitch_0001.jpg,Karen_Clarkson/Karen_Clarkson_0001.jpg,0,0.97294533
Alice_Fisher/Alice_Fisher_0001.jpg,Gene_Sauers/Gene_Sauers_0001.jpg,0,0.95678753
Alicia_Witt/Alicia_Witt_0001.jpg,Jorge_Moreno/Jorge_Moreno_0001.jpg,0,0.96456969
Alicia_Witt/Alicia_Witt_0001.jpg,Lino_Oviedo/Lino_Oviedo_0001.jpg,0,0.96285063
Allan_Wagner/Allan_Wagner_0001.jpg,Larry_Campbell/Larry_Campbell_0001.jpg,0,0.98811769
Allan_Wagner/Allan_Wagner_0001.jpg,Rita_Moreno/Rita_Moreno_0001.jpg,0,0.96691293
Alvaro_Silva_Calderon/Alvaro_Silva_Calderon_0002.jpg,Stepan_Demirchian/Stepan_Demirchian_0001.jpg,0,0.96596456
Alvaro_Uribe/Alvaro_Uribe_0014.jpg,Patricia_Clarkson/Patricia_Clarkson_0001.jpg,0,0.96743613
Ana_Sebastiao/Ana_Sebastiao_0001.jpg,Marcos_Cafu/Marcos_Cafu_0001.jpg,0,0.96770579
Ana_Sebastiao/Ana_Sebastiao_0001.jpg,Raza_Rabbani/Raza_Rabbani_0001.jpg,0,0.96198869
Andrea_De_Cruz/Andrea_De_Cruz_0001.jpg,Dionne_Warwick/Dionne_Warwick_0001.jpg,0,0.98611856
Andrea_De_Cruz/Andrea_De_Cruz_0001.jpg,Ismail_Cem/Ismail_Cem_0001.jpg,0,0.96232927
Andrea_De_Cruz/Andrea_De_Cruz_0001.jpg,Natalya_Sazanovich/Natalya_Sazanovich_0001.jpg,0,0.98641050
Andrea_De_Cruz/Andrea_De_Cruz_0001.jpg,Yoon_Young-kwan/Yoon_Young-kwan_0001.jpg,0,0.98552179
Andres_Manuel_Lopez_Obrador/Andres_Manuel_Lopez_Obrador_0001.jpg,Jim_Parque/Jim_Parque_0001.jpg,0,0.98512548
Andres_Manuel_Lopez_Obrador/Andres_Manuel_Lopez_Obrador_0001.jpg,Norman_Mineta/Norman_Mineta_0001.jpg,0,0.98608065
Andrew_Bunner/Andrew_Bunner_0002.jpg,Oscar_Elias_Biscet/Oscar_Elias_Biscet_0002.jpg,0,0.99086595
Andrew_Weissmann/Andrew_Weissmann_0001.jpg,Ernie_Els/Ernie_Els_0002.jpg,0,0.97819495
Andy_Warhol/Andy_Warhol_0001.jpg,Edith_Masai/Edith_Masai_0001.jpg,0,0.96650547
Andy_Warhol/Andy_Warhol_0001.jpg,Paul-Henri_Mathieu/Paul-Henri_Mathieu_0002.jpg,0,0.98656452
Anibal_Ibarra/Anibal_Ibarra_0002.jpg,David_Przybyszewski/David_Przybyszewski_0001.jpg,0,0.98167646
Anthony_Ervin/Anthony_Ervin_0001.jpg,Juan_Roman_Carrasco/Juan_Roman_Carrasco_0001.jpg,0,0.98196709
Antonio_Elias_Saca/Antonio_Elias_Saca_0001.jpg,Peter_Holmberg/Peter_Holmberg_0001.jpg,0,0.98915106
Antonio_Elias_Saca/Antonio_Elias_Saca_0001.jpg,Thomas_Fargo/Thomas_Fargo_0004.jpg,0,0.98540473
Antonio_Trillanes/Antonio_Trillanes_0001.jpg,Katrin_Cartlidge/Katrin_Cartlidge_0001.jpg,0,0.97476870
Antonio_Trillanes/Antonio_Trillanes_0003.jpg,Terry_Gilliam/Terry_Gilliam_0001.jpg,0,0.96872056
Asa_Hutchinson/Asa_Hutchinson_0002.jpg,Gary_Sinise/Gary_Sinise_0001.jpg,0,0.98546344
Ascencion_Barajas/Ascencion_Barajas_0001.jpg,Chris_Hernandez/Chris_Hernandez_0001.jpg,0,0.97684318
Ashley_Judd/Ashley_Judd_0001.jpg,Joan_Jett/Joan_Jett_0001.jpg,0,0.96812582
Ashley_Postell/Ashley_Postell_0001.jpg,Cassandra_Heise/Cassandra_Heise_0001.jpg,0,0.98660463
Ashley_Postell/Ashley_Postell_0001.jpg,Tony_Clement/Tony_Clement_0001.jpg,0,0.96830571
Ashraf_Ghani/Ashraf_Ghani_0001.jpg,Boris_Berezovsky/Boris_Berezovsky_0001.jpg,0,0.98126519
Ashraf_Ghani/Ashraf_Ghani_0001.jpg,Qian_Qichen/Qian_Qichen_0001.jpg,0,0.97050703
Asif_Ali_Zardari/Asif_Ali_Zardari_0001.jpg,Steny_Hoyer/Steny_Hoyer_0001.jpg,0,0.96533591
Assad_Ahmadi/Assad_Ahmadi_0001.jpg,Percy_Gibson/Percy_Gibson_0001.jpg,0,0.97585285
Barbara_Walters/Barbara_Walters_0001.jpg,Jewel_Howard-Taylor/Jewel_Howard-Taylor_0001.jpg,0,0.97457576
Barbara_Walters/Barbara_Walters_0001.jpg,Peter_Greenaway/Peter_Greenaway_0001.jpg,0,0.96476334
Barry_Williams/Barry_Williams_0001.jpg,Wang_Fei/Wang_Fei_0001.jpg,0,0.98372436
Benazir_Bhutto/Benazir_Bhutto_0004.jpg,Jane_Pauley/Jane_Pauley_0002.jpg,0,0.97386736
Benazir_Bhutto/Benazir_Bhutto_0005.jpg,Karen_Clarkson/Karen_Clarkson_0001.jpg,0,0.98266059
Bijan_Darvish/Bijan_Darvish_0001.jpg,Franco_Dragone/Franco_Dragone_0001.jpg,0,0.97902894
Bijan_Darvish/Bijan_Darvish_0002.jpg,Frank_Taylor/Frank_Taylor_0001.jpg,0,0.96992749
Bilal_Erdogan/Bilal_Erdogan_0001.jpg,Lubomir_Zaoralek/Lubomir_Zaoralek_0001.jpg,0,0.97947264
Bill_Self/Bill_Self_0001.jpg,Yang_Jianli/Yang_Jianli_0001.jpg,0,0.97214931
Bill_Simon/Bill_Simon_0001.jpg,Edward_Said/Edward_Said_0002.jpg,0,0.98365825
Billy_Gilman/Billy_Gilman_0001.jpg,Howard_Smith/Howard_Smith_0002.jpg,0,0.97358441
Billy_Sollie/Billy_Sollie_0001.jpg,Mark_Swartz/Mark_Swartz_0001.jpg,0,0.96193480
Billy_Sollie/Billy_Sollie_0002.jpg,Hussein_Malik/Hussein_Malik_0001.jpg,0,0.97492409
Blas_Ople/Blas_Ople_0001.jpg,Evan_Marriott/Evan_Marriott_0001.jpg,0,0.97584587
Blas_Ople/Blas_Ople_0001.jpg,Felipe_Fernandez/Felipe_Fernandez_0001.jpg,0,0.96675801
Blas_Ople/Blas_Ople_0001.jpg,Peter_Costello/Peter_Costello_0001.jpg,0,0.97589940
Bob_Cantrell/Bob_Cantrell_0001.jpg,Gerard_Kleisterlee/Gerard_Kleisterlee_0001.jpg,0,0.98740250
Bob_Cantrell/Bob_Cantrell_0001.jpg,Mary_Landrieu/Mary_Landrieu_0003.jpg,0,0.96839875
Bob_Goldman/Bob_Goldman_0001.jpg,Leigh_Winchell/Leigh_Winchell_0001.jpg,0,0.98979598
Bob_Goldman/Bob_Goldman_0001.jpg,Maggie_Smith/Maggie_Smith_0001.jpg,0,0.98265451
Boris_Berezovsky/Boris_Berezovsky_0002.jpg,Leander_Paes/Leander_Paes_0001.jpg,0,0.96867883
Brad_Gushue/Brad_Gushue_0001.jpg,Johannes_Rau/Johannes_Rau_0001.jpg,0,0.97460306
Brad_Miller/Brad_Miller_0001.jpg,Irina_Lobacheva/Irina_Lobacheva_0001.jpg,0,0.97632611
Brad_Miller/Brad_Miller_0001.jpg,Percy_Gibson/Percy_Gibson_0001.jpg,0,0.99121201
Brenda_van_Dam/Brenda_van_Dam_0001.jpg,Norbert_van_Heyst/Norbert_van_Heyst_0001.jpg,0,0.97475779
Brian_Cashman/Brian_Cashman_0001.jpg,Delphine_Chuillot/Delphine_Chuillot_0001.jpg,0,0.95223284
Brian_Cashman/Brian_Cashman_0001.jpg,Russell_Simmons/Russell_Simmons_0003.jpg,0,0.95512515
Brian_Cook/Brian_Cook_0001.jpg,Matt_Welsh/Matt_Welsh_0001.jpg,0,0.98394382
Bruno_Junquiera/Bruno_Junquiera_0001.jpg,Oscar_DLeon/Oscar_DLeon_0001.jpg,0,0.97209752
Bulent_Ecevit/Bulent_Ecevit_0006.jpg,Eduardo_Romero/Eduardo_Romero_0001.jpg,0,0.97658551
Bulent_Ecevit/Bulent_Ecevit_0006.jpg,Gilberto_Simoni/Gilberto_Simoni_0001.jpg,0,0.97923118
Candie_Kung/Candie_Kung_0001.jpg,Steve_Allan/Steve_Allan_0001.jpg,0,0.97969508
Carlo_Ancelotti/Carlo_Ancelotti_0001.jpg,John_Tyson/John_Tyson_0001.jpg,0,0.97526544
Carlos_Vives/Carlos_Vives_0002.jpg,Randy_Johnson/Randy_Johnson_0001.jpg,0,0.98400742
Caroline_Dhavernas/Caroline_Dhavernas_0001.jpg,Evgeni_Plushenko/Evgeni_Plushenko_0001.jpg,0,0.97733778
Caroline_Dhavernas/Caroline_Dhavernas_0001.jpg,Jeremy_Fogel/Jeremy_Fogel_0001.jpg,0,0.97069550
Carson_Daly/Carson_Daly_0001.jpg,John_Moe/John_Moe_0001.jpg,0,0.97903788
Carson_Daly/Carson_Daly_0001.jpg,Tracy_Wyle/Tracy_Wyle_0001.jpg,0,0.97147715
Cassandra_Heise/Cassandra_Heise_0001.jpg,Shaukat_Aziz/Shaukat_Aziz_0002.jpg,0,0.96327496
Cate_Blanchett/Cate_Blanchett_0003.jpg,Gina_Centrello/Gina_Centrello_0001.jpg,0,0.96514082
Cate_Blanchett/Cate_Blanchett_0003.jpg,Ryan_Goodman/Ryan_Goodman_0001.jpg,0,0.96688712
Catherine_Donkers/Catherine_Donkers_0001.jpg,Eminem/Eminem_0001.jpg,0,0.99251807
Cedric_Benson/Cedric_Benson_0001.jpg,Marcus_Allen/Marcus_Allen_0001.jpg,0,0.99725670
Cedric_Benson/Cedric_Benson_0001.jpg,Robert_Lee_Yates_Jr/Robert_Lee_Yates_Jr_0001.jpg,0,0.97190094
Cedric_Benson/Cedric_Benson_0001.jpg,Stacy_Nelson/Stacy_Nelson_0001.jpg,0,0.97337914
Chistian_Stahl/Chistian_Stahl_0001.jpg,Eliane_Karp/Eliane_Karp_0001.jpg,0,0.96671104
Chris_Cooper/Chris_Cooper_0002.jpg,Irfan_Ahmed/Irfan_Ahmed_0001.jpg,0,0.95265329
Chris_Cooper/Chris_Cooper_0002.jpg,Rick_Bland/Rick_Bland_0001.jpg,0,0.99332273
Chris_Hernandez/Chris_Hernandez_0001.jpg,Mauricio_Pochetino/Mauricio_Pochetino_0001.jpg,0,0.97697014
Chris_Hernandez/Chris_Hernandez_0001.jpg,Tonga/Tonga_0001.jpg,0,0.96298647
Chris_Hernandez/Chris_Hernandez_0001.jpg,Wolfgang_Schuessel/Wolfgang_Schuessel_0001.jpg,0,0.96800697
Chris_Tucker/Chris_Tucker_0002.jpg,Jennifer_Pena/Jennifer_Pena_0001.jpg,0,0.96822637
Chris_Tucker/Chris_Tucker_0002.jpg,Takuma_Sato/Takuma_Sato_0001.jpg,0,0.97782952
Chris_Whitney/Chris_Whitney_0001.jpg,Tom_Scully/Tom_Scully_0001.jpg,0,0.96495938
Christine_Gregoire/Christine_Gregoire_0004.jpg,Robert_Lee_Yates_Jr/Robert_Lee_Yates_Jr_0001.jpg,0,0.98030221
Christine_Gregoire/Christine_Gregoire_0004.jpg,Wang_Hailan/Wang_Hailan_0001.jpg,0,0.96434474
Christine_Rau/Christine_Rau_0001.jpg,Jerry_Hall/Jerry_Hall_0001.jpg,0,0.96902943
Christine_Rau/Christine_Rau_0001.jpg,Mel_Brooks/Mel_Brooks_0001.jpg,0,0.98109782
Christopher_Russell/Christopher_Russell_0001.jpg,Colleen_OClair/Colleen_OClair_0001.jpg,0,0.96708739
Christopher_Whittle/Christopher_Whittle_0001.jpg,Felipe_Fernandez/Felipe_Fernandez_0001.jpg,0,0.95918900
Colleen_OClair/Colleen_OClair_0001.jpg,Tom_Hanusik/Tom_Hanusik_0001.jpg,0,0.96894163
Curtis_Rodriguez/Curtis_Rodriguez_0001.jpg,John_Blaney/John_Blaney_0002.jpg,0,0.97404617
Curtis_Rodriguez/Curtis_Rodriguez_0001.jpg,Kathleen_Kennedy_Townsend/Kathleen_Kennedy_Townsend_0003.jpg,0,0.97345489
Dale_Bosworth/Dale_Bosworth_0001.jpg,Frank_Taylor/Frank_Taylor_0001.jpg,0,0.98467571
Dale_Bosworth/Dale_Bosworth_0001.jpg,Vladimir_Golovlyov/Vladimir_Golovlyov_0001.jpg,0,0.97689891
Dan_Quayle/Dan_Quayle_0001.jpg,Jim_Ryan/Jim_Ryan_0001.jpg,0,0.98958445
Dan_Quayle/Dan_Quayle_0001.jpg,Nick_Turner/Nick_Turner_0001.jpg,0,0.97610617
Dan_Quayle/Dan_Quayle_0001.jpg,William_Umbach/William_Umbach_0001.jpg,0,0.99390483
Danny_Morgan/Danny_Morgan_0001.jpg,Jeff_George/Jeff_George_0001.jpg,0,0.97209072
Danny_Morgan/Danny_Morgan_0001.jpg,John_Allen_Muhammad/John_Allen_Muhammad_0010.jpg,0,0.96701264
Darla_Moore/Darla_Moore_0001.jpg,Paul_Johnson/Paul_Johnson_0001.jpg,0,0.96916336
Darrell_Royal/Darrell_Royal_0001.jpg,Louis_Van_Gaal/Louis_Van_Gaal_0001.jpg,0,0.99508274
Dave_McGinnis/Dave_McGinnis_0001.jpg,Michel_Therrien/Michel_Therrien_0001.jpg,0,0.99374223
David_Przybyszewski/David_Przybyszewski_0001.jpg,Elena_Bovina/Elena_Bovina_0002.jpg,0,0.98028833
Delphine_Chuillot/Delphine_Chuillot_0001.jpg,Jim_Parque/Jim_Parque_0001.jpg,0,0.97320265
Demetrin_Veal/Demetrin_Veal_0001.jpg,Robert_Hanssen/Robert_Hanssen_0001.jpg,0,0.96376508
Dennis_Hastert/Dennis_Hastert_0005.jpg,Lubomir_Zaoralek/Lubomir_Zaoralek_0001.jpg,0,0.97764337
Dewayne_White/Dewayne_White_0001.jpg,Joe_DeLamielleure/Joe_DeLamielleure_0001.jpg,0,0.98002452
Dick_Posthumus/Dick_Posthumus_0001.jpg,Jeff_George/Jeff_George_0001.jpg,0,0.98525083
Dick_Posthumus/Dick_Posthumus_0001.jpg,Jim_Wong/Jim_Wong_0001.jpg,0,0.97754097
Din_Samsudin/Din_Samsudin_0001.jpg,Pupi_Avati/Pupi_Avati_0002.jpg,0,0.98128641
Dionne_Warwick/Dionne_Warwick_0001.jpg,Janine_Pietsch/Janine_Pietsch_0001.jpg,0,0.97674966
Dominique_Perben/Dominique_Perben_0001.jpg,Osmond_Smith/Osmond_Smith_0001.jpg,0,0.99392033
Doug_Duncan/Doug_Duncan_0001.jpg,Kevin_Spacey/Kevin_Spacey_0002.jpg,0,0.96774817
Doug_Duncan/Doug_Duncan_0002.jpg,John_Allen_Muhammad/John_Allen_Muhammad_0002.jpg,0,0.97479236
Eddy_Hartenstein/Eddy_Hartenstein_0001.jpg,Lyudmila_Putin/Lyudmila_Putin_0001.jpg,0,0.95815194
Eddy_Hartenstein/Eddy_Hartenstein_0001.jpg,Matthias_Sammer/Matthias_Sammer_0001.jpg,0,0.98153949
Eddy_Hartenstein/Eddy_Hartenstein_0001.jpg,Sabah_Al-Ahmad_Al-Jaber_Al-Sabah/Sabah_Al-Ahmad_Al-Jaber_Al-Sabah_0001.jpg,0,0.98804790
Eduardo_Chillida/Eduardo_Chillida_0001.jpg,Stephen_Crampton/Stephen_Crampton_0001.jpg,0,0.97361708
Eduardo_Romero/Eduardo_Romero_0001.jpg,Robert_Kocharian/Robert_Kocharian_0005.jpg,0,0.97831166
Edward_Greenspan/Edward_Greenspan_0001.jpg,Roy_Halladay/Roy_Halladay_0001.jpg,0,0.97921216
Edward_Greenspan/Edward_Greenspan_0001.jpg,Sidney_Poitier/Sidney_Poitier_0001.jpg,0,0.97969776
Edward_Kennedy/Edward_Kennedy_0001.jpg,Mathilda_Karel_Spak/Mathilda_Karel_Spak_0001.jpg,0,0.97683394
Edward_Kennedy/Edward_Kennedy_0002.jpg,Jennifer_Pena/Jennifer_Pena_0001.jpg,0,0.96732587
Edward_Said/Edward_Said_0001.jpg,Frank_Abagnale_Jr/Frank_Abagnale_Jr_0001.jpg,0,0.96276808
Eminem/Eminem_0001.jpg,Wolfgang_Clement/Wolfgang_Clement_0001.jpg,0,0.97160429
Enrique_Bolanos/Enrique_Bolanos_0004.jpg,Janine_Pietsch/Janine_Pietsch_0001.jpg,0,0.97124684
Enrique_Bolanos/Enrique_Bolanos_0004.jpg,Liam_Neeson/Liam_Neeson_0002.jpg,0,0.97526300
Ernie_Els/Ernie_Els_0002.jpg,Marcus_Allen/Marcus_Allen_0001.jpg,0,0.96693122
Evgeni_Plushenko/Evgeni_Plushenko_0001.jpg,Queen_Sofia/Queen_Sofia_0001.jpg,0,0.97753823
Evgeni_Plushenko/Evgeni_Plushenko_0001.jpg,Riek_Blanjaar/Riek_Blanjaar_0001.jpg,0,0.96952957
Franco_Dragone/Franco_Dragone_0002.jpg,Louis_Van_Gaal/Louis_Van_Gaal_0001.jpg,0,0.98325920
Franco_Frattini/Franco_Frattini_0001.jpg,Irina_Lobacheva/Irina_Lobacheva_0001.jpg,0,0.95922720
Frank_Abagnale_Jr/Frank_Abagnale_Jr_0001.jpg,Nate_Hybl/Nate_Hybl_0001.jpg,0,0.98199213
Frank_Shea/Frank_Shea_0001.jpg,Rob_Moore/Rob_Moore_0001.jpg,0,0.97434354
Frank_Taylor/Frank_Taylor_0001.jpg,Jason_Jennings/Jason_Jennings_0001.jpg,0,0.97463894
Gabriel_Batistuta/Gabriel_Batistuta_0001.jpg,Peter_Costello/Peter_Costello_0001.jpg,0,0.97294235
Gabriel_Jorge_Ferreia/Gabriel_Jorge_Ferreia_0001.jpg,Zulfiqar_Ahmed/Zulfiqar_Ahmed_0001.jpg,0,0.97753543
Gary_Doer/Gary_Doer_0003.jpg,Wang_Hailan/Wang_Hailan_0001.jpg,0,0.97721893
Gary_Sinise/Gary_Sinise_0001.jpg,Roy_Halladay/Roy_Halladay_0001.jpg,0,0.97882712
Gene_Hackman/Gene_Hackman_0001.jpg,Queen_Noor/Queen_Noor_0001.jpg,0,0.97019821
Gene_Sauers/Gene_Sauers_0001.jpg,Gina_Centrello/Gina_Centrello_0001.jpg,0,0.94800150
Geoff_Dixon/Geoff_Dixon_0001.jpg,Jean_Todt/Jean_Todt_0001.jpg,0,0.96582770
George_Allen/George_Allen_0001.jpg,Roy_Halladay/Roy_Halladay_0001.jpg,0,0.96013832
George_Allen/George_Allen_0001.jpg,Wan_Yanhai/Wan_Yanhai_0001.jpg,0,0.98481941
George_Harrison/George_Harrison_0001.jpg,Robert_Lee_Yates_Jr/Robert_Lee_Yates_Jr_0001.jpg,0,0.98521185
Georgi_Parvanov/Georgi_Parvanov_0001.jpg,Luis_Fonsi/Luis_Fonsi_0001.jpg,0,0.97645998
Gianni_Agnelli/Gianni_Agnelli_0001.jpg,Marco_Irizarry/Marco_Irizarry_0001.jpg,0,0.95906460
Gilberto_Simoni/Gilberto_Simoni_0001.jpg,Julio_Cesar_Chavez/Julio_Cesar_Chavez_0001.jpg,0,0.98758942
Gong_Ruina/Gong_Ruina_0001.jpg,Hong_Myung/Hong_Myung_0001.jpg,0,0.97554219
Gong_Ruina/Gong_Ruina_0001.jpg,Qian_Qichen/Qian_Qichen_0001.jpg,0,0.98466188
Gro_Harlem_Brundtland/Gro_Harlem_Brundtland_0002.jpg,Turner_Gill/Turner_Gill_0001.jpg,0,0.97340482
Hector_Grullon/Hector_Grullon_0001.jpg,Jeong_Se-hyun/Jeong_Se-hyun_0009.jpg,0,0.98249036
Henk_Bekedam/Henk_Bekedam_0001.jpg,Koichi_Haraguchi/Koichi_Haraguchi_0001.jpg,0,0.98194760
Henk_Bekedam/Henk_Bekedam_0001.jpg,Manuel_Gehring/Manuel_Gehring_0001.jpg,0,0.98927963
Henk_Bekedam/Henk_Bekedam_0001.jpg,Michael_Kirby/Michael_Kirby_0001.jpg,0,0.98457104
Hiroki_Gomi/Hiroki_Gomi_0001.jpg,Kenneth_Cooper/Kenneth_Cooper_0001.jpg,0,0.96937186
Hiroki_Gomi/Hiroki_Gomi_0001.jpg,Sophia_Loren/Sophia_Loren_0002.jpg,0,0.96150994
Irina_Lobacheva/Irina_Lobacheva_0001.jpg,Steve_Allan/Steve_Allan_0001.jpg,0,0.96995127
Ismail_Cem/Ismail_Cem_0001.jpg,Linda_Amicangioli/Linda_Amicangioli_0001.jpg,0,0.95100856
Jack_Osbourne/Jack_Osbourne_0001.jpg,Kent_McCord/Kent_McCord_0001.jpg,0,0.97478712
Jack_Straw/Jack_Straw_0001.jpg,Manuel_Gehring/Manuel_Gehring_0001.jpg,0,0.97250533
Jack_Straw/Jack_Straw_0003.jpg,Norman_Mineta/Norman_Mineta_0001.jpg,0,0.98635638
James_Ballenger/James_Ballenger_0001.jpg,Raza_Rabbani/Raza_Rabbani_0001.jpg,0,0.98805493
James_Coviello/James_Coviello_0001.jpg,Judith_Nathan/Judith_Nathan_0001.jpg,0,0.96972430
James_Coviello/James_Coviello_0001.jpg,Robert_F_Kennedy_Jr/Robert_F_Kennedy_Jr_0001.jpg,0,0.97260058
James_Morris/James_Morris_0002.jpg,Silvio_Fernandez/Silvio_Fernandez_0002.jpg,0,0.96631956
James_Schultz/James_Schultz_0001.jpg,Tim_Curley/Tim_Curley_0001.jpg,0,0.98266172
James_W_Kennedy/James_W_Kennedy_0001.jpg,John_Connolly/John_Connolly_0001.jpg,0,0.98429358
James_W_Kennedy/James_W_Kennedy_0001.jpg,Toutai_Kefu/Toutai_Kefu_0001.jpg,0,0.97635901
James_Williams/James_Williams_0001.jpg,Phillip_Seymor_Hoffmann/Phillip_Seymor_Hoffmann_0001.jpg,0,0.98054677
James_Williams/James_Williams_0001.jpg,Shaun_Pollock/Shaun_Pollock_0001.jpg,0,0.97653675
Jan_Ullrich/Jan_Ullrich_0003.jpg,Javier_Weber/Javier_Weber_0001.jpg,0,0.97374952
Jane_Menelaus/Jane_Menelaus_0001.jpg,Junichiro_Koizumi/Junichiro_Koizumi_0042.jpg,0,0.95932114
Jane_Menelaus/Jane_Menelaus_0001.jpg,Sophia_Loren/Sophia_Loren_0001.jpg,0,0.97302783
Jason_Petty/Jason_Petty_0001.jpg,Mayumi_Moriyama/Mayumi_Moriyama_0001.jpg,0,0.97217405
Jean_Todt/Jean_Todt_0001.jpg,Roger_Etchegaray/Roger_Etchegaray_0001.jpg,0,0.95927984
Jennifer_Pena/Jennifer_Pena_0001.jpg,Sonia_Lopez/Sonia_Lopez_0001.jpg,0,0.96965778
Jennifer_Pena/Jennifer_Pena_0001.jpg,Tony_LaRussa/Tony_LaRussa_0001.jpg,0,0.96329349
Jennifer_Rodriguez/Jennifer_Rodriguez_0001.jpg,Terry_Gilliam/Terry_Gilliam_0001.jpg,0,0.97404075
Jennifer_Rodriguez/Jennifer_Rodriguez_0002.jpg,Joanna_Poitier/Joanna_Poitier_0001.jpg,0,0.96051764
Jennifer_Rodriguez/Jennifer_Rodriguez_0002.jpg,Tony_Fernandes/Tony_Fernandes_0001.jpg,0,0.95582592
Jerome_Golmard/Jerome_Golmard_0001.jpg,Kristin_Chenoweth/Kristin_Chenoweth_0001.jpg,0,0.97754204
Jewel_Howard-Taylor/Jewel_Howard-Taylor_0001.jpg,Ken_Kutaragi/Ken_Kutaragi_0001.jpg,0,0.96314335
Jim_Parque/Jim_Parque_0001.jpg,Michael_Adams/Michael_Adams_0001.jpg,0,0.98308229
Jim_Parque/Jim_Parque_0001.jpg,Rachel_Leigh_Cook/Rachel_Leigh_Cook_0001.jpg,0,0.97508168
Jim_Ryan/Jim_Ryan_0001.jpg,Luis_Berrondo/Luis_Berrondo_0001.jpg,0,0.98272467
Jimmy_Gobble/Jimmy_Gobble_0001.jpg,Robert_De_Niro/Robert_De_Niro_0005.jpg,0,0.95968413
Joan_Collins/Joan_Collins_0001.jpg,Zydrunas_Ilgauskas/Zydrunas_Ilgauskas_0001.jpg,0,0.95300221
Joan_Jett/Joan_Jett_0001.jpg,Kevin_James/Kevin_James_0001.jpg,0,0.96106625
Joanna_Poitier/Joanna_Poitier_0001.jpg,Michael_Moore/Michael_Moore_0001.jpg,0,0.96795541
Joe_Lieberman/Joe_Lieberman_0010.jpg,Joe_Mantello/Joe_Mantello_0001.jpg,0,0.96718121
Johannes_Rau/Johannes_Rau_0001.jpg,Oleksandr_Moroz/Oleksandr_Moroz_0001.jpg,0,0.99416065
John_Connolly/John_Connolly_0001.jpg,Mel_Gibson/Mel_Gibson_0001.jpg,0,0.97229886
John_Connolly/John_Connolly_0001.jpg,Michael_Moore/Michael_Moore_0003.jpg,0,0.98673302
John_Connolly/John_Connolly_0001.jpg,Norman_Mineta/Norman_Mineta_0001.jpg,0,0.98682910
John_Connolly/John_Connolly_0001.jpg,Uzi_Even/Uzi_Even_0001.jpg,0,0.98837370
John_Cruz/John_Cruz_0001.jpg,Sean_Astin/Sean_Astin_0003.jpg,0,0.98421860
John_Cruz/John_Cruz_0001.jpg,Steven_Briggs/Steven_Briggs_0001.jpg,0,0.97788519
John_Hartson/John_Hartson_0001.jpg,Oscar_Elias_Biscet/Oscar_Elias_Biscet_0002.jpg,0,0.96320975
Joseph_Deiss/Joseph_Deiss_0001.jpg,Tony_Fernandes/Tony_Fernandes_0001.jpg,0,0.95998389
Joseph_Lopez/Joseph_Lopez_0001.jpg,Rick_Pitino/Rick_Pitino_0001.jpg,0,0.97334039
Julian_Fantino/Julian_Fantino_0001.jpg,Quin_Snyder/Quin_Snyder_0001.jpg,0,0.96240544
Julio_Cesar_Chavez/Julio_Cesar_Chavez_0001.jpg,Tom_Brennan/Tom_Brennan_0001.jpg,0,0.98663527
Junichi_Inamoto/Junichi_Inamoto_0001.jpg,Oleg_Romantsev/Oleg_Romantsev_0001.jpg,0,0.99033725
Junichiro_Koizumi/Junichiro_Koizumi_0020.jpg,Tony_Fernandes/Tony_Fernandes_0001.jpg,0,0.97344691
Karen_Clarkson/Karen_Clarkson_0001.jpg,Kristen_Breitweiser/Kristen_Breitweiser_0003.jpg,0,0.96938324
Karol_Kucera/Karol_Kucera_0001.jpg,Qian_Qichen/Qian_Qichen_0001.jpg,0,0.96711600
Karol_Kucera/Karol_Kucera_0001.jpg,Turner_Gill/Turner_Gill_0001.jpg,0,0.96789372
Katrin_Cartlidge/Katrin_Cartlidge_0001.jpg,Tony_LaRussa/Tony_LaRussa_0001.jpg,0,0.96530962
Keith_Osik/Keith_Osik_0001.jpg,Pupi_Avati/Pupi_Avati_0001.jpg,0,0.97701740
Kenneth_Cooper/Kenneth_Cooper_0001.jpg,Norman_Mineta/Norman_Mineta_0001.jpg,0,0.97806764
Kent_McCord/Kent_McCord_0001.jpg,Natasha_Henstridge/Natasha_Henstridge_0001.jpg,0,0.97150171
Kevin_James/Kevin_James_0001.jpg,Roy_Halladay/Roy_Halladay_0001.jpg,0,0.98653120
Kevin_James/Kevin_James_0001.jpg,Suzanne_Haik_Terrell/Suzanne_Haik_Terrell_0001.jpg,0,0.97463679
Kevin_James/Kevin_James_0001.jpg,Yang_Jianli/Yang_Jianli_0001.jpg,0,0.98479772
Kevin_Spacey/Kevin_Spacey_0002.jpg,Ray_Evernham/Ray_Evernham_0001.jpg,0,0.97732306
Koji_Uehara/Koji_Uehara_0001.jpg,Rob_Moore/Rob_Moore_0001.jpg,0,0.96359217
Krishna_Bhadur_Mahara/Krishna_Bhadur_Mahara_0001.jpg,Peter_Holmberg/Peter_Holmberg_0001.jpg,0,0.98023957
Krishna_Bhadur_Mahara/Krishna_Bhadur_Mahara_0001.jpg,Silvio_Fernandez/Silvio_Fernandez_0002.jpg,0,0.99457282
Kristen_Breitweiser/Kristen_Breitweiser_0001.jpg,Tatiana_Shchegoleva/Tatiana_Shchegoleva_0001.jpg,0,0.97688222
Laila_Ali/Laila_Ali_0003.jpg,Tony_Fernandes/Tony_Fernandes_0001.jpg,0,0.97945058
Larry_Johnson/Larry_Johnson_0001.jpg,Terry_Gilliam/Terry_Gilliam_0001.jpg,0,0.97379476
Larry_Johnson/Larry_Johnson_0002.jpg,Marc_Racicot/Marc_Racicot_0001.jpg,0,0.96216297
Larry_Johnson/Larry_Johnson_0002.jpg,Tom_Hanusik/Tom_Hanusik_0001.jpg,0,0.97510016
Lars_Von_Trier/Lars_Von_Trier_0001.jpg,Zhang_Wenkang/Zhang_Wenkang_0002.jpg,0,0.98524731
Leander_Paes/Leander_Paes_0001.jpg,Ralph_Firman/Ralph_Firman_0001.jpg,0,0.97437155
Leo_Ramirez/Leo_Ramirez_0001.jpg,Sabah_Al-Ahmad_Al-Jaber_Al-Sabah/Sabah_Al-Ahmad_Al-Jaber_Al-Sabah_0001.jpg,0,0.98003119
Leonardo_Del_Vecchio/Leonardo_Del_Vecchio_0001.jpg,Maggie_Smith/Maggie_Smith_0001.jpg,0,0.97451049
Leonardo_Del_Vecchio/Leonardo_Del_Vecchio_0001.jpg,Tatiana_Shchegoleva/Tatiana_Shchegoleva_0001.jpg,0,0.97250795
Liam_Neeson/Liam_Neeson_0001.jpg,Paul_Kagame/Paul_Kagame_0002.jpg,0,0.96620947
Lokendra_Bahadur_Chand/Lokendra_Bahadur_Chand_0001.jpg,Steffeny_Holtz/Steffeny_Holtz_0001.jpg,0,0.96138990
Louis_Van_Gaal/Louis_Van_Gaal_0001.jpg,Natasha_Henstridge/Natasha_Henstridge_0001.jpg,0,0.96513015
Lubomir_Zaoralek/Lubomir_Zaoralek_0001.jpg,Luis_Berrondo/Luis_Berrondo_0001.jpg,0,0.97414136
Lubomir_Zaoralek/Lubomir_Zaoralek_0001.jpg,William_Umbach/William_Umbach_0001.jpg,0,0.98173946
Luis_Berrondo/Luis_Berrondo_0001.jpg,Rita_Moreno/Rita_Moreno_0002.jpg,0,0.96425939
Luis_Fonsi/Luis_Fonsi_0001.jpg,Oscar_DLeon/Oscar_DLeon_0001.jpg,0,0.98355192
Luis_Fonsi/Luis_Fonsi_0001.jpg,Steven_Briggs/Steven_Briggs_0001.jpg,0,0.97338653
Luis_Rosario_Huertas/Luis_Rosario_Huertas_0001.jpg,Mary_Steenburgen/Mary_Steenburgen_0002.jpg,0,0.95013297
Makiko_Tanaka/Makiko_Tanaka_0001.jpg,Peter_Greenaway/Peter_Greenaway_0001.jpg,0,0.96321946
Manijeh_Hekmat/Manijeh_Hekmat_0001.jpg,Roger_Winter/Roger_Winter_0001.jpg,0,0.97009450
Manijeh_Hekmat/Manijeh_Hekmat_0001.jpg,T_Boone_Pickens/T_Boone_Pickens_0001.jpg,0,0.96327662
Marcelo_Salas/Marcelo_Salas_0002.jpg,Tara_VanDerveer/Tara_VanDerveer_0001.jpg,0,0.94908148
Marco_Irizarry/Marco_Irizarry_0001.jpg,Yang_Jianli/Yang_Jianli_0001.jpg,0,0.96624804
Mariangel_Ruiz_Torrealba/Mariangel_Ruiz_Torrealba_0003.jpg,Pupi_Avati/Pupi_Avati_0001.jpg,0,0.96772003
Marisa_Tomei/Marisa_Tomei_0002.jpg,Peter_Costello/Peter_Costello_0002.jpg,0,0.96641618
Mark_Polansky/Mark_Polansky_0001.jpg,Miranda_Gaddis/Miranda_Gaddis_0001.jpg,0,0.97264838
Mary_Landrieu/Mary_Landrieu_0003.jpg,Percy_Gibson/Percy_Gibson_0001.jpg,0,0.95913804
Mathilda_Karel_Spak/Mathilda_Karel_Spak_0001.jpg,Mauricio_Macri/Mauricio_Macri_0001.jpg,0,0.96142709
Mathilda_Karel_Spak/Mathilda_Karel_Spak_0001.jpg,Tamara_Brooks/Tamara_Brooks_0002.jpg,0,0.97502178
Matt_Welsh/Matt_Welsh_0001.jpg,Randy_Johnson/Randy_Johnson_0001.jpg,0,0.97333741
Mel_Brooks/Mel_Brooks_0002.jpg,Shoshana_Johnson/Shoshana_Johnson_0001.jpg,0,0.97082782
Michael_Kirby/Michael_Kirby_0001.jpg,Ranil_Wickremasinghe/Ranil_Wickremasinghe_0002.jpg,0,0.97210383
Michael_Sheehan/Michael_Sheehan_0001.jpg,Robert_Hanssen/Robert_Hanssen_0001.jpg,0,0.97987616
Michel_Duclos/Michel_Duclos_0001.jpg,Quin_Snyder/Quin_Snyder_0001.jpg,0,0.98609138
Michel_Duclos/Michel_Duclos_0001.jpg,Suh_Young-hoon/Suh_Young-hoon_0001.jpg,0,0.98638058
Mike_Gable/Mike_Gable_0001.jpg,Mohamed_Hammam/Mohamed_Hammam_0001.jpg,0,0.98317671
Mikhail_Khodorkovsky/Mikhail_Khodorkovsky_0001.jpg,Rita_Moreno/Rita_Moreno_0002.jpg,0,0.95567071
Mireya_Moscoso/Mireya_Moscoso_0004.jpg,San_Lan/San_Lan_0001.jpg,0,0.96949255
Mohamed_Hammam/Mohamed_Hammam_0001.jpg,Roger_Moore/Roger_Moore_0004.jpg,0,0.97330600
Nabil_Shaath/Nabil_Shaath_0003.jpg,Silvie_Cabero/Silvie_Cabero_0001.jpg,0,0.98027730
Naomi_Hayashi/Naomi_Hayashi_0001.jpg,Prakash_Hinduja/Prakash_Hinduja_0001.jpg,0,0.97328734
Natalya_Sazanovich/Natalya_Sazanovich_0001.jpg,Pupi_Avati/Pupi_Avati_0004.jpg,0,0.97394073
Nikki_Teasley/Nikki_Teasley_0001.jpg,Ryan_Goodman/Ryan_Goodman_0001.jpg,0,0.96505094
Oleksandr_Moroz/Oleksandr_Moroz_0001.jpg,Robert_De_Niro/Robert_De_Niro_0001.jpg,0,0.96778524
Oscar_DLeon/Oscar_DLeon_0001.jpg,Steven_Curtis_Chapman/Steven_Curtis_Chapman_0001.jpg,0,0.98502058
Paul_Byrd/Paul_Byrd_0001.jpg,Wolfgang_Schwarz/Wolfgang_Schwarz_0001.jpg,0,0.98116523
Paul_Wollnough/Paul_Wollnough_0001.jpg,Philip_Cummings/Philip_Cummings_0001.jpg,0,0.96848941
Paul_Wollnough/Paul_Wollnough_0001.jpg,Yuvraj_Singh/Yuvraj_Singh_0001.jpg,0,0.97007847
Penelope_Taylor/Penelope_Taylor_0001.jpg,Wang_Fei/Wang_Fei_0001.jpg,0,0.97097862
Peter_Caruana/Peter_Caruana_0001.jpg,Philip_Cummings/Philip_Cummings_0001.jpg,0,0.96875799
Phillip_Seymor_Hoffmann/Phillip_Seymor_Hoffmann_0001.jpg,Silvio_Fernandez/Silvio_Fernandez_0001.jpg,0,0.97923744
Phillips_Idowu/Phillips_Idowu_0001.jpg,Prince_Naruhito/Prince_Naruhito_0002.jpg,0,0.98701131
Princess_Masako/Princess_Masako_0002.jpg,Thomas_Wilkens/Thomas_Wilkens_0001.jpg,0,0.96314192
Quin_Snyder/Quin_Snyder_0001.jpg,Vagit_Alekperov/Vagit_Alekperov_0001.jpg,0,0.98219466
Ranil_Wickremasinghe/Ranil_Wickremasinghe_0003.jpg,Stacy_Nelson/Stacy_Nelson_0001.jpg,0,0.96937340
Reina_Hayes/Reina_Hayes_0001.jpg,Steffeny_Holtz/Steffeny_Holtz_0001.jpg,0,0.99215114
Rick_Pitino/Rick_Pitino_0003.jpg,Tony_Clement/Tony_Clement_0001.jpg,0,0.97933900
Ricky_Martin/Ricky_Martin_0002.jpg,Roger_Etchegaray/Roger_Etchegaray_0001.jpg,0,0.95420921
Robert_F_Kennedy_Jr/Robert_F_Kennedy_Jr_0001.jpg,Ron_Dittemore/Ron_Dittemore_0001.jpg,0,0.98018098
Sidney_Poitier/Sidney_Poitier_0001.jpg,Svend_Aage_Jensby/Svend_Aage_Jensby_0001.jpg,0,0.97977161
Aaron_Tippin/Aaron_Tippin_0001.jpg,Enos_Slaughter/Enos_Slaughter_0001.jpg,0,0.96394342
Aaron_Tippin/Aaron_Tippin_0001.jpg,Juan_Carlos_Ortega/Juan_Carlos_Ortega_0001.jpg,0,0.96199882
Aaron_Tippin/Aaron_Tippin_0001.jpg,Marlon_Devonish/Marlon_Devonish_0001.jpg,0,0.97202569
Adam_Ant/Adam_Ant_0001.jpg,John_Perrota/John_Perrota_0001.jpg,0,0.98860073
Adam_Ant/Adam_Ant_0001.jpg,Noel_Forgeard/Noel_Forgeard_0001.jpg,0,0.97617006
Adam_Ant/Adam_Ant_0001.jpg,Richard_Regenhard/Richard_Regenhard_0001.jpg,0,0.97348690
Adam_Mair/Adam_Mair_0001.jpg,Daniel_Osorno/Daniel_Osorno_0001.jpg,0,0.96467173
Adoor_Gopalakarishnan/Adoor_Gopalakarishnan_0001.jpg,Nathalia_Gillot/Nathalia_Gillot_0001.jpg,0,0.97296119
Alain_Ducasse/Alain_Ducasse_0001.jpg,Paul_ONeill/Paul_ONeill_0002.jpg,0,0.97729313
Alan_Greer/Alan_Greer_0001.jpg,Alan_Trammell/Alan_Trammell_0001.jpg,0,0.97516584
Alan_Greer/Alan_Greer_0001.jpg,Bob_Hayes/Bob_Hayes_0001.jpg,0,0.96945953
Alan_Trammell/Alan_Trammell_0001.jpg,Heidi_Fleiss/Heidi_Fleiss_0002.jpg,0,0.95380992
Alan_Trammell/Alan_Trammell_0001.jpg,Julie_Taymor/Julie_Taymor_0002.jpg,0,0.96788967
Aldo_Paredes/Aldo_Paredes_0001.jpg,Suzanne_Mubarak/Suzanne_Mubarak_0001.jpg,0,0.95658815
Aldo_Paredes/Aldo_Paredes_0002.jpg,Zafarullah_Khan_Jamali/Zafarullah_Khan_Jamali_0001.jpg,0,0.98096621
Alecos_Markides/Alecos_Markides_0001.jpg,Darryl_Stingley/Darryl_Stingley_0001.jpg,0,0.96536410
Alecos_Markides/Alecos_Markides_0001.jpg,Wolfgang_Schneiderhan/Wolfgang_Schneiderhan_0001.jpg,0,0.98654401
Alejandro_Avila/Alejandro_Avila_0003.jpg,Benjamin_Franklin/Benjamin_Franklin_0001.jpg,0,0.97195578
Alejandro_Avila/Alejandro_Avila_0003.jpg,Darrell_Porter/Darrell_Porter_0001.jpg,0,0.98838449
Alek_Wek/Alek_Wek_0001.jpg,Barbara_Bodine/Barbara_Bodine_0001.jpg,0,0.96014011
Alek_Wek/Alek_Wek_0001.jpg,Nasser_al-Kidwa/Nasser_al-Kidwa_0001.jpg,0,0.97032726
Alek_Wek/Alek_Wek_0001.jpg,Ray_Bradbury/Ray_Bradbury_0001.jpg,0,0.96762311
Alina_Kabaeva/Alina_Kabaeva_0001.jpg,Donald_Trump/Donald_Trump_0001.jpg,0,0.97891158
Alina_Kabaeva/Alina_Kabaeva_0001.jpg,Jayson_Williams/Jayson_Williams_0002.jpg,0,0.97202414
Alyse_Beaupre/Alyse_Beaupre_0001.jpg,Elmar_Brok/Elmar_Brok_0001.jpg,0,0.97464937
Alyse_Beaupre/Alyse_Beaupre_0001.jpg,Helo_Pinheiro/Helo_Pinheiro_0001.jpg,0,0.97079057
Alyse_Beaupre/Alyse_Beaupre_0001.jpg,Hunter_Bates/Hunter_Bates_0001.jpg,0,0.97344965
Ambrose_Lee/Ambrose_Lee_0001.jpg,Ben_Chandler/Ben_Chandler_0001.jpg,0,0.97794586
Amy_Gale/Amy_Gale_0001.jpg,Herman_Edwards/Herman_Edwards_0001.jpg,0,0.95936072
Anastasia_Kelesidou/Anastasia_Kelesidou_0001.jpg,Brendan_Hansen/Brendan_Hansen_0002.jpg,0,0.97351879
Anastasia_Kelesidou/Anastasia_Kelesidou_0001.jpg,Thomas_Wyman/Thomas_Wyman_0002.jpg,0,0.96833181
Andrew_Niccol/Andrew_Niccol_0001.jpg,Prince_Felipe/Prince_Felipe_0001.jpg,0,0.96547532
Andrew_Sabey/Andrew_Sabey_0001.jpg,Federico_Castelan_Sayre/Federico_Castelan_Sayre_0001.jpg,0,0.96888959
Andrew_Sabey/Andrew_Sabey_0001.jpg,Greg_Rusedski/Greg_Rusedski_0001.jpg,0,0.98492050
Andy_Madikians/Andy_Madikians_0001.jpg,Jon_Gruden/Jon_Gruden_0001.jpg,0,0.95884216
Andy_Madikians/Andy_Madikians_0001.jpg,Pedro_Alvarez/Pedro_Alvarez_0001.jpg,0,0.97491980
Andy_Madikians/Andy_Madikians_0001.jpg,Pierce_Brosnan/Pierce_Brosnan_0001.jpg,0,0.97207868
Andy_Perez/Andy_Perez_0001.jpg,Elena_Dementieva/Elena_Dementieva_0001.jpg,0,0.97331560
Andy_Perez/Andy_Perez_0001.jpg,Stephen_Joseph/Stephen_Joseph_0001.jpg,0,0.98766255
Angie_Martinez/Angie_Martinez_0001.jpg,Ruth_Pearce/Ruth_Pearce_0001.jpg,0,0.98999083
Ann_Godbehere/Ann_Godbehere_0001.jpg,Tom_Watson/Tom_Watson_0001.jpg,0,0.96178013
Anne_McLellan/Anne_McLellan_0001.jpg,Tim_Howard/Tim_Howard_0001.jpg,0,0.96852171
Annette_Bening/Annette_Bening_0001.jpg,Ross_Verba/Ross_Verba_0001.jpg,0,0.96946132
Anthony_Hopkins/Anthony_Hopkins_0002.jpg,Orlando_Bloom/Orlando_Bloom_0001.jpg,0,0.97160417
Antonio_Bernardo/Antonio_Bernardo_0001.jpg,Billy_Donovan/Billy_Donovan_0001.jpg,0,0.98623174
Antonio_Bernardo/Antonio_Bernardo_0001.jpg,Dwain_Kyles/Dwain_Kyles_0001.jpg,0,0.97800934
Antonio_Bernardo/Antonio_Bernardo_0001.jpg,Elizabeth_Hill/Elizabeth_Hill_0001.jpg,0,0.96492743
Antonio_Bernardo/Antonio_Bernardo_0001.jpg,Guy_Hemmings/Guy_Hemmings_0001.jpg,0,0.96703696
Antonio_Bernardo/Antonio_Bernardo_0001.jpg,Kareena_Kapoor/Kareena_Kapoor_0001.jpg,0,0.96736914
Anzori_Kikalishvili/Anzori_Kikalishvili_0001.jpg,Carlos_Quintanilla_Schmidt/Carlos_Quintanilla_Schmidt_0002.jpg,0,0.98387098
Anzori_Kikalishvili/Anzori_Kikalishvili_0001.jpg,Earl_Fritts/Earl_Fritts_0001.jpg,0,0.96850699
Anzori_Kikalishvili/Anzori_Kikalishvili_0001.jpg,Salman_Rushdie/Salman_Rushdie_0001.jpg,0,0.98142183
Aram_Adler/Aram_Adler_0001.jpg,Cesar_Gaviria/Cesar_Gaviria_0003.jpg,0,0.98214900
Aram_Adler/Aram_Adler_0001.jpg,Deepa_Mehta/Deepa_Mehta_0001.jpg,0,0.96564704
Arie_Haan/Arie_Haan_0001.jpg,Tony_Parker/Tony_Parker_0002.jpg,0,0.96799511
Ariel_Sharon/Ariel_Sharon_0030.jpg,David_Ballantyne/David_Ballantyne_0001.jpg,0,0.97284389
Art_Hoffmann/Art_Hoffmann_0002.jpg,Juan_Carlos_Ortega/Juan_Carlos_Ortega_0001.jpg,0,0.96668786
Atiabet_Ijan_Amabel/Atiabet_Ijan_Amabel_0001.jpg,John_Perrota/John_Perrota_0001.jpg,0,0.97024751
Augustin_Calleri/Augustin_Calleri_0003.jpg,Lee_Jun/Lee_Jun_0002.jpg,0,0.96592247
Barry_Nakell/Barry_Nakell_0001.jpg,Maria_Simon/Maria_Simon_0001.jpg,0,0.96277350
Basdeo_Panday/Basdeo_Panday_0001.jpg,Filippo_Volandri/Filippo_Volandri_0001.jpg,0,0.97478628
Ben_Betts/Ben_Betts_0001.jpg,Kimi_Raikkonen/Kimi_Raikkonen_0003.jpg,0,0.96197724
Ben_Braun/Ben_Braun_0001.jpg,Cecilia_Chang/Cecilia_Chang_0001.jpg,0,0.96687043
Ben_Braun/Ben_Braun_0001.jpg,Horace_Newcomb/Horace_Newcomb_0001.jpg,0,0.99165875
Ben_Chandler/Ben_Chandler_0001.jpg,Larry_Hagman/Larry_Hagman_0001.jpg,0,0.97514510
Ben_Lee/Ben_Lee_0001.jpg,Horace_Newcomb/Horace_Newcomb_0001.jpg,0,0.97373998
Ben_Stein/Ben_Stein_0001.jpg,David_Canary/David_Canary_0001.jpg,0,0.97651827
Ben_Stein/Ben_Stein_0001.jpg,Lionel_Richie/Lionel_Richie_0002.jpg,0,0.96500397
Bernadette_Peters/Bernadette_Peters_0001.jpg,Ed_Smart/Ed_Smart_0001.jpg,0,0.96305966
Bertie_Ahern/Bertie_Ahern_0004.jpg,Jim_Leach/Jim_Leach_0001.jpg,0,0.98310834
Bill_OReilly/Bill_OReilly_0001.jpg,Jim_Wessling/Jim_Wessling_0001.jpg,0,0.99118173
Billy_Boyd/Billy_Boyd_0001.jpg,Sid_Caesar/Sid_Caesar_0001.jpg,0,0.97848135
Billy_Donovan/Billy_Donovan_0001.jpg,Brandon_Spann/Brandon_Spann_0001.jpg,0,0.97789657
Billy_Donovan/Billy_Donovan_0001.jpg,Cabas/Cabas_0001.jpg,0,0.99065733
Billy_Donovan/Billy_Donovan_0001.jpg,William_Nessen/William_Nessen_0001.jpg,0,0.96789759
Binyamin_Ben-Eliezer/Binyamin_Ben-Eliezer_0001.jpg,Jenny_Romero/Jenny_Romero_0001.jpg,0,0.96498728
Bo_Ryan/Bo_Ryan_0002.jpg,Heidi_Fleiss/Heidi_Fleiss_0003.jpg,0,0.96909022
Bob_Beauprez/Bob_Beauprez_0002.jpg,Hedayat_Amin_Arsala/Hedayat_Amin_Arsala_0001.jpg,0,0.98704720
Bob_Beauprez/Bob_Beauprez_0002.jpg,John_Norquist/John_Norquist_0001.jpg,0,0.98191386
Bob_Hayes/Bob_Hayes_0001.jpg,Zhu_Rongji/Zhu_Rongji_0008.jpg,0,0.97357261
Brady_Rodgers/Brady_Rodgers_0001.jpg,Jenna_Elfman/Jenna_Elfman_0001.jpg,0,0.98142242
Brandon_Larson/Brandon_Larson_0001.jpg,Chita_Rivera/Chita_Rivera_0001.jpg,0,0.96282536
Brendan_Hansen/Brendan_Hansen_0002.jpg,Dorothy_Wilson/Dorothy_Wilson_0001.jpg,0,0.96209508
Caio_Blat/Caio_Blat_0001.jpg,Sanja_Papic/Sanja_Papic_0001.jpg,0,0.97039896
Carlos_Quintanilla_Schmidt/Carlos_Quintanilla_Schmidt_0001.jpg,Nova_Esther_Guthrie/Nova_Esther_Guthrie_0001.jpg,0,0.96867758
Carlos_Quintanilla_Schmidt/Carlos_Quintanilla_Schmidt_0002.jpg,Chris_Thomas/Chris_Thomas_0001.jpg,0,0.97740519
Carroll_Weimer/Carroll_Weimer_0001.jpg,Chris_Pronger/Chris_Pronger_0001.jpg,0,0.97259820
Carroll_Weimer/Carroll_Weimer_0001.jpg,Debbie_Reynolds/Debbie_Reynolds_0002.jpg,0,0.96500093
Cecilia_Bolocco/Cecilia_Bolocco_0001.jpg,John_Perrota/John_Perrota_0001.jpg,0,0.96896750
Cecilia_Bolocco/Cecilia_Bolocco_0001.jpg,Kurt_Schottenheimer/Kurt_Schottenheimer_0001.jpg,0,0.97681415
Celia_Cruz/Celia_Cruz_0001.jpg,Rob_Ramsay/Rob_Ramsay_0001.jpg,0,0.98389506
Charlie_Zaa/Charlie_Zaa_0002.jpg,Theo_Epstein/Theo_Epstein_0002.jpg,0,0.97789276
Chris_Pronger/Chris_Pronger_0001.jpg,Edgar_Savisaar/Edgar_Savisaar_0001.jpg,0,0.98922110
Christian_Longo/Christian_Longo_0002.jpg,David_Carradine/David_Carradine_0001.jpg,0,0.96447879
Christian_Wulff/Christian_Wulff_0002.jpg,Kjell_Magne_Bondevik/Kjell_Magne_Bondevik_0003.jpg,0,0.99424791
Cindy_Klassen/Cindy_Klassen_0001.jpg,Val_Ackerman/Val_Ackerman_0001.jpg,0,0.99252141
Cindy_Taylor/Cindy_Taylor_0001.jpg,Fabian_Vargas/Fabian_Vargas_0001.jpg,0,0.97522783
Claudette_Robinson/Claudette_Robinson_0001.jpg,Eric_Fehr/Eric_Fehr_0001.jpg,0,0.98426932
Clifford_Robinson/Clifford_Robinson_0001.jpg,Magdalena_Maleeva/Magdalena_Maleeva_0002.jpg,0,0.97386539
Clifford_Robinson/Clifford_Robinson_0001.jpg,Shirley_Jones/Shirley_Jones_0001.jpg,0,0.97251922
Clifford_Robinson/Clifford_Robinson_0001.jpg,Tim_Howard/Tim_Howard_0001.jpg,0,0.98373044
Colin_Jackson/Colin_Jackson_0001.jpg,Marcelo_Ebrard/Marcelo_Ebrard_0003.jpg,0,0.96972156
Colin_Jackson/Colin_Jackson_0002.jpg,Hunter_Bates/Hunter_Bates_0001.jpg,0,0.96194100
Columba_Bush/Columba_Bush_0001.jpg,Larry_Anderson/Larry_Anderson_0001.jpg,0,0.96106648
Columba_Bush/Columba_Bush_0001.jpg,Neil_Goldman/Neil_Goldman_0001.jpg,0,0.96251428
Craig_Fitzgibbon/Craig_Fitzgibbon_0001.jpg,Joe_Dumars/Joe_Dumars_0001.jpg,0,0.97016650
Cristian_Barros/Cristian_Barros_0001.jpg,Steve_Largent/Steve_Largent_0001.jpg,0,0.97183979
Curtis_Strange/Curtis_Strange_0001.jpg,Kurt_Schottenheimer/Kurt_Schottenheimer_0001.jpg,0,0.98472089
Curtis_Strange/Curtis_Strange_0001.jpg,Raul_Chacon/Raul_Chacon_0001.jpg,0,0.97241521
Dan_Kellner/Dan_Kellner_0001.jpg,Freda_Black/Freda_Black_0001.jpg,0,0.97197330
Dan_LaCoutre/Dan_LaCoutre_0001.jpg,Gustavo_Kuerten/Gustavo_Kuerten_0002.jpg,0,0.98019743
Dan_Monson/Dan_Monson_0001.jpg,Jim_Flaherty/Jim_Flaherty_0001.jpg,0,0.97737193
Dan_Monson/Dan_Monson_0001.jpg,Rafael_Vinoly/Rafael_Vinoly_0001.jpg,0,0.97768021
Darrell_Porter/Darrell_Porter_0002.jpg,Robert_Towne/Robert_Towne_0001.jpg,0,0.95648515
Dave_Campo/Dave_Campo_0002.jpg,Jenny_Romero/Jenny_Romero_0001.jpg,0,0.95983481
David_Ballantyne/David_Ballantyne_0001.jpg,Diana_Taurasi/Diana_Taurasi_0002.jpg,0,0.95828164
David_Carradine/David_Carradine_0001.jpg,Kobe_Bryant/Kobe_Bryant_0001.jpg,0,0.96324408
David_Dodge/David_Dodge_0001.jpg,Francois_Botha/Francois_Botha_0001.jpg,0,0.99330080
David_Dodge/David_Dodge_0001.jpg,Larry_Anderson/Larry_Anderson_0001.jpg,0,0.98971748
David_Dodge/David_Dodge_0002.jpg,Thomas_Wyman/Thomas_Wyman_0002.jpg,0,0.99039328
David_Heyman/David_Heyman_0001.jpg,Rod_Paige/Rod_Paige_0001.jpg,0,0.97262239
David_Oh/David_Oh_0001.jpg,Desiree_McKenzie/Desiree_McKenzie_0001.jpg,0,0.97671783
David_Oh/David_Oh_0001.jpg,Joe_Garner/Joe_Garner_0001.jpg,0,0.96462929
David_Spade/David_Spade_0002.jpg,Denise_Locke/Denise_Locke_0001.jpg,0,0.96374518
David_Suazo/David_Suazo_0001.jpg,Jane_Krakowski/Jane_Krakowski_0001.jpg,0,0.97444975
David_Wells/David_Wells_0001.jpg,Mary_Hill/Mary_Hill_0001.jpg,0,0.97198546
David_Wells/David_Wells_0001.jpg,Yannos_Papantoniou/Yannos_Papantoniou_0001.jpg,0,0.97744632
Dawna_LoPiccolo/Dawna_LoPiccolo_0001.jpg,Jean-Claude_Juncker/Jean-Claude_Juncker_0002.jpg,0,0.97582775
Debbie_Reynolds/Debbie_Reynolds_0001.jpg,Nick_Nolte/Nick_Nolte_0001.jpg,0,0.96419179
Deniz_Baykal/Deniz_Baykal_0001.jpg,Kathy_Bates/Kathy_Bates_0001.jpg,0,0.97645122
Deniz_Baykal/Deniz_Baykal_0001.jpg,Robin_Wagner/Robin_Wagner_0001.jpg,0,0.96737021
Desiree_McKenzie/Desiree_McKenzie_0001.jpg,John_Danforth/John_Danforth_0001.jpg,0,0.96041918
Dick_Devine/Dick_Devine_0001.jpg,Michael_Jackson/Michael_Jackson_0009.jpg,0,0.96791548
Dinora_Rosales/Dinora_Rosales_0001.jpg,Robbie_Fowler/Robbie_Fowler_0001.jpg,0,0.97147965
Dirk_Kempthorne/Dirk_Kempthorne_0001.jpg,Janusz_Kaminski/Janusz_Kaminski_0001.jpg,0,0.98658538
Donald_Evans/Donald_Evans_0002.jpg,Fred_Funk/Fred_Funk_0002.jpg,0,0.98689830
Dorothy_Wilson/Dorothy_Wilson_0001.jpg,Jim_Thome/Jim_Thome_0001.jpg,0,0.96937168
Drew_Gooden/Drew_Gooden_0001.jpg,Kimi_Raikkonen/Kimi_Raikkonen_0003.jpg,0,0.96964645
Dwain_Kyles/Dwain_Kyles_0001.jpg,Gregory_Peck/Gregory_Peck_0001.jpg,0,0.96703184
Ed_Smart/Ed_Smart_0003.jpg,Jason_Gardner/Jason_Gardner_0001.jpg,0,0.96391535
Edgar_Savisaar/Edgar_Savisaar_0001.jpg,Kirk_Doerger/Kirk_Doerger_0001.jpg,0,0.98975092
Edward_Burns/Edward_Burns_0001.jpg,Paul_ONeill/Paul_ONeill_0001.jpg,0,0.96840876
Elmar_Brok/Elmar_Brok_0001.jpg,Jose_Jose/Jose_Jose_0001.jpg,0,0.97257400
Emily_Mortimer/Emily_Mortimer_0001.jpg,Maria_Simon/Maria_Simon_0001.jpg,0,0.99336129
Enos_Slaughter/Enos_Slaughter_0001.jpg,Qais_al-Kazali/Qais_al-Kazali_0001.jpg,0,0.96820921
Eric_Fehr/Eric_Fehr_0001.jpg,Lee_Jun/Lee_Jun_0002.jpg,0,0.96114165
Eric_Fehr/Eric_Fehr_0001.jpg,Tamara_Mowry/Tamara_Mowry_0001.jpg,0,0.96350813
Faisal_Saleh_Hayat/Faisal_Saleh_Hayat_0001.jpg,Marwan_Barghouthi/Marwan_Barghouthi_0001.jpg,0,0.99459171
Federico_Castelan_Sayre/Federico_Castelan_Sayre_0001.jpg,Jimmy_Jimenez/Jimmy_Jimenez_0001.jpg,0,0.98816383
Fiona_Milne/Fiona_Milne_0001.jpg,Hartmut_Mehdorn/Hartmut_Mehdorn_0001.jpg,0,0.95968640
Fiona_Milne/Fiona_Milne_0001.jpg,Josh_Kronfeld/Josh_Kronfeld_0001.jpg,0,0.96152961
Floyd_Keith/Floyd_Keith_0001.jpg,Halle_Berry/Halle_Berry_0001.jpg,0,0.97278428
Franklin_Brown/Franklin_Brown_0001.jpg,Michael_Jackson/Michael_Jackson_0010.jpg,0,0.98257911
Franklin_Brown/Franklin_Brown_0001.jpg,Tamara_Mowry/Tamara_Mowry_0001.jpg,0,0.96150172
Franklin_Brown/Franklin_Brown_0001.jpg,Yolanda_King/Yolanda_King_0001.jpg,0,0.97085679
Freda_Black/Freda_Black_0001.jpg,Rod_Paige/Rod_Paige_0001.jpg,0,0.96575660
Fruit_Chan/Fruit_Chan_0001.jpg,Kjell_Magne_Bondevik/Kjell_Magne_Bondevik_0003.jpg,0,0.98932683
Gary_Winnick/Gary_Winnick_0001.jpg,Michael_Patrick_King/Michael_Patrick_King_0002.jpg,0,0.98277676
George_Robertson/George_Robertson_0005.jpg,Robbie_Mc_Ewen/Robbie_Mc_Ewen_0001.jpg,0,0.96911585
Gloria_Trevi/Gloria_Trevi_0004.jpg,William_Ragland/William_Ragland_0001.jpg,0,0.97151268
Grace_Dodd/Grace_Dodd_0001.jpg,Henrique_Meirelles/Henrique_Meirelles_0001.jpg,0,0.95935023
Graeme_Lloyd/Graeme_Lloyd_0001.jpg,Humberto_Coelho/Humberto_Coelho_0001.jpg,0,0.97261298
Graeme_Lloyd/Graeme_Lloyd_0001.jpg,Laura_Pausini/Laura_Pausini_0001.jpg,0,0.96046096
Greg_Rusedski/Greg_Rusedski_0002.jpg,Horace_Newcomb/Horace_Newcomb_0001.jpg,0,0.97733295
Greg_Rusedski/Greg_Rusedski_0003.jpg,Javier_Bardem/Javier_Bardem_0001.jpg,0,0.96353364
Greg_Rusedski/Greg_Rusedski_0003.jpg,Marcos_Milinkovic/Marcos_Milinkovic_0001.jpg,0,0.98021722
Gregory_Peck/Gregory_Peck_0001.jpg,Jacqueline_Obradors/Jacqueline_Obradors_0001.jpg,0,0.95839345
Guillermo_Ruiz_Polanco/Guillermo_Ruiz_Polanco_0001.jpg,Jon_Constance/Jon_Constance_0001.jpg,0,0.98922551
Gustavo_Kuerten/Gustavo_Kuerten_0001.jpg,Rani_Mukherjee/Rani_Mukherjee_0001.jpg,0,0.97072273
Halle_Berry/Halle_Berry_0012.jpg,Janet_Chandler/Janet_Chandler_0001.jpg,0,0.96316159
Hartmut_Mehdorn/Hartmut_Mehdorn_0001.jpg,Natanaela_Barnova/Natanaela_Barnova_0001.jpg,0,0.97565985
Hartmut_Mehdorn/Hartmut_Mehdorn_0001.jpg,Sanja_Papic/Sanja_Papic_0001.jpg,0,0.96931463
Hartmut_Mehdorn/Hartmut_Mehdorn_0001.jpg,Svetlana_Belousova/Svetlana_Belousova_0001.jpg,0,0.96633190
Haydar_Aliyev/Haydar_Aliyev_0001.jpg,Nuon_Chea/Nuon_Chea_0001.jpg,0,0.98791432
Heather_Willson/Heather_Willson_0001.jpg,Lynn_Redgrave/Lynn_Redgrave_0003.jpg,0,0.96147060
Hector_Mitelman/Hector_Mitelman_0001.jpg,Jon_Gruden/Jon_Gruden_0002.jpg,0,0.99426210
Helo_Pinheiro/Helo_Pinheiro_0001.jpg,Robert_Durst/Robert_Durst_0001.jpg,0,0.96550286
Herman_Edwards/Herman_Edwards_0001.jpg,Patrick_Eaves/Patrick_Eaves_0001.jpg,0,0.98925608
Hermogenes_Ebdane_Jr/Hermogenes_Ebdane_Jr_0001.jpg,Sanja_Papic/Sanja_Papic_0001.jpg,0,0.97220635
Horace_Newcomb/Horace_Newcomb_0001.jpg,Stephan_Eberharter/Stephan_Eberharter_0001.jpg,0,0.96229702
Hugo_Colace/Hugo_Colace_0001.jpg,Kim_Yun-kyu/Kim_Yun-kyu_0001.jpg,0,0.96220076
Humberto_Coelho/Humberto_Coelho_0001.jpg,Sue_Wicks/Sue_Wicks_0002.jpg,0,0.96654129
Hunter_Bates/Hunter_Bates_0001.jpg,Pedro_Alvarez/Pedro_Alvarez_0001.jpg,0,0.95329916
Hunter_Bates/Hunter_Bates_0001.jpg,William_Rosenberg/William_Rosenberg_0001.jpg,0,0.96585065
Igor_Trunov/Igor_Trunov_0001.jpg,Peter_Sejna/Peter_Sejna_0001.jpg,0,0.97620630
Ivan_Stambolic/Ivan_Stambolic_0001.jpg,Michael_Bloomberg/Michael_Bloomberg_0018.jpg,0,0.98404723
Jack_LaLanne/Jack_LaLanne_0001.jpg,Yves_Brodeur/Yves_Brodeur_0001.jpg,0,0.97614539
Jacqueline_Obradors/Jacqueline_Obradors_0001.jpg,Julie_Taymor/Julie_Taymor_0001.jpg,0,0.99510467
Jada_Pinkett_Smith/Jada_Pinkett_Smith_0002.jpg,Jenny_Romero/Jenny_Romero_0001.jpg,0,0.98991370
James_Cunningham/James_Cunningham_0003.jpg,Stephen_Daldry/Stephen_Daldry_0001.jpg,0,0.98464775
James_Gibson/James_Gibson_0001.jpg,Roger_Corbett/Roger_Corbett_0001.jpg,0,0.96081281
James_Parker/James_Parker_0001.jpg,Saeed_Mortazavi/Saeed_Mortazavi_0001.jpg,0,0.97603989
Jane_Krakowski/Jane_Krakowski_0001.jpg,Shingo_Suetsugu/Shingo_Suetsugu_0001.jpg,0,0.96775782
Janice_Goldfinger/Janice_Goldfinger_0001.jpg,Pyar_Jung_Thapa/Pyar_Jung_Thapa_0001.jpg,0,0.96237183
Janusz_Kaminski/Janusz_Kaminski_0001.jpg,Lisa_Stone/Lisa_Stone_0001.jpg,0,0.96784985
Jason_Lezak/Jason_Lezak_0001.jpg,John_Bolton/John_Bolton_0004.jpg,0,0.96179080
Jason_Lezak/Jason_Lezak_0001.jpg,Simon_Cowell/Simon_Cowell_0001.jpg,0,0.98753262
Javier_Vazquez/Javier_Vazquez_0001.jpg,Karin_Stoiber/Karin_Stoiber_0002.jpg,0,0.97687519
Jay_Rasulo/Jay_Rasulo_0001.jpg,Nova_Esther_Guthrie/Nova_Esther_Guthrie_0001.jpg,0,0.97866756
Jean-Marc_Olive/Jean-Marc_Olive_0001.jpg,John_Timoney/John_Timoney_0001.jpg,0,0.98518115
Jean-Marc_Olive/Jean-Marc_Olive_0001.jpg,Tino_Martinez/Tino_Martinez_0001.jpg,0,0.97337812
Jeri_Ryan/Jeri_Ryan_0001.jpg,Nova_Esther_Guthrie/Nova_Esther_Guthrie_0001.jpg,0,0.98245758
Jeri_Ryan/Jeri_Ryan_0001.jpg,Peter_Goldmark/Peter_Goldmark_0001.jpg,0,0.97387373
Jeri_Ryan/Jeri_Ryan_0001.jpg,Scott_Sullivan/Scott_Sullivan_0002.jpg,0,0.97917843
Jeri_Ryan/Jeri_Ryan_0001.jpg,Skip_Prosser/Skip_Prosser_0001.jpg,0,0.97446364
Jesse_James_Leija/Jesse_James_Leija_0002.jpg,Joaquin_Phoenix/Joaquin_Phoenix_0001.jpg,0,0.98320132
Jesse_James_Leija/Jesse_James_Leija_0002.jpg,Nick_Nolte/Nick_Nolte_0004.jpg,0,0.97962421
Jesse_Ventura/Jesse_Ventura_0002.jpg,Lela_Rochon/Lela_Rochon_0001.jpg,0,0.95987469
Jessica_Biel/Jessica_Biel_0001.jpg,Jim_Fassel/Jim_Fassel_0001.jpg,0,0.97254694
Jim_Flaherty/Jim_Flaherty_0001.jpg,Mark_Andrew/Mark_Andrew_0001.jpg,0,0.97537458
Jim_Tressel/Jim_Tressel_0003.jpg,Ralf_Schumacher/Ralf_Schumacher_0003.jpg,0,0.97656679
Jimmy_Jimenez/Jimmy_Jimenez_0001.jpg,Miles_Stewart/Miles_Stewart_0001.jpg,0,0.97815788
Jimmy_Lee/Jimmy_Lee_0001.jpg,Nova_Esther_Guthrie/Nova_Esther_Guthrie_0001.jpg,0,0.97546333
Joan_Laporta/Joan_Laporta_0003.jpg,Roy_Romanow/Roy_Romanow_0001.jpg,0,0.97199970
Joaquin_Phoenix/Joaquin_Phoenix_0001.jpg,Rainer_Geulen/Rainer_Geulen_0001.jpg,0,0.97130954
Joe_Dumars/Joe_Dumars_0002.jpg,Timothy_McVeigh/Timothy_McVeigh_0001.jpg,0,0.97134465
John_Bolton/John_Bolton_0014.jpg,Kim_Yun-kyu/Kim_Yun-kyu_0001.jpg,0,0.97559744
John_Kerr/John_Kerr_0001.jpg,Li_Changchun/Li_Changchun_0001.jpg,0,0.96208227
John_Swofford/John_Swofford_0002.jpg,Sok_An/Sok_An_0001.jpg,0,0.98874056
Juan_Fernandez/Juan_Fernandez_0001.jpg,Paul_Krueger/Paul_Krueger_0001.jpg,0,0.98507023
Juan_Fernandez/Juan_Fernandez_0001.jpg,Suzanne_Mubarak/Suzanne_Mubarak_0001.jpg,0,0.96513331
Justin_Wilson/Justin_Wilson_0001.jpg,Larry_Hagman/Larry_Hagman_0001.jpg,0,0.96184546
Justin_Wilson/Justin_Wilson_0001.jpg,Ray_Bradbury/Ray_Bradbury_0001.jpg,0,0.96620739
Kara_Lynn_Joyce/Kara_Lynn_Joyce_0001.jpg,Zach_Pillar/Zach_Pillar_0001.jpg,0,0.95302856
Kim_Chinn/Kim_Chinn_0001.jpg,Robert_Flodquist/Robert_Flodquist_0001.jpg,0,0.96400952
Kim_Chinn/Kim_Chinn_0001.jpg,Ruth_Harlow/Ruth_Harlow_0002.jpg,0,0.97133482
Kim_Yong-il/Kim_Yong-il_0002.jpg,Linda_Ham/Linda_Ham_0001.jpg,0,0.96220809
Kwon_Yang-sook/Kwon_Yang-sook_0003.jpg,Tommy_Robredo/Tommy_Robredo_0001.jpg,0,0.96056950
Lane_Bryant/Lane_Bryant_0001.jpg,Yannos_Papantoniou/Yannos_Papantoniou_0001.jpg,0,0.95777202
Larry_Hagman/Larry_Hagman_0001.jpg,Teddy_Kollek/Teddy_Kollek_0001.jpg,0,0.99052227
Larry_Hagman/Larry_Hagman_0001.jpg,Val_Ackerman/Val_Ackerman_0001.jpg,0,0.97201967
Laura_Gobai/Laura_Gobai_0001.jpg,Robin_Wagner/Robin_Wagner_0001.jpg,0,0.95345354
Laura_Pausini/Laura_Pausini_0001.jpg,Thad_Matta/Thad_Matta_0001.jpg,0,0.96435308
Laura_Romero/Laura_Romero_0001.jpg,Paula_Zahn/Paula_Zahn_0002.jpg,0,0.96746886
Lee_Jun/Lee_Jun_0001.jpg,Ruth_Pearce/Ruth_Pearce_0001.jpg,0,0.97293538
Lee_Jun/Lee_Jun_0002.jpg,Stephen_Friedman/Stephen_Friedman_0001.jpg,0,0.96619272
Lela_Rochon/Lela_Rochon_0001.jpg,Michael_Haneke/Michael_Haneke_0001.jpg,0,0.96118593
Lela_Rochon/Lela_Rochon_0001.jpg,Yannos_Papantoniou/Yannos_Papantoniou_0001.jpg,0,0.95652997
Lesley_Flood/Lesley_Flood_0001.jpg,Peter_Goldmark/Peter_Goldmark_0001.jpg,0,0.96865559
Li_Changchun/Li_Changchun_0001.jpg,Pieter_Bouw/Pieter_Bouw_0001.jpg,0,0.98000562
Lina_Krasnoroutskaya/Lina_Krasnoroutskaya_0001.jpg,Troy_Polamalu/Troy_Polamalu_0001.jpg,0,0.97173834
Linda_Lingle/Linda_Lingle_0001.jpg,Victor_Hanescu/Victor_Hanescu_0001.jpg,0,0.96649182
Lisa_Stone/Lisa_Stone_0001.jpg,Rod_Paige/Rod_Paige_0001.jpg,0,0.96433574
Lisa_Stone/Lisa_Stone_0001.jpg,Scott_Sullivan/Scott_Sullivan_0002.jpg,0,0.96524054
Lou_Lang/Lou_Lang_0001.jpg,Nova_Esther_Guthrie/Nova_Esther_Guthrie_0001.jpg,0,0.98539174
Luc_Montagnier/Luc_Montagnier_0001.jpg,Paul_Krueger/Paul_Krueger_0001.jpg,0,0.98591185
Luc_Montagnier/Luc_Montagnier_0001.jpg,Pedro_Alvarez/Pedro_Alvarez_0001.jpg,0,0.96778309
Luc_Montagnier/Luc_Montagnier_0001.jpg,Pierre_Pettigrew/Pierre_Pettigrew_0002.jpg,0,0.98374170
Luis_Guzman/Luis_Guzman_0001.jpg,Patsy_Kensit/Patsy_Kensit_0001.jpg,0,0.97336441
Marcelo_Ebrard/Marcelo_Ebrard_0002.jpg,Mike_Scioscia/Mike_Scioscia_0002.jpg,0,0.99625725
Marcelo_Rios/Marcelo_Rios_0004.jpg,Maria_Shriver/Maria_Shriver_0003.jpg,0,0.96861875
Marcelo_Rios/Marcelo_Rios_0004.jpg,Pierre_Pettigrew/Pierre_Pettigrew_0001.jpg,0,0.95782250
Marcelo_Rios/Marcelo_Rios_0004.jpg,Saeed_Mortazavi/Saeed_Mortazavi_0001.jpg,0,0.98742390
Margaret_Thatcher/Margaret_Thatcher_0001.jpg,Pedro_Alvarez/Pedro_Alvarez_0001.jpg,0,0.94449794
Margaret_Thatcher/Margaret_Thatcher_0001.jpg,Salman_Rushdie/Salman_Rushdie_0002.jpg,0,0.96536267
Maria_Simon/Maria_Simon_0001.jpg,Mona_Rishmawi/Mona_Rishmawi_0001.jpg,0,0.97536922
Maria_Simon/Maria_Simon_0001.jpg,Robert_Durst/Robert_Durst_0001.jpg,0,0.97264969
Marlon_Devonish/Marlon_Devonish_0001.jpg,Patrick_Clawsen/Patrick_Clawsen_0001.jpg,0,0.98682225
Max_von_Sydow/Max_von_Sydow_0001.jpg,Zhu_Rongji/Zhu_Rongji_0001.jpg,0,0.97838396
Mel_Karmazin/Mel_Karmazin_0001.jpg,Pierre_Pettigrew/Pierre_Pettigrew_0001.jpg,0,0.98179579
Melana_Scantlin/Melana_Scantlin_0001.jpg,William_Ragland/William_Ragland_0001.jpg,0,0.97200340
Michael_Bloomberg/Michael_Bloomberg_0015.jpg,Ozzy_Osbourne/Ozzy_Osbourne_0002.jpg,0,0.96769375
Michael_J_Fox/Michael_J_Fox_0001.jpg,Ricky_Barnes/Ricky_Barnes_0001.jpg,0,0.98173082
Michael_J_Fox/Michael_J_Fox_0001.jpg,Thomas_Daily/Thomas_Daily_0001.jpg,0,0.97931975
Micky_Ward/Micky_Ward_0001.jpg,Takenori_Kanzaki/Takenori_Kanzaki_0001.jpg,0,0.98413563
Mike_Babcock/Mike_Babcock_0001.jpg,Tony_Parker/Tony_Parker_0002.jpg,0,0.96092045
Mike_Martz/Mike_Martz_0005.jpg,William_Burns/William_Burns_0001.jpg,0,0.98221630
Mira_Sorvino/Mira_Sorvino_0001.jpg,Simon_Cowell/Simon_Cowell_0002.jpg,0,0.97341752
Mira_Sorvino/Mira_Sorvino_0001.jpg,Tom_Tunney/Tom_Tunney_0001.jpg,0,0.97164047
Miroljub/Miroljub_0002.jpg,Theo_Epstein/Theo_Epstein_0001.jpg,0,0.97092056
Mitzi_Gaynor/Mitzi_Gaynor_0001.jpg,Ruth_Harlow/Ruth_Harlow_0001.jpg,0,0.97212029
Mohammed_Dahlan/Mohammed_Dahlan_0001.jpg,Ronald_White/Ronald_White_0001.jpg,0,0.98616314
Natanaela_Barnova/Natanaela_Barnova_0001.jpg,Nuon_Chea/Nuon_Chea_0001.jpg,0,0.97303736
Noel_Forgeard/Noel_Forgeard_0001.jpg,Zach_Pillar/Zach_Pillar_0001.jpg,0,0.98889410
Normand_Legault/Normand_Legault_0001.jpg,Omar_Vizquel/Omar_Vizquel_0001.jpg,0,0.98226428
Normand_Legault/Normand_Legault_0001.jpg,Rupert_Grint/Rupert_Grint_0003.jpg,0,0.96440452
Nova_Esther_Guthrie/Nova_Esther_Guthrie_0001.jpg,Stephen_Joseph/Stephen_Joseph_0001.jpg,0,0.99218422
Ontario_Lett/Ontario_Lett_0001.jpg,Wallace_Capel/Wallace_Capel_0001.jpg,0,0.97691900
Orlando_Bloom/Orlando_Bloom_0001.jpg,Ray_Liotta/Ray_Liotta_0001.jpg,0,0.97869939
Patrick_Clawsen/Patrick_Clawsen_0001.jpg,Sandra_Banning/Sandra_Banning_0001.jpg,0,0.96471119
Paul_Coppin/Paul_Coppin_0002.jpg,Rick_Husband/Rick_Husband_0001.jpg,0,0.98407757
Paul_Murphy/Paul_Murphy_0001.jpg,Qazi_Hussain_Ahmed/Qazi_Hussain_Ahmed_0001.jpg,0,0.97459131
Paul_Newman/Paul_Newman_0001.jpg,Robert_Blake/Robert_Blake_0003.jpg,0,0.98948747
Paula_Zahn/Paula_Zahn_0001.jpg,Tamara_Mowry/Tamara_Mowry_0001.jpg,0,0.97300863
Peter_Ahearn/Peter_Ahearn_0001.jpg,Romain_Duris/Romain_Duris_0001.jpg,0,0.98189414
Peter_Gabriel/Peter_Gabriel_0001.jpg,Peter_OToole/Peter_OToole_0001.jpg,0,0.98081517
Peter_Lundgren/Peter_Lundgren_0001.jpg,William_Rosenberg/William_Rosenberg_0001.jpg,0,0.97984910
Peter_OToole/Peter_OToole_0001.jpg,Qazi_Afzal/Qazi_Afzal_0001.jpg,0,0.96561468
Qais_al-Kazali/Qais_al-Kazali_0001.jpg,Ringo_Starr/Ringo_Starr_0001.jpg,0,0.99222660
Randy_Brown/Randy_Brown_0001.jpg,Val_Ackerman/Val_Ackerman_0001.jpg,0,0.96731979
Rani_Mukherjee/Rani_Mukherjee_0001.jpg,Timothy_McVeigh/Timothy_McVeigh_0001.jpg,0,0.97229427
Ringo_Starr/Ringo_Starr_0001.jpg,Zach_Pillar/Zach_Pillar_0001.jpg,0,0.99112296
Roger_Corbett/Roger_Corbett_0001.jpg,Tocker_Pudwill/Tocker_Pudwill_0001.jpg,0,0.96909165
Ruth_Harlow/Ruth_Harlow_0001.jpg,Virgina_Ruano_Pascal/Virgina_Ruano_Pascal_0001.jpg,0,0.97235799
Sandra_Banning/Sandra_Banning_0001.jpg,Wolfgang_Schneiderhan/Wolfgang_Schneiderhan_0001.jpg,0,0.96767211
Scott_Wolf/Scott_Wolf_0002.jpg,Troy_Polamalu/Troy_Polamalu_0001.jpg,0,0.97354031
Sergei_Alexandrovitch_Ordzhonikidze/Sergei_Alexandrovitch_Ordzhonikidze_0001.jpg,Yolanda_King/Yolanda_King_0001.jpg,0,0.96825463
Shane_Loux/Shane_Loux_0001.jpg,Val_Ackerman/Val_Ackerman_0001.jpg,0,0.99020898
Shawn_Marion/Shawn_Marion_0001.jpg,Shirley_Jones/Shirley_Jones_0001.jpg,0,0.96363765
Slobodan_Milosevic/Slobodan_Milosevic_0002.jpg,Sok_An/Sok_An_0001.jpg,0,0.98751348
