image_a,image_b,label,cosine_score
Abel_Pacheco/Abel_Pacheco_0001.jpg,Abel_Pacheco/Abel_Pacheco_0004.jpg,1,0.44915369
Akhmed_Zakayev/Akhmed_Zakayev_0001.jpg,Akhmed_Zakayev/Akhmed_Zakayev_0003.jpg,1,0.80556726
Akhmed_Zakayev/Akhmed_Zakayev_0002.jpg,Akhmed_Zakayev/Akhmed_Zakayev_0003.jpg,1,0.70896780
Amber_Tamblyn/Amber_Tamblyn_0001.jpg,Amber_Tamblyn/Amber_Tamblyn_0002.jpg,1,0.66568840
Anders_Fogh_Rasmussen/Anders_Fogh_Rasmussen_0001.jpg,Anders_Fogh_Rasmussen/Anders_Fogh_Rasmussen_0003.jpg,1,0.61371303
Anders_Fogh_Rasmussen/Anders_Fogh_Rasmussen_0001.jpg,Anders_Fogh_Rasmussen/Anders_Fogh_Rasmussen_0004.jpg,1,0.51996124
Angela_Bassett/Angela_Bassett_0001.jpg,Angela_Bassett/Angela_Bassett_0005.jpg,1,0.62741363
Angela_Bassett/Angela_Bassett_0002.jpg,Angela_Bassett/Angela_Bassett_0005.jpg,1,0.51266336
Angela_Bassett/Angela_Bassett_0003.jpg,Angela_Bassett/Angela_Bassett_0004.jpg,1,0.01567209
Ann_Veneman/Ann_Veneman_0003.jpg,Ann_Veneman/Ann_Veneman_0005.jpg,1,0.64468992
Ann_Veneman/Ann_Veneman_0006.jpg,Ann_Veneman/Ann_Veneman_0010.jpg,1,0.30912802
Ann_Veneman/Ann_Veneman_0010.jpg,Ann_Veneman/Ann_Veneman_0011.jpg,1,0.27643242
Anthony_Fauci/Anthony_Fauci_0001.jpg,Anthony_Fauci/Anthony_Fauci_0002.jpg,1,0.61378384
Antony_Leung/Antony_Leung_0001.jpg,Antony_Leung/Antony_Leung_0002.jpg,1,0.52963960
Antony_Leung/Antony_Leung_0002.jpg,Antony_Leung/Antony_Leung_0003.jpg,1,0.56997854
Anwar_Ibrahim/Anwar_Ibrahim_0001.jpg,Anwar_Ibrahim/Anwar_Ibrahim_0002.jpg,1,0.49247652
Augusto_Pinochet/Augusto_Pinochet_0001.jpg,Augusto_Pinochet/Augusto_Pinochet_0002.jpg,1,0.86364812
Barbara_Brezigar/Barbara_Brezigar_0001.jpg,Barbara_Brezigar/Barbara_Brezigar_0002.jpg,1,0.55438954
Benjamin_Netanyahu/Benjamin_Netanyahu_0001.jpg,Benjamin_Netanyahu/Benjamin_Netanyahu_0004.jpg,1,0.71264517
Benjamin_Netanyahu/Benjamin_Netanyahu_0004.jpg,Benjamin_Netanyahu/Benjamin_Netanyahu_0005.jpg,1,0.43888828
Bernard_Law/Bernard_Law_0002.jpg,Bernard_Law/Bernard_Law_0003.jpg,1,0.47541478
Bernard_Law/Bernard_Law_0003.jpg,Bernard_Law/Bernard_Law_0004.jpg,1,0.61605287
Bertrand_Bonello/Bertrand_Bonello_0001.jpg,Bertrand_Bonello/Bertrand_Bonello_0002.jpg,1,0.59197134
Bill_Frist/Bill_Frist_0002.jpg,Bill_Frist/Bill_Frist_0009.jpg,1,0.31574661
Bill_Frist/Bill_Frist_0004.jpg,Bill_Frist/Bill_Frist_0005.jpg,1,0.13901991
Bob_Graham/Bob_Graham_0002.jpg,Bob_Graham/Bob_Graham_0004.jpg,1,0.57838213
Bob_Graham/Bob_Graham_0003.jpg,Bob_Graham/Bob_Graham_0006.jpg,1,0.66531575
Bob_Graham/Bob_Graham_0004.jpg,Bob_Graham/Bob_Graham_0006.jpg,1,0.50867045
Bob_Graham/Bob_Graham_0005.jpg,Bob_Graham/Bob_Graham_0006.jpg,1,0.50397819
Boris_Becker/Boris_Becker_0002.jpg,Boris_Becker/Boris_Becker_0006.jpg,1,0.34554368
Brad_Johnson/Brad_Johnson_0001.jpg,Brad_Johnson/Brad_Johnson_0003.jpg,1,0.48572788
Brad_Johnson/Brad_Johnson_0002.jpg,Brad_Johnson/Brad_Johnson_0003.jpg,1,0.59248310
Brad_Johnson/Brad_Johnson_0002.jpg,Brad_Johnson/Brad_Johnson_0004.jpg,1,0.51540178
Brian_Griese/Brian_Griese_0001.jpg,Brian_Griese/Brian_Griese_0002.jpg,1,0.63069397
Candice_Bergen/Candice_Bergen_0001.jpg,Candice_Bergen/Candice_Bergen_0002.jpg,1,0.39903551
Candice_Bergen/Candice_Bergen_0002.jpg,Candice_Bergen/Candice_Bergen_0003.jpg,1,0.46617961
Carla_Myers/Carla_Myers_0001.jpg,Carla_Myers/Carla_Myers_0002.jpg,1,0.64147699
Cathy_Freeman/Cathy_Freeman_0001.jpg,Cathy_Freeman/Cathy_Freeman_0002.jpg,1,0.33671167
Chang_Dae-whan/Chang_Dae-whan_0001.jpg,Chang_Dae-whan/Chang_Dae-whan_0002.jpg,1,0.66923571
Charles_Grassley/Charles_Grassley_0001.jpg,Charles_Grassley/Charles_Grassley_0002.jpg,1,0.52718294
Clare_Short/Clare_Short_0001.jpg,Clare_Short/Clare_Short_0003.jpg,1,0.53727454
Clare_Short/Clare_Short_0001.jpg,Clare_Short/Clare_Short_0004.jpg,1,0.57313460
Corinne_Coman/Corinne_Coman_0001.jpg,Corinne_Coman/Corinne_Coman_0002.jpg,1,0.68200648
Dai_Bachtiar/Dai_Bachtiar_0001.jpg,Dai_Bachtiar/Dai_Bachtiar_0002.jpg,1,0.51677233
Dale_Earnhardt_Jr/Dale_Earnhardt_Jr_0001.jpg,Dale_Earnhardt_Jr/Dale_Earnhardt_Jr_0003.jpg,1,0.22562587
David_Caruso/David_Caruso_0001.jpg,David_Caruso/David_Caruso_0002.jpg,1,0.55180788
Demi_Moore/Demi_Moore_0001.jpg,Demi_Moore/Demi_Moore_0003.jpg,1,0.52424538
Dick_Vermeil/Dick_Vermeil_0001.jpg,Dick_Vermeil/Dick_Vermeil_0002.jpg,1,0.43853390
Doris_Roberts/Doris_Roberts_0001.jpg,Doris_Roberts/Doris_Roberts_0002.jpg,1,0.44197214
Doris_Roberts/Doris_Roberts_0001.jpg,Doris_Roberts/Doris_Roberts_0003.jpg,1,0.44334751
Drew_Barrymore/Drew_Barrymore_0001.jpg,Drew_Barrymore/Drew_Barrymore_0002.jpg,1,0.19586203
Edmund_Stoiber/Edmund_Stoiber_0004.jpg,Edmund_Stoiber/Edmund_Stoiber_0007.jpg,1,0.65764010
Edmund_Stoiber/Edmund_Stoiber_0005.jpg,Edmund_Stoiber/Edmund_Stoiber_0007.jpg,1,0.48120996
Edmund_Stoiber/Edmund_Stoiber_0007.jpg,Edmund_Stoiber/Edmund_Stoiber_0012.jpg,1,0.48263767
Edmund_Stoiber/Edmund_Stoiber_0009.jpg,Edmund_Stoiber/Edmund_Stoiber_0011.jpg,1,0.58192682
Elinor_Caplan/Elinor_Caplan_0001.jpg,Elinor_Caplan/Elinor_Caplan_0002.jpg,1,0.61256254
Emmanuelle_Beart/Emmanuelle_Beart_0001.jpg,Emmanuelle_Beart/Emmanuelle_Beart_0002.jpg,1,0.54893708
Emmanuelle_Beart/Emmanuelle_Beart_0001.jpg,Emmanuelle_Beart/Emmanuelle_Beart_0003.jpg,1,0.77974731
Federico_Trillo/Federico_Trillo_0001.jpg,Federico_Trillo/Federico_Trillo_0002.jpg,1,0.46296746
Federico_Trillo/Federico_Trillo_0001.jpg,Federico_Trillo/Federico_Trillo_0003.jpg,1,0.34778461
Federico_Trillo/Federico_Trillo_0002.jpg,Federico_Trillo/Federico_Trillo_0003.jpg,1,0.54422450
Francis_Ford_Coppola/Francis_Ford_Coppola_0001.jpg,Francis_Ford_Coppola/Francis_Ford_Coppola_0002.jpg,1,0.64210147
Fred_Thompson/Fred_Thompson_0001.jpg,Fred_Thompson/Fred_Thompson_0002.jpg,1,0.62334764
Fred_Thompson/Fred_Thompson_0001.jpg,Fred_Thompson/Fred_Thompson_0003.jpg,1,0.63529617
Fred_Thompson/Fred_Thompson_0002.jpg,Fred_Thompson/Fred_Thompson_0003.jpg,1,0.68234789
Garry_Trudeau/Garry_Trudeau_0001.jpg,Garry_Trudeau/Garry_Trudeau_0002.jpg,1,0.67713249
Gary_Williams/Gary_Williams_0001.jpg,Gary_Williams/Gary_Williams_0002.jpg,1,0.47780070
Gene_Robinson/Gene_Robinson_0001.jpg,Gene_Robinson/Gene_Robinson_0002.jpg,1,0.55196536
Gene_Robinson/Gene_Robinson_0001.jpg,Gene_Robinson/Gene_Robinson_0003.jpg,1,0.33847132
Gene_Robinson/Gene_Robinson_0002.jpg,Gene_Robinson/Gene_Robinson_0003.jpg,1,0.35214189
George_Galloway/George_Galloway_0001.jpg,George_Galloway/George_Galloway_0003.jpg,1,0.40184966
George_Galloway/George_Galloway_0002.jpg,George_Galloway/George_Galloway_0003.jpg,1,0.76652175
George_Galloway/George_Galloway_0002.jpg,George_Galloway/George_Galloway_0004.jpg,1,0.37248707
Geraldine_Chaplin/Geraldine_Chaplin_0001.jpg,Geraldine_Chaplin/Geraldine_Chaplin_0002.jpg,1,0.70959854
Geraldine_Chaplin/Geraldine_Chaplin_0001.jpg,Geraldine_Chaplin/Geraldine_Chaplin_0004.jpg,1,0.55327052
Geraldine_Chaplin/Geraldine_Chaplin_0003.jpg,Geraldine_Chaplin/Geraldine_Chaplin_0004.jpg,1,0.68615925
Gerardo_Gambala/Gerardo_Gambala_0001.jpg,Gerardo_Gambala/Gerardo_Gambala_0002.jpg,1,0.59434485
Gian_Marco/Gian_Marco_0001.jpg,Gian_Marco/Gian_Marco_0002.jpg,1,0.57136869
Gian_Marco/Gian_Marco_0002.jpg,Gian_Marco/Gian_Marco_0003.jpg,1,0.47292998
Gillian_Anderson/Gillian_Anderson_0001.jpg,Gillian_Anderson/Gillian_Anderson_0002.jpg,1,0.41731665
Gordon_Brown/Gordon_Brown_0006.jpg,Gordon_Brown/Gordon_Brown_0009.jpg,1,0.52427357
Gordon_Brown/Gordon_Brown_0010.jpg,Gordon_Brown/Gordon_Brown_0013.jpg,1,0.35255596
Grant_Hackett/Grant_Hackett_0001.jpg,Grant_Hackett/Grant_Hackett_0002.jpg,1,0.72939909
Grant_Hackett/Grant_Hackett_0001.jpg,Grant_Hackett/Grant_Hackett_0003.jpg,1,0.73903823
Grant_Hackett/Grant_Hackett_0001.jpg,Grant_Hackett/Grant_Hackett_0005.jpg,1,0.66751170
Gray_Davis/Gray_Davis_0007.jpg,Gray_Davis/Gray_Davis_0022.jpg,1,0.52876621
Gray_Davis/Gray_Davis_0021.jpg,Gray_Davis/Gray_Davis_0026.jpg,1,0.56496304
Gregg_Popovich/Gregg_Popovich_0001.jpg,Gregg_Popovich/Gregg_Popovich_0005.jpg,1,0.43352836
Gregg_Popovich/Gregg_Popovich_0003.jpg,Gregg_Popovich/Gregg_Popovich_0004.jpg,1,0.45455310
Guy_Ritchie/Guy_Ritchie_0001.jpg,Guy_Ritchie/Guy_Ritchie_0002.jpg,1,0.33794937
Hamzah_Haz/Hamzah_Haz_0001.jpg,Hamzah_Haz/Hamzah_Haz_0002.jpg,1,0.40724361
Harbhajan_Singh/Harbhajan_Singh_0001.jpg,Harbhajan_Singh/Harbhajan_Singh_0002.jpg,1,0.44687074
Hootie_Johnson/Hootie_Johnson_0001.jpg,Hootie_Johnson/Hootie_Johnson_0002.jpg,1,0.36598471
Hugo_Chavez/Hugo_Chavez_0002.jpg,Hugo_Chavez/Hugo_Chavez_0027.jpg,1,0.65000045
Hugo_Chavez/Hugo_Chavez_0027.jpg,Hugo_Chavez/Hugo_Chavez_0053.jpg,1,0.51248646
Hugo_Chavez/Hugo_Chavez_0036.jpg,Hugo_Chavez/Hugo_Chavez_0051.jpg,1,0.58799064
Hugo_Chavez/Hugo_Chavez_0041.jpg,Hugo_Chavez/Hugo_Chavez_0050.jpg,1,0.68639702
Hugo_Chavez/Hugo_Chavez_0045.jpg,Hugo_Chavez/Hugo_Chavez_0056.jpg,1,0.60142112
Isaiah_Washington/Isaiah_Washington_0001.jpg,Isaiah_Washington/Isaiah_Washington_0002.jpg,1,0.33963704
Jack_Grubman/Jack_Grubman_0001.jpg,Jack_Grubman/Jack_Grubman_0002.jpg,1,0.55268520
Jacques_Rogge/Jacques_Rogge_0001.jpg,Jacques_Rogge/Jacques_Rogge_0009.jpg,1,0.62161613
Jacques_Rogge/Jacques_Rogge_0003.jpg,Jacques_Rogge/Jacques_Rogge_0007.jpg,1,0.67490685
Jacques_Rogge/Jacques_Rogge_0003.jpg,Jacques_Rogge/Jacques_Rogge_0010.jpg,1,0.60936081
Jacques_Rogge/Jacques_Rogge_0004.jpg,Jacques_Rogge/Jacques_Rogge_0006.jpg,1,0.67519361
Jacques_Rogge/Jacques_Rogge_0004.jpg,Jacques_Rogge/Jacques_Rogge_0009.jpg,1,0.65429693
Jacques_Rogge/Jacques_Rogge_0005.jpg,Jacques_Rogge/Jacques_Rogge_0008.jpg,1,0.48469055
Jacques_Rogge/Jacques_Rogge_0006.jpg,Jacques_Rogge/Jacques_Rogge_0008.jpg,1,0.59082747
James_Caan/James_Caan_0001.jpg,James_Caan/James_Caan_0002.jpg,1,0.63646555
James_Caan/James_Caan_0001.jpg,James_Caan/James_Caan_0003.jpg,1,0.66236579
James_Caan/James_Caan_0002.jpg,James_Caan/James_Caan_0003.jpg,1,0.69908422
James_Jones/James_Jones_0001.jpg,James_Jones/James_Jones_0002.jpg,1,0.43118057
Jamling_Norgay/Jamling_Norgay_0001.jpg,Jamling_Norgay/Jamling_Norgay_0002.jpg,1,0.58329582
Janica_Kostelic/Janica_Kostelic_0001.jpg,Janica_Kostelic/Janica_Kostelic_0002.jpg,1,0.30784088
Jeanne_Moreau/Jeanne_Moreau_0001.jpg,Jeanne_Moreau/Jeanne_Moreau_0002.jpg,1,0.62784964
Jeffrey_Archer/Jeffrey_Archer_0001.jpg,Jeffrey_Archer/Jeffrey_Archer_0002.jpg,1,0.61300564
Jennifer_Garner/Jennifer_Garner_0001.jpg,Jennifer_Garner/Jennifer_Garner_0003.jpg,1,0.42928097
Jennifer_Garner/Jennifer_Garner_0004.jpg,Jennifer_Garner/Jennifer_Garner_0009.jpg,1,0.43956357
Jennifer_Garner/Jennifer_Garner_0005.jpg,Jennifer_Garner/Jennifer_Garner_0006.jpg,1,0.55670679
Jennifer_Garner/Jennifer_Garner_0005.jpg,Jennifer_Garner/Jennifer_Garner_0009.jpg,1,0.62700289
Jennifer_Garner/Jennifer_Garner_0007.jpg,Jennifer_Garner/Jennifer_Garner_0012.jpg,1,0.50554156
Jennifer_Garner/Jennifer_Garner_0008.jpg,Jennifer_Garner/Jennifer_Garner_0011.jpg,1,0.40042561
Jeremy_Greenstock/Jeremy_Greenstock_0002.jpg,Jeremy_Greenstock/Jeremy_Greenstock_0024.jpg,1,0.58632684
Jeremy_Greenstock/Jeremy_Greenstock_0003.jpg,Jeremy_Greenstock/Jeremy_Greenstock_0022.jpg,1,0.47863635
Jeremy_Greenstock/Jeremy_Greenstock_0005.jpg,Jeremy_Greenstock/Jeremy_Greenstock_0011.jpg,1,0.62055779
Jeremy_Greenstock/Jeremy_Greenstock_0010.jpg,Jeremy_Greenstock/Jeremy_Greenstock_0014.jpg,1,0.61907184
Jeremy_Greenstock/Jeremy_Greenstock_0017.jpg,Jeremy_Greenstock/Jeremy_Greenstock_0021.jpg,1,0.48178372
Jessica_Lange/Jessica_Lange_0001.jpg,Jessica_Lange/Jessica_Lange_0002.jpg,1,0.50003278
Jimmy_Carter/Jimmy_Carter_0001.jpg,Jimmy_Carter/Jimmy_Carter_0007.jpg,1,0.68052137
Jimmy_Carter/Jimmy_Carter_0004.jpg,Jimmy_Carter/Jimmy_Carter_0006.jpg,1,0.53156269
Jimmy_Carter/Jimmy_Carter_0005.jpg,Jimmy_Carter/Jimmy_Carter_0008.jpg,1,0.59905618
Jimmy_Carter/Jimmy_Carter_0006.jpg,Jimmy_Carter/Jimmy_Carter_0007.jpg,1,0.59554112
Jodie_Foster/Jodie_Foster_0001.jpg,Jodie_Foster/Jodie_Foster_0002.jpg,1,0.38836610
John_Manley/John_Manley_0001.jpg,John_Manley/John_Manley_0006.jpg,1,0.41915646
John_Manley/John_Manley_0002.jpg,John_Manley/John_Manley_0005.jpg,1,0.51058233
John_McCain/John_McCain_0002.jpg,John_McCain/John_McCain_0003.jpg,1,0.49365023
John_McCain/John_McCain_0003.jpg,John_McCain/John_McCain_0007.jpg,1,0.61045146
John_McCain/John_McCain_0006.jpg,John_McCain/John_McCain_0007.jpg,1,0.61168957
John_Snow/John_Snow_0003.jpg,John_Snow/John_Snow_0015.jpg,1,0.54682422
John_Snow/John_Snow_0004.jpg,John_Snow/John_Snow_0016.jpg,1,0.60156929
John_Snow/John_Snow_0009.jpg,John_Snow/John_Snow_0011.jpg,1,0.46129328
Johnson_Panjaitan/Johnson_Panjaitan_0001.jpg,Johnson_Panjaitan/Johnson_Panjaitan_0002.jpg,1,0.72863793
Jorge_Castaneda/Jorge_Castaneda_0001.jpg,Jorge_Castaneda/Jorge_Castaneda_0002.jpg,1,-0.02171163
Jose_Serra/Jose_Serra_0001.jpg,Jose_Serra/Jose_Serra_0009.jpg,1,0.71425337
Jose_Serra/Jose_Serra_0002.jpg,Jose_Serra/Jose_Serra_0008.jpg,1,0.59212041
Jose_Serra/Jose_Serra_0003.jpg,Jose_Serra/Jose_Serra_0005.jpg,1,0.41183954
Jose_Serra/Jose_Serra_0003.jpg,Jose_Serra/Jose_Serra_0007.jpg,1,0.44048601
Jose_Serra/Jose_Serra_0006.jpg,Jose_Serra/Jose_Serra_0009.jpg,1,0.71120334
Jose_Theodore/Jose_Theodore_0001.jpg,Jose_Theodore/Jose_Theodore_0002.jpg,1,0.40693510
Joseph_Blatter/Joseph_Blatter_0001.jpg,Joseph_Blatter/Joseph_Blatter_0002.jpg,1,0.41134477
Joseph_Ralston/Joseph_Ralston_0001.jpg,Joseph_Ralston/Joseph_Ralston_0002.jpg,1,0.45638394
Juan_Pablo_Montoya/Juan_Pablo_Montoya_0001.jpg,Juan_Pablo_Montoya/Juan_Pablo_Montoya_0008.jpg,1,0.20386186
Juan_Pablo_Montoya/Juan_Pablo_Montoya_0002.jpg,Juan_Pablo_Montoya/Juan_Pablo_Montoya_0004.jpg,1,0.64754099
Juan_Pablo_Montoya/Juan_Pablo_Montoya_0004.jpg,Juan_Pablo_Montoya/Juan_Pablo_Montoya_0005.jpg,1,0.41019225
Julianna_Margulies/Julianna_Margulies_0001.jpg,Julianna_Margulies/Julianna_Margulies_0002.jpg,1,0.03445558
Justin_Guarini/Justin_Guarini_0001.jpg,Justin_Guarini/Justin_Guarini_0002.jpg,1,0.29873517
Justin_Guarini/Justin_Guarini_0002.jpg,Justin_Guarini/Justin_Guarini_0003.jpg,1,0.57143635
Justine_Henin/Justine_Henin_0002.jpg,Justine_Henin/Justine_Henin_0003.jpg,1,0.37789354
Kate_Winslet/Kate_Winslet_0001.jpg,Kate_Winslet/Kate_Winslet_0002.jpg,1,0.42171225
Kate_Winslet/Kate_Winslet_0001.jpg,Kate_Winslet/Kate_Winslet_0004.jpg,1,0.34087983
Kate_Winslet/Kate_Winslet_0002.jpg,Kate_Winslet/Kate_Winslet_0003.jpg,1,0.71708864
Kate_Winslet/Kate_Winslet_0002.jpg,Kate_Winslet/Kate_Winslet_0004.jpg,1,0.64061785
Kathy_Winters/Kathy_Winters_0001.jpg,Kathy_Winters/Kathy_Winters_0002.jpg,1,0.75400943
Kelvin_Sampson/Kelvin_Sampson_0001.jpg,Kelvin_Sampson/Kelvin_Sampson_0002.jpg,1,0.64407694
Kevin_Stallings/Kevin_Stallings_0001.jpg,Kevin_Stallings/Kevin_Stallings_0002.jpg,1,0.53948200
Kim_Jong-Il/Kim_Jong-Il_0002.jpg,Kim_Jong-Il/Kim_Jong-Il_0003.jpg,1,0.72097218
Kristin_Davis/Kristin_Davis_0001.jpg,Kristin_Davis/Kristin_Davis_0002.jpg,1,0.71643066
Kristin_Davis/Kristin_Davis_0002.jpg,Kristin_Davis/Kristin_Davis_0003.jpg,1,0.53989649
Lance_Armstrong/Lance_Armstrong_0001.jpg,Lance_Armstrong/Lance_Armstrong_0017.jpg,1,0.50540197
Lance_Armstrong/Lance_Armstrong_0005.jpg,Lance_Armstrong/Lance_Armstrong_0010.jpg,1,0.24126753
Lance_Armstrong/Lance_Armstrong_0007.jpg,Lance_Armstrong/Lance_Armstrong_0011.jpg,1,0.56151509
Lance_Armstrong/Lance_Armstrong_0010.jpg,Lance_Armstrong/Lance_Armstrong_0018.jpg,1,0.51978791
Lance_Armstrong/Lance_Armstrong_0014.jpg,Lance_Armstrong/Lance_Armstrong_0017.jpg,1,0.17616713
Laurent_Jalabert/Laurent_Jalabert_0001.jpg,Laurent_Jalabert/Laurent_Jalabert_0002.jpg,1,0.59142262
Lindsey_Graham/Lindsey_Graham_0001.jpg,Lindsey_Graham/Lindsey_Graham_0002.jpg,1,0.55262458
Lisa_Gottsegen/Lisa_Gottsegen_0001.jpg,Lisa_Gottsegen/Lisa_Gottsegen_0002.jpg,1,0.63691831
Lleyton_Hewitt/Lleyton_Hewitt_0001.jpg,Lleyton_Hewitt/Lleyton_Hewitt_0013.jpg,1,0.46078339
Lleyton_Hewitt/Lleyton_Hewitt_0016.jpg,Lleyton_Hewitt/Lleyton_Hewitt_0027.jpg,1,0.75458658
Lleyton_Hewitt/Lleyton_Hewitt_0018.jpg,Lleyton_Hewitt/Lleyton_Hewitt_0037.jpg,1,0.55605465
Lleyton_Hewitt/Lleyton_Hewitt_0024.jpg,Lleyton_Hewitt/Lleyton_Hewitt_0036.jpg,1,0.61164010
Luis_Ernesto_Derbez_Bautista/Luis_Ernesto_Derbez_Bautista_0003.jpg,Luis_Ernesto_Derbez_Bautista/Luis_Ernesto_Derbez_Bautista_0006.jpg,1,0.48486692
Mario_Dumont/Mario_Dumont_0001.jpg,Mario_Dumont/Mario_Dumont_0002.jpg,1,0.29432723
Mark_Wahlberg/Mark_Wahlberg_0001.jpg,Mark_Wahlberg/Mark_Wahlberg_0003.jpg,1,0.16789493
Mark_Wahlberg/Mark_Wahlberg_0002.jpg,Mark_Wahlberg/Mark_Wahlberg_0003.jpg,1,0.34353060
Mark_Wahlberg/Mark_Wahlberg_0002.jpg,Mark_Wahlberg/Mark_Wahlberg_0004.jpg,1,0.60004818
Marlene_Weingartner/Marlene_Weingartner_0001.jpg,Marlene_Weingartner/Marlene_Weingartner_0002.jpg,1,0.32939005
Martha_Bowen/Martha_Bowen_0001.jpg,Martha_Bowen/Martha_Bowen_0002.jpg,1,0.35772687
Martin_Cauchon/Martin_Cauchon_0001.jpg,Martin_Cauchon/Martin_Cauchon_0002.jpg,1,0.69266057
Martin_Hoellwarth/Martin_Hoellwarth_0001.jpg,Martin_Hoellwarth/Martin_Hoellwarth_0002.jpg,1,0.30168080
Martin_Sheen/Martin_Sheen_0001.jpg,Martin_Sheen/Martin_Sheen_0002.jpg,1,0.55507755
Matthew_Broderick/Matthew_Broderick_0001.jpg,Matthew_Broderick/Matthew_Broderick_0004.jpg,1,0.46841258
Matthew_Broderick/Matthew_Broderick_0002.jpg,Matthew_Broderick/Matthew_Broderick_0003.jpg,1,0.45181233
Mike_Krzyzewski/Mike_Krzyzewski_0001.jpg,Mike_Krzyzewski/Mike_Krzyzewski_0006.jpg,1,0.32944748
Mikhail_Gorbachev/Mikhail_Gorbachev_0001.jpg,Mikhail_Gorbachev/Mikhail_Gorbachev_0002.jpg,1,0.06876501
Monica_Bellucci/Monica_Bellucci_0001.jpg,Monica_Bellucci/Monica_Bellucci_0004.jpg,1,0.21673086
Monica_Bellucci/Monica_Bellucci_0002.jpg,Monica_Bellucci/Monica_Bellucci_0004.jpg,1,0.18589562
Naomi_Campbell/Naomi_Campbell_0001.jpg,Naomi_Campbell/Naomi_Campbell_0002.jpg,1,0.67114711
Nestor_Kirchner/Nestor_Kirchner_0003.jpg,Nestor_Kirchner/Nestor_Kirchner_0030.jpg,1,0.49705073
Nestor_Kirchner/Nestor_Kirchner_0012.jpg,Nestor_Kirchner/Nestor_Kirchner_0021.jpg,1,0.55702162
Nestor_Kirchner/Nestor_Kirchner_0017.jpg,Nestor_Kirchner/Nestor_Kirchner_0025.jpg,1,0.57916957
Nicolas_Lapentti/Nicolas_Lapentti_0001.jpg,Nicolas_Lapentti/Nicolas_Lapentti_0002.jpg,1,0.33858085
Noah_Wyle/Noah_Wyle_0002.jpg,Noah_Wyle/Noah_Wyle_0003.jpg,1,0.60235238
Nora_Bendijo/Nora_Bendijo_0001.jpg,Nora_Bendijo/Nora_Bendijo_0002.jpg,1,0.18844882
Nursultan_Nazarbayev/Nursultan_Nazarbayev_0001.jpg,Nursultan_Nazarbayev/Nursultan_Nazarbayev_0002.jpg,1,0.13954858
Pamela_Anderson/Pamela_Anderson_0001.jpg,Pamela_Anderson/Pamela_Anderson_0002.jpg,1,0.57931113
Pamela_Anderson/Pamela_Anderson_0001.jpg,Pamela_Anderson/Pamela_Anderson_0005.jpg,1,-0.03063455
Patricia_Heaton/Patricia_Heaton_0001.jpg,Patricia_Heaton/Patricia_Heaton_0002.jpg,1,0.55729723
Patty_Schnyder/Patty_Schnyder_0001.jpg,Patty_Schnyder/Patty_Schnyder_0002.jpg,1,0.42316344
Patty_Schnyder/Patty_Schnyder_0002.jpg,Patty_Schnyder/Patty_Schnyder_0003.jpg,1,0.51582956
Patty_Schnyder/Patty_Schnyder_0002.jpg,Patty_Schnyder/Patty_Schnyder_0004.jpg,1,0.55269235
Patty_Schnyder/Patty_Schnyder_0003.jpg,Patty_Schnyder/Patty_Schnyder_0004.jpg,1,0.58947617
Paul_Bremer/Paul_Bremer_0006.jpg,Paul_Bremer/Paul_Bremer_0017.jpg,1,0.56842756
Paul_Bremer/Paul_Bremer_0007.jpg,Paul_Bremer/Paul_Bremer_0010.jpg,1,0.72243989
Paul_Bremer/Paul_Bremer_0009.jpg,Paul_Bremer/Paul_Bremer_0015.jpg,1,0.51761693
Paul_Bremer/Paul_Bremer_0014.jpg,Paul_Bremer/Paul_Bremer_0016.jpg,1,0.59455723
Paul_Sarbanes/Paul_Sarbanes_0001.jpg,Paul_Sarbanes/Paul_Sarbanes_0003.jpg,1,0.56437385
Paul_Sarbanes/Paul_Sarbanes_0002.jpg,Paul_Sarbanes/Paul_Sarbanes_0003.jpg,1,0.59912908
Paul_William_Hurley/Paul_William_Hurley_0001.jpg,Paul_William_Hurley/Paul_William_Hurley_0002.jpg,1,0.76115221
Pervez_Musharraf/Pervez_Musharraf_0001.jpg,Pervez_Musharraf/Pervez_Musharraf_0006.jpg,1,0.28217703
Pervez_Musharraf/Pervez_Musharraf_0002.jpg,Pervez_Musharraf/Pervez_Musharraf_0016.jpg,1,0.58434778
Pervez_Musharraf/Pervez_Musharraf_0003.jpg,Pervez_Musharraf/Pervez_Musharraf_0010.jpg,1,0.64934516
Pervez_Musharraf/Pervez_Musharraf_0004.jpg,Pervez_Musharraf/Pervez_Musharraf_0014.jpg,1,0.61193973
Pervez_Musharraf/Pervez_Musharraf_0005.jpg,Pervez_Musharraf/Pervez_Musharraf_0007.jpg,1,0.18356428
Pervez_Musharraf/Pervez_Musharraf_0005.jpg,Pervez_Musharraf/Pervez_Musharraf_0015.jpg,1,0.24095914
Phil_Gramm/Phil_Gramm_0001.jpg,Phil_Gramm/Phil_Gramm_0002.jpg,1,0.31380904
Prince_Edward/Prince_Edward_0001.jpg,Prince_Edward/Prince_Edward_0002.jpg,1,0.42574382
Ricardo_Lagos/Ricardo_Lagos_0003.jpg,Ricardo_Lagos/Ricardo_Lagos_0012.jpg,1,0.72618639
Ricardo_Lagos/Ricardo_Lagos_0023.jpg,Ricardo_Lagos/Ricardo_Lagos_0027.jpg,1,0.52261972
Ricardo_Monasterio/Ricardo_Monasterio_0001.jpg,Ricardo_Monasterio/Ricardo_Monasterio_0002.jpg,1,0.69502008
Rich_Gannon/Rich_Gannon_0001.jpg,Rich_Gannon/Rich_Gannon_0002.jpg,1,0.57826126
Rick_Perry/Rick_Perry_0001.jpg,Rick_Perry/Rick_Perry_0004.jpg,1,0.54868263
Rick_Perry/Rick_Perry_0001.jpg,Rick_Perry/Rick_Perry_0005.jpg,1,0.54226995
Rick_Perry/Rick_Perry_0002.jpg,Rick_Perry/Rick_Perry_0004.jpg,1,0.50256562
Rick_Perry/Rick_Perry_0003.jpg,Rick_Perry/Rick_Perry_0004.jpg,1,0.67824799
Robert_Bonner/Robert_Bonner_0002.jpg,Robert_Bonner/Robert_Bonner_0003.jpg,1,0.55247295
Robert_Evans/Robert_Evans_0002.jpg,Robert_Evans/Robert_Evans_0003.jpg,1,0.05686599
Robert_Fico/Robert_Fico_0001.jpg,Robert_Fico/Robert_Fico_0002.jpg,1,0.42724323
Romano_Prodi/Romano_Prodi_0003.jpg,Romano_Prodi/Romano_Prodi_0005.jpg,1,0.38445973
Roy_Moore/Roy_Moore_0002.jpg,Roy_Moore/Roy_Moore_0005.jpg,1,0.30374461
Roy_Moore/Roy_Moore_0003.jpg,Roy_Moore/Roy_Moore_0006.jpg,1,0.35976312
Sachiko_Yamada/Sachiko_Yamada_0001.jpg,Sachiko_Yamada/Sachiko_Yamada_0002.jpg,1,0.68298978
Sachiko_Yamada/Sachiko_Yamada_0001.jpg,Sachiko_Yamada/Sachiko_Yamada_0004.jpg,1,0.30813959
Sachiko_Yamada/Sachiko_Yamada_0002.jpg,Sachiko_Yamada/Sachiko_Yamada_0003.jpg,1,0.59554362
Sachiko_Yamada/Sachiko_Yamada_0002.jpg,Sachiko_Yamada/Sachiko_Yamada_0004.jpg,1,0.32005870
Saeb_Erekat/Saeb_Erekat_0001.jpg,Saeb_Erekat/Saeb_Erekat_0002.jpg,1,0.43402031
Sam_Bith/Sam_Bith_0001.jpg,Sam_Bith/Sam_Bith_0002.jpg,1,0.65702313
Sam_Bith/Sam_Bith_0001.jpg,Sam_Bith/Sam_Bith_0003.jpg,1,0.59140563
Sam_Bith/Sam_Bith_0002.jpg,Sam_Bith/Sam_Bith_0003.jpg,1,0.57785118
Sean_Hayes/Sean_Hayes_0001.jpg,Sean_Hayes/Sean_Hayes_0002.jpg,1,0.54435074
Sergio_Garcia/Sergio_Garcia_0001.jpg,Sergio_Garcia/Sergio_Garcia_0002.jpg,1,0.36083853
Silvia_Farina_Elia/Silvia_Farina_Elia_0001.jpg,Silvia_Farina_Elia/Silvia_Farina_Elia_0002.jpg,1,0.48452938
Steve_Ballmer/Steve_Ballmer_0001.jpg,Steve_Ballmer/Steve_Ballmer_0002.jpg,1,0.53545702
Steve_Ballmer/Steve_Ballmer_0001.jpg,Steve_Ballmer/Steve_Ballmer_0003.jpg,1,0.54198039
Stockard_Channing/Stockard_Channing_0001.jpg,Stockard_Channing/Stockard_Channing_0003.jpg,1,0.52618957
Stockard_Channing/Stockard_Channing_0002.jpg,Stockard_Channing/Stockard_Channing_0003.jpg,1,0.58985531
Terry_McAuliffe/Terry_McAuliffe_0001.jpg,Terry_McAuliffe/Terry_McAuliffe_0002.jpg,1,0.44170749
Terry_McAuliffe/Terry_McAuliffe_0001.jpg,Terry_McAuliffe/Terry_McAuliffe_0003.jpg,1,0.39109886
Thomas_Rupprath/Thomas_Rupprath_0001.jpg,Thomas_Rupprath/Thomas_Rupprath_0003.jpg,1,0.40785301
Thomas_Rupprath/Thomas_Rupprath_0002.jpg,Thomas_Rupprath/Thomas_Rupprath_0003.jpg,1,0.49269193
Tom_Ridge/Tom_Ridge_0006.jpg,Tom_Ridge/Tom_Ridge_0016.jpg,1,0.66179228
Tom_Ridge/Tom_Ridge_0008.jpg,Tom_Ridge/Tom_Ridge_0025.jpg,1,0.61100459
Tom_Ridge/Tom_Ridge_0009.jpg,Tom_Ridge/Tom_Ridge_0026.jpg,1,0.57308030
Tom_Ridge/Tom_Ridge_0018.jpg,Tom_Ridge/Tom_Ridge_0022.jpg,1,0.52565956
Tommy_Haas/Tommy_Haas_0004.jpg,Tommy_Haas/Tommy_Haas_0005.jpg,1,0.39475405
Tommy_Thompson/Tommy_Thompson_0001.jpg,Tommy_Thompson/Tommy_Thompson_0002.jpg,1,0.54266149
Tommy_Thompson/Tommy_Thompson_0001.jpg,Tommy_Thompson/Tommy_Thompson_0007.jpg,1,0.49096805
Tommy_Thompson/Tommy_Thompson_0002.jpg,Tommy_Thompson/Tommy_Thompson_0008.jpg,1,0.72800183
Tommy_Thompson/Tommy_Thompson_0004.jpg,Tommy_Thompson/Tommy_Thompson_0008.jpg,1,0.75517792
Tommy_Thompson/Tommy_Thompson_0006.jpg,Tommy_Thompson/Tommy_Thompson_0009.jpg,1,0.57920498
Tomoko_Hagiwara/Tomoko_Hagiwara_0001.jpg,Tomoko_Hagiwara/Tomoko_Hagiwara_0002.jpg,1,0.01722917
Trent_Lott/Trent_Lott_0001.jpg,Trent_Lott/Trent_Lott_0002.jpg,1,0.61403400
Trent_Lott/Trent_Lott_0002.jpg,Trent_Lott/Trent_Lott_0003.jpg,1,0.39631468
Trent_Lott/Trent_Lott_0002.jpg,Trent_Lott/Trent_Lott_0008.jpg,1,0.49864119
Trent_Lott/Trent_Lott_0006.jpg,Trent_Lott/Trent_Lott_0011.jpg,1,0.63910711
Trent_Lott/Trent_Lott_0007.jpg,Trent_Lott/Trent_Lott_0010.jpg,1,0.09254608
Trent_Lott/Trent_Lott_0008.jpg,Trent_Lott/Trent_Lott_0016.jpg,1,0.44184455
Tsutomu_Takebe/Tsutomu_Takebe_0001.jpg,Tsutomu_Takebe/Tsutomu_Takebe_0002.jpg,1,0.76644337
Tyler_Hamilton/Tyler_Hamilton_0001.jpg,Tyler_Hamilton/Tyler_Hamilton_0002.jpg,1,0.53075236
Tyra_Banks/Tyra_Banks_0001.jpg,Tyra_Banks/Tyra_Banks_0002.jpg,1,0.72900832
Vaclav_Havel/Vaclav_Havel_0002.jpg,Vaclav_Havel/Vaclav_Havel_0004.jpg,1,0.40310687
Vaclav_Havel/Vaclav_Havel_0002.jpg,Vaclav_Havel/Vaclav_Havel_0005.jpg,1,0.45850569
Vaclav_Havel/Vaclav_Havel_0002.jpg,Vaclav_Havel/Vaclav_Havel_0006.jpg,1,0.44198626
Vaclav_Havel/Vaclav_Havel_0004.jpg,Vaclav_Havel/Vaclav_Havel_0009.jpg,1,0.56508064
Vaclav_Havel/Vaclav_Havel_0005.jpg,Vaclav_Havel/Vaclav_Havel_0007.jpg,1,0.69349205
Valerie_Harper/Valerie_Harper_0001.jpg,Valerie_Harper/Valerie_Harper_0002.jpg,1,0.36958727
Vince_Carter/Vince_Carter_0003.jpg,Vince_Carter/Vince_Carter_0004.jpg,1,0.57841587
Vincent_Brooks/Vincent_Brooks_0002.jpg,Vincent_Brooks/Vincent_Brooks_0003.jpg,1,0.66428018
Vincent_Brooks/Vincent_Brooks_0002.jpg,Vincent_Brooks/Vincent_Brooks_0007.jpg,1,0.58776724
Vincent_Brooks/Vincent_Brooks_0004.jpg,Vincent_Brooks/Vincent_Brooks_0005.jpg,1,0.48701677
Vincent_Brooks/Vincent_Brooks_0004.jpg,Vincent_Brooks/Vincent_Brooks_0007.jpg,1,0.40941411
Vincent_Gallo/Vincent_Gallo_0001.jpg,Vincent_Gallo/Vincent_Gallo_0002.jpg,1,0.71101415
Vitali_Klitschko/Vitali_Klitschko_0001.jpg,Vitali_Klitschko/Vitali_Klitschko_0002.jpg,1,0.58149111
Vitali_Klitschko/Vitali_Klitschko_0003.jpg,Vitali_Klitschko/Vitali_Klitschko_0004.jpg,1,0.36036694
William_Macy/William_Macy_0001.jpg,William_Macy/William_Macy_0004.jpg,1,0.70520610
William_Macy/William_Macy_0002.jpg,William_Macy/William_Macy_0004.jpg,1,-0.03951930
William_Macy/William_Macy_0003.jpg,William_Macy/William_Macy_0004.jpg,1,0.83384722
Woody_Allen/Woody_Allen_0002.jpg,Woody_Allen/Woody_Allen_0004.jpg,1,0.39689699
Woody_Allen/Woody_Allen_0003.jpg,Woody_Allen/Woody_Allen_0005.jpg,1,0.50836658
Yukiko_Okudo/Yukiko_Okudo_0001.jpg,Yukiko_Okudo/Yukiko_Okudo_0002.jpg,1,0.24254903
Zico/Zico_0001.jpg,Zico/Zico_0002.jpg,1,0.64049232
Zico/Zico_0002.jpg,Zico/Zico_0003.jpg,1,0.68702906
Abdullah_Gul/Abdullah_Gul_0001.jpg,Abdullah_Gul/Abdullah_Gul_0006.jpg,1,0.59015918
Abdullah_Gul/Abdullah_Gul_0001.jpg,Abdullah_Gul/Abdullah_Gul_0008.jpg,1,0.43180561
Abdullah_Gul/Abdullah_Gul_0007.jpg,Abdullah_Gul/Abdullah_Gul_0014.jpg,1,0.61717659
Abdullah_Gul/Abdullah_Gul_0009.jpg,Abdullah_Gul/Abdullah_Gul_0012.jpg,1,0.58156878
Abdullah_Gul/Abdullah_Gul_0009.jpg,Abdullah_Gul/Abdullah_Gul_0015.jpg,1,0.53814739
Adolfo_Rodriguez_Saa/Adolfo_Rodriguez_Saa_0001.jpg,Adolfo_Rodriguez_Saa/Adolfo_Rodriguez_Saa_0002.jpg,1,0.46510887
Adrien_Brody/Adrien_Brody_0002.jpg,Adrien_Brody/Adrien_Brody_0003.jpg,1,0.67238474
Adrien_Brody/Adrien_Brody_0002.jpg,Adrien_Brody/Adrien_Brody_0012.jpg,1,0.30851465
Adrien_Brody/Adrien_Brody_0005.jpg,Adrien_Brody/Adrien_Brody_0010.jpg,1,0.42643905
Adrien_Brody/Adrien_Brody_0007.jpg,Adrien_Brody/Adrien_Brody_0008.jpg,1,0.49119496
Al_Sharpton/Al_Sharpton_0001.jpg,Al_Sharpton/Al_Sharpton_0004.jpg,1,0.48481581
Al_Sharpton/Al_Sharpton_0002.jpg,Al_Sharpton/Al_Sharpton_0004.jpg,1,0.50598472
Al_Sharpton/Al_Sharpton_0002.jpg,Al_Sharpton/Al_Sharpton_0007.jpg,1,0.75907552
Al_Sharpton/Al_Sharpton_0003.jpg,Al_Sharpton/Al_Sharpton_0004.jpg,1,0.55744827
Alexandra_Stevenson/Alexandra_Stevenson_0001.jpg,Alexandra_Stevenson/Alexandra_Stevenson_0002.jpg,1,0.50809616
Alexandra_Stevenson/Alexandra_Stevenson_0001.jpg,Alexandra_Stevenson/Alexandra_Stevenson_0003.jpg,1,0.57525706
Alexandra_Vodjanikova/Alexandra_Vodjanikova_0001.jpg,Alexandra_Vodjanikova/Alexandra_Vodjanikova_0002.jpg,1,0.38963908
Alicia_Silverstone/Alicia_Silverstone_0001.jpg,Alicia_Silverstone/Alicia_Silverstone_0002.jpg,1,0.39676720
Ana_Palacio/Ana_Palacio_0003.jpg,Ana_Palacio/Ana_Palacio_0007.jpg,1,0.55812621
Ana_Palacio/Ana_Palacio_0006.jpg,Ana_Palacio/Ana_Palacio_0008.jpg,1,0.50050962
Andre_Agassi/Andre_Agassi_0001.jpg,Andre_Agassi/Andre_Agassi_0005.jpg,1,0.36013561
Andre_Agassi/Andre_Agassi_0002.jpg,Andre_Agassi/Andre_Agassi_0016.jpg,1,0.52437520
Andre_Agassi/Andre_Agassi_0004.jpg,Andre_Agassi/Andre_Agassi_0033.jpg,1,0.49100751
Andre_Agassi/Andre_Agassi_0009.jpg,Andre_Agassi/Andre_Agassi_0025.jpg,1,0.40437710
Andre_Agassi/Andre_Agassi_0017.jpg,Andre_Agassi/Andre_Agassi_0025.jpg,1,0.51802993
Anna_Kournikova/Anna_Kournikova_0002.jpg,Anna_Kournikova/Anna_Kournikova_0003.jpg,1,0.16131014
Anna_Kournikova/Anna_Kournikova_0002.jpg,Anna_Kournikova/Anna_Kournikova_0012.jpg,1,0.44769749
Anna_Kournikova/Anna_Kournikova_0003.jpg,Anna_Kournikova/Anna_Kournikova_0008.jpg,1,0.61453319
Anna_Kournikova/Anna_Kournikova_0007.jpg,Anna_Kournikova/Anna_Kournikova_0008.jpg,1,0.47372037
Anna_Kournikova/Anna_Kournikova_0007.jpg,Anna_Kournikova/Anna_Kournikova_0011.jpg,1,0.17040876
Annette_Lu/Annette_Lu_0001.jpg,Annette_Lu/Annette_Lu_0002.jpg,1,0.56016821
Arnold_Palmer/Arnold_Palmer_0001.jpg,Arnold_Palmer/Arnold_Palmer_0003.jpg,1,0.46626681
Arnold_Palmer/Arnold_Palmer_0002.jpg,Arnold_Palmer/Arnold_Palmer_0003.jpg,1,0.67239285
Aron_Ralston/Aron_Ralston_0001.jpg,Aron_Ralston/Aron_Ralston_0002.jpg,1,0.33675367
Arturo_Gatti/Arturo_Gatti_0002.jpg,Arturo_Gatti/Arturo_Gatti_0003.jpg,1,0.50711036
Bashar_Assad/Bashar_Assad_0001.jpg,Bashar_Assad/Bashar_Assad_0003.jpg,1,0.38116375
Bashar_Assad/Bashar_Assad_0002.jpg,Bashar_Assad/Bashar_Assad_0004.jpg,1,0.52811664
Bernardo_Segura/Bernardo_Segura_0001.jpg,Bernardo_Segura/Bernardo_Segura_0002.jpg,1,0.44656691
Bill_Gates/Bill_Gates_0003.jpg,Bill_Gates/Bill_Gates_0016.jpg,1,0.66888952
Bill_Gates/Bill_Gates_0007.jpg,Bill_Gates/Bill_Gates_0015.jpg,1,0.58364761
Bill_Gates/Bill_Gates_0011.jpg,Bill_Gates/Bill_Gates_0013.jpg,1,0.50007749
Bill_Gates/Bill_Gates_0013.jpg,Bill_Gates/Bill_Gates_0017.jpg,1,0.41116092
Bo_Pelini/Bo_Pelini_0001.jpg,Bo_Pelini/Bo_Pelini_0002.jpg,1,0.66025084
Bob_Stoops/Bob_Stoops_0002.jpg,Bob_Stoops/Bob_Stoops_0004.jpg,1,0.62662947
Bob_Stoops/Bob_Stoops_0002.jpg,Bob_Stoops/Bob_Stoops_0005.jpg,1,0.55860543
Bobby_Robson/Bobby_Robson_0001.jpg,Bobby_Robson/Bobby_Robson_0002.jpg,1,0.67205501
Bode_Miller/Bode_Miller_0001.jpg,Bode_Miller/Bode_Miller_0002.jpg,1,0.47821438
Caroline_Kennedy/Caroline_Kennedy_0001.jpg,Caroline_Kennedy/Caroline_Kennedy_0003.jpg,1,0.58656108
Caroline_Kennedy/Caroline_Kennedy_0002.jpg,Caroline_Kennedy/Caroline_Kennedy_0003.jpg,1,0.62913132
Catherine_Zeta-Jones/Catherine_Zeta-Jones_0001.jpg,Catherine_Zeta-Jones/Catherine_Zeta-Jones_0011.jpg,1,0.10374215
Catherine_Zeta-Jones/Catherine_Zeta-Jones_0004.jpg,Catherine_Zeta-Jones/Catherine_Zeta-Jones_0009.jpg,1,0.23314911
Celso_Amorim/Celso_Amorim_0001.jpg,Celso_Amorim/Celso_Amorim_0002.jpg,1,0.24189115
Chan_Gailey/Chan_Gailey_0001.jpg,Chan_Gailey/Chan_Gailey_0002.jpg,1,0.34260851
Chanda_Rubin/Chanda_Rubin_0002.jpg,Chanda_Rubin/Chanda_Rubin_0005.jpg,1,0.51977777
Chanda_Rubin/Chanda_Rubin_0004.jpg,Chanda_Rubin/Chanda_Rubin_0005.jpg,1,0.58598077
Charles_Bronson/Charles_Bronson_0001.jpg,Charles_Bronson/Charles_Bronson_0002.jpg,1,0.15099883
Charles_Kartman/Charles_Kartman_0001.jpg,Charles_Kartman/Charles_Kartman_0002.jpg,1,0.58210534
Charles_Schumer/Charles_Schumer_0001.jpg,Charles_Schumer/Charles_Schumer_0002.jpg,1,0.23866363
Chris_Rock/Chris_Rock_0001.jpg,Chris_Rock/Chris_Rock_0002.jpg,1,0.60046679
Christine_Baumgartner/Christine_Baumgartner_0001.jpg,Christine_Baumgartner/Christine_Baumgartner_0002.jpg,1,0.26053518
Christine_Baumgartner/Christine_Baumgartner_0002.jpg,Christine_Baumgartner/Christine_Baumgartner_0004.jpg,1,0.48116681
Colin_Farrell/Colin_Farrell_0001.jpg,Colin_Farrell/Colin_Farrell_0007.jpg,1,0.45138156
Colin_Farrell/Colin_Farrell_0002.jpg,Colin_Farrell/Colin_Farrell_0007.jpg,1,0.43390056
Colin_Farrell/Colin_Farrell_0003.jpg,Colin_Farrell/Colin_Farrell_0006.jpg,1,0.03469700
Colin_Farrell/Colin_Farrell_0004.jpg,Colin_Farrell/Colin_Farrell_0008.jpg,1,0.39617774
Dalai_Lama/Dalai_Lama_0001.jpg,Dalai_Lama/Dalai_Lama_0002.jpg,1,0.66044319
Daniel_Radcliffe/Daniel_Radcliffe_0001.jpg,Daniel_Radcliffe/Daniel_Radcliffe_0004.jpg,1,0.23442639
Daryl_Hannah/Daryl_Hannah_0001.jpg,Daryl_Hannah/Daryl_Hannah_0002.jpg,1,0.56455636
David_Anderson/David_Anderson_0001.jpg,David_Anderson/David_Anderson_0002.jpg,1,0.41673434
David_Anderson/David_Anderson_0001.jpg,David_Anderson/David_Anderson_0003.jpg,1,0.36790144
David_Beckham/David_Beckham_0001.jpg,David_Beckham/David_Beckham_0015.jpg,1,0.53240198
David_Beckham/David_Beckham_0009.jpg,David_Beckham/David_Beckham_0016.jpg,1,0.36833072
David_Beckham/David_Beckham_0011.jpg,David_Beckham/David_Beckham_0029.jpg,1,0.51944977
David_Beckham/David_Beckham_0013.jpg,David_Beckham/David_Beckham_0029.jpg,1,0.49439493
David_Beckham/David_Beckham_0015.jpg,David_Beckham/David_Beckham_0024.jpg,1,0.46625322
David_Beckham/David_Beckham_0020.jpg,David_Beckham/David_Beckham_0027.jpg,1,0.45481268
David_Beckham/David_Beckham_0027.jpg,David_Beckham/David_Beckham_0031.jpg,1,0.45926076
Denzel_Washington/Denzel_Washington_0002.jpg,Denzel_Washington/Denzel_Washington_0004.jpg,1,0.31983036
Denzel_Washington/Denzel_Washington_0003.jpg,Denzel_Washington/Denzel_Washington_0005.jpg,1,0.59452128
Dianne_Feinstein/Dianne_Feinstein_0001.jpg,Dianne_Feinstein/Dianne_Feinstein_0002.jpg,1,0.60323203
Dianne_Feinstein/Dianne_Feinstein_0001.jpg,Dianne_Feinstein/Dianne_Feinstein_0003.jpg,1,0.64080518
Dianne_Feinstein/Dianne_Feinstein_0002.jpg,Dianne_Feinstein/Dianne_Feinstein_0003.jpg,1,0.39410979
Dick_Clark/Dick_Clark_0001.jpg,Dick_Clark/Dick_Clark_0002.jpg,1,0.55604327
Dick_Clark/Dick_Clark_0001.jpg,Dick_Clark/Dick_Clark_0003.jpg,1,0.57475871
Donald_Fehr/Donald_Fehr_0001.jpg,Donald_Fehr/Donald_Fehr_0003.jpg,1,0.44375336
Donald_Fehr/Donald_Fehr_0001.jpg,Donald_Fehr/Donald_Fehr_0004.jpg,1,0.44467807
Donald_Fehr/Donald_Fehr_0002.jpg,Donald_Fehr/Donald_Fehr_0003.jpg,1,0.45942524
Donald_Fehr/Donald_Fehr_0003.jpg,Donald_Fehr/Donald_Fehr_0004.jpg,1,0.50846946
Dwayne_Johnson/Dwayne_Johnson_0001.jpg,Dwayne_Johnson/Dwayne_Johnson_0002.jpg,1,0.80394959
Ed_Rosenthal/Ed_Rosenthal_0001.jpg,Ed_Rosenthal/Ed_Rosenthal_0002.jpg,1,0.43036595
Erik_Morales/Erik_Morales_0001.jpg,Erik_Morales/Erik_Morales_0002.jpg,1,0.61766171
Erik_Morales/Erik_Morales_0002.jpg,Erik_Morales/Erik_Morales_0003.jpg,1,0.63067949
Evan_Rachel_Wood/Evan_Rachel_Wood_0002.jpg,Evan_Rachel_Wood/Evan_Rachel_Wood_0003.jpg,1,0.62495357
Evander_Holyfield/Evander_Holyfield_0001.jpg,Evander_Holyfield/Evander_Holyfield_0002.jpg,1,0.32216769
Eve_Pelletier/Eve_Pelletier_0001.jpg,Eve_Pelletier/Eve_Pelletier_0002.jpg,1,0.36593038
Farouk_al-Sharaa/Farouk_al-Sharaa_0001.jpg,Farouk_al-Sharaa/Farouk_al-Sharaa_0002.jpg,1,0.49484253
Farouk_al-Sharaa/Farouk_al-Sharaa_0001.jpg,Farouk_al-Sharaa/Farouk_al-Sharaa_0003.jpg,1,0.69542640
Farouk_al-Sharaa/Farouk_al-Sharaa_0002.jpg,Farouk_al-Sharaa/Farouk_al-Sharaa_0003.jpg,1,0.46809143
Frank_Cassell/Frank_Cassell_0001.jpg,Frank_Cassell/Frank_Cassell_0002.jpg,1,0.56886274
Frank_Cassell/Frank_Cassell_0001.jpg,Frank_Cassell/Frank_Cassell_0003.jpg,1,0.62003195
Fujio_Cho/Fujio_Cho_0001.jpg,Fujio_Cho/Fujio_Cho_0004.jpg,1,0.53215075
Fujio_Cho/Fujio_Cho_0002.jpg,Fujio_Cho/Fujio_Cho_0005.jpg,1,0.71820092
Fujio_Cho/Fujio_Cho_0003.jpg,Fujio_Cho/Fujio_Cho_0005.jpg,1,0.84291136
Fujio_Cho/Fujio_Cho_0004.jpg,Fujio_Cho/Fujio_Cho_0006.jpg,1,0.56144595
Fujio_Cho/Fujio_Cho_0005.jpg,Fujio_Cho/Fujio_Cho_0006.jpg,1,0.49070936
Gao_Qiang/Gao_Qiang_0001.jpg,Gao_Qiang/Gao_Qiang_0002.jpg,1,0.52633834
Geoff_Hoon/Geoff_Hoon_0001.jpg,Geoff_Hoon/Geoff_Hoon_0002.jpg,1,0.55821514
Geoff_Hoon/Geoff_Hoon_0003.jpg,Geoff_Hoon/Geoff_Hoon_0004.jpg,1,0.65762949
Geoff_Hoon/Geoff_Hoon_0004.jpg,Geoff_Hoon/Geoff_Hoon_0005.jpg,1,0.55260915
George_Brumley/George_Brumley_0001.jpg,George_Brumley/George_Brumley_0002.jpg,1,0.50380421
George_Papandreou/George_Papandreou_0001.jpg,George_Papandreou/George_Papandreou_0002.jpg,1,0.46771517
George_Papandreou/George_Papandreou_0001.jpg,George_Papandreou/George_Papandreou_0003.jpg,1,0.67011690
George_Papandreou/George_Papandreou_0001.jpg,George_Papandreou/George_Papandreou_0004.jpg,1,0.57761073
George_Papandreou/George_Papandreou_0003.jpg,George_Papandreou/George_Papandreou_0004.jpg,1,0.59650135
Gloria_Allred/Gloria_Allred_0001.jpg,Gloria_Allred/Gloria_Allred_0002.jpg,1,0.58094406
Greg_Ostertag/Greg_Ostertag_0001.jpg,Greg_Ostertag/Greg_Ostertag_0002.jpg,1,0.38818884
Greg_Owen/Greg_Owen_0001.jpg,Greg_Owen/Greg_Owen_0002.jpg,1,0.60690153
Hanan_Ashrawi/Hanan_Ashrawi_0001.jpg,Hanan_Ashrawi/Hanan_Ashrawi_0002.jpg,1,0.60438001
Harry_Kalas/Harry_Kalas_0001.jpg,Harry_Kalas/Harry_Kalas_0002.jpg,1,0.41741738
Hayley_Tullett/Hayley_Tullett_0001.jpg,Hayley_Tullett/Hayley_Tullett_0002.jpg,1,0.38929340
Howard_Dean/Howard_Dean_0001.jpg,Howard_Dean/Howard_Dean_0003.jpg,1,0.73042965
Howard_Dean/Howard_Dean_0001.jpg,Howard_Dean/Howard_Dean_0007.jpg,1,0.64902818
Howard_Dean/Howard_Dean_0002.jpg,Howard_Dean/Howard_Dean_0008.jpg,1,0.31758210
Howard_Dean/Howard_Dean_0004.jpg,Howard_Dean/Howard_Dean_0005.jpg,1,0.38006660
Howard_Dean/Howard_Dean_0005.jpg,Howard_Dean/Howard_Dean_0012.jpg,1,0.41027582
Hu_Jintao/Hu_Jintao_0004.jpg,Hu_Jintao/Hu_Jintao_0014.jpg,1,0.60888749
Hu_Jintao/Hu_Jintao_0005.jpg,Hu_Jintao/Hu_Jintao_0012.jpg,1,0.61601508
Hu_Jintao/Hu_Jintao_0005.jpg,Hu_Jintao/Hu_Jintao_0015.jpg,1,0.68637860
Hu_Jintao/Hu_Jintao_0011.jpg,Hu_Jintao/Hu_Jintao_0013.jpg,1,0.56129974
Ian_McKellen/Ian_McKellen_0001.jpg,Ian_McKellen/Ian_McKellen_0003.jpg,1,0.43263006
Ibrahim_Jaafari/Ibrahim_Jaafari_0001.jpg,Ibrahim_Jaafari/Ibrahim_Jaafari_0002.jpg,1,0.66009641
Isabella_Rossellini/Isabella_Rossellini_0001.jpg,Isabella_Rossellini/Isabella_Rossellini_0003.jpg,1,0.37743819
Ishaq_Shahryar/Ishaq_Shahryar_0001.jpg,Ishaq_Shahryar/Ishaq_Shahryar_0002.jpg,1,0.07707027
Ismail_Merchant/Ismail_Merchant_0001.jpg,Ismail_Merchant/Ismail_Merchant_0002.jpg,1,0.62199891
Jacques_Chirac/Jacques_Chirac_0002.jpg,Jacques_Chirac/Jacques_Chirac_0043.jpg,1,0.55882025
Jacques_Chirac/Jacques_Chirac_0019.jpg,Jacques_Chirac/Jacques_Chirac_0028.jpg,1,0.64422238
James_Cameron/James_Cameron_0001.jpg,James_Cameron/James_Cameron_0003.jpg,1,0.15868843
James_McGreevey/James_McGreevey_0001.jpg,James_McGreevey/James_McGreevey_0003.jpg,1,0.52075195
James_McGreevey/James_McGreevey_0001.jpg,James_McGreevey/James_McGreevey_0004.jpg,1,0.65907538
Jason_Alexander/Jason_Alexander_0001.jpg,Jason_Alexander/Jason_Alexander_0002.jpg,1,0.53452498
Jason_Kidd/Jason_Kidd_0002.jpg,Jason_Kidd/Jason_Kidd_0008.jpg,1,0.32172179
Jason_Kidd/Jason_Kidd_0003.jpg,Jason_Kidd/Jason_Kidd_0008.jpg,1,0.67252994
Jason_Kidd/Jason_Kidd_0006.jpg,Jason_Kidd/Jason_Kidd_0008.jpg,1,0.49855280
Jelena_Dokic/Jelena_Dokic_0001.jpg,Jelena_Dokic/Jelena_Dokic_0002.jpg,1,0.57992184
Jelena_Dokic/Jelena_Dokic_0002.jpg,Jelena_Dokic/Jelena_Dokic_0004.jpg,1,0.10382648
Jelena_Dokic/Jelena_Dokic_0002.jpg,Jelena_Dokic/Jelena_Dokic_0008.jpg,1,0.48299897
Jelena_Dokic/Jelena_Dokic_0003.jpg,Jelena_Dokic/Jelena_Dokic_0004.jpg,1,0.18926013
Jelena_Dokic/Jelena_Dokic_0004.jpg,Jelena_Dokic/Jelena_Dokic_0005.jpg,1,0.19116181
Jelena_Dokic/Jelena_Dokic_0004.jpg,Jelena_Dokic/Jelena_Dokic_0007.jpg,1,0.24176365
Jelena_Dokic/Jelena_Dokic_0004.jpg,Jelena_Dokic/Jelena_Dokic_0008.jpg,1,0.14079598
Jelena_Dokic/Jelena_Dokic_0005.jpg,Jelena_Dokic/Jelena_Dokic_0006.jpg,1,0.38988984
Jelena_Dokic/Jelena_Dokic_0007.jpg,Jelena_Dokic/Jelena_Dokic_0008.jpg,1,0.30008987
Jennifer_Connelly/Jennifer_Connelly_0001.jpg,Jennifer_Connelly/Jennifer_Connelly_0003.jpg,1,0.68449336
Jennifer_Connelly/Jennifer_Connelly_0001.jpg,Jennifer_Connelly/Jennifer_Connelly_0004.jpg,1,0.67996168
Jennifer_Connelly/Jennifer_Connelly_0002.jpg,Jennifer_Connelly/Jennifer_Connelly_0004.jpg,1,0.65196383
Jennifer_Connelly/Jennifer_Connelly_0003.jpg,Jennifer_Connelly/Jennifer_Connelly_0004.jpg,1,0.77261889
Jennifer_Keller/Jennifer_Keller_0001.jpg,Jennifer_Keller/Jennifer_Keller_0004.jpg,1,0.68052948
Jennifer_Keller/Jennifer_Keller_0003.jpg,Jennifer_Keller/Jennifer_Keller_0004.jpg,1,0.51320875
Jennifer_Reilly/Jennifer_Reilly_0001.jpg,Jennifer_Reilly/Jennifer_Reilly_0002.jpg,1,0.70607805
Jennifer_Thompson/Jennifer_Thompson_0001.jpg,Jennifer_Thompson/Jennifer_Thompson_0002.jpg,1,0.62528390
Jim_Hahn/Jim_Hahn_0001.jpg,Jim_Hahn/Jim_Hahn_0003.jpg,1,0.72817409
Jim_Hahn/Jim_Hahn_0001.jpg,Jim_Hahn/Jim_Hahn_0004.jpg,1,0.46055549
Jim_Hahn/Jim_Hahn_0003.jpg,Jim_Hahn/Jim_Hahn_0004.jpg,1,0.49157679
Johnny_Carson/Johnny_Carson_0001.jpg,Johnny_Carson/Johnny_Carson_0002.jpg,1,0.42347088
Jorge_Batlle/Jorge_Batlle_0001.jpg,Jorge_Batlle/Jorge_Batlle_0002.jpg,1,0.57602584
Jorge_Batlle/Jorge_Batlle_0001.jpg,Jorge_Batlle/Jorge_Batlle_0003.jpg,1,0.30800357
Jorge_Rodolfo_Canicoba_Corral/Jorge_Rodolfo_Canicoba_Corral_0001.jpg,Jorge_Rodolfo_Canicoba_Corral/Jorge_Rodolfo_Canicoba_Corral_0002.jpg,1,0.59706730
Juan_Ignacio_Chela/Juan_Ignacio_Chela_0001.jpg,Juan_Ignacio_Chela/Juan_Ignacio_Chela_0002.jpg,1,0.33621702
Juan_Ignacio_Chela/Juan_Ignacio_Chela_0001.jpg,Juan_Ignacio_Chela/Juan_Ignacio_Chela_0003.jpg,1,0.48995772
Juan_Ignacio_Chela/Juan_Ignacio_Chela_0002.jpg,Juan_Ignacio_Chela/Juan_Ignacio_Chela_0003.jpg,1,0.28754026
Justin_Gatlin/Justin_Gatlin_0001.jpg,Justin_Gatlin/Justin_Gatlin_0002.jpg,1,0.54442894
Karen_Mok/Karen_Mok_0001.jpg,Karen_Mok/Karen_Mok_0002.jpg,1,0.53742796
Katie_Harman/Katie_Harman_0001.jpg,Katie_Harman/Katie_Harman_0002.jpg,1,0.07065676
Katie_Harman/Katie_Harman_0001.jpg,Katie_Harman/Katie_Harman_0003.jpg,1,0.39061910
Katie_Harman/Katie_Harman_0002.jpg,Katie_Harman/Katie_Harman_0003.jpg,1,0.06970823
Kenneth_Branagh/Kenneth_Branagh_0001.jpg,Kenneth_Branagh/Kenneth_Branagh_0002.jpg,1,0.72657555
Kevin_Costner/Kevin_Costner_0001.jpg,Kevin_Costner/Kevin_Costner_0003.jpg,1,0.80468214
Kevin_Costner/Kevin_Costner_0002.jpg,Kevin_Costner/Kevin_Costner_0006.jpg,1,0.24730128
Kevin_Costner/Kevin_Costner_0002.jpg,Kevin_Costner/Kevin_Costner_0008.jpg,1,0.25268602
Kevin_Costner/Kevin_Costner_0006.jpg,Kevin_Costner/Kevin_Costner_0008.jpg,1,0.72830909
Larry_Lindsey/Larry_Lindsey_0001.jpg,Larry_Lindsey/Larry_Lindsey_0002.jpg,1,0.56320637
Leonardo_DiCaprio/Leonardo_DiCaprio_0003.jpg,Leonardo_DiCaprio/Leonardo_DiCaprio_0007.jpg,1,0.67105210
Leonardo_DiCaprio/Leonardo_DiCaprio_0005.jpg,Leonardo_DiCaprio/Leonardo_DiCaprio_0006.jpg,1,0.79438329
Leonardo_DiCaprio/Leonardo_DiCaprio_0006.jpg,Leonardo_DiCaprio/Leonardo_DiCaprio_0008.jpg,1,0.80522907
Lindsay_Davenport/Lindsay_Davenport_0002.jpg,Lindsay_Davenport/Lindsay_Davenport_0010.jpg,1,0.59800982
Lindsay_Davenport/Lindsay_Davenport_0005.jpg,Lindsay_Davenport/Lindsay_Davenport_0009.jpg,1,0.63747591
Lisa_Ling/Lisa_Ling_0001.jpg,Lisa_Ling/Lisa_Ling_0002.jpg,1,0.40347296
Lucy_Liu/Lucy_Liu_0002.jpg,Lucy_Liu/Lucy_Liu_0004.jpg,1,0.30238986
Lucy_Liu/Lucy_Liu_0002.jpg,Lucy_Liu/Lucy_Liu_0005.jpg,1,0.42600623
Lucy_Liu/Lucy_Liu_0003.jpg,Lucy_Liu/Lucy_Liu_0005.jpg,1,0.50529557
Manfred_Stolpe/Manfred_Stolpe_0001.jpg,Manfred_Stolpe/Manfred_Stolpe_0002.jpg,1,0.83798134
Maria_Luisa_Mendonca/Maria_Luisa_Mendonca_0001.jpg,Maria_Luisa_Mendonca/Maria_Luisa_Mendonca_0002.jpg,1,0.54853070
Mario_Kreutzberger/Mario_Kreutzberger_0001.jpg,Mario_Kreutzberger/Mario_Kreutzberger_0002.jpg,1,0.45971000
Melissa_Etheridge/Melissa_Etheridge_0001.jpg,Melissa_Etheridge/Melissa_Etheridge_0002.jpg,1,0.67413080
Michael_Jordan/Michael_Jordan_0001.jpg,Michael_Jordan/Michael_Jordan_0002.jpg,1,0.42643338
Michael_Jordan/Michael_Jordan_0001.jpg,Michael_Jordan/Michael_Jordan_0003.jpg,1,0.57125211
Michael_Jordan/Michael_Jordan_0002.jpg,Michael_Jordan/Michael_Jordan_0004.jpg,1,0.55579746
Mikhail_Youzhny/Mikhail_Youzhny_0001.jpg,Mikhail_Youzhny/Mikhail_Youzhny_0002.jpg,1,0.69925261
Mitchell_Daniels/Mitchell_Daniels_0001.jpg,Mitchell_Daniels/Mitchell_Daniels_0002.jpg,1,0.59685421
Mitchell_Daniels/Mitchell_Daniels_0001.jpg,Mitchell_Daniels/Mitchell_Daniels_0004.jpg,1,0.63353586
Mitchell_Daniels/Mitchell_Daniels_0003.jpg,Mitchell_Daniels/Mitchell_Daniels_0004.jpg,1,0.59084380
Mohammad_Khatami/Mohammad_Khatami_0001.jpg,Mohammad_Khatami/Mohammad_Khatami_0005.jpg,1,0.56175125
Mohammad_Khatami/Mohammad_Khatami_0003.jpg,Mohammad_Khatami/Mohammad_Khatami_0009.jpg,1,0.45255703
Mohammad_Khatami/Mohammad_Khatami_0008.jpg,Mohammad_Khatami/Mohammad_Khatami_0010.jpg,1,0.17808542
Monique_Garbrecht-Enfeldt/Monique_Garbrecht-Enfeldt_0001.jpg,Monique_Garbrecht-Enfeldt/Monique_Garbrecht-Enfeldt_0003.jpg,1,0.58421582
Natalie_Maines/Natalie_Maines_0002.jpg,Natalie_Maines/Natalie_Maines_0005.jpg,1,0.20104675
Natalie_Maines/Natalie_Maines_0004.jpg,Natalie_Maines/Natalie_Maines_0005.jpg,1,0.38752490
Nelson_Mandela/Nelson_Mandela_0001.jpg,Nelson_Mandela/Nelson_Mandela_0003.jpg,1,0.30023080
Norodom_Sihanouk/Norodom_Sihanouk_0001.jpg,Norodom_Sihanouk/Norodom_Sihanouk_0003.jpg,1,0.49417651
Norodom_Sihanouk/Norodom_Sihanouk_0002.jpg,Norodom_Sihanouk/Norodom_Sihanouk_0003.jpg,1,0.67602408
Osama_bin_Laden/Osama_bin_Laden_0002.jpg,Osama_bin_Laden/Osama_bin_Laden_0004.jpg,1,0.60944813
Osama_bin_Laden/Osama_bin_Laden_0003.jpg,Osama_bin_Laden/Osama_bin_Laden_0004.jpg,1,0.76009607
Oxana_Fedorova/Oxana_Fedorova_0001.jpg,Oxana_Fedorova/Oxana_Fedorova_0002.jpg,1,0.44548720
Peter_Bacanovic/Peter_Bacanovic_0001.jpg,Peter_Bacanovic/Peter_Bacanovic_0002.jpg,1,0.45572147
Philippe_Noiret/Philippe_Noiret_0001.jpg,Philippe_Noiret/Philippe_Noiret_0002.jpg,1,0.46927661
Placido_Domingo/Placido_Domingo_0001.jpg,Placido_Domingo/Placido_Domingo_0002.jpg,1,0.56964493
Placido_Domingo/Placido_Domingo_0002.jpg,Placido_Domingo/Placido_Domingo_0003.jpg,1,0.70341289
Prince_William/Prince_William_0001.jpg,Prince_William/Prince_William_0002.jpg,1,0.53553396
Princess_Aiko/Princess_Aiko_0001.jpg,Princess_Aiko/Princess_Aiko_0002.jpg,1,0.48043334
Priscilla_Presley/Priscilla_Presley_0001.jpg,Priscilla_Presley/Priscilla_Presley_0002.jpg,1,0.41387016
Richard_Haass/Richard_Haass_0001.jpg,Richard_Haass/Richard_Haass_0002.jpg,1,0.56023455
Richard_Shelby/Richard_Shelby_0001.jpg,Richard_Shelby/Richard_Shelby_0002.jpg,1,0.58761191
Rick_Barnes/Rick_Barnes_0001.jpg,Rick_Barnes/Rick_Barnes_0002.jpg,1,0.53889406
Rick_Barnes/Rick_Barnes_0001.jpg,Rick_Barnes/Rick_Barnes_0003.jpg,1,0.45691314
Rick_Dinse/Rick_Dinse_0001.jpg,Rick_Dinse/Rick_Dinse_0003.jpg,1,0.65044475
Rick_Dinse/Rick_Dinse_0002.jpg,Rick_Dinse/Rick_Dinse_0003.jpg,1,0.65459418
Rio_Ferdinand/Rio_Ferdinand_0001.jpg,Rio_Ferdinand/Rio_Ferdinand_0002.jpg,1,0.31037995
Rita_Grande/Rita_Grande_0001.jpg,Rita_Grande/Rita_Grande_0002.jpg,1,0.39339826
Rita_Grande/Rita_Grande_0002.jpg,Rita_Grande/Rita_Grande_0003.jpg,1,0.58170640
Robin_McLaurin_Williams/Robin_McLaurin_Williams_0001.jpg,Robin_McLaurin_Williams/Robin_McLaurin_Williams_0002.jpg,1,0.24790049
Saddam_Hussein/Saddam_Hussein_0002.jpg,Saddam_Hussein/Saddam_Hussein_0004.jpg,1,0.57227874
Saddam_Hussein/Saddam_Hussein_0002.jpg,Saddam_Hussein/Saddam_Hussein_0010.jpg,1,0.15445948
Saddam_Hussein/Saddam_Hussein_0003.jpg,Saddam_Hussein/Saddam_Hussein_0011.jpg,1,0.40683553
Saddam_Hussein/Saddam_Hussein_0006.jpg,Saddam_Hussein/Saddam_Hussein_0009.jpg,1,0.71985364
Sally_Field/Sally_Field_0001.jpg,Sally_Field/Sally_Field_0002.jpg,1,0.52024496
Salma_Hayek/Salma_Hayek_0001.jpg,Salma_Hayek/Salma_Hayek_0010.jpg,1,0.65277326
Salma_Hayek/Salma_Hayek_0001.jpg,Salma_Hayek/Salma_Hayek_0011.jpg,1,0.65066308
Sandra_Bullock/Sandra_Bullock_0001.jpg,Sandra_Bullock/Sandra_Bullock_0003.jpg,1,0.57121438
Sandra_Bullock/Sandra_Bullock_0001.jpg,Sandra_Bullock/Sandra_Bullock_0004.jpg,1,0.14398435
Sandra_Bullock/Sandra_Bullock_0002.jpg,Sandra_Bullock/Sandra_Bullock_0004.jpg,1,0.12527883
Sandra_Bullock/Sandra_Bullock_0003.jpg,Sandra_Bullock/Sandra_Bullock_0004.jpg,1,0.17634216
Sarah_Hughes/Sarah_Hughes_0001.jpg,Sarah_Hughes/Sarah_Hughes_0006.jpg,1,0.11531809
Sarah_Hughes/Sarah_Hughes_0002.jpg,Sarah_Hughes/Sarah_Hughes_0005.jpg,1,0.41254389
Sarah_Hughes/Sarah_Hughes_0003.jpg,Sarah_Hughes/Sarah_Hughes_0005.jpg,1,0.33327106
Sarah_Hughes/Sarah_Hughes_0004.jpg,Sarah_Hughes/Sarah_Hughes_0006.jpg,1,0.30947530
Sharon_Frey/Sharon_Frey_0001.jpg,Sharon_Frey/Sharon_Frey_0002.jpg,1,0.67818296
Silvio_Berlusconi/Silvio_Berlusconi_0006.jpg,Silvio_Berlusconi/Silvio_Berlusconi_0030.jpg,1,0.01008523
Silvio_Berlusconi/Silvio_Berlusconi_0008.jpg,Silvio_Berlusconi/Silvio_Berlusconi_0023.jpg,1,0.51621550
Silvio_Berlusconi/Silvio_Berlusconi_0013.jpg,Silvio_Berlusconi/Silvio_Berlusconi_0021.jpg,1,0.48452753
Silvio_Berlusconi/Silvio_Berlusconi_0017.jpg,Silvio_Berlusconi/Silvio_Berlusconi_0029.jpg,1,0.59830528
Silvio_Berlusconi/Silvio_Berlusconi_0018.jpg,Silvio_Berlusconi/Silvio_Berlusconi_0025.jpg,1,0.60950202
Silvio_Berlusconi/Silvio_Berlusconi_0023.jpg,Silvio_Berlusconi/Silvio_Berlusconi_0028.jpg,1,0.41737580
Silvio_Berlusconi/Silvio_Berlusconi_0024.jpg,Silvio_Berlusconi/Silvio_Berlusconi_0030.jpg,1,0.05326778
Silvio_Berlusconi/Silvio_Berlusconi_0026.jpg,Silvio_Berlusconi/Silvio_Berlusconi_0032.jpg,1,0.76772743
Spencer_Abraham/Spencer_Abraham_0003.jpg,Spencer_Abraham/Spencer_Abraham_0017.jpg,1,0.35554242
Steffi_Graf/Steffi_Graf_0002.jpg,Steffi_Graf/Steffi_Graf_0005.jpg,1,0.48538628
Steffi_Graf/Steffi_Graf_0003.jpg,Steffi_Graf/Steffi_Graf_0004.jpg,1,0.44646454
Steven_Spielberg/Steven_Spielberg_0001.jpg,Steven_Spielberg/Steven_Spielberg_0005.jpg,1,0.51216483
Steven_Spielberg/Steven_Spielberg_0001.jpg,Steven_Spielberg/Steven_Spielberg_0006.jpg,1,0.65496016
Steven_Spielberg/Steven_Spielberg_0003.jpg,Steven_Spielberg/Steven_Spielberg_0006.jpg,1,0.53205460
Steven_Spielberg/Steven_Spielberg_0004.jpg,Steven_Spielberg/Steven_Spielberg_0006.jpg,1,0.49725699
Steven_Spielberg/Steven_Spielberg_0004.jpg,Steven_Spielberg/Steven_Spielberg_0007.jpg,1,0.43479064
Steven_Spielberg/Steven_Spielberg_0006.jpg,Steven_Spielberg/Steven_Spielberg_0007.jpg,1,0.41114902
Theresa_May/Theresa_May_0001.jpg,Theresa_May/Theresa_May_0002.jpg,1,0.70416486
Theresa_May/Theresa_May_0002.jpg,Theresa_May/Theresa_May_0003.jpg,1,0.37594926
Tippi_Hedren/Tippi_Hedren_0001.jpg,Tippi_Hedren/Tippi_Hedren_0002.jpg,1,0.68395025
Todd_Haynes/Todd_Haynes_0001.jpg,Todd_Haynes/Todd_Haynes_0002.jpg,1,0.14127764
Todd_Haynes/Todd_Haynes_0001.jpg,Todd_Haynes/Todd_Haynes_0003.jpg,1,0.06932504
Todd_Haynes/Todd_Haynes_0001.jpg,Todd_Haynes/Todd_Haynes_0004.jpg,1,0.15568471
Todd_Haynes/Todd_Haynes_0002.jpg,Todd_Haynes/Todd_Haynes_0004.jpg,1,0.46798235
Tony_Blair/Tony_Blair_0018.jpg,Tony_Blair/Tony_Blair_0086.jpg,1,0.31679946
Tony_Blair/Tony_Blair_0032.jpg,Tony_Blair/Tony_Blair_0048.jpg,1,0.73760253
Tony_Blair/Tony_Blair_0032.jpg,Tony_Blair/Tony_Blair_0110.jpg,1,0.41747987
Tony_Blair/Tony_Blair_0053.jpg,Tony_Blair/Tony_Blair_0102.jpg,1,0.57796860
Tony_Blair/Tony_Blair_0091.jpg,Tony_Blair/Tony_Blair_0134.jpg,1,0.58847201
Tony_Blair/Tony_Blair_0092.jpg,Tony_Blair/Tony_Blair_0133.jpg,1,0.59757066
Tony_Blair/Tony_Blair_0105.jpg,Tony_Blair/Tony_Blair_0121.jpg,1,0.77562183
Vicente_Fox/Vicente_Fox_0004.jpg,Vicente_Fox/Vicente_Fox_0030.jpg,1,0.66126239
Vicente_Fox/Vicente_Fox_0009.jpg,Vicente_Fox/Vicente_Fox_0016.jpg,1,0.51439273
Vicente_Fox/Vicente_Fox_0011.jpg,Vicente_Fox/Vicente_Fox_0017.jpg,1,0.56142342
Vicente_Fox/Vicente_Fox_0015.jpg,Vicente_Fox/Vicente_Fox_0030.jpg,1,0.58288550
Vojislav_Kostunica/Vojislav_Kostunica_0001.jpg,Vojislav_Kostunica/Vojislav_Kostunica_0003.jpg,1,0.27459487
Vojislav_Kostunica/Vojislav_Kostunica_0002.jpg,Vojislav_Kostunica/Vojislav_Kostunica_0004.jpg,1,0.62076664
Vojislav_Kostunica/Vojislav_Kostunica_0004.jpg,Vojislav_Kostunica/Vojislav_Kostunica_0007.jpg,1,0.70639741
Vojislav_Kostunica/Vojislav_Kostunica_0005.jpg,Vojislav_Kostunica/Vojislav_Kostunica_0007.jpg,1,0.71911240
Walter_Mondale/Walter_Mondale_0001.jpg,Walter_Mondale/Walter_Mondale_0006.jpg,1,0.44549191
Walter_Mondale/Walter_Mondale_0001.jpg,Walter_Mondale/Walter_Mondale_0007.jpg,1,0.42693886
Walter_Mondale/Walter_Mondale_0005.jpg,Walter_Mondale/Walter_Mondale_0007.jpg,1,0.62796748
Walter_Mondale/Walter_Mondale_0006.jpg,Walter_Mondale/Walter_Mondale_0008.jpg,1,0.42023939
Walter_Mondale/Walter_Mondale_0007.jpg,Walter_Mondale/Walter_Mondale_0009.jpg,1,0.65155637
Wang_Yingfan/Wang_Yingfan_0002.jpg,Wang_Yingfan/Wang_Yingfan_0003.jpg,1,0.43923903
William_Bratton/William_Bratton_0001.jpg,William_Bratton/William_Bratton_0003.jpg,1,0.58109474
William_Donaldson/William_Donaldson_0001.jpg,William_Donaldson/William_Donaldson_0005.jpg,1,0.65867746
William_Donaldson/William_Donaldson_0003.jpg,William_Donaldson/William_Donaldson_0005.jpg,1,0.71966887
William_Donaldson/William_Donaldson_0004.jpg,William_Donaldson/William_Donaldson_0006.jpg,1,0.56417298
Xavier_Malisse/Xavier_Malisse_0001.jpg,Xavier_Malisse/Xavier_Malisse_0003.jpg,1,0.50047874
Xavier_Malisse/Xavier_Malisse_0003.jpg,Xavier_Malisse/Xavier_Malisse_0004.jpg,1,0.67652756
Xavier_Malisse/Xavier_Malisse_0003.jpg,Xavier_Malisse/Xavier_Malisse_0005.jpg,1,0.58510011
Yevgeny_Kafelnikov/Yevgeny_Kafelnikov_0001.jpg,Yevgeny_Kafelnikov/Yevgeny_Kafelnikov_0004.jpg,1,0.43342385
Zarai_Toledo/Zarai_Toledo_0001.jpg,Zarai_Toledo/Zarai_Toledo_0002.jpg,1,0.04879575
Aaron_Sorkin/Aaron_Sorkin_0001.jpg,Aaron_Sorkin/Aaron_Sorkin_0002.jpg,1,0.46701497
Abdullah/Abdullah_0001.jpg,Abdullah/Abdullah_0003.jpg,1,0.65859354
Abdullah/Abdullah_0002.jpg,Abdullah/Abdullah_0003.jpg,1,0.47046125
Abdullah/Abdullah_0002.jpg,Abdullah/Abdullah_0004.jpg,1,0.52976441
Abdullah/Abdullah_0003.jpg,Abdullah/Abdullah_0004.jpg,1,0.58558756
Abid_Hamid_Mahmud_Al-Tikriti/Abid_Hamid_Mahmud_Al-Tikriti_0001.jpg,Abid_Hamid_Mahmud_Al-Tikriti/Abid_Hamid_Mahmud_Al-Tikriti_0002.jpg,1,0.47635999
Abid_Hamid_Mahmud_Al-Tikriti/Abid_Hamid_Mahmud_Al-Tikriti_0001.jpg,Abid_Hamid_Mahmud_Al-Tikriti/Abid_Hamid_Mahmud_Al-Tikriti_0003.jpg,1,0.58138573
Alan_Ball/Alan_Ball_0001.jpg,Alan_Ball/Alan_Ball_0002.jpg,1,0.84863448
Albert_Costa/Albert_Costa_0003.jpg,Albert_Costa/Albert_Costa_0005.jpg,1,0.53761131
Albert_Costa/Albert_Costa_0005.jpg,Albert_Costa/Albert_Costa_0006.jpg,1,0.67800701
Ali_Khamenei/Ali_Khamenei_0001.jpg,Ali_Khamenei/Ali_Khamenei_0002.jpg,1,0.59623593
Ali_Khamenei/Ali_Khamenei_0001.jpg,Ali_Khamenei/Ali_Khamenei_0003.jpg,1,0.72641736
Amelia_Vega/Amelia_Vega_0001.jpg,Amelia_Vega/Amelia_Vega_0007.jpg,1,0.50244290
Amelia_Vega/Amelia_Vega_0002.jpg,Amelia_Vega/Amelia_Vega_0007.jpg,1,0.57519656
Amelia_Vega/Amelia_Vega_0003.jpg,Amelia_Vega/Amelia_Vega_0005.jpg,1,0.45070422
Antonio_Banderas/Antonio_Banderas_0001.jpg,Antonio_Banderas/Antonio_Banderas_0005.jpg,1,0.09634039
Antonio_Banderas/Antonio_Banderas_0002.jpg,Antonio_Banderas/Antonio_Banderas_0005.jpg,1,0.34307462
Antonio_Banderas/Antonio_Banderas_0003.jpg,Antonio_Banderas/Antonio_Banderas_0005.jpg,1,0.65127438
Arye_Mekel/Arye_Mekel_0001.jpg,Arye_Mekel/Arye_Mekel_0002.jpg,1,0.72868007
Azra_Akin/Azra_Akin_0001.jpg,Azra_Akin/Azra_Akin_0003.jpg,1,0.75020468
Azra_Akin/Azra_Akin_0001.jpg,Azra_Akin/Azra_Akin_0004.jpg,1,0.76388448
Bernard_Landry/Bernard_Landry_0002.jpg,Bernard_Landry/Bernard_Landry_0003.jpg,1,0.52801490
Bernard_Landry/Bernard_Landry_0002.jpg,Bernard_Landry/Bernard_Landry_0004.jpg,1,0.45660630
Bernard_Landry/Bernard_Landry_0003.jpg,Bernard_Landry/Bernard_Landry_0004.jpg,1,0.46432102
Biljana_Plavsic/Biljana_Plavsic_0001.jpg,Biljana_Plavsic/Biljana_Plavsic_0002.jpg,1,0.67432678
Biljana_Plavsic/Biljana_Plavsic_0001.jpg,Biljana_Plavsic/Biljana_Plavsic_0003.jpg,1,0.70402324
Biljana_Plavsic/Biljana_Plavsic_0002.jpg,Biljana_Plavsic/Biljana_Plavsic_0003.jpg,1,0.67042720
Bob_Hope/Bob_Hope_0001.jpg,Bob_Hope/Bob_Hope_0005.jpg,1,0.31265277
Bob_Hope/Bob_Hope_0003.jpg,Bob_Hope/Bob_Hope_0006.jpg,1,0.27193177
Bob_Hope/Bob_Hope_0004.jpg,Bob_Hope/Bob_Hope_0005.jpg,1,0.14364676
Bob_Hope/Bob_Hope_0004.jpg,Bob_Hope/Bob_Hope_0007.jpg,1,0.23337440
Bridget_Fonda/Bridget_Fonda_0001.jpg,Bridget_Fonda/Bridget_Fonda_0003.jpg,1,0.54694343
Bridget_Fonda/Bridget_Fonda_0002.jpg,Bridget_Fonda/Bridget_Fonda_0003.jpg,1,0.74050462
Carlos_Ruiz/Carlos_Ruiz_0001.jpg,Carlos_Ruiz/Carlos_Ruiz_0003.jpg,1,0.17673542
Carlos_Ruiz/Carlos_Ruiz_0002.jpg,Carlos_Ruiz/Carlos_Ruiz_0003.jpg,1,0.19515765
Carly_Fiorina/Carly_Fiorina_0001.jpg,Carly_Fiorina/Carly_Fiorina_0002.jpg,1,0.32366854
Carly_Fiorina/Carly_Fiorina_0001.jpg,Carly_Fiorina/Carly_Fiorina_0003.jpg,1,0.35679376
Cherie_Blair/Cherie_Blair_0001.jpg,Cherie_Blair/Cherie_Blair_0003.jpg,1,0.61827779
Cherie_Blair/Cherie_Blair_0001.jpg,Cherie_Blair/Cherie_Blair_0004.jpg,1,0.58696282
Cherie_Blair/Cherie_Blair_0002.jpg,Cherie_Blair/Cherie_Blair_0004.jpg,1,0.47831184
Cherie_Blair/Cherie_Blair_0003.jpg,Cherie_Blair/Cherie_Blair_0004.jpg,1,0.60962808
Chuck_Yeager/Chuck_Yeager_0001.jpg,Chuck_Yeager/Chuck_Yeager_0002.jpg,1,0.78053713
Chung_Mong-joon/Chung_Mong-joon_0001.jpg,Chung_Mong-joon/Chung_Mong-joon_0002.jpg,1,0.44242257
Claire_Hentzen/Claire_Hentzen_0001.jpg,Claire_Hentzen/Claire_Hentzen_0002.jpg,1,0.75382072
Claire_Leger/Claire_Leger_0001.jpg,Claire_Leger/Claire_Leger_0002.jpg,1,0.70575106
Darren_Clarke/Darren_Clarke_0001.jpg,Darren_Clarke/Darren_Clarke_0002.jpg,1,0.30604947
David_Caraway/David_Caraway_0001.jpg,David_Caraway/David_Caraway_0002.jpg,1,0.66337228
David_Leahy/David_Leahy_0001.jpg,David_Leahy/David_Leahy_0002.jpg,1,0.30360639
Dick_Cheney/Dick_Cheney_0002.jpg,Dick_Cheney/Dick_Cheney_0014.jpg,1,0.58837581
Dick_Cheney/Dick_Cheney_0003.jpg,Dick_Cheney/Dick_Cheney_0011.jpg,1,0.68556130
Dick_Cheney/Dick_Cheney_0003.jpg,Dick_Cheney/Dick_Cheney_0012.jpg,1,0.68109316
Dick_Cheney/Dick_Cheney_0008.jpg,Dick_Cheney/Dick_Cheney_0010.jpg,1,0.43857265
Dino_de_Laurentis/Dino_de_Laurentis_0001.jpg,Dino_de_Laurentis/Dino_de_Laurentis_0002.jpg,1,0.68245345
Don_Nickles/Don_Nickles_0001.jpg,Don_Nickles/Don_Nickles_0002.jpg,1,0.44832259
Doris_Schroeder/Doris_Schroeder_0001.jpg,Doris_Schroeder/Doris_Schroeder_0003.jpg,1,0.36557472
Doris_Schroeder/Doris_Schroeder_0002.jpg,Doris_Schroeder/Doris_Schroeder_0004.jpg,1,0.35929871
Eduardo_Duhalde/Eduardo_Duhalde_0002.jpg,Eduardo_Duhalde/Eduardo_Duhalde_0003.jpg,1,0.49734116
Eduardo_Duhalde/Eduardo_Duhalde_0002.jpg,Eduardo_Duhalde/Eduardo_Duhalde_0012.jpg,1,0.54855311
Eduardo_Duhalde/Eduardo_Duhalde_0003.jpg,Eduardo_Duhalde/Eduardo_Duhalde_0004.jpg,1,0.55883765
Eduardo_Duhalde/Eduardo_Duhalde_0006.jpg,Eduardo_Duhalde/Eduardo_Duhalde_0013.jpg,1,0.41330913
Eduardo_Duhalde/Eduardo_Duhalde_0007.jpg,Eduardo_Duhalde/Eduardo_Duhalde_0010.jpg,1,-0.04496275
Eduardo_Duhalde/Eduardo_Duhalde_0010.jpg,Eduardo_Duhalde/Eduardo_Duhalde_0012.jpg,1,0.48068196
Edwin_Edwards/Edwin_Edwards_0001.jpg,Edwin_Edwards/Edwin_Edwards_0003.jpg,1,0.63554746
Eric_Rosser/Eric_Rosser_0001.jpg,Eric_Rosser/Eric_Rosser_0002.jpg,1,0.65926492
Ernie_Eves/Ernie_Eves_0001.jpg,Ernie_Eves/Ernie_Eves_0002.jpg,1,0.58685470
Ernie_Fletcher/Ernie_Fletcher_0001.jpg,Ernie_Fletcher/Ernie_Fletcher_0002.jpg,1,0.56275123
Eva_Dimas/Eva_Dimas_0001.jpg,Eva_Dimas/Eva_Dimas_0002.jpg,1,0.47032279
Fernando_Vargas/Fernando_Vargas_0001.jpg,Fernando_Vargas/Fernando_Vargas_0002.jpg,1,0.29316160
Fernando_Vargas/Fernando_Vargas_0001.jpg,Fernando_Vargas/Fernando_Vargas_0003.jpg,1,0.34156203
Fernando_Vargas/Fernando_Vargas_0001.jpg,Fernando_Vargas/Fernando_Vargas_0004.jpg,1,0.32020426
Fernando_Vargas/Fernando_Vargas_0002.jpg,Fernando_Vargas/Fernando_Vargas_0003.jpg,1,0.38858408
Fernando_Vargas/Fernando_Vargas_0003.jpg,Fernando_Vargas/Fernando_Vargas_0004.jpg,1,0.45285687
Frank_Lautenberg/Frank_Lautenberg_0001.jpg,Frank_Lautenberg/Frank_Lautenberg_0002.jpg,1,0.42752075
George_HW_Bush/George_HW_Bush_0001.jpg,George_HW_Bush/George_HW_Bush_0003.jpg,1,0.49928033
George_HW_Bush/George_HW_Bush_0002.jpg,George_HW_Bush/George_HW_Bush_0013.jpg,1,0.06582896
George_HW_Bush/George_HW_Bush_0004.jpg,George_HW_Bush/George_HW_Bush_0006.jpg,1,0.40053931
George_HW_Bush/George_HW_Bush_0005.jpg,George_HW_Bush/George_HW_Bush_0008.jpg,1,0.52992159
George_HW_Bush/George_HW_Bush_0009.jpg,George_HW_Bush/George_HW_Bush_0010.jpg,1,0.39828062
Gisele_Bundchen/Gisele_Bundchen_0001.jpg,Gisele_Bundchen/Gisele_Bundchen_0002.jpg,1,0.60215312
Glafcos_Clerides/Glafcos_Clerides_0001.jpg,Glafcos_Clerides/Glafcos_Clerides_0002.jpg,1,0.66470844
Glafcos_Clerides/Glafcos_Clerides_0001.jpg,Glafcos_Clerides/Glafcos_Clerides_0003.jpg,1,0.70307416
Glafcos_Clerides/Glafcos_Clerides_0002.jpg,Glafcos_Clerides/Glafcos_Clerides_0003.jpg,1,0.80179590
Glafcos_Clerides/Glafcos_Clerides_0002.jpg,Glafcos_Clerides/Glafcos_Clerides_0004.jpg,1,0.61113191
Greg_Gilbert/Greg_Gilbert_0001.jpg,Greg_Gilbert/Greg_Gilbert_0002.jpg,1,0.46441659
Hashim_Thaci/Hashim_Thaci_0001.jpg,Hashim_Thaci/Hashim_Thaci_0002.jpg,1,0.60428226
Hassan_Wirajuda/Hassan_Wirajuda_0001.jpg,Hassan_Wirajuda/Hassan_Wirajuda_0002.jpg,1,0.65168691
Hector_Babenco/Hector_Babenco_0001.jpg,Hector_Babenco/Hector_Babenco_0003.jpg,1,0.68630898
Hector_Babenco/Hector_Babenco_0002.jpg,Hector_Babenco/Hector_Babenco_0003.jpg,1,0.65221262
Hideki_Matsui/Hideki_Matsui_0001.jpg,Hideki_Matsui/Hideki_Matsui_0002.jpg,1,0.26195487
Hillary_Clinton/Hillary_Clinton_0001.jpg,Hillary_Clinton/Hillary_Clinton_0010.jpg,1,0.24378712
Hillary_Clinton/Hillary_Clinton_0001.jpg,Hillary_Clinton/Hillary_Clinton_0014.jpg,1,0.37209970
Hillary_Clinton/Hillary_Clinton_0004.jpg,Hillary_Clinton/Hillary_Clinton_0005.jpg,1,0.61902297
Hillary_Clinton/Hillary_Clinton_0007.jpg,Hillary_Clinton/Hillary_Clinton_0010.jpg,1,0.39197558
Hillary_Clinton/Hillary_Clinton_0011.jpg,Hillary_Clinton/Hillary_Clinton_0013.jpg,1,0.29595900
Hisao_Oguchi/Hisao_Oguchi_0001.jpg,Hisao_Oguchi/Hisao_Oguchi_0002.jpg,1,0.44377822
Hitomi_Soga/Hitomi_Soga_0001.jpg,Hitomi_Soga/Hitomi_Soga_0004.jpg,1,0.41130123
Hitomi_Soga/Hitomi_Soga_0001.jpg,Hitomi_Soga/Hitomi_Soga_0005.jpg,1,0.40813437
Hitomi_Soga/Hitomi_Soga_0002.jpg,Hitomi_Soga/Hitomi_Soga_0003.jpg,1,0.34935585
Hitomi_Soga/Hitomi_Soga_0003.jpg,Hitomi_Soga/Hitomi_Soga_0004.jpg,1,0.50731415
JJ_Redick/JJ_Redick_0001.jpg,JJ_Redick/JJ_Redick_0002.jpg,1,0.12700056
Jean_Brumley/Jean_Brumley_0001.jpg,Jean_Brumley/Jean_Brumley_0002.jpg,1,0.79311383
Jean_Carnahan/Jean_Carnahan_0001.jpg,Jean_Carnahan/Jean_Carnahan_0002.jpg,1,0.33592474
Jeremy_Shockey/Jeremy_Shockey_0001.jpg,Jeremy_Shockey/Jeremy_Shockey_0002.jpg,1,0.78987777
Jerry_Regier/Jerry_Regier_0001.jpg,Jerry_Regier/Jerry_Regier_0003.jpg,1,0.39199811
Jerry_Regier/Jerry_Regier_0002.jpg,Jerry_Regier/Jerry_Regier_0003.jpg,1,0.46594360
Jerry_Springer/Jerry_Springer_0001.jpg,Jerry_Springer/Jerry_Springer_0002.jpg,1,0.56974393
Jerry_Springer/Jerry_Springer_0001.jpg,Jerry_Springer/Jerry_Springer_0004.jpg,1,0.57118899
Jessica_Lynch/Jessica_Lynch_0001.jpg,Jessica_Lynch/Jessica_Lynch_0002.jpg,1,0.45749798
Jiang_Zemin/Jiang_Zemin_0001.jpg,Jiang_Zemin/Jiang_Zemin_0017.jpg,1,0.67294234
Jiang_Zemin/Jiang_Zemin_0002.jpg,Jiang_Zemin/Jiang_Zemin_0003.jpg,1,0.65175784
Jiang_Zemin/Jiang_Zemin_0004.jpg,Jiang_Zemin/Jiang_Zemin_0010.jpg,1,0.06269408
Jiang_Zemin/Jiang_Zemin_0007.jpg,Jiang_Zemin/Jiang_Zemin_0009.jpg,1,0.49362677
Jiang_Zemin/Jiang_Zemin_0015.jpg,Jiang_Zemin/Jiang_Zemin_0018.jpg,1,0.64056855
Jim_Harrick/Jim_Harrick_0001.jpg,Jim_Harrick/Jim_Harrick_0002.jpg,1,0.48730281
Jiri_Novak/Jiri_Novak_0003.jpg,Jiri_Novak/Jiri_Novak_0004.jpg,1,0.62255168
Jiri_Novak/Jiri_Novak_0003.jpg,Jiri_Novak/Jiri_Novak_0008.jpg,1,0.69322526
Jiri_Novak/Jiri_Novak_0003.jpg,Jiri_Novak/Jiri_Novak_0009.jpg,1,0.64446318
Jiri_Novak/Jiri_Novak_0005.jpg,Jiri_Novak/Jiri_Novak_0006.jpg,1,0.67511427
Jiri_Novak/Jiri_Novak_0005.jpg,Jiri_Novak/Jiri_Novak_0010.jpg,1,0.74678850
Jiri_Novak/Jiri_Novak_0005.jpg,Jiri_Novak/Jiri_Novak_0011.jpg,1,0.80752182
Jiri_Novak/Jiri_Novak_0007.jpg,Jiri_Novak/Jiri_Novak_0010.jpg,1,0.68604755
Joe_Torre/Joe_Torre_0001.jpg,Joe_Torre/Joe_Torre_0003.jpg,1,0.60302013
Joe_Torre/Joe_Torre_0002.jpg,Joe_Torre/Joe_Torre_0004.jpg,1,0.36615041
John_Wolf/John_Wolf_0001.jpg,John_Wolf/John_Wolf_0002.jpg,1,0.72375971
Jonathan_Edwards/Jonathan_Edwards_0001.jpg,Jonathan_Edwards/Jonathan_Edwards_0006.jpg,1,0.51336581
Jonathan_Edwards/Jonathan_Edwards_0002.jpg,Jonathan_Edwards/Jonathan_Edwards_0007.jpg,1,0.29898489
Jonathan_Edwards/Jonathan_Edwards_0003.jpg,Jonathan_Edwards/Jonathan_Edwards_0006.jpg,1,0.30525422
Jonathan_Edwards/Jonathan_Edwards_0005.jpg,Jonathan_Edwards/Jonathan_Edwards_0006.jpg,1,0.31921408
Jonathan_Edwards/Jonathan_Edwards_0005.jpg,Jonathan_Edwards/Jonathan_Edwards_0007.jpg,1,0.21087033
Jonathan_Edwards/Jonathan_Edwards_0006.jpg,Jonathan_Edwards/Jonathan_Edwards_0008.jpg,1,0.44035885
Jose_Manuel_Durao_Barroso/Jose_Manuel_Durao_Barroso_0001.jpg,Jose_Manuel_Durao_Barroso/Jose_Manuel_Durao_Barroso_0002.jpg,1,0.54894990
Jose_Manuel_Durao_Barroso/Jose_Manuel_Durao_Barroso_0001.jpg,Jose_Manuel_Durao_Barroso/Jose_Manuel_Durao_Barroso_0006.jpg,1,0.27667898
Jose_Manuel_Durao_Barroso/Jose_Manuel_Durao_Barroso_0002.jpg,Jose_Manuel_Durao_Barroso/Jose_Manuel_Durao_Barroso_0005.jpg,1,0.56938547
Jose_Manuel_Durao_Barroso/Jose_Manuel_Durao_Barroso_0003.jpg,Jose_Manuel_Durao_Barroso/Jose_Manuel_Durao_Barroso_0005.jpg,1,0.40292719
Jose_Manuel_Durao_Barroso/Jose_Manuel_Durao_Barroso_0004.jpg,Jose_Manuel_Durao_Barroso/Jose_Manuel_Durao_Barroso_0005.jpg,1,0.31896973
Joseph_Biden/Joseph_Biden_0001.jpg,Joseph_Biden/Joseph_Biden_0004.jpg,1,0.57460320
Joseph_Biden/Joseph_Biden_0002.jpg,Joseph_Biden/Joseph_Biden_0003.jpg,1,0.28566921
Joseph_Biden/Joseph_Biden_0003.jpg,Joseph_Biden/Joseph_Biden_0004.jpg,1,0.79207325
Judi_Dench/Judi_Dench_0001.jpg,Judi_Dench/Judi_Dench_0002.jpg,1,0.66087186
Judy_Genshaft/Judy_Genshaft_0001.jpg,Judy_Genshaft/Judy_Genshaft_0002.jpg,1,0.52556562
Keanu_Reeves/Keanu_Reeves_0001.jpg,Keanu_Reeves/Keanu_Reeves_0009.jpg,1,0.47083259
Keanu_Reeves/Keanu_Reeves_0004.jpg,Keanu_Reeves/Keanu_Reeves_0007.jpg,1,0.32874143
Keanu_Reeves/Keanu_Reeves_0006.jpg,Keanu_Reeves/Keanu_Reeves_0009.jpg,1,0.33936489
Keanu_Reeves/Keanu_Reeves_0006.jpg,Keanu_Reeves/Keanu_Reeves_0010.jpg,1,0.49728251
Keanu_Reeves/Keanu_Reeves_0007.jpg,Keanu_Reeves/Keanu_Reeves_0012.jpg,1,0.36212569
Keira_Knightley/Keira_Knightley_0001.jpg,Keira_Knightley/Keira_Knightley_0002.jpg,1,0.13635677
Ken_Watanabe/Ken_Watanabe_0001.jpg,Ken_Watanabe/Ken_Watanabe_0002.jpg,1,0.15687755
Kieran_Prendergast/Kieran_Prendergast_0001.jpg,Kieran_Prendergast/Kieran_Prendergast_0002.jpg,1,0.89052480
King_Abdullah_II/King_Abdullah_II_0001.jpg,King_Abdullah_II/King_Abdullah_II_0003.jpg,1,0.46735549
King_Abdullah_II/King_Abdullah_II_0001.jpg,King_Abdullah_II/King_Abdullah_II_0004.jpg,1,0.57079631
King_Abdullah_II/King_Abdullah_II_0002.jpg,King_Abdullah_II/King_Abdullah_II_0005.jpg,1,0.38496184
King_Abdullah_II/King_Abdullah_II_0003.jpg,King_Abdullah_II/King_Abdullah_II_0004.jpg,1,0.40220603
Kirk_Ferentz/Kirk_Ferentz_0001.jpg,Kirk_Ferentz/Kirk_Ferentz_0002.jpg,1,0.25699949
Kurt_Busch/Kurt_Busch_0001.jpg,Kurt_Busch/Kurt_Busch_0002.jpg,1,0.16427925
Larry_Bowa/Larry_Bowa_0001.jpg,Larry_Bowa/Larry_Bowa_0002.jpg,1,0.62021589
Larry_Thompson/Larry_Thompson_0001.jpg,Larry_Thompson/Larry_Thompson_0003.jpg,1,0.39746156
Larry_Thompson/Larry_Thompson_0001.jpg,Larry_Thompson/Larry_Thompson_0004.jpg,1,0.60993314
Larry_Thompson/Larry_Thompson_0002.jpg,Larry_Thompson/Larry_Thompson_0004.jpg,1,0.62793803
Laura_Bush/Laura_Bush_0001.jpg,Laura_Bush/Laura_Bush_0011.jpg,1,0.06975457
Laura_Bush/Laura_Bush_0021.jpg,Laura_Bush/Laura_Bush_0024.jpg,1,0.48347998
Laura_Bush/Laura_Bush_0021.jpg,Laura_Bush/Laura_Bush_0039.jpg,1,0.53467685
Laura_Bush/Laura_Bush_0026.jpg,Laura_Bush/Laura_Bush_0029.jpg,1,0.50784916
Lauren_Hutton/Lauren_Hutton_0001.jpg,Lauren_Hutton/Lauren_Hutton_0002.jpg,1,0.51819813
Leslie_Ann_Woodward/Leslie_Ann_Woodward_0001.jpg,Leslie_Ann_Woodward/Leslie_Ann_Woodward_0002.jpg,1,0.91037083
Leslie_Moonves/Leslie_Moonves_0001.jpg,Leslie_Moonves/Leslie_Moonves_0002.jpg,1,0.57882053
Lyle_Vanclief/Lyle_Vanclief_0001.jpg,Lyle_Vanclief/Lyle_Vanclief_0002.jpg,1,0.65830314
Magui_Serna/Magui_Serna_0001.jpg,Magui_Serna/Magui_Serna_0002.jpg,1,0.56678760
Makhdoom_Amin_Fahim/Makhdoom_Amin_Fahim_0001.jpg,Makhdoom_Amin_Fahim/Makhdoom_Amin_Fahim_0003.jpg,1,0.76194787
Makhdoom_Amin_Fahim/Makhdoom_Amin_Fahim_0002.jpg,Makhdoom_Amin_Fahim/Makhdoom_Amin_Fahim_0003.jpg,1,0.52126020
Marc-Andre_Fleury/Marc-Andre_Fleury_0001.jpg,Marc-Andre_Fleury/Marc-Andre_Fleury_0002.jpg,1,0.82197601
Marco_Antonio_Barrera/Marco_Antonio_Barrera_0001.jpg,Marco_Antonio_Barrera/Marco_Antonio_Barrera_0005.jpg,1,0.42910945
Marco_Antonio_Barrera/Marco_Antonio_Barrera_0005.jpg,Marco_Antonio_Barrera/Marco_Antonio_Barrera_0006.jpg,1,0.36492616
Marie-Reine_Le_Gougne/Marie-Reine_Le_Gougne_0001.jpg,Marie-Reine_Le_Gougne/Marie-Reine_Le_Gougne_0002.jpg,1,0.40693539
Marieta_Chrousala/Marieta_Chrousala_0001.jpg,Marieta_Chrousala/Marieta_Chrousala_0002.jpg,1,0.53962582
Marieta_Chrousala/Marieta_Chrousala_0001.jpg,Marieta_Chrousala/Marieta_Chrousala_0003.jpg,1,0.68343210
Marieta_Chrousala/Marieta_Chrousala_0002.jpg,Marieta_Chrousala/Marieta_Chrousala_0003.jpg,1,0.61290658
Marina_Anissina/Marina_Anissina_0001.jpg,Marina_Anissina/Marina_Anissina_0002.jpg,1,0.15188162
Mark_Hamister/Mark_Hamister_0001.jpg,Mark_Hamister/Mark_Hamister_0002.jpg,1,0.71467316
Martha_Stewart/Martha_Stewart_0001.jpg,Martha_Stewart/Martha_Stewart_0003.jpg,1,0.51304531
Martha_Stewart/Martha_Stewart_0001.jpg,Martha_Stewart/Martha_Stewart_0005.jpg,1,0.24361148
Martha_Stewart/Martha_Stewart_0002.jpg,Martha_Stewart/Martha_Stewart_0003.jpg,1,0.09415814
Martha_Stewart/Martha_Stewart_0002.jpg,Martha_Stewart/Martha_Stewart_0005.jpg,1,0.07503013
Martha_Stewart/Martha_Stewart_0003.jpg,Martha_Stewart/Martha_Stewart_0004.jpg,1,0.78810489
Martin_Brodeur/Martin_Brodeur_0001.jpg,Martin_Brodeur/Martin_Brodeur_0002.jpg,1,0.53030711
Martin_McCauley/Martin_McCauley_0001.jpg,Martin_McCauley/Martin_McCauley_0002.jpg,1,0.54739708
Martin_Verkerk/Martin_Verkerk_0001.jpg,Martin_Verkerk/Martin_Verkerk_0002.jpg,1,0.65745163
Martin_Verkerk/Martin_Verkerk_0001.jpg,Martin_Verkerk/Martin_Verkerk_0003.jpg,1,0.75141299
Martin_Verkerk/Martin_Verkerk_0002.jpg,Martin_Verkerk/Martin_Verkerk_0003.jpg,1,0.60910094
Martina_McBride/Martina_McBride_0001.jpg,Martina_McBride/Martina_McBride_0003.jpg,1,0.35627884
Martina_McBride/Martina_McBride_0002.jpg,Martina_McBride/Martina_McBride_0004.jpg,1,0.42052603
Matt_Doherty/Matt_Doherty_0001.jpg,Matt_Doherty/Matt_Doherty_0002.jpg,1,0.63223839
Matt_Doherty/Matt_Doherty_0001.jpg,Matt_Doherty/Matt_Doherty_0003.jpg,1,0.49834976
Matt_Doherty/Matt_Doherty_0002.jpg,Matt_Doherty/Matt_Doherty_0003.jpg,1,0.56686062
Matthew_Perry/Matthew_Perry_0001.jpg,Matthew_Perry/Matthew_Perry_0006.jpg,1,0.30472994
Matthew_Perry/Matthew_Perry_0002.jpg,Matthew_Perry/Matthew_Perry_0007.jpg,1,0.47837117
Matthew_Perry/Matthew_Perry_0003.jpg,Matthew_Perry/Matthew_Perry_0004.jpg,1,0.18812063
Megawati_Sukarnoputri/Megawati_Sukarnoputri_0006.jpg,Megawati_Sukarnoputri/Megawati_Sukarnoputri_0023.jpg,1,0.76130688
Megawati_Sukarnoputri/Megawati_Sukarnoputri_0007.jpg,Megawati_Sukarnoputri/Megawati_Sukarnoputri_0022.jpg,1,0.54487062
Megawati_Sukarnoputri/Megawati_Sukarnoputri_0010.jpg,Megawati_Sukarnoputri/Megawati_Sukarnoputri_0015.jpg,1,0.51682514
Megawati_Sukarnoputri/Megawati_Sukarnoputri_0011.jpg,Megawati_Sukarnoputri/Megawati_Sukarnoputri_0024.jpg,1,0.68932551
Megawati_Sukarnoputri/Megawati_Sukarnoputri_0020.jpg,Megawati_Sukarnoputri/Megawati_Sukarnoputri_0024.jpg,1,0.58433163
Megawati_Sukarnoputri/Megawati_Sukarnoputri_0020.jpg,Megawati_Sukarnoputri/Megawati_Sukarnoputri_0030.jpg,1,0.64269483
Meghann_Shaughnessy/Meghann_Shaughnessy_0001.jpg,Meghann_Shaughnessy/Meghann_Shaughnessy_0002.jpg,1,0.43758231
Michael_Capellas/Michael_Capellas_0001.jpg,Michael_Capellas/Michael_Capellas_0002.jpg,1,0.40547138
Michael_Sullivan/Michael_Sullivan_0001.jpg,Michael_Sullivan/Michael_Sullivan_0002.jpg,1,0.61172628
Mike_Brey/Mike_Brey_0001.jpg,Mike_Brey/Mike_Brey_0002.jpg,1,0.54004234
Naji_Sabri/Naji_Sabri_0001.jpg,Naji_Sabri/Naji_Sabri_0006.jpg,1,0.52974153
Naji_Sabri/Naji_Sabri_0002.jpg,Naji_Sabri/Naji_Sabri_0004.jpg,1,0.13686547
Naji_Sabri/Naji_Sabri_0002.jpg,Naji_Sabri/Naji_Sabri_0007.jpg,1,0.15748900
Naji_Sabri/Naji_Sabri_0003.jpg,Naji_Sabri/Naji_Sabri_0008.jpg,1,0.16672279
Naji_Sabri/Naji_Sabri_0006.jpg,Naji_Sabri/Naji_Sabri_0007.jpg,1,0.38698930
Nanni_Moretti/Nanni_Moretti_0001.jpg,Nanni_Moretti/Nanni_Moretti_0002.jpg,1,0.44273716
Nastassia_Kinski/Nastassia_Kinski_0001.jpg,Nastassia_Kinski/Nastassia_Kinski_0002.jpg,1,0.78131521
Natalie_Coughlin/Natalie_Coughlin_0002.jpg,Natalie_Coughlin/Natalie_Coughlin_0003.jpg,1,0.20629516
Natalie_Coughlin/Natalie_Coughlin_0004.jpg,Natalie_Coughlin/Natalie_Coughlin_0006.jpg,1,0.74416333
Natalie_Coughlin/Natalie_Coughlin_0005.jpg,Natalie_Coughlin/Natalie_Coughlin_0006.jpg,1,0.82903355
Norah_Jones/Norah_Jones_0003.jpg,Norah_Jones/Norah_Jones_0015.jpg,1,0.38853025
Norah_Jones/Norah_Jones_0004.jpg,Norah_Jones/Norah_Jones_0012.jpg,1,0.50731862
Norah_Jones/Norah_Jones_0007.jpg,Norah_Jones/Norah_Jones_0015.jpg,1,0.71612489
Norah_Jones/Norah_Jones_0009.jpg,Norah_Jones/Norah_Jones_0015.jpg,1,0.47355285
Norah_Jones/Norah_Jones_0011.jpg,Norah_Jones/Norah_Jones_0012.jpg,1,0.49065340
Norm_Coleman/Norm_Coleman_0005.jpg,Norm_Coleman/Norm_Coleman_0007.jpg,1,0.23914334
Oscar_De_La_Hoya/Oscar_De_La_Hoya_0001.jpg,Oscar_De_La_Hoya/Oscar_De_La_Hoya_0003.jpg,1,0.50750899
Oscar_De_La_Hoya/Oscar_De_La_Hoya_0002.jpg,Oscar_De_La_Hoya/Oscar_De_La_Hoya_0006.jpg,1,0.61088717
Oscar_De_La_Hoya/Oscar_De_La_Hoya_0002.jpg,Oscar_De_La_Hoya/Oscar_De_La_Hoya_0007.jpg,1,0.49635559
Pascal_Lamy/Pascal_Lamy_0001.jpg,Pascal_Lamy/Pascal_Lamy_0002.jpg,1,0.68136096
Pat_Burns/Pat_Burns_0001.jpg,Pat_Burns/Pat_Burns_0002.jpg,1,0.50347745
Paul_McCartney/Paul_McCartney_0003.jpg,Paul_McCartney/Paul_McCartney_0004.jpg,1,0.24839106
Paul_McCartney/Paul_McCartney_0003.jpg,Paul_McCartney/Paul_McCartney_0005.jpg,1,0.25012618
Paul_Wellstone/Paul_Wellstone_0001.jpg,Paul_Wellstone/Paul_Wellstone_0002.jpg,1,0.59531212
Paul_Wellstone/Paul_Wellstone_0001.jpg,Paul_Wellstone/Paul_Wellstone_0003.jpg,1,0.36236680
Paul_Wellstone/Paul_Wellstone_0002.jpg,Paul_Wellstone/Paul_Wellstone_0003.jpg,1,0.44089144
Penelope_Cruz/Penelope_Cruz_0001.jpg,Penelope_Cruz/Penelope_Cruz_0002.jpg,1,0.38037312
Penelope_Cruz/Penelope_Cruz_0001.jpg,Penelope_Cruz/Penelope_Cruz_0003.jpg,1,0.43556541
Pete_Rose/Pete_Rose_0001.jpg,Pete_Rose/Pete_Rose_0002.jpg,1,0.36029720
Prince_Harry/Prince_Harry_0001.jpg,Prince_Harry/Prince_Harry_0002.jpg,1,0.61647379
Prince_Harry/Prince_Harry_0002.jpg,Prince_Harry/Prince_Harry_0003.jpg,1,0.27988106
Princess_Caroline/Princess_Caroline_0001.jpg,Princess_Caroline/Princess_Caroline_0002.jpg,1,0.58918411
Princess_Caroline/Princess_Caroline_0002.jpg,Princess_Caroline/Princess_Caroline_0005.jpg,1,0.19803485
Raquel_Welch/Raquel_Welch_0001.jpg,Raquel_Welch/Raquel_Welch_0002.jpg,1,0.81880790
Reggie_Miller/Reggie_Miller_0001.jpg,Reggie_Miller/Reggie_Miller_0002.jpg,1,0.56630045
Renee_Zellweger/Renee_Zellweger_0002.jpg,Renee_Zellweger/Renee_Zellweger_0013.jpg,1,0.45726976
Renee_Zellweger/Renee_Zellweger_0002.jpg,Renee_Zellweger/Renee_Zellweger_0016.jpg,1,0.47369924
Renee_Zellweger/Renee_Zellweger_0003.jpg,Renee_Zellweger/Renee_Zellweger_0016.jpg,1,0.51058626
Ricardo_Sanchez/Ricardo_Sanchez_0001.jpg,Ricardo_Sanchez/Ricardo_Sanchez_0006.jpg,1,0.43791723
Ricardo_Sanchez/Ricardo_Sanchez_0002.jpg,Ricardo_Sanchez/Ricardo_Sanchez_0004.jpg,1,0.45347017
Richard_Butler/Richard_Butler_0001.jpg,Richard_Butler/Richard_Butler_0002.jpg,1,0.55684572
Rubens_Barrichello/Rubens_Barrichello_0002.jpg,Rubens_Barrichello/Rubens_Barrichello_0003.jpg,1,0.52390289
Rubens_Barrichello/Rubens_Barrichello_0004.jpg,Rubens_Barrichello/Rubens_Barrichello_0005.jpg,1,0.46207720
Rubens_Barrichello/Rubens_Barrichello_0004.jpg,Rubens_Barrichello/Rubens_Barrichello_0008.jpg,1,0.58259475
Rubens_Barrichello/Rubens_Barrichello_0006.jpg,Rubens_Barrichello/Rubens_Barrichello_0011.jpg,1,0.54367703
Rubens_Barrichello/Rubens_Barrichello_0009.jpg,Rubens_Barrichello/Rubens_Barrichello_0012.jpg,1,0.56388950
Samira_Makhmalbaf/Samira_Makhmalbaf_0001.jpg,Samira_Makhmalbaf/Samira_Makhmalbaf_0002.jpg,1,0.54757059
Samuel_Waksal/Samuel_Waksal_0001.jpg,Samuel_Waksal/Samuel_Waksal_0002.jpg,1,0.53895801
Samuel_Waksal/Samuel_Waksal_0001.jpg,Samuel_Waksal/Samuel_Waksal_0003.jpg,1,0.62921160
Samuel_Waksal/Samuel_Waksal_0001.jpg,Samuel_Waksal/Samuel_Waksal_0004.jpg,1,0.63160324
Samuel_Waksal/Samuel_Waksal_0002.jpg,Samuel_Waksal/Samuel_Waksal_0004.jpg,1,0.36110592
Scott_McClellan/Scott_McClellan_0001.jpg,Scott_McClellan/Scott_McClellan_0003.jpg,1,0.89730185
Scott_McClellan/Scott_McClellan_0002.jpg,Scott_McClellan/Scott_McClellan_0004.jpg,1,0.61820161
Scott_McClellan/Scott_McClellan_0002.jpg,Scott_McClellan/Scott_McClellan_0005.jpg,1,0.55355215
Scott_Rudin/Scott_Rudin_0001.jpg,Scott_Rudin/Scott_Rudin_0002.jpg,1,0.63842279
Shane_Warne/Shane_Warne_0001.jpg,Shane_Warne/Shane_Warne_0002.jpg,1,0.30764800
Sheila_Wellstone/Sheila_Wellstone_0001.jpg,Sheila_Wellstone/Sheila_Wellstone_0002.jpg,1,0.53698915
Sheryl_Crow/Sheryl_Crow_0001.jpg,Sheryl_Crow/Sheryl_Crow_0003.jpg,1,0.41051018
Silvan_Shalom/Silvan_Shalom_0002.jpg,Silvan_Shalom/Silvan_Shalom_0003.jpg,1,0.35523623
Silvan_Shalom/Silvan_Shalom_0002.jpg,Silvan_Shalom/Silvan_Shalom_0004.jpg,1,0.30574226
Silvan_Shalom/Silvan_Shalom_0002.jpg,Silvan_Shalom/Silvan_Shalom_0006.jpg,1,0.57743156
Silvan_Shalom/Silvan_Shalom_0003.jpg,Silvan_Shalom/Silvan_Shalom_0004.jpg,1,0.30636293
Silvan_Shalom/Silvan_Shalom_0003.jpg,Silvan_Shalom/Silvan_Shalom_0006.jpg,1,0.32545480
Steve_Mariucci/Steve_Mariucci_0001.jpg,Steve_Mariucci/Steve_Mariucci_0003.jpg,1,0.60997367
Steve_Mariucci/Steve_Mariucci_0002.jpg,Steve_Mariucci/Steve_Mariucci_0003.jpg,1,0.61386871
Steven_Seagal/Steven_Seagal_0001.jpg,Steven_Seagal/Steven_Seagal_0002.jpg,1,0.61955762
Taha_Yassin_Ramadan/Taha_Yassin_Ramadan_0003.jpg,Taha_Yassin_Ramadan/Taha_Yassin_Ramadan_0012.jpg,1,0.69116008
Taha_Yassin_Ramadan/Taha_Yassin_Ramadan_0007.jpg,Taha_Yassin_Ramadan/Taha_Yassin_Ramadan_0013.jpg,1,0.28634083
Tammy_Lynn_Michaels/Tammy_Lynn_Michaels_0001.jpg,Tammy_Lynn_Michaels/Tammy_Lynn_Michaels_0002.jpg,1,0.18338242
Theodore_Tweed_Roosevelt/Theodore_Tweed_Roosevelt_0001.jpg,Theodore_Tweed_Roosevelt/Theodore_Tweed_Roosevelt_0002.jpg,1,0.62214398
Theodore_Tweed_Roosevelt/Theodore_Tweed_Roosevelt_0001.jpg,Theodore_Tweed_Roosevelt/Theodore_Tweed_Roosevelt_0003.jpg,1,0.54168141
Theodore_Tweed_Roosevelt/Theodore_Tweed_Roosevelt_0002.jpg,Theodore_Tweed_Roosevelt/Theodore_Tweed_Roosevelt_0003.jpg,1,0.48835143
Tom_Crean/Tom_Crean_0001.jpg,Tom_Crean/Tom_Crean_0002.jpg,1,0.44311053
Tom_Crean/Tom_Crean_0003.jpg,Tom_Crean/Tom_Crean_0005.jpg,1,0.50612998
Tom_Crean/Tom_Crean_0004.jpg,Tom_Crean/Tom_Crean_0005.jpg,1,0.18426606
Tony_Bennett/Tony_Bennett_0001.jpg,Tony_Bennett/Tony_Bennett_0003.jpg,1,0.50092912
Torri_Edwards/Torri_Edwards_0001.jpg,Torri_Edwards/Torri_Edwards_0002.jpg,1,0.57976741
Tung_Chee-hwa/Tung_Chee-hwa_0001.jpg,Tung_Chee-hwa/Tung_Chee-hwa_0002.jpg,1,0.10786163
Tung_Chee-hwa/Tung_Chee-hwa_0001.jpg,Tung_Chee-hwa/Tung_Chee-hwa_0008.jpg,1,0.38310921
Tung_Chee-hwa/Tung_Chee-hwa_0002.jpg,Tung_Chee-hwa/Tung_Chee-hwa_0008.jpg,1,0.04612514
Vidar_Helgesen/Vidar_Helgesen_0001.jpg,Vidar_Helgesen/Vidar_Helgesen_0002.jpg,1,0.55003417
Warren_Buffett/Warren_Buffett_0001.jpg,Warren_Buffett/Warren_Buffett_0002.jpg,1,0.59683311
Warren_Buffett/Warren_Buffett_0001.jpg,Warren_Buffett/Warren_Buffett_0003.jpg,1,0.70732927
Wen_Jiabao/Wen_Jiabao_0001.jpg,Wen_Jiabao/Wen_Jiabao_0012.jpg,1,0.52329969
Wen_Jiabao/Wen_Jiabao_0002.jpg,Wen_Jiabao/Wen_Jiabao_0011.jpg,1,0.49884003
Wen_Jiabao/Wen_Jiabao_0004.jpg,Wen_Jiabao/Wen_Jiabao_0007.jpg,1,0.53101814
Wen_Jiabao/Wen_Jiabao_0005.jpg,Wen_Jiabao/Wen_Jiabao_0006.jpg,1,0.45151690
Wen_Jiabao/Wen_Jiabao_0007.jpg,Wen_Jiabao/Wen_Jiabao_0009.jpg,1,0.62706333
Wen_Jiabao/Wen_Jiabao_0007.jpg,Wen_Jiabao/Wen_Jiabao_0012.jpg,1,0.54333401
Wen_Jiabao/Wen_Jiabao_0008.jpg,Wen_Jiabao/Wen_Jiabao_0012.jpg,1,0.58496684
Wen_Jiabao/Wen_Jiabao_0010.jpg,Wen_Jiabao/Wen_Jiabao_0011.jpg,1,0.71584129
Wen_Jiabao/Wen_Jiabao_0011.jpg,Wen_Jiabao/Wen_Jiabao_0012.jpg,1,0.53668112
Wesley_Clark/Wesley_Clark_0001.jpg,Wesley_Clark/Wesley_Clark_0002.jpg,1,0.65669441
Yuri_Malenchenko/Yuri_Malenchenko_0001.jpg,Yuri_Malenchenko/Yuri_Malenchenko_0002.jpg,1,0.61200643
Abdoulaye_Wade/Abdoulaye_Wade_0001.jpg,Abdoulaye_Wade/Abdoulaye_Wade_0002.jpg,1,0.36874247
Abdoulaye_Wade/Abdoulaye_Wade_0001.jpg,Abdoulaye_Wade/Abdoulaye_Wade_0003.jpg,1,0.29376256
Abdoulaye_Wade/Abdoulaye_Wade_0002.jpg,Abdoulaye_Wade/Abdoulaye_Wade_0003.jpg,1,0.37818843
Adam_Sandler/Adam_Sandler_0001.jpg,Adam_Sandler/Adam_Sandler_0002.jpg,1,0.52817541
Adam_Sandler/Adam_Sandler_0001.jpg,Adam_Sandler/Adam_Sandler_0004.jpg,1,0.25701532
Adam_Sandler/Adam_Sandler_0002.jpg,Adam_Sandler/Adam_Sandler_0003.jpg,1,0.53163528
Aicha_El_Ouafi/Aicha_El_Ouafi_0001.jpg,Aicha_El_Ouafi/Aicha_El_Ouafi_0003.jpg,1,0.58104461
Aicha_El_Ouafi/Aicha_El_Ouafi_0002.jpg,Aicha_El_Ouafi/Aicha_El_Ouafi_0003.jpg,1,0.70096803
Akbar_Hashemi_Rafsanjani/Akbar_Hashemi_Rafsanjani_0001.jpg,Akbar_Hashemi_Rafsanjani/Akbar_Hashemi_Rafsanjani_0003.jpg,1,0.45524383
Akbar_Hashemi_Rafsanjani/Akbar_Hashemi_Rafsanjani_0002.jpg,Akbar_Hashemi_Rafsanjani/Akbar_Hashemi_Rafsanjani_0003.jpg,1,0.51828861
Al_Pacino/Al_Pacino_0001.jpg,Al_Pacino/Al_Pacino_0002.jpg,1,0.43332243
Al_Pacino/Al_Pacino_0001.jpg,Al_Pacino/Al_Pacino_0003.jpg,1,0.55685586
Alex_Barros/Alex_Barros_0001.jpg,Alex_Barros/Alex_Barros_0002.jpg,1,0.09513093
Allyson_Felix/Allyson_Felix_0001.jpg,Allyson_Felix/Allyson_Felix_0003.jpg,1,0.37285787
Allyson_Felix/Allyson_Felix_0001.jpg,Allyson_Felix/Allyson_Felix_0004.jpg,1,0.44845286
Allyson_Felix/Allyson_Felix_0001.jpg,Allyson_Felix/Allyson_Felix_0005.jpg,1,0.37497202
Allyson_Felix/Allyson_Felix_0004.jpg,Allyson_Felix/Allyson_Felix_0005.jpg,1,0.59091473
Anastasia_Myskina/Anastasia_Myskina_0001.jpg,Anastasia_Myskina/Anastasia_Myskina_0002.jpg,1,0.54170668
Andy_Roddick/Andy_Roddick_0008.jpg,Andy_Roddick/Andy_Roddick_0012.jpg,1,0.50400108
Andy_Roddick/Andy_Roddick_0010.jpg,Andy_Roddick/Andy_Roddick_0015.jpg,1,0.51113600
Andy_Roddick/Andy_Roddick_0013.jpg,Andy_Roddick/Andy_Roddick_0015.jpg,1,0.29152569
Anna_Nicole_Smith/Anna_Nicole_Smith_0001.jpg,Anna_Nicole_Smith/Anna_Nicole_Smith_0002.jpg,1,0.38854918
Antonio_Palocci/Antonio_Palocci_0001.jpg,Antonio_Palocci/Antonio_Palocci_0008.jpg,1,0.53853798
Antonio_Palocci/Antonio_Palocci_0003.jpg,Antonio_Palocci/Antonio_Palocci_0006.jpg,1,0.50953841
Antonio_Palocci/Antonio_Palocci_0004.jpg,Antonio_Palocci/Antonio_Palocci_0005.jpg,1,0.55805737
Antonio_Palocci/Antonio_Palocci_0005.jpg,Antonio_Palocci/Antonio_Palocci_0007.jpg,1,0.59618998
Antonio_Palocci/Antonio_Palocci_0006.jpg,Antonio_Palocci/Antonio_Palocci_0008.jpg,1,0.45918512
Arnoldo_Aleman/Arnoldo_Aleman_0001.jpg,Arnoldo_Aleman/Arnoldo_Aleman_0003.jpg,1,0.64908987
Arnoldo_Aleman/Arnoldo_Aleman_0003.jpg,Arnoldo_Aleman/Arnoldo_Aleman_0005.jpg,1,0.61054456
Ashton_Kutcher/Ashton_Kutcher_0001.jpg,Ashton_Kutcher/Ashton_Kutcher_0003.jpg,1,0.60398757
Ashton_Kutcher/Ashton_Kutcher_0002.jpg,Ashton_Kutcher/Ashton_Kutcher_0003.jpg,1,0.53002375
Augusto_Roa_Bastos/Augusto_Roa_Bastos_0001.jpg,Augusto_Roa_Bastos/Augusto_Roa_Bastos_0002.jpg,1,0.52043939
Aung_San_Suu_Kyi/Aung_San_Suu_Kyi_0001.jpg,Aung_San_Suu_Kyi/Aung_San_Suu_Kyi_0002.jpg,1,0.35214603
Barry_Zito/Barry_Zito_0001.jpg,Barry_Zito/Barry_Zito_0002.jpg,1,0.21206664
Bill_Graham/Bill_Graham_0001.jpg,Bill_Graham/Bill_Graham_0009.jpg,1,0.48017722
Bill_Graham/Bill_Graham_0003.jpg,Bill_Graham/Bill_Graham_0004.jpg,1,0.63441992
Bill_Graham/Bill_Graham_0004.jpg,Bill_Graham/Bill_Graham_0006.jpg,1,0.70647299
Bill_Graham/Bill_Graham_0005.jpg,Bill_Graham/Bill_Graham_0006.jpg,1,0.67166948
Bob_Dole/Bob_Dole_0001.jpg,Bob_Dole/Bob_Dole_0003.jpg,1,0.56501800
Bruce_Weber/Bruce_Weber_0001.jpg,Bruce_Weber/Bruce_Weber_0002.jpg,1,0.55605304
Carlos_Mesa/Carlos_Mesa_0001.jpg,Carlos_Mesa/Carlos_Mesa_0002.jpg,1,0.52135330
Carolyn_Dawn_Johnson/Carolyn_Dawn_Johnson_0001.jpg,Carolyn_Dawn_Johnson/Carolyn_Dawn_Johnson_0002.jpg,1,0.80992210
Carolyn_Dawn_Johnson/Carolyn_Dawn_Johnson_0002.jpg,Carolyn_Dawn_Johnson/Carolyn_Dawn_Johnson_0003.jpg,1,0.54785931
Celine_Dion/Celine_Dion_0003.jpg,Celine_Dion/Celine_Dion_0008.jpg,1,0.09931344
Chakib_Khelil/Chakib_Khelil_0001.jpg,Chakib_Khelil/Chakib_Khelil_0002.jpg,1,0.48878586
Chen_Shui-bian/Chen_Shui-bian_0002.jpg,Chen_Shui-bian/Chen_Shui-bian_0004.jpg,1,0.42543986
Chen_Shui-bian/Chen_Shui-bian_0003.jpg,Chen_Shui-bian/Chen_Shui-bian_0005.jpg,1,0.35616088
Christopher_Walken/Christopher_Walken_0001.jpg,Christopher_Walken/Christopher_Walken_0003.jpg,1,0.82806104
Christopher_Walken/Christopher_Walken_0001.jpg,Christopher_Walken/Christopher_Walken_0004.jpg,1,0.61013877
Claudia_Pechstein/Claudia_Pechstein_0001.jpg,Claudia_Pechstein/Claudia_Pechstein_0002.jpg,1,0.39273351
Claudia_Pechstein/Claudia_Pechstein_0001.jpg,Claudia_Pechstein/Claudia_Pechstein_0004.jpg,1,0.48923528
Claudia_Pechstein/Claudia_Pechstein_0003.jpg,Claudia_Pechstein/Claudia_Pechstein_0004.jpg,1,0.19654864
Claudia_Pechstein/Claudia_Pechstein_0003.jpg,Claudia_Pechstein/Claudia_Pechstein_0005.jpg,1,0.74216443
Claudia_Pechstein/Claudia_Pechstein_0004.jpg,Claudia_Pechstein/Claudia_Pechstein_0005.jpg,1,0.15733376
Clay_Aiken/Clay_Aiken_0002.jpg,Clay_Aiken/Clay_Aiken_0004.jpg,1,0.58954751
Clay_Aiken/Clay_Aiken_0003.jpg,Clay_Aiken/Clay_Aiken_0004.jpg,1,0.54156601
Clay_Aiken/Clay_Aiken_0003.jpg,Clay_Aiken/Clay_Aiken_0005.jpg,1,0.55660582
Colin_Powell/Colin_Powell_0040.jpg,Colin_Powell/Colin_Powell_0071.jpg,1,0.28293675
Colin_Powell/Colin_Powell_0049.jpg,Colin_Powell/Colin_Powell_0234.jpg,1,0.45253766
Colin_Powell/Colin_Powell_0133.jpg,Colin_Powell/Colin_Powell_0170.jpg,1,0.57831407
Colin_Powell/Colin_Powell_0182.jpg,Colin_Powell/Colin_Powell_0198.jpg,1,0.75150496
Cristina_Fernandez/Cristina_Fernandez_0001.jpg,Cristina_Fernandez/Cristina_Fernandez_0002.jpg,1,0.23459043
Daisy_Fuentes/Daisy_Fuentes_0002.jpg,Daisy_Fuentes/Daisy_Fuentes_0003.jpg,1,0.58847940
Damon_van_Dam/Damon_van_Dam_0001.jpg,Damon_van_Dam/Damon_van_Dam_0002.jpg,1,0.50915813
Dan_Wheldon/Dan_Wheldon_0001.jpg,Dan_Wheldon/Dan_Wheldon_0002.jpg,1,0.25313157
David_Coulthard/David_Coulthard_0001.jpg,David_Coulthard/David_Coulthard_0002.jpg,1,0.56409192
David_Kelley/David_Kelley_0001.jpg,David_Kelley/David_Kelley_0002.jpg,1,0.52695400
Debra_Brown/Debra_Brown_0001.jpg,Debra_Brown/Debra_Brown_0002.jpg,1,0.16195191
Dennis_Erickson/Dennis_Erickson_0001.jpg,Dennis_Erickson/Dennis_Erickson_0002.jpg,1,0.76356822
Derek_Lowe/Derek_Lowe_0001.jpg,Derek_Lowe/Derek_Lowe_0002.jpg,1,0.50400048
Eddie_Sutton/Eddie_Sutton_0001.jpg,Eddie_Sutton/Eddie_Sutton_0002.jpg,1,0.41179791
Edie_Falco/Edie_Falco_0001.jpg,Edie_Falco/Edie_Falco_0002.jpg,1,0.17317283
Elijah_Wood/Elijah_Wood_0002.jpg,Elijah_Wood/Elijah_Wood_0003.jpg,1,0.50712466
Elizabeth_Hurley/Elizabeth_Hurley_0001.jpg,Elizabeth_Hurley/Elizabeth_Hurley_0004.jpg,1,0.31225282
Elizabeth_Hurley/Elizabeth_Hurley_0002.jpg,Elizabeth_Hurley/Elizabeth_Hurley_0005.jpg,1,0.43563974
Emily_Robison/Emily_Robison_0001.jpg,Emily_Robison/Emily_Robison_0002.jpg,1,-0.06202185
Ethan_Hawke/Ethan_Hawke_0001.jpg,Ethan_Hawke/Ethan_Hawke_0004.jpg,1,0.08945489
Eunice_Barber/Eunice_Barber_0001.jpg,Eunice_Barber/Eunice_Barber_0002.jpg,1,0.57502198
Felix_Mantilla/Felix_Mantilla_0001.jpg,Felix_Mantilla/Felix_Mantilla_0002.jpg,1,0.28735751
Fidel_Castro/Fidel_Castro_0001.jpg,Fidel_Castro/Fidel_Castro_0018.jpg,1,0.41045266
Fidel_Castro/Fidel_Castro_0003.jpg,Fidel_Castro/Fidel_Castro_0007.jpg,1,0.49729747
Fidel_Castro/Fidel_Castro_0005.jpg,Fidel_Castro/Fidel_Castro_0008.jpg,1,0.09004609
Fidel_Castro/Fidel_Castro_0008.jpg,Fidel_Castro/Fidel_Castro_0012.jpg,1,0.32341823
Fidel_Castro/Fidel_Castro_0011.jpg,Fidel_Castro/Fidel_Castro_0013.jpg,1,0.52534842
Francisco_Flores/Francisco_Flores_0001.jpg,Francisco_Flores/Francisco_Flores_0002.jpg,1,0.66087955
Francisco_Flores/Francisco_Flores_0001.jpg,Francisco_Flores/Francisco_Flores_0003.jpg,1,0.40378574
Frank_Dunham_Jr/Frank_Dunham_Jr_0001.jpg,Frank_Dunham_Jr/Frank_Dunham_Jr_0002.jpg,1,0.17551118
Franko_Simatovic/Franko_Simatovic_0001.jpg,Franko_Simatovic/Franko_Simatovic_0002.jpg,1,0.42308170
Fred_Eckhard/Fred_Eckhard_0001.jpg,Fred_Eckhard/Fred_Eckhard_0002.jpg,1,0.77121675
Fred_Eckhard/Fred_Eckhard_0001.jpg,Fred_Eckhard/Fred_Eckhard_0003.jpg,1,0.81033027
Fred_Eckhard/Fred_Eckhard_0002.jpg,Fred_Eckhard/Fred_Eckhard_0003.jpg,1,0.83139104
GL_Peiris/GL_Peiris_0001.jpg,GL_Peiris/GL_Peiris_0002.jpg,1,0.57577080
GL_Peiris/GL_Peiris_0001.jpg,GL_Peiris/GL_Peiris_0003.jpg,1,0.53322077
GL_Peiris/GL_Peiris_0002.jpg,GL_Peiris/GL_Peiris_0003.jpg,1,0.85252070
GL_Peiris/GL_Peiris_0002.jpg,GL_Peiris/GL_Peiris_0004.jpg,1,0.33443680
Garry_Kasparov/Garry_Kasparov_0001.jpg,Garry_Kasparov/Garry_Kasparov_0002.jpg,1,0.56791437
Hassan_Nasrallah/Hassan_Nasrallah_0001.jpg,Hassan_Nasrallah/Hassan_Nasrallah_0002.jpg,1,0.58681291
Heidi_Klum/Heidi_Klum_0001.jpg,Heidi_Klum/Heidi_Klum_0003.jpg,1,0.57128787
Heidi_Klum/Heidi_Klum_0001.jpg,Heidi_Klum/Heidi_Klum_0004.jpg,1,0.63282430
Heidi_Klum/Heidi_Klum_0002.jpg,Heidi_Klum/Heidi_Klum_0004.jpg,1,0.48287824
Heidi_Klum/Heidi_Klum_0003.jpg,Heidi_Klum/Heidi_Klum_0004.jpg,1,0.48139763
Heinz_Feldmann/Heinz_Feldmann_0001.jpg,Heinz_Feldmann/Heinz_Feldmann_0002.jpg,1,0.82875860
Heinz_Feldmann/Heinz_Feldmann_0002.jpg,Heinz_Feldmann/Heinz_Feldmann_0003.jpg,1,0.59513104
Iban_Mayo/Iban_Mayo_0001.jpg,Iban_Mayo/Iban_Mayo_0002.jpg,1,0.34797555
Imad_Moustapha/Imad_Moustapha_0001.jpg,Imad_Moustapha/Imad_Moustapha_0002.jpg,1,0.85619909
Inam-ul-Haq/Inam-ul-Haq_0001.jpg,Inam-ul-Haq/Inam-ul-Haq_0002.jpg,1,0.37098828
James_Gandolfini/James_Gandolfini_0001.jpg,James_Gandolfini/James_Gandolfini_0003.jpg,1,0.50471902
James_Gandolfini/James_Gandolfini_0002.jpg,James_Gandolfini/James_Gandolfini_0003.jpg,1,0.48252898
Janet_Thorpe/Janet_Thorpe_0001.jpg,Janet_Thorpe/Janet_Thorpe_0002.jpg,1,0.61055601
Jean-Pierre_Raffarin/Jean-Pierre_Raffarin_0001.jpg,Jean-Pierre_Raffarin/Jean-Pierre_Raffarin_0002.jpg,1,0.50092113
Jean-Pierre_Raffarin/Jean-Pierre_Raffarin_0001.jpg,Jean-Pierre_Raffarin/Jean-Pierre_Raffarin_0006.jpg,1,0.57771093
Jean-Pierre_Raffarin/Jean-Pierre_Raffarin_0003.jpg,Jean-Pierre_Raffarin/Jean-Pierre_Raffarin_0004.jpg,1,0.45185211
Jean-Pierre_Raffarin/Jean-Pierre_Raffarin_0003.jpg,Jean-Pierre_Raffarin/Jean-Pierre_Raffarin_0005.jpg,1,0.33073258
Jean-Pierre_Raffarin/Jean-Pierre_Raffarin_0004.jpg,Jean-Pierre_Raffarin/Jean-Pierre_Raffarin_0007.jpg,1,0.48395318
Jean-Pierre_Raffarin/Jean-Pierre_Raffarin_0005.jpg,Jean-Pierre_Raffarin/Jean-Pierre_Raffarin_0007.jpg,1,0.50094676
Jean-Pierre_Raffarin/Jean-Pierre_Raffarin_0006.jpg,Jean-Pierre_Raffarin/Jean-Pierre_Raffarin_0007.jpg,1,0.50973976
Jeffrey_Scott_Postell/Jeffrey_Scott_Postell_0001.jpg,Jeffrey_Scott_Postell/Jeffrey_Scott_Postell_0002.jpg,1,0.59733599
Jennifer_Capriati/Jennifer_Capriati_0002.jpg,Jennifer_Capriati/Jennifer_Capriati_0014.jpg,1,0.30368388
Jennifer_Capriati/Jennifer_Capriati_0007.jpg,Jennifer_Capriati/Jennifer_Capriati_0032.jpg,1,0.29996067
Jennifer_Capriati/Jennifer_Capriati_0033.jpg,Jennifer_Capriati/Jennifer_Capriati_0042.jpg,1,0.30101946
Job_Cohen/Job_Cohen_0001.jpg,Job_Cohen/Job_Cohen_0002.jpg,1,0.79431874
John_McCormack/John_McCormack_0001.jpg,John_McCormack/John_McCormack_0002.jpg,1,0.04307383
John_Paul_II/John_Paul_II_0001.jpg,John_Paul_II/John_Paul_II_0004.jpg,1,0.47194040
John_Paul_II/John_Paul_II_0002.jpg,John_Paul_II/John_Paul_II_0005.jpg,1,0.58749306
John_Paul_II/John_Paul_II_0002.jpg,John_Paul_II/John_Paul_II_0008.jpg,1,0.61375678
John_Paul_II/John_Paul_II_0004.jpg,John_Paul_II/John_Paul_II_0009.jpg,1,0.43743259
John_Paul_II/John_Paul_II_0010.jpg,John_Paul_II/John_Paul_II_0011.jpg,1,0.76302087
John_Ruiz/John_Ruiz_0001.jpg,John_Ruiz/John_Ruiz_0002.jpg,1,0.63009417
John_Stallworth/John_Stallworth_0001.jpg,John_Stallworth/John_Stallworth_0002.jpg,1,0.26913869
John_Stockton/John_Stockton_0002.jpg,John_Stockton/John_Stockton_0004.jpg,1,0.26448265
John_Travolta/John_Travolta_0002.jpg,John_Travolta/John_Travolta_0006.jpg,1,0.64311957
John_Travolta/John_Travolta_0003.jpg,John_Travolta/John_Travolta_0005.jpg,1,0.24206592
John_Travolta/John_Travolta_0005.jpg,John_Travolta/John_Travolta_0007.jpg,1,0.31866986
Jonathan_Mostow/Jonathan_Mostow_0001.jpg,Jonathan_Mostow/Jonathan_Mostow_0002.jpg,1,0.43870661
Jorge_Arce/Jorge_Arce_0001.jpg,Jorge_Arce/Jorge_Arce_0002.jpg,1,0.52971083
Joschka_Fischer/Joschka_Fischer_0001.jpg,Joschka_Fischer/Joschka_Fischer_0010.jpg,1,0.68949962
Joschka_Fischer/Joschka_Fischer_0006.jpg,Joschka_Fischer/Joschka_Fischer_0011.jpg,1,0.61957061
Joschka_Fischer/Joschka_Fischer_0007.jpg,Joschka_Fischer/Joschka_Fischer_0011.jpg,1,0.60858762
Joschka_Fischer/Joschka_Fischer_0011.jpg,Joschka_Fischer/Joschka_Fischer_0017.jpg,1,0.61578107
Joschka_Fischer/Joschka_Fischer_0015.jpg,Joschka_Fischer/Joschka_Fischer_0016.jpg,1,0.70806527
Jose_Canseco/Jose_Canseco_0001.jpg,Jose_Canseco/Jose_Canseco_0003.jpg,1,0.38727143
Juan_Manuel_Marquez/Juan_Manuel_Marquez_0001.jpg,Juan_Manuel_Marquez/Juan_Manuel_Marquez_0002.jpg,1,0.56172633
Juan_Manuel_Marquez/Juan_Manuel_Marquez_0001.jpg,Juan_Manuel_Marquez/Juan_Manuel_Marquez_0003.jpg,1,0.76083153
Juan_Manuel_Marquez/Juan_Manuel_Marquez_0002.jpg,Juan_Manuel_Marquez/Juan_Manuel_Marquez_0003.jpg,1,0.44384867
Juan_Valencia_Osorio/Juan_Valencia_Osorio_0001.jpg,Juan_Valencia_Osorio/Juan_Valencia_Osorio_0002.jpg,1,0.35349947
Julie_Gerberding/Julie_Gerberding_0009.jpg,Julie_Gerberding/Julie_Gerberding_0013.jpg,1,0.73532152
Julie_Gerberding/Julie_Gerberding_0012.jpg,Julie_Gerberding/Julie_Gerberding_0015.jpg,1,0.38179165
Kate_Hudson/Kate_Hudson_0001.jpg,Kate_Hudson/Kate_Hudson_0004.jpg,1,0.43235600
Kate_Hudson/Kate_Hudson_0001.jpg,Kate_Hudson/Kate_Hudson_0008.jpg,1,0.51496845
Kate_Hudson/Kate_Hudson_0002.jpg,Kate_Hudson/Kate_Hudson_0003.jpg,1,0.48317680
Kate_Hudson/Kate_Hudson_0004.jpg,Kate_Hudson/Kate_Hudson_0009.jpg,1,0.40693498
Kate_Hudson/Kate_Hudson_0006.jpg,Kate_Hudson/Kate_Hudson_0007.jpg,1,0.53799289
Kemal_Dervis/Kemal_Dervis_0001.jpg,Kemal_Dervis/Kemal_Dervis_0003.jpg,1,0.65242124
Kemal_Dervis/Kemal_Dervis_0002.jpg,Kemal_Dervis/Kemal_Dervis_0003.jpg,1,0.64080667
Kenneth_Evans/Kenneth_Evans_0001.jpg,Kenneth_Evans/Kenneth_Evans_0002.jpg,1,0.68334323
Kifah_Ajouri/Kifah_Ajouri_0001.jpg,Kifah_Ajouri/Kifah_Ajouri_0002.jpg,1,0.59569228
Larry_Lucchino/Larry_Lucchino_0001.jpg,Larry_Lucchino/Larry_Lucchino_0002.jpg,1,0.59017193
Latrell_Sprewell/Latrell_Sprewell_0001.jpg,Latrell_Sprewell/Latrell_Sprewell_0002.jpg,1,0.28376782
Lech_Walesa/Lech_Walesa_0001.jpg,Lech_Walesa/Lech_Walesa_0002.jpg,1,0.57700396
Lee_Tae-sik/Lee_Tae-sik_0001.jpg,Lee_Tae-sik/Lee_Tae-sik_0002.jpg,1,0.51515245
Lisa_Marie_Presley/Lisa_Marie_Presley_0001.jpg,Lisa_Marie_Presley/Lisa_Marie_Presley_0003.jpg,1,0.39327011
Liza_Minnelli/Liza_Minnelli_0002.jpg,Liza_Minnelli/Liza_Minnelli_0003.jpg,1,0.59877980
Liza_Minnelli/Liza_Minnelli_0003.jpg,Liza_Minnelli/Liza_Minnelli_0004.jpg,1,0.61214912
Liza_Minnelli/Liza_Minnelli_0003.jpg,Liza_Minnelli/Liza_Minnelli_0006.jpg,1,0.69903839
Liza_Minnelli/Liza_Minnelli_0004.jpg,Liza_Minnelli/Liza_Minnelli_0005.jpg,1,0.55061352
Liza_Minnelli/Liza_Minnelli_0005.jpg,Liza_Minnelli/Liza_Minnelli_0006.jpg,1,0.49451855
Liza_Minnelli/Liza_Minnelli_0006.jpg,Liza_Minnelli/Liza_Minnelli_0007.jpg,1,0.65540552
Madonna/Madonna_0001.jpg,Madonna/Madonna_0004.jpg,1,0.24543868
Madonna/Madonna_0002.jpg,Madonna/Madonna_0003.jpg,1,0.35113418
Madonna/Madonna_0004.jpg,Madonna/Madonna_0005.jpg,1,0.24847734
Mariah_Carey/Mariah_Carey_0003.jpg,Mariah_Carey/Mariah_Carey_0006.jpg,1,0.52402270
Mary_Tyler_Moore/Mary_Tyler_Moore_0001.jpg,Mary_Tyler_Moore/Mary_Tyler_Moore_0002.jpg,1,0.52812958
Mathias_Reichhold/Mathias_Reichhold_0001.jpg,Mathias_Reichhold/Mathias_Reichhold_0002.jpg,1,0.39901674
Matt_Damon/Matt_Damon_0001.jpg,Matt_Damon/Matt_Damon_0002.jpg,1,0.47684532
Matt_Damon/Matt_Damon_0001.jpg,Matt_Damon/Matt_Damon_0003.jpg,1,0.49568093
Matt_Damon/Matt_Damon_0002.jpg,Matt_Damon/Matt_Damon_0004.jpg,1,0.43762800
Matt_Damon/Matt_Damon_0003.jpg,Matt_Damon/Matt_Damon_0004.jpg,1,0.41622773
Maureen_Fanning/Maureen_Fanning_0001.jpg,Maureen_Fanning/Maureen_Fanning_0002.jpg,1,0.49311054
Melanie_Griffith/Melanie_Griffith_0001.jpg,Melanie_Griffith/Melanie_Griffith_0002.jpg,1,0.20313123
Melanie_Griffith/Melanie_Griffith_0001.jpg,Melanie_Griffith/Melanie_Griffith_0003.jpg,1,0.38406014
Melanie_Griffith/Melanie_Griffith_0002.jpg,Melanie_Griffith/Melanie_Griffith_0003.jpg,1,0.32110113
Michael_Ballack/Michael_Ballack_0001.jpg,Michael_Ballack/Michael_Ballack_0002.jpg,1,0.32904875
Michael_Winterbottom/Michael_Winterbottom_0001.jpg,Michael_Winterbottom/Michael_Winterbottom_0003.jpg,1,0.54478896
Michael_Winterbottom/Michael_Winterbottom_0002.jpg,Michael_Winterbottom/Michael_Winterbottom_0003.jpg,1,0.75347775
Michelle_Collins/Michelle_Collins_0001.jpg,Michelle_Collins/Michelle_Collins_0002.jpg,1,0.76479638
Milo_Maestrecampo/Milo_Maestrecampo_0001.jpg,Milo_Maestrecampo/Milo_Maestrecampo_0002.jpg,1,0.67056608
Mohamed_Benaissa/Mohamed_Benaissa_0001.jpg,Mohamed_Benaissa/Mohamed_Benaissa_0002.jpg,1,0.54442632
Mohamed_ElBaradei/Mohamed_ElBaradei_0002.jpg,Mohamed_ElBaradei/Mohamed_ElBaradei_0004.jpg,1,0.55807495
Mohamed_ElBaradei/Mohamed_ElBaradei_0003.jpg,Mohamed_ElBaradei/Mohamed_ElBaradei_0008.jpg,1,0.50850850
Morgan_Freeman/Morgan_Freeman_0001.jpg,Morgan_Freeman/Morgan_Freeman_0002.jpg,1,0.43697673
Muhammad_Ali/Muhammad_Ali_0001.jpg,Muhammad_Ali/Muhammad_Ali_0003.jpg,1,0.35843223
Muhammad_Ali/Muhammad_Ali_0001.jpg,Muhammad_Ali/Muhammad_Ali_0007.jpg,1,0.35174054
Muhammad_Ali/Muhammad_Ali_0002.jpg,Muhammad_Ali/Muhammad_Ali_0005.jpg,1,0.64581323
Muhammad_Ali/Muhammad_Ali_0006.jpg,Muhammad_Ali/Muhammad_Ali_0010.jpg,1,0.54804718
Muhammad_Ali/Muhammad_Ali_0007.jpg,Muhammad_Ali/Muhammad_Ali_0009.jpg,1,0.59483421
Mukesh_Ambani/Mukesh_Ambani_0001.jpg,Mukesh_Ambani/Mukesh_Ambani_0002.jpg,1,-0.02047708
Mukesh_Ambani/Mukesh_Ambani_0001.jpg,Mukesh_Ambani/Mukesh_Ambani_0003.jpg,1,0.01815196
Paris_Hilton/Paris_Hilton_0001.jpg,Paris_Hilton/Paris_Hilton_0002.jpg,1,0.80605751
Pat_Cox/Pat_Cox_0001.jpg,Pat_Cox/Pat_Cox_0002.jpg,1,0.25784370
Paul_Burrell/Paul_Burrell_0003.jpg,Paul_Burrell/Paul_Burrell_0007.jpg,1,0.74385512
Paul_Burrell/Paul_Burrell_0005.jpg,Paul_Burrell/Paul_Burrell_0011.jpg,1,0.57769430
Paul_Burrell/Paul_Burrell_0008.jpg,Paul_Burrell/Paul_Burrell_0010.jpg,1,0.85482508
Paul_Wolfowitz/Paul_Wolfowitz_0008.jpg,Paul_Wolfowitz/Paul_Wolfowitz_0010.jpg,1,0.62471426
Paula_Radcliffe/Paula_Radcliffe_0001.jpg,Paula_Radcliffe/Paula_Radcliffe_0002.jpg,1,0.66407502
Paula_Radcliffe/Paula_Radcliffe_0001.jpg,Paula_Radcliffe/Paula_Radcliffe_0003.jpg,1,0.43129909
Paula_Radcliffe/Paula_Radcliffe_0002.jpg,Paula_Radcliffe/Paula_Radcliffe_0003.jpg,1,0.37970871
Paula_Radcliffe/Paula_Radcliffe_0002.jpg,Paula_Radcliffe/Paula_Radcliffe_0004.jpg,1,0.12342729
Paula_Radcliffe/Paula_Radcliffe_0003.jpg,Paula_Radcliffe/Paula_Radcliffe_0004.jpg,1,0.19644108
Paula_Radcliffe/Paula_Radcliffe_0003.jpg,Paula_Radcliffe/Paula_Radcliffe_0005.jpg,1,0.37287802
Paula_Radcliffe/Paula_Radcliffe_0004.jpg,Paula_Radcliffe/Paula_Radcliffe_0005.jpg,1,0.10496676
Paulo_Cesar_Pinheiro/Paulo_Cesar_Pinheiro_0001.jpg,Paulo_Cesar_Pinheiro/Paulo_Cesar_Pinheiro_0002.jpg,1,0.87393546
Pedro_Solbes/Pedro_Solbes_0001.jpg,Pedro_Solbes/Pedro_Solbes_0003.jpg,1,0.45832959
Pedro_Solbes/Pedro_Solbes_0001.jpg,Pedro_Solbes/Pedro_Solbes_0004.jpg,1,0.33001614
Pedro_Solbes/Pedro_Solbes_0002.jpg,Pedro_Solbes/Pedro_Solbes_0003.jpg,1,0.63967454
Pedro_Solbes/Pedro_Solbes_0003.jpg,Pedro_Solbes/Pedro_Solbes_0004.jpg,1,0.54186666
Pete_Carroll/Pete_Carroll_0001.jpg,Pete_Carroll/Pete_Carroll_0002.jpg,1,0.47494906
Pete_Carroll/Pete_Carroll_0001.jpg,Pete_Carroll/Pete_Carroll_0003.jpg,1,0.40474877
Pete_Carroll/Pete_Carroll_0002.jpg,Pete_Carroll/Pete_Carroll_0003.jpg,1,0.45408827
Pete_Sampras/Pete_Sampras_0002.jpg,Pete_Sampras/Pete_Sampras_0012.jpg,1,0.58100128
Pete_Sampras/Pete_Sampras_0002.jpg,Pete_Sampras/Pete_Sampras_0013.jpg,1,0.47194278
Pete_Sampras/Pete_Sampras_0003.jpg,Pete_Sampras/Pete_Sampras_0015.jpg,1,0.12764406
Pete_Sampras/Pete_Sampras_0004.jpg,Pete_Sampras/Pete_Sampras_0020.jpg,1,0.58968884
Pete_Sampras/Pete_Sampras_0006.jpg,Pete_Sampras/Pete_Sampras_0007.jpg,1,0.62605810
Pete_Sampras/Pete_Sampras_0006.jpg,Pete_Sampras/Pete_Sampras_0008.jpg,1,0.54995441
Pete_Sampras/Pete_Sampras_0010.jpg,Pete_Sampras/Pete_Sampras_0013.jpg,1,0.19310987
Pete_Sampras/Pete_Sampras_0012.jpg,Pete_Sampras/Pete_Sampras_0015.jpg,1,0.49864066
Peter_Struck/Peter_Struck_0001.jpg,Peter_Struck/Peter_Struck_0005.jpg,1,0.32222000
Peter_Struck/Peter_Struck_0002.jpg,Peter_Struck/Peter_Struck_0005.jpg,1,0.40334100
Phil_Vassar/Phil_Vassar_0001.jpg,Phil_Vassar/Phil_Vassar_0002.jpg,1,0.01499370
Pierre_Boulanger/Pierre_Boulanger_0001.jpg,Pierre_Boulanger/Pierre_Boulanger_0002.jpg,1,0.60298038
Prince_Willem-Alexander/Prince_Willem-Alexander_0001.jpg,Prince_Willem-Alexander/Prince_Willem-Alexander_0002.jpg,1,0.62811482
Prince_Willem-Alexander/Prince_Willem-Alexander_0001.jpg,Prince_Willem-Alexander/Prince_Willem-Alexander_0003.jpg,1,0.60526609
Prince_Willem-Alexander/Prince_Willem-Alexander_0002.jpg,Prince_Willem-Alexander/Prince_Willem-Alexander_0003.jpg,1,0.88005555
Queen_Elizabeth_II/Queen_Elizabeth_II_0003.jpg,Queen_Elizabeth_II/Queen_Elizabeth_II_0007.jpg,1,0.54288089
Queen_Elizabeth_II/Queen_Elizabeth_II_0009.jpg,Queen_Elizabeth_II/Queen_Elizabeth_II_0012.jpg,1,0.60198295
Queen_Elizabeth_II/Queen_Elizabeth_II_0010.jpg,Queen_Elizabeth_II/Queen_Elizabeth_II_0011.jpg,1,0.66197520
Queen_Elizabeth_II/Queen_Elizabeth_II_0010.jpg,Queen_Elizabeth_II/Queen_Elizabeth_II_0012.jpg,1,0.54557830
Ray_Nagin/Ray_Nagin_0001.jpg,Ray_Nagin/Ray_Nagin_0002.jpg,1,0.58139163
Ricardo_Maduro/Ricardo_Maduro_0001.jpg,Ricardo_Maduro/Ricardo_Maduro_0002.jpg,1,0.22701807
Richard_Branson/Richard_Branson_0001.jpg,Richard_Branson/Richard_Branson_0002.jpg,1,0.33347547
Richard_Virenque/Richard_Virenque_0001.jpg,Richard_Virenque/Richard_Virenque_0004.jpg,1,0.34933752
Richard_Virenque/Richard_Virenque_0001.jpg,Richard_Virenque/Richard_Virenque_0006.jpg,1,0.52908200
Richard_Virenque/Richard_Virenque_0001.jpg,Richard_Virenque/Richard_Virenque_0007.jpg,1,0.19343807
Richard_Virenque/Richard_Virenque_0002.jpg,Richard_Virenque/Richard_Virenque_0007.jpg,1,0.31403971
Richard_Virenque/Richard_Virenque_0002.jpg,Richard_Virenque/Richard_Virenque_0008.jpg,1,0.40113962
Rick_Carlisle/Rick_Carlisle_0002.jpg,Rick_Carlisle/Rick_Carlisle_0004.jpg,1,0.41452318
Rick_Wagoner/Rick_Wagoner_0001.jpg,Rick_Wagoner/Rick_Wagoner_0002.jpg,1,0.35967353
Robbie_Williams/Robbie_Williams_0001.jpg,Robbie_Williams/Robbie_Williams_0002.jpg,1,0.57675004
Robbie_Williams/Robbie_Williams_0001.jpg,Robbie_Williams/Robbie_Williams_0003.jpg,1,0.41574931
Roberto_Carlos/Roberto_Carlos_0002.jpg,Roberto_Carlos/Roberto_Carlos_0003.jpg,1,0.51139593
Roberto_Carlos/Roberto_Carlos_0002.jpg,Roberto_Carlos/Roberto_Carlos_0004.jpg,1,0.48998412
Roseanne_Barr/Roseanne_Barr_0001.jpg,Roseanne_Barr/Roseanne_Barr_0002.jpg,1,0.38930950
Roseanne_Barr/Roseanne_Barr_0002.jpg,Roseanne_Barr/Roseanne_Barr_0003.jpg,1,0.28951964
Ruben_Studdard/Ruben_Studdard_0001.jpg,Ruben_Studdard/Ruben_Studdard_0002.jpg,1,0.59232998
Sammy_Sosa/Sammy_Sosa_0001.jpg,Sammy_Sosa/Sammy_Sosa_0002.jpg,1,0.36672091
Sarah_Jessica_Parker/Sarah_Jessica_Parker_0001.jpg,Sarah_Jessica_Parker/Sarah_Jessica_Parker_0003.jpg,1,0.24133557
Sarah_Jessica_Parker/Sarah_Jessica_Parker_0002.jpg,Sarah_Jessica_Parker/Sarah_Jessica_Parker_0004.jpg,1,0.23441221
Sarah_Jessica_Parker/Sarah_Jessica_Parker_0003.jpg,Sarah_Jessica_Parker/Sarah_Jessica_Parker_0004.jpg,1,0.46771753
Sharon_Davis/Sharon_Davis_0001.jpg,Sharon_Davis/Sharon_Davis_0002.jpg,1,0.52127481
Shaul_Mofaz/Shaul_Mofaz_0001.jpg,Shaul_Mofaz/Shaul_Mofaz_0002.jpg,1,0.40294042
Shaul_Mofaz/Shaul_Mofaz_0002.jpg,Shaul_Mofaz/Shaul_Mofaz_0003.jpg,1,0.67391324
Stan_Heath/Stan_Heath_0001.jpg,Stan_Heath/Stan_Heath_0002.jpg,1,0.27556050
Svetlana_Koroleva/Svetlana_Koroleva_0001.jpg,Svetlana_Koroleva/Svetlana_Koroleva_0002.jpg,1,0.87543333
Terrell_Suggs/Terrell_Suggs_0001.jpg,Terrell_Suggs/Terrell_Suggs_0002.jpg,1,0.48525929
Tim_Henman/Tim_Henman_0002.jpg,Tim_Henman/Tim_Henman_0012.jpg,1,0.56989014
Tim_Henman/Tim_Henman_0008.jpg,Tim_Henman/Tim_Henman_0019.jpg,1,0.24640125
Tom_Daschle/Tom_Daschle_0007.jpg,Tom_Daschle/Tom_Daschle_0008.jpg,1,0.74956477
Tom_Daschle/Tom_Daschle_0015.jpg,Tom_Daschle/Tom_Daschle_0021.jpg,1,0.18479201
Tom_Daschle/Tom_Daschle_0015.jpg,Tom_Daschle/Tom_Daschle_0022.jpg,1,0.36228916
Tony_Curtis/Tony_Curtis_0001.jpg,Tony_Curtis/Tony_Curtis_0002.jpg,1,0.45848057
Valentino_Rossi/Valentino_Rossi_0001.jpg,Valentino_Rossi/Valentino_Rossi_0002.jpg,1,0.56706047
Valentino_Rossi/Valentino_Rossi_0002.jpg,Valentino_Rossi/Valentino_Rossi_0004.jpg,1,0.45423338
Valentino_Rossi/Valentino_Rossi_0003.jpg,Valentino_Rossi/Valentino_Rossi_0006.jpg,1,0.31127489
Valentino_Rossi/Valentino_Rossi_0004.jpg,Valentino_Rossi/Valentino_Rossi_0005.jpg,1,0.46833351
Valentino_Rossi/Valentino_Rossi_0005.jpg,Valentino_Rossi/Valentino_Rossi_0006.jpg,1,0.38140702
Vanessa_Redgrave/Vanessa_Redgrave_0001.jpg,Vanessa_Redgrave/Vanessa_Redgrave_0003.jpg,1,0.50735027
Vanessa_Redgrave/Vanessa_Redgrave_0001.jpg,Vanessa_Redgrave/Vanessa_Redgrave_0004.jpg,1,0.58767664
Vanessa_Redgrave/Vanessa_Redgrave_0002.jpg,Vanessa_Redgrave/Vanessa_Redgrave_0005.jpg,1,0.56268954
Vanessa_Redgrave/Vanessa_Redgrave_0003.jpg,Vanessa_Redgrave/Vanessa_Redgrave_0004.jpg,1,0.80039030
Victoria_Clarke/Victoria_Clarke_0001.jpg,Victoria_Clarke/Victoria_Clarke_0005.jpg,1,0.29504794
Vladimiro_Montesinos/Vladimiro_Montesinos_0001.jpg,Vladimiro_Montesinos/Vladimiro_Montesinos_0002.jpg,1,0.49543655
Vladimiro_Montesinos/Vladimiro_Montesinos_0001.jpg,Vladimiro_Montesinos/Vladimiro_Montesinos_0003.jpg,1,0.48179081
Vladimiro_Montesinos/Vladimiro_Montesinos_0002.jpg,Vladimiro_Montesinos/Vladimiro_Montesinos_0003.jpg,1,0.53529304
Wayne_Ferreira/Wayne_Ferreira_0001.jpg,Wayne_Ferreira/Wayne_Ferreira_0002.jpg,1,0.62136590
Wayne_Ferreira/Wayne_Ferreira_0001.jpg,Wayne_Ferreira/Wayne_Ferreira_0003.jpg,1,0.71410584
Wayne_Ferreira/Wayne_Ferreira_0001.jpg,Wayne_Ferreira/Wayne_Ferreira_0005.jpg,1,0.62939835
Wayne_Ferreira/Wayne_Ferreira_0002.jpg,Wayne_Ferreira/Wayne_Ferreira_0005.jpg,1,0.63051593
Wayne_Ferreira/Wayne_Ferreira_0003.jpg,Wayne_Ferreira/Wayne_Ferreira_0004.jpg,1,0.61872351
Will_Smith/Will_Smith_0001.jpg,Will_Smith/Will_Smith_0002.jpg,1,0.54510725
Yasser_Arafat/Yasser_Arafat_0001.jpg,Yasser_Arafat/Yasser_Arafat_0006.jpg,1,-0.05375199
Yasser_Arafat/Yasser_Arafat_0001.jpg,Yasser_Arafat/Yasser_Arafat_0008.jpg,1,-0.01904541
Yasser_Arafat/Yasser_Arafat_0002.jpg,Yasser_Arafat/Yasser_Arafat_0003.jpg,1,0.68065274
Yasser_Arafat/Yasser_Arafat_0002.jpg,Yasser_Arafat/Yasser_Arafat_0005.jpg,1,0.38856584
Yasser_Arafat/Yasser_Arafat_0003.jpg,Yasser_Arafat/Yasser_Arafat_0004.jpg,1,0.44102082
Yasser_Arafat/Yasser_Arafat_0003.jpg,Yasser_Arafat/Yasser_Arafat_0008.jpg,1,0.59317160
Yasser_Arafat/Yasser_Arafat_0004.jpg,Yasser_Arafat/Yasser_Arafat_0005.jpg,1,0.68578768
Yasser_Arafat/Yasser_Arafat_0005.jpg,Yasser_Arafat/Yasser_Arafat_0008.jpg,1,0.38807616
Yuri_Fedotov/Yuri_Fedotov_0001.jpg,Yuri_Fedotov/Yuri_Fedotov_0002.jpg,1,0.46915871
Zoran_Djindjic/Zoran_Djindjic_0001.jpg,Zoran_Djindjic/Zoran_Djindjic_0003.jpg,1,0.63690734
Zoran_Djindjic/Zoran_Djindjic_0001.jpg,Zoran_Djindjic/Zoran_Djindjic_0004.jpg,1,0.61467719
Aitor_Gonzalez/Aitor_Gonzalez_0001.jpg,Aitor_Gonzalez/Aitor_Gonzalez_0002.jpg,1,0.61048365
Alec_Baldwin/Alec_Baldwin_0002.jpg,Alec_Baldwin/Alec_Baldwin_0004.jpg,1,0.52749211
Allison_Janney/Allison_Janney_0001.jpg,Allison_Janney/Allison_Janney_0002.jpg,1,0.62241590
Alvaro_Noboa/Alvaro_Noboa_0001.jpg,Alvaro_Noboa/Alvaro_Noboa_0003.jpg,1,0.63991892
Alvaro_Noboa/Alvaro_Noboa_0002.jpg,Alvaro_Noboa/Alvaro_Noboa_0003.jpg,1,0.45755163
Amanda_Coetzer/Amanda_Coetzer_0001.jpg,Amanda_Coetzer/Amanda_Coetzer_0002.jpg,1,0.52488315
Amer_al-Saadi/Amer_al-Saadi_0001.jpg,Amer_al-Saadi/Amer_al-Saadi_0003.jpg,1,0.43864530
Amer_al-Saadi/Amer_al-Saadi_0001.jpg,Amer_al-Saadi/Amer_al-Saadi_0004.jpg,1,0.65743268
Amer_al-Saadi/Amer_al-Saadi_0002.jpg,Amer_al-Saadi/Amer_al-Saadi_0004.jpg,1,0.59491014
Ana_Guevara/Ana_Guevara_0002.jpg,Ana_Guevara/Ana_Guevara_0007.jpg,1,0.40048116
Ana_Guevara/Ana_Guevara_0003.jpg,Ana_Guevara/Ana_Guevara_0007.jpg,1,0.50091499
Anneli_Jaatteenmaki/Anneli_Jaatteenmaki_0001.jpg,Anneli_Jaatteenmaki/Anneli_Jaatteenmaki_0002.jpg,1,0.43993187
Ari_Fleischer/Ari_Fleischer_0006.jpg,Ari_Fleischer/Ari_Fleischer_0009.jpg,1,0.68273133
Ari_Fleischer/Ari_Fleischer_0007.jpg,Ari_Fleischer/Ari_Fleischer_0012.jpg,1,0.65400434
Arianna_Huffington/Arianna_Huffington_0001.jpg,Arianna_Huffington/Arianna_Huffington_0002.jpg,1,0.38553801
Arianna_Huffington/Arianna_Huffington_0001.jpg,Arianna_Huffington/Arianna_Huffington_0004.jpg,1,0.32034808
Arianna_Huffington/Arianna_Huffington_0002.jpg,Arianna_Huffington/Arianna_Huffington_0003.jpg,1,0.41795757
Arianna_Huffington/Arianna_Huffington_0002.jpg,Arianna_Huffington/Arianna_Huffington_0004.jpg,1,0.40140721
Arnaud_Clement/Arnaud_Clement_0001.jpg,Arnaud_Clement/Arnaud_Clement_0002.jpg,1,0.36746368
Arsinee_Khanjian/Arsinee_Khanjian_0001.jpg,Arsinee_Khanjian/Arsinee_Khanjian_0002.jpg,1,0.56191212
Art_Howe/Art_Howe_0001.jpg,Art_Howe/Art_Howe_0002.jpg,1,0.44113851
Art_Howe/Art_Howe_0001.jpg,Art_Howe/Art_Howe_0003.jpg,1,0.69417459
Art_Howe/Art_Howe_0001.jpg,Art_Howe/Art_Howe_0004.jpg,1,0.39324591
Art_Howe/Art_Howe_0002.jpg,Art_Howe/Art_Howe_0003.jpg,1,0.33160937
Art_Howe/Art_Howe_0003.jpg,Art_Howe/Art_Howe_0004.jpg,1,0.40670711
Ben_Affleck/Ben_Affleck_0002.jpg,Ben_Affleck/Ben_Affleck_0003.jpg,1,0.50700271
Ben_Affleck/Ben_Affleck_0002.jpg,Ben_Affleck/Ben_Affleck_0004.jpg,1,0.48972881
Ben_Affleck/Ben_Affleck_0002.jpg,Ben_Affleck/Ben_Affleck_0007.jpg,1,0.40143323
Ben_Affleck/Ben_Affleck_0003.jpg,Ben_Affleck/Ben_Affleck_0006.jpg,1,0.50651538
Ben_Affleck/Ben_Affleck_0005.jpg,Ben_Affleck/Ben_Affleck_0006.jpg,1,0.60726631
Betsy_Smith/Betsy_Smith_0001.jpg,Betsy_Smith/Betsy_Smith_0002.jpg,1,0.63104653
Bill_Callahan/Bill_Callahan_0001.jpg,Bill_Callahan/Bill_Callahan_0003.jpg,1,0.43996298
Blythe_Hartley/Blythe_Hartley_0001.jpg,Blythe_Hartley/Blythe_Hartley_0002.jpg,1,0.45968252
Bob_Huggins/Bob_Huggins_0001.jpg,Bob_Huggins/Bob_Huggins_0003.jpg,1,0.24869654
Bob_Huggins/Bob_Huggins_0003.jpg,Bob_Huggins/Bob_Huggins_0004.jpg,1,0.31976748
Bobby_Goldwater/Bobby_Goldwater_0001.jpg,Bobby_Goldwater/Bobby_Goldwater_0002.jpg,1,0.49242491
Bono/Bono_0001.jpg,Bono/Bono_0002.jpg,1,0.34448904
Bono/Bono_0001.jpg,Bono/Bono_0003.jpg,1,0.11598657
Bono/Bono_0002.jpg,Bono/Bono_0003.jpg,1,0.17134389
Brad_Garrett/Brad_Garrett_0001.jpg,Brad_Garrett/Brad_Garrett_0003.jpg,1,0.22810510
Brad_Garrett/Brad_Garrett_0002.jpg,Brad_Garrett/Brad_Garrett_0003.jpg,1,0.57855952
Brad_Garrett/Brad_Garrett_0002.jpg,Brad_Garrett/Brad_Garrett_0004.jpg,1,0.31886092
Brian_Mulroney/Brian_Mulroney_0001.jpg,Brian_Mulroney/Brian_Mulroney_0002.jpg,1,0.56320107
Bud_Selig/Bud_Selig_0001.jpg,Bud_Selig/Bud_Selig_0002.jpg,1,0.18804017
Bud_Selig/Bud_Selig_0002.jpg,Bud_Selig/Bud_Selig_0003.jpg,1,0.22910252
Bud_Selig/Bud_Selig_0002.jpg,Bud_Selig/Bud_Selig_0004.jpg,1,0.34556103
Carla_Del_Ponte/Carla_Del_Ponte_0001.jpg,Carla_Del_Ponte/Carla_Del_Ponte_0002.jpg,1,0.40031800
Carla_Del_Ponte/Carla_Del_Ponte_0002.jpg,Carla_Del_Ponte/Carla_Del_Ponte_0004.jpg,1,0.26598004
Carla_Del_Ponte/Carla_Del_Ponte_0002.jpg,Carla_Del_Ponte/Carla_Del_Ponte_0005.jpg,1,0.53425676
Carla_Del_Ponte/Carla_Del_Ponte_0003.jpg,Carla_Del_Ponte/Carla_Del_Ponte_0005.jpg,1,0.41247237
Carlos_Ghosn/Carlos_Ghosn_0001.jpg,Carlos_Ghosn/Carlos_Ghosn_0002.jpg,1,0.80890083
Carlos_Manuel_Pruneda/Carlos_Manuel_Pruneda_0001.jpg,Carlos_Manuel_Pruneda/Carlos_Manuel_Pruneda_0002.jpg,1,0.42801178
Carlos_Manuel_Pruneda/Carlos_Manuel_Pruneda_0001.jpg,Carlos_Manuel_Pruneda/Carlos_Manuel_Pruneda_0003.jpg,1,0.56995863
Carlos_Menem/Carlos_Menem_0002.jpg,Carlos_Menem/Carlos_Menem_0021.jpg,1,0.68700033
Carlos_Menem/Carlos_Menem_0005.jpg,Carlos_Menem/Carlos_Menem_0018.jpg,1,0.54156047
Carlos_Menem/Carlos_Menem_0008.jpg,Carlos_Menem/Carlos_Menem_0015.jpg,1,0.29397660
Carlos_Menem/Carlos_Menem_0011.jpg,Carlos_Menem/Carlos_Menem_0012.jpg,1,0.34223181
Carlos_Menem/Carlos_Menem_0014.jpg,Carlos_Menem/Carlos_Menem_0021.jpg,1,0.76441133
Carlos_Menem/Carlos_Menem_0016.jpg,Carlos_Menem/Carlos_Menem_0018.jpg,1,0.64059699
Carmen_Electra/Carmen_Electra_0003.jpg,Carmen_Electra/Carmen_Electra_0004.jpg,1,0.48421907
Carmen_Electra/Carmen_Electra_0004.jpg,Carmen_Electra/Carmen_Electra_0006.jpg,1,0.59720808
Charlotte_Rampling/Charlotte_Rampling_0001.jpg,Charlotte_Rampling/Charlotte_Rampling_0002.jpg,1,0.19473079
Chick_Hearn/Chick_Hearn_0001.jpg,Chick_Hearn/Chick_Hearn_0002.jpg,1,0.74802959
Christine_Todd_Whitman/Christine_Todd_Whitman_0002.jpg,Christine_Todd_Whitman/Christine_Todd_Whitman_0003.jpg,1,0.20891044
Christine_Todd_Whitman/Christine_Todd_Whitman_0005.jpg,Christine_Todd_Whitman/Christine_Todd_Whitman_0006.jpg,1,0.00241679
Christopher_Reeve/Christopher_Reeve_0001.jpg,Christopher_Reeve/Christopher_Reeve_0003.jpg,1,0.48871499
Chuck_Amato/Chuck_Amato_0001.jpg,Chuck_Amato/Chuck_Amato_0002.jpg,1,0.79328752
Cindy_Crawford/Cindy_Crawford_0002.jpg,Cindy_Crawford/Cindy_Crawford_0003.jpg,1,0.32375324
Cindy_Margolis/Cindy_Margolis_0001.jpg,Cindy_Margolis/Cindy_Margolis_0002.jpg,1,0.45386946
Claire_Danes/Claire_Danes_0001.jpg,Claire_Danes/Claire_Danes_0003.jpg,1,0.41964447
Claire_Danes/Claire_Danes_0002.jpg,Claire_Danes/Claire_Danes_0003.jpg,1,0.76780319
Conan_OBrien/Conan_OBrien_0001.jpg,Conan_OBrien/Conan_OBrien_0002.jpg,1,0.71238935
Conan_OBrien/Conan_OBrien_0002.jpg,Conan_OBrien/Conan_OBrien_0003.jpg,1,0.60065138
Conan_OBrien/Conan_OBrien_0002.jpg,Conan_OBrien/Conan_OBrien_0004.jpg,1,0.55116957
Conchita_Martinez/Conchita_Martinez_0001.jpg,Conchita_Martinez/Conchita_Martinez_0002.jpg,1,0.78204280
Conchita_Martinez/Conchita_Martinez_0001.jpg,Conchita_Martinez/Conchita_Martinez_0003.jpg,1,0.52056926
Dan_Morales/Dan_Morales_0001.jpg,Dan_Morales/Dan_Morales_0002.jpg,1,0.55986476
Dan_Morales/Dan_Morales_0001.jpg,Dan_Morales/Dan_Morales_0003.jpg,1,0.60276890
David_Hyde_Pierce/David_Hyde_Pierce_0001.jpg,David_Hyde_Pierce/David_Hyde_Pierce_0002.jpg,1,0.48506418
David_Hyde_Pierce/David_Hyde_Pierce_0001.jpg,David_Hyde_Pierce/David_Hyde_Pierce_0003.jpg,1,0.62804019
David_Hyde_Pierce/David_Hyde_Pierce_0002.jpg,David_Hyde_Pierce/David_Hyde_Pierce_0003.jpg,1,0.67813027
David_Hyde_Pierce/David_Hyde_Pierce_0002.jpg,David_Hyde_Pierce/David_Hyde_Pierce_0004.jpg,1,0.08369410
David_Myers/David_Myers_0001.jpg,David_Myers/David_Myers_0002.jpg,1,0.50315773
David_Nalbandian/David_Nalbandian_0001.jpg,David_Nalbandian/David_Nalbandian_0003.jpg,1,0.35461617
David_Nalbandian/David_Nalbandian_0002.jpg,David_Nalbandian/David_Nalbandian_0009.jpg,1,0.33768249
David_Nalbandian/David_Nalbandian_0003.jpg,David_Nalbandian/David_Nalbandian_0004.jpg,1,0.56526059
David_Nalbandian/David_Nalbandian_0004.jpg,David_Nalbandian/David_Nalbandian_0013.jpg,1,0.63186741
David_Nalbandian/David_Nalbandian_0011.jpg,David_Nalbandian/David_Nalbandian_0012.jpg,1,0.63770497
David_Stern/David_Stern_0001.jpg,David_Stern/David_Stern_0002.jpg,1,0.59399259
David_Stern/David_Stern_0002.jpg,David_Stern/David_Stern_0003.jpg,1,0.55875850
Derek_Jeter/Derek_Jeter_0002.jpg,Derek_Jeter/Derek_Jeter_0003.jpg,1,0.42506957
Derek_Jeter/Derek_Jeter_0002.jpg,Derek_Jeter/Derek_Jeter_0004.jpg,1,0.44146693
Donatella_Versace/Donatella_Versace_0001.jpg,Donatella_Versace/Donatella_Versace_0003.jpg,1,0.23257463
Donatella_Versace/Donatella_Versace_0002.jpg,Donatella_Versace/Donatella_Versace_0003.jpg,1,0.27940929
Donna_Shalala/Donna_Shalala_0001.jpg,Donna_Shalala/Donna_Shalala_0002.jpg,1,0.61558557
Edmund_Hillary/Edmund_Hillary_0001.jpg,Edmund_Hillary/Edmund_Hillary_0002.jpg,1,0.59871972
Edmund_Hillary/Edmund_Hillary_0001.jpg,Edmund_Hillary/Edmund_Hillary_0003.jpg,1,0.64261746
Edmund_Hillary/Edmund_Hillary_0002.jpg,Edmund_Hillary/Edmund_Hillary_0003.jpg,1,0.62383628
Elisabeth_Schumacher/Elisabeth_Schumacher_0001.jpg,Elisabeth_Schumacher/Elisabeth_Schumacher_0002.jpg,1,0.18019371
Elizabeth_Smart/Elizabeth_Smart_0003.jpg,Elizabeth_Smart/Elizabeth_Smart_0005.jpg,1,0.58194280
Erin_Runnion/Erin_Runnion_0001.jpg,Erin_Runnion/Erin_Runnion_0003.jpg,1,0.40399927
Erin_Runnion/Erin_Runnion_0002.jpg,Erin_Runnion/Erin_Runnion_0003.jpg,1,0.53131700
Erin_Runnion/Erin_Runnion_0002.jpg,Erin_Runnion/Erin_Runnion_0004.jpg,1,0.35058627
Erin_Runnion/Erin_Runnion_0003.jpg,Erin_Runnion/Erin_Runnion_0004.jpg,1,0.49412948
Fernando_Henrique_Cardoso/Fernando_Henrique_Cardoso_0001.jpg,Fernando_Henrique_Cardoso/Fernando_Henrique_Cardoso_0002.jpg,1,0.22359103
Fernando_Henrique_Cardoso/Fernando_Henrique_Cardoso_0001.jpg,Fernando_Henrique_Cardoso/Fernando_Henrique_Cardoso_0003.jpg,1,0.38072169
Fernando_Henrique_Cardoso/Fernando_Henrique_Cardoso_0001.jpg,Fernando_Henrique_Cardoso/Fernando_Henrique_Cardoso_0004.jpg,1,0.55618334
Fernando_Henrique_Cardoso/Fernando_Henrique_Cardoso_0002.jpg,Fernando_Henrique_Cardoso/Fernando_Henrique_Cardoso_0007.jpg,1,0.25619817
Fernando_Henrique_Cardoso/Fernando_Henrique_Cardoso_0005.jpg,Fernando_Henrique_Cardoso/Fernando_Henrique_Cardoso_0007.jpg,1,0.43441951
Fernando_Henrique_Cardoso/Fernando_Henrique_Cardoso_0006.jpg,Fernando_Henrique_Cardoso/Fernando_Henrique_Cardoso_0007.jpg,1,0.58055830
Francis_Mer/Francis_Mer_0001.jpg,Francis_Mer/Francis_Mer_0002.jpg,1,0.62858278
Franz_Fischler/Franz_Fischler_0001.jpg,Franz_Fischler/Franz_Fischler_0002.jpg,1,0.41833466
Gary_Locke/Gary_Locke_0001.jpg,Gary_Locke/Gary_Locke_0002.jpg,1,0.55626500
Gerry_Adams/Gerry_Adams_0001.jpg,Gerry_Adams/Gerry_Adams_0003.jpg,1,0.50958574
Gerry_Adams/Gerry_Adams_0001.jpg,Gerry_Adams/Gerry_Adams_0007.jpg,1,0.64641362
Gerry_Adams/Gerry_Adams_0002.jpg,Gerry_Adams/Gerry_Adams_0006.jpg,1,0.57539338
Gerry_Adams/Gerry_Adams_0003.jpg,Gerry_Adams/Gerry_Adams_0005.jpg,1,0.63214606
Gerry_Adams/Gerry_Adams_0004.jpg,Gerry_Adams/Gerry_Adams_0006.jpg,1,0.69506705
Gerry_Adams/Gerry_Adams_0005.jpg,Gerry_Adams/Gerry_Adams_0006.jpg,1,0.62222290
Gianna_Angelopoulos-Daskalaki/Gianna_Angelopoulos-Daskalaki_0001.jpg,Gianna_Angelopoulos-Daskalaki/Gianna_Angelopoulos-Daskalaki_0002.jpg,1,0.36801600
Gil_de_Ferran/Gil_de_Ferran_0001.jpg,Gil_de_Ferran/Gil_de_Ferran_0005.jpg,1,0.36018026
Gil_de_Ferran/Gil_de_Ferran_0002.jpg,Gil_de_Ferran/Gil_de_Ferran_0004.jpg,1,0.27594665
Gil_de_Ferran/Gil_de_Ferran_0003.jpg,Gil_de_Ferran/Gil_de_Ferran_0005.jpg,1,0.49827984
Goh_Kun/Goh_Kun_0001.jpg,Goh_Kun/Goh_Kun_0002.jpg,1,0.64333713
Grady_Irvin_Jr/Grady_Irvin_Jr_0001.jpg,Grady_Irvin_Jr/Grady_Irvin_Jr_0002.jpg,1,0.66164815
Gunter_Pleuger/Gunter_Pleuger_0003.jpg,Gunter_Pleuger/Gunter_Pleuger_0005.jpg,1,0.65441805
Gunter_Pleuger/Gunter_Pleuger_0003.jpg,Gunter_Pleuger/Gunter_Pleuger_0006.jpg,1,0.68401837
Harry_Belafonte/Harry_Belafonte_0001.jpg,Harry_Belafonte/Harry_Belafonte_0002.jpg,1,0.74267983
Harry_Schmidt/Harry_Schmidt_0001.jpg,Harry_Schmidt/Harry_Schmidt_0003.jpg,1,0.52219915
Harry_Schmidt/Harry_Schmidt_0001.jpg,Harry_Schmidt/Harry_Schmidt_0004.jpg,1,0.60193259
Harry_Schmidt/Harry_Schmidt_0002.jpg,Harry_Schmidt/Harry_Schmidt_0003.jpg,1,0.70855010
Harry_Schmidt/Harry_Schmidt_0003.jpg,Harry_Schmidt/Harry_Schmidt_0004.jpg,1,0.66695738
Helen_Clark/Helen_Clark_0002.jpg,Helen_Clark/Helen_Clark_0004.jpg,1,0.60129434
Hermann_Maier/Hermann_Maier_0001.jpg,Hermann_Maier/Hermann_Maier_0002.jpg,1,0.38443962
Ian_Thorpe/Ian_Thorpe_0001.jpg,Ian_Thorpe/Ian_Thorpe_0007.jpg,1,0.55342644
Ian_Thorpe/Ian_Thorpe_0001.jpg,Ian_Thorpe/Ian_Thorpe_0010.jpg,1,0.37373498
Ian_Thorpe/Ian_Thorpe_0003.jpg,Ian_Thorpe/Ian_Thorpe_0009.jpg,1,0.45364240
Ian_Thorpe/Ian_Thorpe_0005.jpg,Ian_Thorpe/Ian_Thorpe_0007.jpg,1,0.13312906
Ian_Thorpe/Ian_Thorpe_0006.jpg,Ian_Thorpe/Ian_Thorpe_0010.jpg,1,0.60998464
Isabelle_Huppert/Isabelle_Huppert_0001.jpg,Isabelle_Huppert/Isabelle_Huppert_0002.jpg,1,0.54901803
James_Butts/James_Butts_0001.jpg,James_Butts/James_Butts_0002.jpg,1,0.72095537
Jan-Michael_Gambill/Jan-Michael_Gambill_0001.jpg,Jan-Michael_Gambill/Jan-Michael_Gambill_0002.jpg,1,0.45790970
Jan-Michael_Gambill/Jan-Michael_Gambill_0002.jpg,Jan-Michael_Gambill/Jan-Michael_Gambill_0003.jpg,1,0.41773707
Jean-Francois_Pontal/Jean-Francois_Pontal_0001.jpg,Jean-Francois_Pontal/Jean-Francois_Pontal_0003.jpg,1,0.36466822
Jean-Marc_de_La_Sabliere/Jean-Marc_de_La_Sabliere_0001.jpg,Jean-Marc_de_La_Sabliere/Jean-Marc_de_La_Sabliere_0002.jpg,1,0.52158749
Jean-Sebastien_Giguere/Jean-Sebastien_Giguere_0001.jpg,Jean-Sebastien_Giguere/Jean-Sebastien_Giguere_0002.jpg,1,0.48386228
Jeb_Bush/Jeb_Bush_0001.jpg,Jeb_Bush/Jeb_Bush_0006.jpg,1,0.54629290
Jeb_Bush/Jeb_Bush_0002.jpg,Jeb_Bush/Jeb_Bush_0006.jpg,1,0.50053644
Jeb_Bush/Jeb_Bush_0005.jpg,Jeb_Bush/Jeb_Bush_0007.jpg,1,0.41925132
Jeffrey_Jones/Jeffrey_Jones_0001.jpg,Jeffrey_Jones/Jeffrey_Jones_0002.jpg,1,0.65436739
Jim_OBrien/Jim_OBrien_0001.jpg,Jim_OBrien/Jim_OBrien_0002.jpg,1,0.21498668
Jim_OBrien/Jim_OBrien_0001.jpg,Jim_OBrien/Jim_OBrien_0003.jpg,1,0.16392699
Joe_Gatti/Joe_Gatti_0001.jpg,Joe_Gatti/Joe_Gatti_0002.jpg,1,0.36893702
John_Cusack/John_Cusack_0001.jpg,John_Cusack/John_Cusack_0002.jpg,1,0.54742771
John_Edwards/John_Edwards_0001.jpg,John_Edwards/John_Edwards_0003.jpg,1,0.36731213
John_Edwards/John_Edwards_0001.jpg,John_Edwards/John_Edwards_0007.jpg,1,0.49397945
John_Edwards/John_Edwards_0002.jpg,John_Edwards/John_Edwards_0005.jpg,1,0.40805212
John_Edwards/John_Edwards_0003.jpg,John_Edwards/John_Edwards_0007.jpg,1,0.50741583
John_Edwards/John_Edwards_0004.jpg,John_Edwards/John_Edwards_0006.jpg,1,0.40191942
John_Edwards/John_Edwards_0004.jpg,John_Edwards/John_Edwards_0008.jpg,1,0.50196213
John_Edwards/John_Edwards_0006.jpg,John_Edwards/John_Edwards_0007.jpg,1,0.60806298
John_Spencer/John_Spencer_0001.jpg,John_Spencer/John_Spencer_0002.jpg,1,0.73753285
John_Taylor/John_Taylor_0001.jpg,John_Taylor/John_Taylor_0002.jpg,1,0.51853704
John_Walsh/John_Walsh_0001.jpg,John_Walsh/John_Walsh_0002.jpg,1,0.49712676
Jolanta_Kwasniewski/Jolanta_Kwasniewski_0001.jpg,Jolanta_Kwasniewski/Jolanta_Kwasniewski_0002.jpg,1,0.40071064
Jose_Mourinho/Jose_Mourinho_0001.jpg,Jose_Mourinho/Jose_Mourinho_0002.jpg,1,0.22549756
Juergen_Peters/Juergen_Peters_0001.jpg,Juergen_Peters/Juergen_Peters_0002.jpg,1,0.53881609
Kalpana_Chawla/Kalpana_Chawla_0001.jpg,Kalpana_Chawla/Kalpana_Chawla_0004.jpg,1,0.71180105
Kalpana_Chawla/Kalpana_Chawla_0002.jpg,Kalpana_Chawla/Kalpana_Chawla_0003.jpg,1,0.74212933
Kalpana_Chawla/Kalpana_Chawla_0002.jpg,Kalpana_Chawla/Kalpana_Chawla_0005.jpg,1,0.63756955
Kalpana_Chawla/Kalpana_Chawla_0003.jpg,Kalpana_Chawla/Kalpana_Chawla_0004.jpg,1,0.64206058
Kelli_White/Kelli_White_0001.jpg,Kelli_White/Kelli_White_0002.jpg,1,0.64640558
Kim_Jin-sun/Kim_Jin-sun_0001.jpg,Kim_Jin-sun/Kim_Jin-sun_0002.jpg,1,0.74982655
Lana_Clarkson/Lana_Clarkson_0001.jpg,Lana_Clarkson/Lana_Clarkson_0002.jpg,1,0.68072277
Laura_Hernandez/Laura_Hernandez_0001.jpg,Laura_Hernandez/Laura_Hernandez_0002.jpg,1,0.61660743
Laura_Linney/Laura_Linney_0001.jpg,Laura_Linney/Laura_Linney_0002.jpg,1,0.56941593
Laura_Linney/Laura_Linney_0001.jpg,Laura_Linney/Laura_Linney_0003.jpg,1,0.64790845
Laura_Linney/Laura_Linney_0002.jpg,Laura_Linney/Laura_Linney_0004.jpg,1,0.52823424
Laura_Linney/Laura_Linney_0003.jpg,Laura_Linney/Laura_Linney_0004.jpg,1,0.45038244
Lenny_Wilkens/Lenny_Wilkens_0001.jpg,Lenny_Wilkens/Lenny_Wilkens_0002.jpg,1,0.57831979
Lenny_Wilkens/Lenny_Wilkens_0001.jpg,Lenny_Wilkens/Lenny_Wilkens_0003.jpg,1,0.45504391
Lenny_Wilkens/Lenny_Wilkens_0002.jpg,Lenny_Wilkens/Lenny_Wilkens_0003.jpg,1,0.45374018
Lloyd_Ward/Lloyd_Ward_0001.jpg,Lloyd_Ward/Lloyd_Ward_0002.jpg,1,0.60434091
Mahathir_Mohamad/Mahathir_Mohamad_0001.jpg,Mahathir_Mohamad/Mahathir_Mohamad_0007.jpg,1,0.20055701
Mahathir_Mohamad/Mahathir_Mohamad_0001.jpg,Mahathir_Mohamad/Mahathir_Mohamad_0012.jpg,1,0.40450314
Mahathir_Mohamad/Mahathir_Mohamad_0006.jpg,Mahathir_Mohamad/Mahathir_Mohamad_0010.jpg,1,0.53220564
Mark_Cuban/Mark_Cuban_0001.jpg,Mark_Cuban/Mark_Cuban_0002.jpg,1,0.52141172
Mark_Heller/Mark_Heller_0001.jpg,Mark_Heller/Mark_Heller_0002.jpg,1,0.50039899
Mark_Schweiker/Mark_Schweiker_0001.jpg,Mark_Schweiker/Mark_Schweiker_0002.jpg,1,0.63491720
Marty_Mornhinweg/Marty_Mornhinweg_0001.jpg,Marty_Mornhinweg/Marty_Mornhinweg_0002.jpg,1,0.53092033
Marty_Mornhinweg/Marty_Mornhinweg_0001.jpg,Marty_Mornhinweg/Marty_Mornhinweg_0003.jpg,1,0.55364311
Marty_Mornhinweg/Marty_Mornhinweg_0002.jpg,Marty_Mornhinweg/Marty_Mornhinweg_0003.jpg,1,0.64788932
Michael_Phelps/Michael_Phelps_0001.jpg,Michael_Phelps/Michael_Phelps_0002.jpg,1,0.64820290
Michael_Phelps/Michael_Phelps_0002.jpg,Michael_Phelps/Michael_Phelps_0004.jpg,1,0.49301922
Mick_Jagger/Mick_Jagger_0002.jpg,Mick_Jagger/Mick_Jagger_0004.jpg,1,0.31068739
Miguel_Estrada/Miguel_Estrada_0001.jpg,Miguel_Estrada/Miguel_Estrada_0002.jpg,1,0.58844429
Mike_Myers/Mike_Myers_0001.jpg,Mike_Myers/Mike_Myers_0006.jpg,1,0.40375277
Mike_Myers/Mike_Myers_0002.jpg,Mike_Myers/Mike_Myers_0003.jpg,1,0.49663883
Mike_Myers/Mike_Myers_0002.jpg,Mike_Myers/Mike_Myers_0004.jpg,1,0.38646829
Mike_Myers/Mike_Myers_0002.jpg,Mike_Myers/Mike_Myers_0005.jpg,1,0.35753357
Nadine_Vinzens/Nadine_Vinzens_0001.jpg,Nadine_Vinzens/Nadine_Vinzens_0002.jpg,1,0.42480740
Nathan_Lane/Nathan_Lane_0001.jpg,Nathan_Lane/Nathan_Lane_0002.jpg,1,0.36298817
Nicolas_Cage/Nicolas_Cage_0001.jpg,Nicolas_Cage/Nicolas_Cage_0002.jpg,1,0.58311099
Nicolas_Cage/Nicolas_Cage_0002.jpg,Nicolas_Cage/Nicolas_Cage_0004.jpg,1,0.47167590
Nicolas_Cage/Nicolas_Cage_0003.jpg,Nicolas_Cage/Nicolas_Cage_0004.jpg,1,0.59084713
Nicole_Kidman/Nicole_Kidman_0003.jpg,Nicole_Kidman/Nicole_Kidman_0011.jpg,1,0.50295824
Nicole_Kidman/Nicole_Kidman_0008.jpg,Nicole_Kidman/Nicole_Kidman_0017.jpg,1,0.52145606
Nicole_Kidman/Nicole_Kidman_0011.jpg,Nicole_Kidman/Nicole_Kidman_0013.jpg,1,-0.02096563
Nicole_Kidman/Nicole_Kidman_0013.jpg,Nicole_Kidman/Nicole_Kidman_0014.jpg,1,0.11063741
Nicole_Kidman/Nicole_Kidman_0015.jpg,Nicole_Kidman/Nicole_Kidman_0019.jpg,1,0.27618867
Omar_Sharif/Omar_Sharif_0001.jpg,Omar_Sharif/Omar_Sharif_0002.jpg,1,0.82703304
Omar_Sharif/Omar_Sharif_0001.jpg,Omar_Sharif/Omar_Sharif_0003.jpg,1,0.63027024
Omar_Sharif/Omar_Sharif_0001.jpg,Omar_Sharif/Omar_Sharif_0004.jpg,1,0.61657745
Omar_Sharif/Omar_Sharif_0002.jpg,Omar_Sharif/Omar_Sharif_0003.jpg,1,0.72390306
Parris_Glendening/Parris_Glendening_0001.jpg,Parris_Glendening/Parris_Glendening_0002.jpg,1,0.67368674
Patrick_Leahy/Patrick_Leahy_0001.jpg,Patrick_Leahy/Patrick_Leahy_0002.jpg,1,0.39136490
Patrick_McEnroe/Patrick_McEnroe_0001.jpg,Patrick_McEnroe/Patrick_McEnroe_0002.jpg,1,0.33646822
Patrick_Stewart/Patrick_Stewart_0001.jpg,Patrick_Stewart/Patrick_Stewart_0002.jpg,1,0.45079303
Paul_Gascoigne/Paul_Gascoigne_0001.jpg,Paul_Gascoigne/Paul_Gascoigne_0003.jpg,1,0.42252511
Peter_Hillary/Peter_Hillary_0001.jpg,Peter_Hillary/Peter_Hillary_0002.jpg,1,0.72084820
Phan_Van_Khai/Phan_Van_Khai_0001.jpg,Phan_Van_Khai/Phan_Van_Khai_0002.jpg,1,0.65766537
Phan_Van_Khai/Phan_Van_Khai_0001.jpg,Phan_Van_Khai/Phan_Van_Khai_0003.jpg,1,0.71393204
Phan_Van_Khai/Phan_Van_Khai_0002.jpg,Phan_Van_Khai/Phan_Van_Khai_0003.jpg,1,0.53103608
Prince_Claus/Prince_Claus_0001.jpg,Prince_Claus/Prince_Claus_0004.jpg,1,0.30577213
Prince_Claus/Prince_Claus_0002.jpg,Prince_Claus/Prince_Claus_0003.jpg,1,0.46240133
Prince_Claus/Prince_Claus_0002.jpg,Prince_Claus/Prince_Claus_0004.jpg,1,0.33750579
Raghad_Saddam_Hussein/Raghad_Saddam_Hussein_0001.jpg,Raghad_Saddam_Hussein/Raghad_Saddam_Hussein_0002.jpg,1,0.74821258
Ray_Allen/Ray_Allen_0001.jpg,Ray_Allen/Ray_Allen_0002.jpg,1,0.44943750
Ray_Allen/Ray_Allen_0002.jpg,Ray_Allen/Ray_Allen_0003.jpg,1,0.21624821
Richard_Crenna/Richard_Crenna_0001.jpg,Richard_Crenna/Richard_Crenna_0002.jpg,1,0.67560577
Richard_Gere/Richard_Gere_0001.jpg,Richard_Gere/Richard_Gere_0010.jpg,1,0.24079230
Richard_Gere/Richard_Gere_0006.jpg,Richard_Gere/Richard_Gere_0009.jpg,1,0.56665397
Richard_Myers/Richard_Myers_0001.jpg,Richard_Myers/Richard_Myers_0002.jpg,1,0.05970173
Richard_Myers/Richard_Myers_0001.jpg,Richard_Myers/Richard_Myers_0004.jpg,1,0.03913109
Richard_Myers/Richard_Myers_0004.jpg,Richard_Myers/Richard_Myers_0008.jpg,1,0.41498569
Richard_Myers/Richard_Myers_0015.jpg,Richard_Myers/Richard_Myers_0016.jpg,1,0.55563402
Rick_Romley/Rick_Romley_0001.jpg,Rick_Romley/Rick_Romley_0003.jpg,1,0.71863681
Rob_Lowe/Rob_Lowe_0001.jpg,Rob_Lowe/Rob_Lowe_0003.jpg,1,0.49529123
Rob_Lowe/Rob_Lowe_0001.jpg,Rob_Lowe/Rob_Lowe_0004.jpg,1,0.65575242
Rob_Lowe/Rob_Lowe_0002.jpg,Rob_Lowe/Rob_Lowe_0003.jpg,1,0.31080931
Rob_Lowe/Rob_Lowe_0003.jpg,Rob_Lowe/Rob_Lowe_0004.jpg,1,0.43713528
Robby_Ginepri/Robby_Ginepri_0001.jpg,Robby_Ginepri/Robby_Ginepri_0002.jpg,1,0.47088370
Robert_Witt/Robert_Witt_0001.jpg,Robert_Witt/Robert_Witt_0002.jpg,1,0.76292372
Rod_Blagojevich/Rod_Blagojevich_0001.jpg,Rod_Blagojevich/Rod_Blagojevich_0002.jpg,1,0.70874715
Rolandas_Paksas/Rolandas_Paksas_0001.jpg,Rolandas_Paksas/Rolandas_Paksas_0002.jpg,1,0.43431461
Russell_Coutts/Russell_Coutts_0001.jpg,Russell_Coutts/Russell_Coutts_0002.jpg,1,0.55274361
Ruth_Dreifuss/Ruth_Dreifuss_0001.jpg,Ruth_Dreifuss/Ruth_Dreifuss_0002.jpg,1,0.57889998
Sally_Kirkland/Sally_Kirkland_0001.jpg,Sally_Kirkland/Sally_Kirkland_0004.jpg,1,0.54229283
Sean_Patrick_OMalley/Sean_Patrick_OMalley_0001.jpg,Sean_Patrick_OMalley/Sean_Patrick_OMalley_0003.jpg,1,0.39829668
Sebastian_Saja/Sebastian_Saja_0001.jpg,Sebastian_Saja/Sebastian_Saja_0002.jpg,1,0.37148014
Sebastian_Saja/Sebastian_Saja_0001.jpg,Sebastian_Saja/Sebastian_Saja_0003.jpg,1,0.35533851
Sila_Calderon/Sila_Calderon_0001.jpg,Sila_Calderon/Sila_Calderon_0002.jpg,1,0.46686667
Sila_Calderon/Sila_Calderon_0001.jpg,Sila_Calderon/Sila_Calderon_0003.jpg,1,0.35460442
Sila_Calderon/Sila_Calderon_0001.jpg,Sila_Calderon/Sila_Calderon_0004.jpg,1,0.38557449
Sila_Calderon/Sila_Calderon_0002.jpg,Sila_Calderon/Sila_Calderon_0003.jpg,1,0.52838767
Stanley_Tong/Stanley_Tong_0001.jpg,Stanley_Tong/Stanley_Tong_0002.jpg,1,0.52001816
Steve_Park/Steve_Park_0001.jpg,Steve_Park/Steve_Park_0002.jpg,1,0.63226002
Susie_Castillo/Susie_Castillo_0001.jpg,Susie_Castillo/Susie_Castillo_0002.jpg,1,0.67883062
Sylvester_Stallone/Sylvester_Stallone_0001.jpg,Sylvester_Stallone/Sylvester_Stallone_0005.jpg,1,0.06509291
Sylvester_Stallone/Sylvester_Stallone_0002.jpg,Sylvester_Stallone/Sylvester_Stallone_0004.jpg,1,0.17763561
Sylvester_Stallone/Sylvester_Stallone_0003.jpg,Sylvester_Stallone/Sylvester_Stallone_0008.jpg,1,0.44779432
Sylvester_Stallone/Sylvester_Stallone_0004.jpg,Sylvester_Stallone/Sylvester_Stallone_0005.jpg,1,0.06373368
Takashi_Sorimachi/Takashi_Sorimachi_0001.jpg,Takashi_Sorimachi/Takashi_Sorimachi_0002.jpg,1,0.49692258
Tang_Jiaxuan/Tang_Jiaxuan_0002.jpg,Tang_Jiaxuan/Tang_Jiaxuan_0006.jpg,1,0.75226933
Tang_Jiaxuan/Tang_Jiaxuan_0002.jpg,Tang_Jiaxuan/Tang_Jiaxuan_0011.jpg,1,0.69513565
Tang_Jiaxuan/Tang_Jiaxuan_0004.jpg,Tang_Jiaxuan/Tang_Jiaxuan_0009.jpg,1,0.61794460
Tang_Jiaxuan/Tang_Jiaxuan_0005.jpg,Tang_Jiaxuan/Tang_Jiaxuan_0009.jpg,1,0.48529902
Tang_Jiaxuan/Tang_Jiaxuan_0007.jpg,Tang_Jiaxuan/Tang_Jiaxuan_0010.jpg,1,0.43665433
Terje_Roed-Larsen/Terje_Roed-Larsen_0001.jpg,Terje_Roed-Larsen/Terje_Roed-Larsen_0002.jpg,1,0.52204901
Thomas_Birmingham/Thomas_Birmingham_0001.jpg,Thomas_Birmingham/Thomas_Birmingham_0002.jpg,1,0.15422219
Tiger_Woods/Tiger_Woods_0002.jpg,Tiger_Woods/Tiger_Woods_0006.jpg,1,0.29202068
Tiger_Woods/Tiger_Woods_0003.jpg,Tiger_Woods/Tiger_Woods_0021.jpg,1,0.70551914
Tiger_Woods/Tiger_Woods_0005.jpg,Tiger_Woods/Tiger_Woods_0011.jpg,1,0.27720287
Tiger_Woods/Tiger_Woods_0005.jpg,Tiger_Woods/Tiger_Woods_0012.jpg,1,0.32126772
Tiger_Woods/Tiger_Woods_0006.jpg,Tiger_Woods/Tiger_Woods_0018.jpg,1,0.22067922
Tiger_Woods/Tiger_Woods_0006.jpg,Tiger_Woods/Tiger_Woods_0021.jpg,1,0.16319850
Tiger_Woods/Tiger_Woods_0009.jpg,Tiger_Woods/Tiger_Woods_0012.jpg,1,0.32909688
Tiger_Woods/Tiger_Woods_0009.jpg,Tiger_Woods/Tiger_Woods_0023.jpg,1,0.30841273
Tiger_Woods/Tiger_Woods_0016.jpg,Tiger_Woods/Tiger_Woods_0018.jpg,1,0.60827619
Tim_Curry/Tim_Curry_0001.jpg,Tim_Curry/Tim_Curry_0002.jpg,1,0.59242594
Tom_Brady/Tom_Brady_0001.jpg,Tom_Brady/Tom_Brady_0002.jpg,1,0.29093385
Toshihiko_Fukui/Toshihiko_Fukui_0001.jpg,Toshihiko_Fukui/Toshihiko_Fukui_0002.jpg,1,0.81995595
Toshihiko_Fukui/Toshihiko_Fukui_0001.jpg,Toshihiko_Fukui/Toshihiko_Fukui_0003.jpg,1,0.81235403
Uma_Thurman/Uma_Thurman_0001.jpg,Uma_Thurman/Uma_Thurman_0003.jpg,1,0.50399530
Uma_Thurman/Uma_Thurman_0002.jpg,Uma_Thurman/Uma_Thurman_0003.jpg,1,-0.11627781
Vaclav_Klaus/Vaclav_Klaus_0001.jpg,Vaclav_Klaus/Vaclav_Klaus_0002.jpg,1,0.60208708
Vanessa_Incontrada/Vanessa_Incontrada_0001.jpg,Vanessa_Incontrada/Vanessa_Incontrada_0002.jpg,1,0.75607389
Vanessa_Incontrada/Vanessa_Incontrada_0001.jpg,Vanessa_Incontrada/Vanessa_Incontrada_0003.jpg,1,0.73704076
Vanessa_Incontrada/Vanessa_Incontrada_0001.jpg,Vanessa_Incontrada/Vanessa_Incontrada_0004.jpg,1,0.73266578
Vanessa_Incontrada/Vanessa_Incontrada_0002.jpg,Vanessa_Incontrada/Vanessa_Incontrada_0003.jpg,1,0.58095956
Vanessa_Incontrada/Vanessa_Incontrada_0002.jpg,Vanessa_Incontrada/Vanessa_Incontrada_0004.jpg,1,0.52688885
Vanessa_Incontrada/Vanessa_Incontrada_0003.jpg,Vanessa_Incontrada/Vanessa_Incontrada_0004.jpg,1,0.63356119
Vin_Diesel/Vin_Diesel_0001.jpg,Vin_Diesel/Vin_Diesel_0002.jpg,1,0.59581327
Vladimir_Spidla/Vladimir_Spidla_0001.jpg,Vladimir_Spidla/Vladimir_Spidla_0002.jpg,1,0.64966547
Vladimir_Spidla/Vladimir_Spidla_0001.jpg,Vladimir_Spidla/Vladimir_Spidla_0003.jpg,1,0.55268937
Vladimir_Spidla/Vladimir_Spidla_0002.jpg,Vladimir_Spidla/Vladimir_Spidla_0003.jpg,1,0.63812643
Win_Aung/Win_Aung_0001.jpg,Win_Aung/Win_Aung_0003.jpg,1,0.42701256
Win_Aung/Win_Aung_0001.jpg,Win_Aung/Win_Aung_0004.jpg,1,0.44739568
Zhang_Ziyi/Zhang_Ziyi_0001.jpg,Zhang_Ziyi/Zhang_Ziyi_0003.jpg,1,0.17054611
Zhang_Ziyi/Zhang_Ziyi_0002.jpg,Zhang_Ziyi/Zhang_Ziyi_0003.jpg,1,0.56777889
Aaron_Peirsol/Aaron_Peirsol_0001.jpg,Aaron_Peirsol/Aaron_Peirsol_0004.jpg,1,0.43315494
Aaron_Peirsol/Aaron_Peirsol_0003.jpg,Aaron_Peirsol/Aaron_Peirsol_0004.jpg,1,0.50000739
Adrian_Nastase/Adrian_Nastase_0001.jpg,Adrian_Nastase/Adrian_Nastase_0002.jpg,1,0.55954301
Ahmed_Chalabi/Ahmed_Chalabi_0001.jpg,Ahmed_Chalabi/Ahmed_Chalabi_0003.jpg,1,0.68669450
Ahmed_Chalabi/Ahmed_Chalabi_0001.jpg,Ahmed_Chalabi/Ahmed_Chalabi_0005.jpg,1,0.67358643
Albrecht_Mentz/Albrecht_Mentz_0001.jpg,Albrecht_Mentz/Albrecht_Mentz_0002.jpg,1,0.67760301
Alejandro_Toledo/Alejandro_Toledo_0020.jpg,Alejandro_Toledo/Alejandro_Toledo_0036.jpg,1,0.43347508
Alejandro_Toledo/Alejandro_Toledo_0021.jpg,Alejandro_Toledo/Alejandro_Toledo_0024.jpg,1,0.52804351
Alejandro_Toledo/Alejandro_Toledo_0021.jpg,Alejandro_Toledo/Alejandro_Toledo_0030.jpg,1,0.49713314
Alejandro_Toledo/Alejandro_Toledo_0023.jpg,Alejandro_Toledo/Alejandro_Toledo_0027.jpg,1,0.58276343
Alejandro_Toledo/Alejandro_Toledo_0026.jpg,Alejandro_Toledo/Alejandro_Toledo_0029.jpg,1,0.56527901
Alexander_Losyukov/Alexander_Losyukov_0001.jpg,Alexander_Losyukov/Alexander_Losyukov_0003.jpg,1,0.28519166
Alexander_Losyukov/Alexander_Losyukov_0002.jpg,Alexander_Losyukov/Alexander_Losyukov_0003.jpg,1,0.39864084
Alexander_Losyukov/Alexander_Losyukov_0002.jpg,Alexander_Losyukov/Alexander_Losyukov_0004.jpg,1,0.21307340
Alimzhan_Tokhtakhounov/Alimzhan_Tokhtakhounov_0001.jpg,Alimzhan_Tokhtakhounov/Alimzhan_Tokhtakhounov_0002.jpg,1,0.83490789
Amelie_Mauresmo/Amelie_Mauresmo_0007.jpg,Amelie_Mauresmo/Amelie_Mauresmo_0014.jpg,1,0.21356091
Amelie_Mauresmo/Amelie_Mauresmo_0011.jpg,Amelie_Mauresmo/Amelie_Mauresmo_0017.jpg,1,0.24989606
Amelie_Mauresmo/Amelie_Mauresmo_0014.jpg,Amelie_Mauresmo/Amelie_Mauresmo_0017.jpg,1,0.20279753
Angelo_Reyes/Angelo_Reyes_0001.jpg,Angelo_Reyes/Angelo_Reyes_0002.jpg,1,0.62028039
Angelo_Reyes/Angelo_Reyes_0001.jpg,Angelo_Reyes/Angelo_Reyes_0003.jpg,1,0.61195827
Begum_Khaleda_Zia/Begum_Khaleda_Zia_0001.jpg,Begum_Khaleda_Zia/Begum_Khaleda_Zia_0002.jpg,1,0.36964682
Ben_Curtis/Ben_Curtis_0001.jpg,Ben_Curtis/Ben_Curtis_0002.jpg,1,0.34381455
Bijan_Namdar_Zangeneh/Bijan_Namdar_Zangeneh_0001.jpg,Bijan_Namdar_Zangeneh/Bijan_Namdar_Zangeneh_0002.jpg,1,0.85563534
Bill_Paxton/Bill_Paxton_0001.jpg,Bill_Paxton/Bill_Paxton_0002.jpg,1,0.05005325
Bill_Paxton/Bill_Paxton_0001.jpg,Bill_Paxton/Bill_Paxton_0003.jpg,1,0.02965099
Bill_Paxton/Bill_Paxton_0002.jpg,Bill_Paxton/Bill_Paxton_0004.jpg,1,0.34124511
Bill_Paxton/Bill_Paxton_0003.jpg,Bill_Paxton/Bill_Paxton_0004.jpg,1,0.58951449
Billy_Crystal/Billy_Crystal_0001.jpg,Billy_Crystal/Billy_Crystal_0002.jpg,1,0.60212994
Billy_Crystal/Billy_Crystal_0001.jpg,Billy_Crystal/Billy_Crystal_0003.jpg,1,0.47648770
Billy_Crystal/Billy_Crystal_0001.jpg,Billy_Crystal/Billy_Crystal_0005.jpg,1,0.72818959
Billy_Crystal/Billy_Crystal_0003.jpg,Billy_Crystal/Billy_Crystal_0005.jpg,1,0.49808353
Billy_Graham/Billy_Graham_0001.jpg,Billy_Graham/Billy_Graham_0002.jpg,1,0.44636571
Bob_Colvin/Bob_Colvin_0001.jpg,Bob_Colvin/Bob_Colvin_0002.jpg,1,0.67571557
Brian_Cowen/Brian_Cowen_0001.jpg,Brian_Cowen/Brian_Cowen_0002.jpg,1,0.50935888
Butch_Davis/Butch_Davis_0001.jpg,Butch_Davis/Butch_Davis_0002.jpg,1,0.60883993
Byron_Scott/Byron_Scott_0001.jpg,Byron_Scott/Byron_Scott_0002.jpg,1,0.38390449
Carol_Burnett/Carol_Burnett_0001.jpg,Carol_Burnett/Carol_Burnett_0002.jpg,1,0.61578393
Charles_Mathews/Charles_Mathews_0001.jpg,Charles_Mathews/Charles_Mathews_0002.jpg,1,0.44755438
Christine_Ebersole/Christine_Ebersole_0001.jpg,Christine_Ebersole/Christine_Ebersole_0002.jpg,1,0.51241422
Claudia_Schiffer/Claudia_Schiffer_0001.jpg,Claudia_Schiffer/Claudia_Schiffer_0002.jpg,1,0.56617630
Condoleezza_Rice/Condoleezza_Rice_0001.jpg,Condoleezza_Rice/Condoleezza_Rice_0004.jpg,1,0.02057751
Condoleezza_Rice/Condoleezza_Rice_0002.jpg,Condoleezza_Rice/Condoleezza_Rice_0010.jpg,1,0.78012186
Condoleezza_Rice/Condoleezza_Rice_0004.jpg,Condoleezza_Rice/Condoleezza_Rice_0005.jpg,1,0.33552876
Condoleezza_Rice/Condoleezza_Rice_0008.jpg,Condoleezza_Rice/Condoleezza_Rice_0009.jpg,1,0.62071961
Condoleezza_Rice/Condoleezza_Rice_0009.jpg,Condoleezza_Rice/Condoleezza_Rice_0010.jpg,1,0.68540895
Costas_Simitis/Costas_Simitis_0001.jpg,Costas_Simitis/Costas_Simitis_0004.jpg,1,0.54200000
Costas_Simitis/Costas_Simitis_0001.jpg,Costas_Simitis/Costas_Simitis_0005.jpg,1,0.57363111
Costas_Simitis/Costas_Simitis_0003.jpg,Costas_Simitis/Costas_Simitis_0005.jpg,1,0.47569114
Costas_Simitis/Costas_Simitis_0004.jpg,Costas_Simitis/Costas_Simitis_0006.jpg,1,0.58161592
Cristina_Saralegui/Cristina_Saralegui_0001.jpg,Cristina_Saralegui/Cristina_Saralegui_0002.jpg,1,0.53544378
Cruz_Bustamante/Cruz_Bustamante_0001.jpg,Cruz_Bustamante/Cruz_Bustamante_0004.jpg,1,0.61821127
Cruz_Bustamante/Cruz_Bustamante_0003.jpg,Cruz_Bustamante/Cruz_Bustamante_0005.jpg,1,0.52048153
David_Heymann/David_Heymann_0003.jpg,David_Heymann/David_Heymann_0005.jpg,1,0.74242038
Diana_Krall/Diana_Krall_0001.jpg,Diana_Krall/Diana_Krall_0006.jpg,1,0.60716641
Diana_Krall/Diana_Krall_0003.jpg,Diana_Krall/Diana_Krall_0004.jpg,1,0.38407376
Diana_Munz/Diana_Munz_0001.jpg,Diana_Munz/Diana_Munz_0003.jpg,1,0.67707920
Diana_Munz/Diana_Munz_0002.jpg,Diana_Munz/Diana_Munz_0003.jpg,1,0.69192898
Dominique_de_Villepin/Dominique_de_Villepin_0002.jpg,Dominique_de_Villepin/Dominique_de_Villepin_0013.jpg,1,0.38718289
Dominique_de_Villepin/Dominique_de_Villepin_0003.jpg,Dominique_de_Villepin/Dominique_de_Villepin_0008.jpg,1,0.61376822
Dominique_de_Villepin/Dominique_de_Villepin_0003.jpg,Dominique_de_Villepin/Dominique_de_Villepin_0010.jpg,1,0.51345217
Dominique_de_Villepin/Dominique_de_Villepin_0007.jpg,Dominique_de_Villepin/Dominique_de_Villepin_0011.jpg,1,0.39639327
Dominique_de_Villepin/Dominique_de_Villepin_0010.jpg,Dominique_de_Villepin/Dominique_de_Villepin_0014.jpg,1,0.49624625
Dominique_de_Villepin/Dominique_de_Villepin_0011.jpg,Dominique_de_Villepin/Dominique_de_Villepin_0012.jpg,1,0.43585306
Don_Siegelman/Don_Siegelman_0001.jpg,Don_Siegelman/Don_Siegelman_0003.jpg,1,0.53703707
Don_Siegelman/Don_Siegelman_0002.jpg,Don_Siegelman/Don_Siegelman_0004.jpg,1,0.60656524
Donald_Pettit/Donald_Pettit_0001.jpg,Donald_Pettit/Donald_Pettit_0002.jpg,1,0.61181879
Donald_Pettit/Donald_Pettit_0001.jpg,Donald_Pettit/Donald_Pettit_0003.jpg,1,0.65920144
Donald_Pettit/Donald_Pettit_0002.jpg,Donald_Pettit/Donald_Pettit_0003.jpg,1,0.62780559
Doug_Collins/Doug_Collins_0001.jpg,Doug_Collins/Doug_Collins_0002.jpg,1,0.18641117
Edward_James_Olmos/Edward_James_Olmos_0001.jpg,Edward_James_Olmos/Edward_James_Olmos_0002.jpg,1,0.37510258
Elin_Nordegren/Elin_Nordegren_0001.jpg,Elin_Nordegren/Elin_Nordegren_0002.jpg,1,0.30366486
Elizabeth_Taylor/Elizabeth_Taylor_0001.jpg,Elizabeth_Taylor/Elizabeth_Taylor_0002.jpg,1,0.43166882
Ellen_DeGeneres/Ellen_DeGeneres_0001.jpg,Ellen_DeGeneres/Ellen_DeGeneres_0002.jpg,1,0.42889446
Elton_John/Elton_John_0001.jpg,Elton_John/Elton_John_0004.jpg,1,0.45904070
Elton_John/Elton_John_0002.jpg,Elton_John/Elton_John_0003.jpg,1,0.52268249
Elton_John/Elton_John_0003.jpg,Elton_John/Elton_John_0006.jpg,1,0.49171442
Elton_John/Elton_John_0005.jpg,Elton_John/Elton_John_0006.jpg,1,0.58891189
Elton_John/Elton_John_0005.jpg,Elton_John/Elton_John_0007.jpg,1,0.33872020
Emma_Watson/Emma_Watson_0002.jpg,Emma_Watson/Emma_Watson_0003.jpg,1,0.64961708
Emma_Watson/Emma_Watson_0003.jpg,Emma_Watson/Emma_Watson_0004.jpg,1,0.64024043
Emma_Watson/Emma_Watson_0003.jpg,Emma_Watson/Emma_Watson_0005.jpg,1,0.69295317
Fabrice_Santoro/Fabrice_Santoro_0001.jpg,Fabrice_Santoro/Fabrice_Santoro_0003.jpg,1,0.43144643
Fabrice_Santoro/Fabrice_Santoro_0002.jpg,Fabrice_Santoro/Fabrice_Santoro_0003.jpg,1,0.48183855
Flavia_Delaroli/Flavia_Delaroli_0001.jpg,Flavia_Delaroli/Flavia_Delaroli_0002.jpg,1,0.31408745
George_Lopez/George_Lopez_0001.jpg,George_Lopez/George_Lopez_0004.jpg,1,0.54053938
George_Lopez/George_Lopez_0002.jpg,George_Lopez/George_Lopez_0004.jpg,1,0.46800214
George_Lopez/George_Lopez_0002.jpg,George_Lopez/George_Lopez_0005.jpg,1,0.43373549
George_Lopez/George_Lopez_0004.jpg,George_Lopez/George_Lopez_0005.jpg,1,0.73436826
Gerard_Depardieu/Gerard_Depardieu_0001.jpg,Gerard_Depardieu/Gerard_Depardieu_0002.jpg,1,-0.03217990
Gerhard_Schroeder/Gerhard_Schroeder_0005.jpg,Gerhard_Schroeder/Gerhard_Schroeder_0043.jpg,1,0.58877981
Gerhard_Schroeder/Gerhard_Schroeder_0017.jpg,Gerhard_Schroeder/Gerhard_Schroeder_0025.jpg,1,0.61652267
Gerhard_Schroeder/Gerhard_Schroeder_0027.jpg,Gerhard_Schroeder/Gerhard_Schroeder_0032.jpg,1,0.47521275
Gerhard_Schroeder/Gerhard_Schroeder_0045.jpg,Gerhard_Schroeder/Gerhard_Schroeder_0067.jpg,1,0.64004588
Gerhard_Schroeder/Gerhard_Schroeder_0066.jpg,Gerhard_Schroeder/Gerhard_Schroeder_0100.jpg,1,0.44006565
Gilberto_Rodriguez_Orejuela/Gilberto_Rodriguez_Orejuela_0001.jpg,Gilberto_Rodriguez_Orejuela/Gilberto_Rodriguez_Orejuela_0003.jpg,1,0.63496298
Gilberto_Rodriguez_Orejuela/Gilberto_Rodriguez_Orejuela_0002.jpg,Gilberto_Rodriguez_Orejuela/Gilberto_Rodriguez_Orejuela_0003.jpg,1,0.83304060
Gilberto_Rodriguez_Orejuela/Gilberto_Rodriguez_Orejuela_0003.jpg,Gilberto_Rodriguez_Orejuela/Gilberto_Rodriguez_Orejuela_0004.jpg,1,0.62931991
Giuseppe_Gibilisco/Giuseppe_Gibilisco_0001.jpg,Giuseppe_Gibilisco/Giuseppe_Gibilisco_0003.jpg,1,0.54918301
Giuseppe_Gibilisco/Giuseppe_Gibilisco_0001.jpg,Giuseppe_Gibilisco/Giuseppe_Gibilisco_0004.jpg,1,0.54151368
Giuseppe_Gibilisco/Giuseppe_Gibilisco_0003.jpg,Giuseppe_Gibilisco/Giuseppe_Gibilisco_0004.jpg,1,0.56856674
Guillermo_Canas/Guillermo_Canas_0001.jpg,Guillermo_Canas/Guillermo_Canas_0002.jpg,1,0.41681170
Guillermo_Canas/Guillermo_Canas_0001.jpg,Guillermo_Canas/Guillermo_Canas_0003.jpg,1,0.51127213
Guillermo_Canas/Guillermo_Canas_0002.jpg,Guillermo_Canas/Guillermo_Canas_0004.jpg,1,0.36718261
Guillermo_Canas/Guillermo_Canas_0003.jpg,Guillermo_Canas/Guillermo_Canas_0004.jpg,1,0.31503794
Hans_Blix/Hans_Blix_0007.jpg,Hans_Blix/Hans_Blix_0008.jpg,1,0.64005738
Hans_Blix/Hans_Blix_0007.jpg,Hans_Blix/Hans_Blix_0018.jpg,1,0.50248432
Hans_Blix/Hans_Blix_0007.jpg,Hans_Blix/Hans_Blix_0038.jpg,1,0.64192641
Hans_Blix/Hans_Blix_0008.jpg,Hans_Blix/Hans_Blix_0024.jpg,1,0.59356016
Hans_Blix/Hans_Blix_0009.jpg,Hans_Blix/Hans_Blix_0012.jpg,1,0.66240001
Hans_Blix/Hans_Blix_0026.jpg,Hans_Blix/Hans_Blix_0036.jpg,1,0.58534181
Hans_Blix/Hans_Blix_0027.jpg,Hans_Blix/Hans_Blix_0037.jpg,1,0.59240735
Hans_Blix/Hans_Blix_0031.jpg,Hans_Blix/Hans_Blix_0037.jpg,1,0.44042554
Heath_Ledger/Heath_Ledger_0001.jpg,Heath_Ledger/Heath_Ledger_0002.jpg,1,0.53370881
Heath_Ledger/Heath_Ledger_0001.jpg,Heath_Ledger/Heath_Ledger_0004.jpg,1,0.54600549
Heath_Ledger/Heath_Ledger_0002.jpg,Heath_Ledger/Heath_Ledger_0003.jpg,1,0.59877241
Heath_Ledger/Heath_Ledger_0002.jpg,Heath_Ledger/Heath_Ledger_0004.jpg,1,0.51073498
Herta_Daeubler-Gmelin/Herta_Daeubler-Gmelin_0001.jpg,Herta_Daeubler-Gmelin/Herta_Daeubler-Gmelin_0002.jpg,1,0.50215566
Hilary_Duff/Hilary_Duff_0001.jpg,Hilary_Duff/Hilary_Duff_0003.jpg,1,0.66283619
Hilary_Duff/Hilary_Duff_0002.jpg,Hilary_Duff/Hilary_Duff_0003.jpg,1,0.44892889
Hosni_Mubarak/Hosni_Mubarak_0006.jpg,Hosni_Mubarak/Hosni_Mubarak_0007.jpg,1,0.68557549
Hun_Sen/Hun_Sen_0001.jpg,Hun_Sen/Hun_Sen_0004.jpg,1,0.43542409
Hun_Sen/Hun_Sen_0002.jpg,Hun_Sen/Hun_Sen_0004.jpg,1,0.50901502
Iain_Duncan_Smith/Iain_Duncan_Smith_0001.jpg,Iain_Duncan_Smith/Iain_Duncan_Smith_0003.jpg,1,0.60734546
Iain_Duncan_Smith/Iain_Duncan_Smith_0002.jpg,Iain_Duncan_Smith/Iain_Duncan_Smith_0003.jpg,1,0.60142064
Iain_Duncan_Smith/Iain_Duncan_Smith_0002.jpg,Iain_Duncan_Smith/Iain_Duncan_Smith_0004.jpg,1,0.50806004
Iain_Duncan_Smith/Iain_Duncan_Smith_0003.jpg,Iain_Duncan_Smith/Iain_Duncan_Smith_0004.jpg,1,0.54592597
Inocencio_Arias/Inocencio_Arias_0001.jpg,Inocencio_Arias/Inocencio_Arias_0002.jpg,1,0.53079855
JK_Rowling/JK_Rowling_0001.jpg,JK_Rowling/JK_Rowling_0002.jpg,1,0.50291169
JK_Rowling/JK_Rowling_0002.jpg,JK_Rowling/JK_Rowling_0003.jpg,1,0.64394832
JK_Rowling/JK_Rowling_0002.jpg,JK_Rowling/JK_Rowling_0004.jpg,1,0.76124638
JK_Rowling/JK_Rowling_0003.jpg,JK_Rowling/JK_Rowling_0005.jpg,1,0.64838153
Jackie_Chan/Jackie_Chan_0001.jpg,Jackie_Chan/Jackie_Chan_0003.jpg,1,0.60673672
Jackie_Chan/Jackie_Chan_0005.jpg,Jackie_Chan/Jackie_Chan_0008.jpg,1,0.38933808
Jane_Kaczmarek/Jane_Kaczmarek_0001.jpg,Jane_Kaczmarek/Jane_Kaczmarek_0002.jpg,1,0.75545430
Janet_Napolitano/Janet_Napolitano_0001.jpg,Janet_Napolitano/Janet_Napolitano_0002.jpg,1,0.60845250
Janet_Napolitano/Janet_Napolitano_0001.jpg,Janet_Napolitano/Janet_Napolitano_0004.jpg,1,0.48712394
Jay_Leno/Jay_Leno_0001.jpg,Jay_Leno/Jay_Leno_0003.jpg,1,0.49724349
Jay_Leno/Jay_Leno_0002.jpg,Jay_Leno/Jay_Leno_0003.jpg,1,0.51611257
Jean-David_Levitte/Jean-David_Levitte_0001.jpg,Jean-David_Levitte/Jean-David_Levitte_0002.jpg,1,0.47667965
Jean-David_Levitte/Jean-David_Levitte_0001.jpg,Jean-David_Levitte/Jean-David_Levitte_0004.jpg,1,0.47465310
Jean-David_Levitte/Jean-David_Levitte_0002.jpg,Jean-David_Levitte/Jean-David_Levitte_0005.jpg,1,0.43244648
Jean-David_Levitte/Jean-David_Levitte_0003.jpg,Jean-David_Levitte/Jean-David_Levitte_0004.jpg,1,0.43126348
Jean-David_Levitte/Jean-David_Levitte_0004.jpg,Jean-David_Levitte/Jean-David_Levitte_0009.jpg,1,0.65444928
Jeff_Van_Gundy/Jeff_Van_Gundy_0001.jpg,Jeff_Van_Gundy/Jeff_Van_Gundy_0002.jpg,1,0.60582638
Jeff_Van_Gundy/Jeff_Van_Gundy_0001.jpg,Jeff_Van_Gundy/Jeff_Van_Gundy_0003.jpg,1,0.35936159
Jeff_Van_Gundy/Jeff_Van_Gundy_0002.jpg,Jeff_Van_Gundy/Jeff_Van_Gundy_0003.jpg,1,0.47069472
Jim_Furyk/Jim_Furyk_0001.jpg,Jim_Furyk/Jim_Furyk_0006.jpg,1,0.73868906
Jim_Furyk/Jim_Furyk_0003.jpg,Jim_Furyk/Jim_Furyk_0006.jpg,1,0.54286212
John_Garamendi/John_Garamendi_0001.jpg,John_Garamendi/John_Garamendi_0002.jpg,1,0.54193610
John_Rigas/John_Rigas_0001.jpg,John_Rigas/John_Rigas_0002.jpg,1,0.64710677
John_Warner/John_Warner_0001.jpg,John_Warner/John_Warner_0002.jpg,1,0.04817396
John_Warner/John_Warner_0001.jpg,John_Warner/John_Warner_0003.jpg,1,0.50086331
John_Warner/John_Warner_0002.jpg,John_Warner/John_Warner_0004.jpg,1,-0.02016593
John_Warner/John_Warner_0003.jpg,John_Warner/John_Warner_0004.jpg,1,0.71744251
Julia_Tymoshenko/Julia_Tymoshenko_0001.jpg,Julia_Tymoshenko/Julia_Tymoshenko_0002.jpg,1,0.26612931
Julia_Tymoshenko/Julia_Tymoshenko_0001.jpg,Julia_Tymoshenko/Julia_Tymoshenko_0003.jpg,1,0.25369596
Julia_Tymoshenko/Julia_Tymoshenko_0002.jpg,Julia_Tymoshenko/Julia_Tymoshenko_0003.jpg,1,0.36611712
Keith_Bogans/Keith_Bogans_0001.jpg,Keith_Bogans/Keith_Bogans_0003.jpg,1,0.43376327
Keith_Bogans/Keith_Bogans_0002.jpg,Keith_Bogans/Keith_Bogans_0003.jpg,1,0.59982491
Ken_Macha/Ken_Macha_0001.jpg,Ken_Macha/Ken_Macha_0003.jpg,1,0.42673999
Ken_Macha/Ken_Macha_0002.jpg,Ken_Macha/Ken_Macha_0003.jpg,1,0.42918167
Kenneth_Bowersox/Kenneth_Bowersox_0001.jpg,Kenneth_Bowersox/Kenneth_Bowersox_0002.jpg,1,0.69390881
Kenneth_Bowersox/Kenneth_Bowersox_0001.jpg,Kenneth_Bowersox/Kenneth_Bowersox_0003.jpg,1,0.65414685
Kenneth_Bowersox/Kenneth_Bowersox_0002.jpg,Kenneth_Bowersox/Kenneth_Bowersox_0003.jpg,1,0.79071808
Kristanna_Loken/Kristanna_Loken_0001.jpg,Kristanna_Loken/Kristanna_Loken_0002.jpg,1,0.49727172
Kristanna_Loken/Kristanna_Loken_0003.jpg,Kristanna_Loken/Kristanna_Loken_0004.jpg,1,0.23301454
Kristanna_Loken/Kristanna_Loken_0004.jpg,Kristanna_Loken/Kristanna_Loken_0005.jpg,1,0.48267102
LK_Advani/LK_Advani_0001.jpg,LK_Advani/LK_Advani_0002.jpg,1,0.07226615
LK_Advani/LK_Advani_0001.jpg,LK_Advani/LK_Advani_0003.jpg,1,0.30971128
Lauren_Killian/Lauren_Killian_0001.jpg,Lauren_Killian/Lauren_Killian_0002.jpg,1,0.46613628
Lennox_Lewis/Lennox_Lewis_0001.jpg,Lennox_Lewis/Lennox_Lewis_0002.jpg,1,0.44159496
Lennox_Lewis/Lennox_Lewis_0001.jpg,Lennox_Lewis/Lennox_Lewis_0003.jpg,1,0.30539298
Lili_Taylor/Lili_Taylor_0001.jpg,Lili_Taylor/Lili_Taylor_0002.jpg,1,0.09243427
Lily_Tomlin/Lily_Tomlin_0001.jpg,Lily_Tomlin/Lily_Tomlin_0002.jpg,1,0.22997630
Lon_Kruger/Lon_Kruger_0001.jpg,Lon_Kruger/Lon_Kruger_0002.jpg,1,0.58637834
Lynn_Abraham/Lynn_Abraham_0001.jpg,Lynn_Abraham/Lynn_Abraham_0002.jpg,1,0.09137408
Mahmoud_Abbas/Mahmoud_Abbas_0007.jpg,Mahmoud_Abbas/Mahmoud_Abbas_0011.jpg,1,0.48121566
Mahmoud_Abbas/Mahmoud_Abbas_0015.jpg,Mahmoud_Abbas/Mahmoud_Abbas_0020.jpg,1,0.60142910
Mahmoud_Abbas/Mahmoud_Abbas_0022.jpg,Mahmoud_Abbas/Mahmoud_Abbas_0027.jpg,1,0.71998107
Mark_Richt/Mark_Richt_0001.jpg,Mark_Richt/Mark_Richt_0002.jpg,1,0.42307061
Mark_Richt/Mark_Richt_0001.jpg,Mark_Richt/Mark_Richt_0003.jpg,1,0.71813142
Mary-Kate_Olsen/Mary-Kate_Olsen_0001.jpg,Mary-Kate_Olsen/Mary-Kate_Olsen_0002.jpg,1,0.33664662
Mary-Kate_Olsen/Mary-Kate_Olsen_0002.jpg,Mary-Kate_Olsen/Mary-Kate_Olsen_0003.jpg,1,0.11203980
Matt_Dillon/Matt_Dillon_0001.jpg,Matt_Dillon/Matt_Dillon_0002.jpg,1,0.42858702
Max_Mayfield/Max_Mayfield_0001.jpg,Max_Mayfield/Max_Mayfield_0002.jpg,1,0.59634364
Megan_Mullally/Megan_Mullally_0001.jpg,Megan_Mullally/Megan_Mullally_0002.jpg,1,0.24517629
Megan_Mullally/Megan_Mullally_0001.jpg,Megan_Mullally/Megan_Mullally_0003.jpg,1,0.29159474
Michael_Caine/Michael_Caine_0001.jpg,Michael_Caine/Michael_Caine_0002.jpg,1,0.11555651
Michael_Caine/Michael_Caine_0001.jpg,Michael_Caine/Michael_Caine_0003.jpg,1,0.08596560
Michael_Caine/Michael_Caine_0003.jpg,Michael_Caine/Michael_Caine_0004.jpg,1,0.67405879
Michael_J_Sheehan/Michael_J_Sheehan_0001.jpg,Michael_J_Sheehan/Michael_J_Sheehan_0002.jpg,1,0.58791476
Michael_Keaton/Michael_Keaton_0001.jpg,Michael_Keaton/Michael_Keaton_0002.jpg,1,0.65686882
Michael_Powell/Michael_Powell_0001.jpg,Michael_Powell/Michael_Powell_0002.jpg,1,0.44706398
Michael_Powell/Michael_Powell_0001.jpg,Michael_Powell/Michael_Powell_0003.jpg,1,0.40475968
Michael_Powell/Michael_Powell_0001.jpg,Michael_Powell/Michael_Powell_0005.jpg,1,0.50976038
Michael_Powell/Michael_Powell_0002.jpg,Michael_Powell/Michael_Powell_0003.jpg,1,0.60780972
Michael_Powell/Michael_Powell_0002.jpg,Michael_Powell/Michael_Powell_0004.jpg,1,0.66163182
Michael_Powell/Michael_Powell_0002.jpg,Michael_Powell/Michael_Powell_0005.jpg,1,0.44301158
Michael_Powell/Michael_Powell_0004.jpg,Michael_Powell/Michael_Powell_0005.jpg,1,0.39429033
Miguel_Contreras/Miguel_Contreras_0001.jpg,Miguel_Contreras/Miguel_Contreras_0002.jpg,1,0.48702279
Mike_Weir/Mike_Weir_0001.jpg,Mike_Weir/Mike_Weir_0006.jpg,1,0.34249476
Mike_Weir/Mike_Weir_0003.jpg,Mike_Weir/Mike_Weir_0011.jpg,1,0.52504051
Mikhail_Kasyanov/Mikhail_Kasyanov_0001.jpg,Mikhail_Kasyanov/Mikhail_Kasyanov_0002.jpg,1,0.65422010
Mikhail_Kasyanov/Mikhail_Kasyanov_0001.jpg,Mikhail_Kasyanov/Mikhail_Kasyanov_0003.jpg,1,0.49069589
Mikhail_Kasyanov/Mikhail_Kasyanov_0003.jpg,Mikhail_Kasyanov/Mikhail_Kasyanov_0004.jpg,1,0.81878698
Mohammed_Baqir_al-Hakim/Mohammed_Baqir_al-Hakim_0001.jpg,Mohammed_Baqir_al-Hakim/Mohammed_Baqir_al-Hakim_0003.jpg,1,0.62027508
Monica_Lewinsky/Monica_Lewinsky_0001.jpg,Monica_Lewinsky/Monica_Lewinsky_0002.jpg,1,0.48444533
Monica_Lewinsky/Monica_Lewinsky_0001.jpg,Monica_Lewinsky/Monica_Lewinsky_0003.jpg,1,0.40285474
Monica_Lewinsky/Monica_Lewinsky_0002.jpg,Monica_Lewinsky/Monica_Lewinsky_0003.jpg,1,0.57837760
Nan_Wang/Nan_Wang_0001.jpg,Nan_Wang/Nan_Wang_0003.jpg,1,0.45221838
Nan_Wang/Nan_Wang_0002.jpg,Nan_Wang/Nan_Wang_0003.jpg,1,0.39540237
Nan_Wang/Nan_Wang_0003.jpg,Nan_Wang/Nan_Wang_0004.jpg,1,0.38512921
Nancy_Demme/Nancy_Demme_0001.jpg,Nancy_Demme/Nancy_Demme_0002.jpg,1,0.61265159
Nancy_Reagan/Nancy_Reagan_0001.jpg,Nancy_Reagan/Nancy_Reagan_0002.jpg,1,0.50087488
Naoto_Kan/Naoto_Kan_0001.jpg,Naoto_Kan/Naoto_Kan_0003.jpg,1,0.90731531
Naoto_Kan/Naoto_Kan_0002.jpg,Naoto_Kan/Naoto_Kan_0003.jpg,1,0.89749706
Natasha_McElhone/Natasha_McElhone_0001.jpg,Natasha_McElhone/Natasha_McElhone_0002.jpg,1,0.79585898
Natasha_McElhone/Natasha_McElhone_0001.jpg,Natasha_McElhone/Natasha_McElhone_0003.jpg,1,0.73908436
Neri_Marcore/Neri_Marcore_0001.jpg,Neri_Marcore/Neri_Marcore_0002.jpg,1,0.54062241
Nicholas_Tse/Nicholas_Tse_0001.jpg,Nicholas_Tse/Nicholas_Tse_0002.jpg,1,0.53740513
Nicolas_Escude/Nicolas_Escude_0001.jpg,Nicolas_Escude/Nicolas_Escude_0002.jpg,1,0.61971426
Noelle_Bush/Noelle_Bush_0001.jpg,Noelle_Bush/Noelle_Bush_0003.jpg,1,0.64097834
Noelle_Bush/Noelle_Bush_0001.jpg,Noelle_Bush/Noelle_Bush_0004.jpg,1,0.41235900
Noelle_Bush/Noelle_Bush_0002.jpg,Noelle_Bush/Noelle_Bush_0004.jpg,1,-0.07108803
Orrin_Hatch/Orrin_Hatch_0001.jpg,Orrin_Hatch/Orrin_Hatch_0002.jpg,1,0.46204650
Padraig_Harrington/Padraig_Harrington_0001.jpg,Padraig_Harrington/Padraig_Harrington_0003.jpg,1,0.30666667
Padraig_Harrington/Padraig_Harrington_0001.jpg,Padraig_Harrington/Padraig_Harrington_0004.jpg,1,0.29249978
Padraig_Harrington/Padraig_Harrington_0002.jpg,Padraig_Harrington/Padraig_Harrington_0004.jpg,1,0.47191966
Pedro_Almodovar/Pedro_Almodovar_0001.jpg,Pedro_Almodovar/Pedro_Almodovar_0002.jpg,1,0.53863871
Pedro_Almodovar/Pedro_Almodovar_0003.jpg,Pedro_Almodovar/Pedro_Almodovar_0005.jpg,1,0.25471854
Pedro_Almodovar/Pedro_Almodovar_0005.jpg,Pedro_Almodovar/Pedro_Almodovar_0006.jpg,1,0.75875217
Penelope_Ann_Miller/Penelope_Ann_Miller_0001.jpg,Penelope_Ann_Miller/Penelope_Ann_Miller_0002.jpg,1,0.43430048
Peter_Arnett/Peter_Arnett_0001.jpg,Peter_Arnett/Peter_Arnett_0003.jpg,1,0.57754475
Peter_Arnett/Peter_Arnett_0002.jpg,Peter_Arnett/Peter_Arnett_0003.jpg,1,0.42262250
Petria_Thomas/Petria_Thomas_0001.jpg,Petria_Thomas/Petria_Thomas_0002.jpg,1,0.77525365
Petro_Symonenko/Petro_Symonenko_0001.jpg,Petro_Symonenko/Petro_Symonenko_0002.jpg,1,0.53486466
Prince_Charles/Prince_Charles_0001.jpg,Prince_Charles/Prince_Charles_0002.jpg,1,0.79540724
Prince_Charles/Prince_Charles_0003.jpg,Prince_Charles/Prince_Charles_0004.jpg,1,0.57994139
Prince_Charles/Prince_Charles_0003.jpg,Prince_Charles/Prince_Charles_0005.jpg,1,0.57821023
Raoul_Ruiz/Raoul_Ruiz_0001.jpg,Raoul_Ruiz/Raoul_Ruiz_0002.jpg,1,0.49807063
Raoul_Ruiz/Raoul_Ruiz_0002.jpg,Raoul_Ruiz/Raoul_Ruiz_0003.jpg,1,0.57318604
Raoul_Ruiz/Raoul_Ruiz_0002.jpg,Raoul_Ruiz/Raoul_Ruiz_0004.jpg,1,0.57001591
Raoul_Ruiz/Raoul_Ruiz_0003.jpg,Raoul_Ruiz/Raoul_Ruiz_0004.jpg,1,0.65811837
Ricky_Ponting/Ricky_Ponting_0001.jpg,Ricky_Ponting/Ricky_Ponting_0002.jpg,1,0.61913764
Robert_Stack/Robert_Stack_0001.jpg,Robert_Stack/Robert_Stack_0002.jpg,1,0.75547594
Robin_Cook/Robin_Cook_0001.jpg,Robin_Cook/Robin_Cook_0002.jpg,1,0.22559518
Roger_Federer/Roger_Federer_0004.jpg,Roger_Federer/Roger_Federer_0005.jpg,1,0.32070136
Roger_Federer/Roger_Federer_0004.jpg,Roger_Federer/Roger_Federer_0007.jpg,1,0.57515305
Roger_Federer/Roger_Federer_0006.jpg,Roger_Federer/Roger_Federer_0007.jpg,1,0.83781439
Ronaldo_Luis_Nazario_de_Lima/Ronaldo_Luis_Nazario_de_Lima_0001.jpg,Ronaldo_Luis_Nazario_de_Lima/Ronaldo_Luis_Nazario_de_Lima_0004.jpg,1,0.67220062
Ronaldo_Luis_Nazario_de_Lima/Ronaldo_Luis_Nazario_de_Lima_0002.jpg,Ronaldo_Luis_Nazario_de_Lima/Ronaldo_Luis_Nazario_de_Lima_0003.jpg,1,0.58615816
Ronaldo_Luis_Nazario_de_Lima/Ronaldo_Luis_Nazario_de_Lima_0002.jpg,Ronaldo_Luis_Nazario_de_Lima/Ronaldo_Luis_Nazario_de_Lima_0004.jpg,1,0.51102060
Ronaldo_Luis_Nazario_de_Lima/Ronaldo_Luis_Nazario_de_Lima_0003.jpg,Ronaldo_Luis_Nazario_de_Lima/Ronaldo_Luis_Nazario_de_Lima_0004.jpg,1,0.65581656
Roy_Williams/Roy_Williams_0001.jpg,Roy_Williams/Roy_Williams_0003.jpg,1,0.49248970
Roy_Williams/Roy_Williams_0002.jpg,Roy_Williams/Roy_Williams_0004.jpg,1,0.31384480
Sally_Ride/Sally_Ride_0001.jpg,Sally_Ride/Sally_Ride_0002.jpg,1,0.52535015
Scott_McNealy/Scott_McNealy_0001.jpg,Scott_McNealy/Scott_McNealy_0002.jpg,1,0.43290961
Scott_Peterson/Scott_Peterson_0001.jpg,Scott_Peterson/Scott_Peterson_0002.jpg,1,0.48708338
Scott_Peterson/Scott_Peterson_0001.jpg,Scott_Peterson/Scott_Peterson_0005.jpg,1,0.51883733
Scott_Peterson/Scott_Peterson_0002.jpg,Scott_Peterson/Scott_Peterson_0005.jpg,1,0.51679331
Scott_Peterson/Scott_Peterson_0003.jpg,Scott_Peterson/Scott_Peterson_0004.jpg,1,0.32244119
Scott_Ritter/Scott_Ritter_0001.jpg,Scott_Ritter/Scott_Ritter_0002.jpg,1,0.55672956
Sean_OKeefe/Sean_OKeefe_0003.jpg,Sean_OKeefe/Sean_OKeefe_0004.jpg,1,0.64927459
Sean_Penn/Sean_Penn_0001.jpg,Sean_Penn/Sean_Penn_0002.jpg,1,0.57092267
Sean_Penn/Sean_Penn_0002.jpg,Sean_Penn/Sean_Penn_0003.jpg,1,0.57122803
Sebastien_Grosjean/Sebastien_Grosjean_0001.jpg,Sebastien_Grosjean/Sebastien_Grosjean_0002.jpg,1,0.54247832
Sebastien_Grosjean/Sebastien_Grosjean_0001.jpg,Sebastien_Grosjean/Sebastien_Grosjean_0004.jpg,1,0.52287507
Sharon_Stone/Sharon_Stone_0001.jpg,Sharon_Stone/Sharon_Stone_0002.jpg,1,0.44054073
Sharon_Stone/Sharon_Stone_0001.jpg,Sharon_Stone/Sharon_Stone_0003.jpg,1,0.41906595
Sharon_Stone/Sharon_Stone_0001.jpg,Sharon_Stone/Sharon_Stone_0004.jpg,1,0.40389377
Sharon_Stone/Sharon_Stone_0001.jpg,Sharon_Stone/Sharon_Stone_0005.jpg,1,0.52026075
Sharon_Stone/Sharon_Stone_0002.jpg,Sharon_Stone/Sharon_Stone_0004.jpg,1,0.51158196
Sonia_Gandhi/Sonia_Gandhi_0001.jpg,Sonia_Gandhi/Sonia_Gandhi_0003.jpg,1,0.72438610
Sonia_Gandhi/Sonia_Gandhi_0001.jpg,Sonia_Gandhi/Sonia_Gandhi_0004.jpg,1,0.20698841
Steve_Backley/Steve_Backley_0001.jpg,Steve_Backley/Steve_Backley_0002.jpg,1,0.40829262
Steven_Hatfill/Steven_Hatfill_0001.jpg,Steven_Hatfill/Steven_Hatfill_0002.jpg,1,0.59383452
Tassos_Papadopoulos/Tassos_Papadopoulos_0001.jpg,Tassos_Papadopoulos/Tassos_Papadopoulos_0003.jpg,1,0.68460190
Taufik_Hidayat/Taufik_Hidayat_0001.jpg,Taufik_Hidayat/Taufik_Hidayat_0002.jpg,1,0.79334319
Taufik_Hidayat/Taufik_Hidayat_0001.jpg,Taufik_Hidayat/Taufik_Hidayat_0003.jpg,1,0.60117614
Taufik_Hidayat/Taufik_Hidayat_0002.jpg,Taufik_Hidayat/Taufik_Hidayat_0003.jpg,1,0.62142867
Thomas_Malchow/Thomas_Malchow_0001.jpg,Thomas_Malchow/Thomas_Malchow_0002.jpg,1,0.62772131
Tom_Cruise/Tom_Cruise_0003.jpg,Tom_Cruise/Tom_Cruise_0005.jpg,1,0.40822554
Tom_Cruise/Tom_Cruise_0004.jpg,Tom_Cruise/Tom_Cruise_0010.jpg,1,0.36581722
Tom_Cruise/Tom_Cruise_0006.jpg,Tom_Cruise/Tom_Cruise_0010.jpg,1,0.72727072
Toni_Braxton/Toni_Braxton_0001.jpg,Toni_Braxton/Toni_Braxton_0003.jpg,1,0.48888201
Wayne_Gretzky/Wayne_Gretzky_0001.jpg,Wayne_Gretzky/Wayne_Gretzky_0002.jpg,1,0.57394767
Wayne_Gretzky/Wayne_Gretzky_0001.jpg,Wayne_Gretzky/Wayne_Gretzky_0004.jpg,1,0.47587010
William_Bulger/William_Bulger_0001.jpg,William_Bulger/William_Bulger_0003.jpg,1,0.61884326
William_Bulger/William_Bulger_0002.jpg,William_Bulger/William_Bulger_0004.jpg,1,0.52478975
Winona_Ryder/Winona_Ryder_0012.jpg,Winona_Ryder/Winona_Ryder_0013.jpg,1,0.50516522
Winona_Ryder/Winona_Ryder_0012.jpg,Winona_Ryder/Winona_Ryder_0018.jpg,1,0.54502565
Winona_Ryder/Winona_Ryder_0012.jpg,Winona_Ryder/Winona_Ryder_0019.jpg,1,0.53480762
Xanana_Gusmao/Xanana_Gusmao_0001.jpg,Xanana_Gusmao/Xanana_Gusmao_0004.jpg,1,0.64834952
Xanana_Gusmao/Xanana_Gusmao_0002.jpg,Xanana_Gusmao/Xanana_Gusmao_0003.jpg,1,0.36787289
Xanana_Gusmao/Xanana_Gusmao_0003.jpg,Xanana_Gusmao/Xanana_Gusmao_0005.jpg,1,0.34666419
Xanana_Gusmao/Xanana_Gusmao_0004.jpg,Xanana_Gusmao/Xanana_Gusmao_0005.jpg,1,0.22993702
Yann_Martel/Yann_Martel_0001.jpg,Yann_Martel/Yann_Martel_0002.jpg,1,0.67144787
Yashwant_Sinha/Yashwant_Sinha_0001.jpg,Yashwant_Sinha/Yashwant_Sinha_0003.jpg,1,0.58029360
Yashwant_Sinha/Yashwant_Sinha_0001.jpg,Yashwant_Sinha/Yashwant_Sinha_0005.jpg,1,0.65692401
Yashwant_Sinha/Yashwant_Sinha_0005.jpg,Yashwant_Sinha/Yashwant_Sinha_0007.jpg,1,0.69216865
Adam_Scott/Adam_Scott_0001.jpg,Adam_Scott/Adam_Scott_0002.jpg,1,0.11369312
Ahmad_Masood/Ahmad_Masood_0001.jpg,Ahmad_Masood/Ahmad_Masood_0002.jpg,1,0.25778377
Alan_Mulally/Alan_Mulally_0001.jpg,Alan_Mulally/Alan_Mulally_0002.jpg,1,0.32552344
Alexander_Rumyantsev/Alexander_Rumyantsev_0001.jpg,Alexander_Rumyantsev/Alexander_Rumyantsev_0002.jpg,1,0.63276011
Ali_Abbas/Ali_Abbas_0001.jpg,Ali_Abbas/Ali_Abbas_0002.jpg,1,0.49798271
Amanda_Bynes/Amanda_Bynes_0001.jpg,Amanda_Bynes/Amanda_Bynes_0002.jpg,1,0.56745160
Amanda_Bynes/Amanda_Bynes_0001.jpg,Amanda_Bynes/Amanda_Bynes_0003.jpg,1,0.40231520
Amanda_Bynes/Amanda_Bynes_0001.jpg,Amanda_Bynes/Amanda_Bynes_0004.jpg,1,0.27217454
Amanda_Bynes/Amanda_Bynes_0002.jpg,Amanda_Bynes/Amanda_Bynes_0003.jpg,1,0.51112205
Andrei_Mikhnevich/Andrei_Mikhnevich_0001.jpg,Andrei_Mikhnevich/Andrei_Mikhnevich_0002.jpg,1,0.59098166
Angela_Merkel/Angela_Merkel_0001.jpg,Angela_Merkel/Angela_Merkel_0002.jpg,1,0.51524079
Angela_Merkel/Angela_Merkel_0004.jpg,Angela_Merkel/Angela_Merkel_0005.jpg,1,0.59687233
Angelina_Jolie/Angelina_Jolie_0001.jpg,Angelina_Jolie/Angelina_Jolie_0015.jpg,1,0.50928700
Angelina_Jolie/Angelina_Jolie_0002.jpg,Angelina_Jolie/Angelina_Jolie_0011.jpg,1,0.39200836
Angelina_Jolie/Angelina_Jolie_0008.jpg,Angelina_Jolie/Angelina_Jolie_0015.jpg,1,0.65186667
Angelina_Jolie/Angelina_Jolie_0009.jpg,Angelina_Jolie/Angelina_Jolie_0015.jpg,1,0.67816401
Angelina_Jolie/Angelina_Jolie_0011.jpg,Angelina_Jolie/Angelina_Jolie_0020.jpg,1,0.35850000
Anthony_LaPaglia/Anthony_LaPaglia_0001.jpg,Anthony_LaPaglia/Anthony_LaPaglia_0002.jpg,1,0.60736787
Arlen_Specter/Arlen_Specter_0001.jpg,Arlen_Specter/Arlen_Specter_0002.jpg,1,0.36585069
Atal_Bihari_Vajpayee/Atal_Bihari_Vajpayee_0004.jpg,Atal_Bihari_Vajpayee/Atal_Bihari_Vajpayee_0006.jpg,1,0.57394493
Barry_Alvarez/Barry_Alvarez_0001.jpg,Barry_Alvarez/Barry_Alvarez_0002.jpg,1,0.67929620
Bill_Belichick/Bill_Belichick_0001.jpg,Bill_Belichick/Bill_Belichick_0002.jpg,1,0.36062479
Bill_Sizemore/Bill_Sizemore_0001.jpg,Bill_Sizemore/Bill_Sizemore_0002.jpg,1,0.50830573
Boris_Yeltsin/Boris_Yeltsin_0001.jpg,Boris_Yeltsin/Boris_Yeltsin_0002.jpg,1,-0.13584135
Britney_Spears/Britney_Spears_0004.jpg,Britney_Spears/Britney_Spears_0011.jpg,1,0.32044885
Bruce_Van_De_Velde/Bruce_Van_De_Velde_0001.jpg,Bruce_Van_De_Velde/Bruce_Van_De_Velde_0002.jpg,1,0.60952830
Camilla_Parker_Bowles/Camilla_Parker_Bowles_0001.jpg,Camilla_Parker_Bowles/Camilla_Parker_Bowles_0002.jpg,1,0.05226026
Carolina_Kluft/Carolina_Kluft_0001.jpg,Carolina_Kluft/Carolina_Kluft_0002.jpg,1,0.53157729
Carson_Palmer/Carson_Palmer_0001.jpg,Carson_Palmer/Carson_Palmer_0003.jpg,1,0.54805231
Carson_Palmer/Carson_Palmer_0002.jpg,Carson_Palmer/Carson_Palmer_0003.jpg,1,0.50834626
Catherine_Deneuve/Catherine_Deneuve_0001.jpg,Catherine_Deneuve/Catherine_Deneuve_0004.jpg,1,0.54579151
Catherine_Deneuve/Catherine_Deneuve_0002.jpg,Catherine_Deneuve/Catherine_Deneuve_0005.jpg,1,0.56958777
Catherine_Deneuve/Catherine_Deneuve_0003.jpg,Catherine_Deneuve/Catherine_Deneuve_0005.jpg,1,0.63335812
Cesar_Maia/Cesar_Maia_0001.jpg,Cesar_Maia/Cesar_Maia_0002.jpg,1,0.32195669
Charles_Moose/Charles_Moose_0010.jpg,Charles_Moose/Charles_Moose_0012.jpg,1,0.10665801
Chen_Liang_Yu/Chen_Liang_Yu_0001.jpg,Chen_Liang_Yu/Chen_Liang_Yu_0002.jpg,1,0.71133900
Choi_Sung-hong/Choi_Sung-hong_0001.jpg,Choi_Sung-hong/Choi_Sung-hong_0005.jpg,1,0.62335300
Choi_Sung-hong/Choi_Sung-hong_0002.jpg,Choi_Sung-hong/Choi_Sung-hong_0004.jpg,1,0.36373997
Choi_Sung-hong/Choi_Sung-hong_0003.jpg,Choi_Sung-hong/Choi_Sung-hong_0004.jpg,1,0.39771175
Christina_Aguilera/Christina_Aguilera_0001.jpg,Christina_Aguilera/Christina_Aguilera_0002.jpg,1,0.17862856
Christina_Aguilera/Christina_Aguilera_0001.jpg,Christina_Aguilera/Christina_Aguilera_0004.jpg,1,0.35009751
Christina_Aguilera/Christina_Aguilera_0002.jpg,Christina_Aguilera/Christina_Aguilera_0004.jpg,1,0.28419787
Clara_Harris/Clara_Harris_0001.jpg,Clara_Harris/Clara_Harris_0005.jpg,1,0.39542317
Clara_Harris/Clara_Harris_0002.jpg,Clara_Harris/Clara_Harris_0004.jpg,1,0.39743042
Coretta_Scott_King/Coretta_Scott_King_0001.jpg,Coretta_Scott_King/Coretta_Scott_King_0002.jpg,1,0.50892878
Coretta_Scott_King/Coretta_Scott_King_0001.jpg,Coretta_Scott_King/Coretta_Scott_King_0003.jpg,1,0.49576569
Coretta_Scott_King/Coretta_Scott_King_0002.jpg,Coretta_Scott_King/Coretta_Scott_King_0003.jpg,1,0.71801543
Courtney_Love/Courtney_Love_0001.jpg,Courtney_Love/Courtney_Love_0002.jpg,1,0.22143862
Daniel_Day-Lewis/Daniel_Day-Lewis_0001.jpg,Daniel_Day-Lewis/Daniel_Day-Lewis_0003.jpg,1,0.49153671
Daniel_Day-Lewis/Daniel_Day-Lewis_0002.jpg,Daniel_Day-Lewis/Daniel_Day-Lewis_0003.jpg,1,0.47148272
Daniela_Hantuchova/Daniela_Hantuchova_0001.jpg,Daniela_Hantuchova/Daniela_Hantuchova_0002.jpg,1,0.58590692
Debra_Messing/Debra_Messing_0001.jpg,Debra_Messing/Debra_Messing_0002.jpg,1,0.34084588
Dennis_Kucinich/Dennis_Kucinich_0002.jpg,Dennis_Kucinich/Dennis_Kucinich_0007.jpg,1,0.40280199
Dick_Latessa/Dick_Latessa_0001.jpg,Dick_Latessa/Dick_Latessa_0002.jpg,1,0.44340575
Donald_Rumsfeld/Donald_Rumsfeld_0039.jpg,Donald_Rumsfeld/Donald_Rumsfeld_0110.jpg,1,0.50338972
Donald_Rumsfeld/Donald_Rumsfeld_0051.jpg,Donald_Rumsfeld/Donald_Rumsfeld_0083.jpg,1,0.44026154
Donald_Rumsfeld/Donald_Rumsfeld_0060.jpg,Donald_Rumsfeld/Donald_Rumsfeld_0067.jpg,1,0.53269494
Eduard_Shevardnadze/Eduard_Shevardnadze_0001.jpg,Eduard_Shevardnadze/Eduard_Shevardnadze_0005.jpg,1,0.71515596
Edward_Lu/Edward_Lu_0004.jpg,Edward_Lu/Edward_Lu_0006.jpg,1,0.50125372
Edwina_Currie/Edwina_Currie_0001.jpg,Edwina_Currie/Edwina_Currie_0002.jpg,1,0.78606272
Edwina_Currie/Edwina_Currie_0002.jpg,Edwina_Currie/Edwina_Currie_0004.jpg,1,0.70923662
Elizabeth_Shue/Elizabeth_Shue_0001.jpg,Elizabeth_Shue/Elizabeth_Shue_0002.jpg,1,0.49993706
Ellen_Engleman/Ellen_Engleman_0001.jpg,Ellen_Engleman/Ellen_Engleman_0002.jpg,1,0.47932160
Emma_Thompson/Emma_Thompson_0001.jpg,Emma_Thompson/Emma_Thompson_0002.jpg,1,0.39145899
Emma_Thompson/Emma_Thompson_0001.jpg,Emma_Thompson/Emma_Thompson_0003.jpg,1,0.53952205
Emma_Thompson/Emma_Thompson_0002.jpg,Emma_Thompson/Emma_Thompson_0003.jpg,1,0.77908456
Emmit_Smith/Emmit_Smith_0001.jpg,Emmit_Smith/Emmit_Smith_0002.jpg,1,0.65580004
Fayssal_Mekdad/Fayssal_Mekdad_0001.jpg,Fayssal_Mekdad/Fayssal_Mekdad_0003.jpg,1,0.43602455
Fayssal_Mekdad/Fayssal_Mekdad_0001.jpg,Fayssal_Mekdad/Fayssal_Mekdad_0004.jpg,1,0.69933355
Frances_Fisher/Frances_Fisher_0001.jpg,Frances_Fisher/Frances_Fisher_0002.jpg,1,0.50911582
Frank_Griswold/Frank_Griswold_0001.jpg,Frank_Griswold/Frank_Griswold_0002.jpg,1,0.59137499
Gary_Forsee/Gary_Forsee_0001.jpg,Gary_Forsee/Gary_Forsee_0002.jpg,1,0.57338142
Gloria_Macapagal_Arroyo/Gloria_Macapagal_Arroyo_0003.jpg,Gloria_Macapagal_Arroyo/Gloria_Macapagal_Arroyo_0012.jpg,1,0.51557457
Gloria_Macapagal_Arroyo/Gloria_Macapagal_Arroyo_0003.jpg,Gloria_Macapagal_Arroyo/Gloria_Macapagal_Arroyo_0025.jpg,1,0.39565700
Gloria_Macapagal_Arroyo/Gloria_Macapagal_Arroyo_0008.jpg,Gloria_Macapagal_Arroyo/Gloria_Macapagal_Arroyo_0023.jpg,1,0.27897534
Gregory_Hines/Gregory_Hines_0001.jpg,Gregory_Hines/Gregory_Hines_0002.jpg,1,0.50162381
Gus_Van_Sant/Gus_Van_Sant_0001.jpg,Gus_Van_Sant/Gus_Van_Sant_0002.jpg,1,0.73147786
Gus_Van_Sant/Gus_Van_Sant_0001.jpg,Gus_Van_Sant/Gus_Van_Sant_0003.jpg,1,0.69955713
Gwendal_Peizerat/Gwendal_Peizerat_0001.jpg,Gwendal_Peizerat/Gwendal_Peizerat_0002.jpg,1,0.14754951
Gwendal_Peizerat/Gwendal_Peizerat_0001.jpg,Gwendal_Peizerat/Gwendal_Peizerat_0003.jpg,1,0.46641797
Hal_Gehman/Hal_Gehman_0002.jpg,Hal_Gehman/Hal_Gehman_0004.jpg,1,0.74094677
Hannah_Stockbauer/Hannah_Stockbauer_0001.jpg,Hannah_Stockbauer/Hannah_Stockbauer_0002.jpg,1,0.45937279
Harrison_Ford/Harrison_Ford_0001.jpg,Harrison_Ford/Harrison_Ford_0012.jpg,1,0.46222886
Heizo_Takenaka/Heizo_Takenaka_0001.jpg,Heizo_Takenaka/Heizo_Takenaka_0007.jpg,1,0.52604294
Heizo_Takenaka/Heizo_Takenaka_0003.jpg,Heizo_Takenaka/Heizo_Takenaka_0008.jpg,1,0.59764928
Heizo_Takenaka/Heizo_Takenaka_0003.jpg,Heizo_Takenaka/Heizo_Takenaka_0009.jpg,1,0.55444151
Hichiro_Naemura/Hichiro_Naemura_0001.jpg,Hichiro_Naemura/Hichiro_Naemura_0002.jpg,1,0.64310920
Hipolito_Mejia/Hipolito_Mejia_0001.jpg,Hipolito_Mejia/Hipolito_Mejia_0003.jpg,1,0.59798014
Hipolito_Mejia/Hipolito_Mejia_0001.jpg,Hipolito_Mejia/Hipolito_Mejia_0004.jpg,1,0.47584265
Holly_Hunter/Holly_Hunter_0002.jpg,Holly_Hunter/Holly_Hunter_0006.jpg,1,0.37139520
Holly_Hunter/Holly_Hunter_0003.jpg,Holly_Hunter/Holly_Hunter_0007.jpg,1,-0.00927266
Igor_Ivanov/Igor_Ivanov_0005.jpg,Igor_Ivanov/Igor_Ivanov_0016.jpg,1,0.46854946
Intisar_Ajouri/Intisar_Ajouri_0002.jpg,Intisar_Ajouri/Intisar_Ajouri_0003.jpg,1,0.81742346
Jack_Nicholson/Jack_Nicholson_0001.jpg,Jack_Nicholson/Jack_Nicholson_0003.jpg,1,0.36813635
James_Blake/James_Blake_0001.jpg,James_Blake/James_Blake_0010.jpg,1,0.59728932
James_Blake/James_Blake_0004.jpg,James_Blake/James_Blake_0006.jpg,1,0.68639004
James_Blake/James_Blake_0005.jpg,James_Blake/James_Blake_0009.jpg,1,0.48732617
James_Kelly/James_Kelly_0004.jpg,James_Kelly/James_Kelly_0005.jpg,1,0.38247043
James_Kopp/James_Kopp_0002.jpg,James_Kopp/James_Kopp_0004.jpg,1,0.60532200
James_Smith/James_Smith_0001.jpg,James_Smith/James_Smith_0002.jpg,1,0.73460948
Jean_Chretien/Jean_Chretien_0002.jpg,Jean_Chretien/Jean_Chretien_0039.jpg,1,0.25531927
Jean_Chretien/Jean_Chretien_0006.jpg,Jean_Chretien/Jean_Chretien_0040.jpg,1,0.35300466
Jean_Chretien/Jean_Chretien_0008.jpg,Jean_Chretien/Jean_Chretien_0035.jpg,1,0.51415312
Jean_Chretien/Jean_Chretien_0019.jpg,Jean_Chretien/Jean_Chretien_0028.jpg,1,0.44752094
Jean_Chretien/Jean_Chretien_0028.jpg,Jean_Chretien/Jean_Chretien_0052.jpg,1,0.52484816
Jean_Chretien/Jean_Chretien_0029.jpg,Jean_Chretien/Jean_Chretien_0037.jpg,1,0.61863166
Jean_Chretien/Jean_Chretien_0034.jpg,Jean_Chretien/Jean_Chretien_0036.jpg,1,0.71154904
Jeffrey_Immelt/Jeffrey_Immelt_0001.jpg,Jeffrey_Immelt/Jeffrey_Immelt_0002.jpg,1,0.58414721
Jennifer_Aniston/Jennifer_Aniston_0001.jpg,Jennifer_Aniston/Jennifer_Aniston_0007.jpg,1,0.43294948
Jennifer_Aniston/Jennifer_Aniston_0001.jpg,Jennifer_Aniston/Jennifer_Aniston_0016.jpg,1,0.45694327
Jennifer_Aniston/Jennifer_Aniston_0006.jpg,Jennifer_Aniston/Jennifer_Aniston_0021.jpg,1,0.35146162
Jerry_Falwell/Jerry_Falwell_0001.jpg,Jerry_Falwell/Jerry_Falwell_0002.jpg,1,0.61786747
Jesse_Harris/Jesse_Harris_0001.jpg,Jesse_Harris/Jesse_Harris_0003.jpg,1,0.49610937
Jesse_Harris/Jesse_Harris_0002.jpg,Jesse_Harris/Jesse_Harris_0003.jpg,1,0.41774184
Joan_Claybrook/Joan_Claybrook_0001.jpg,Joan_Claybrook/Joan_Claybrook_0002.jpg,1,0.40667671
Joe_Calzaghe/Joe_Calzaghe_0001.jpg,Joe_Calzaghe/Joe_Calzaghe_0002.jpg,1,0.08677865
Joe_Nichols/Joe_Nichols_0001.jpg,Joe_Nichols/Joe_Nichols_0003.jpg,1,0.45747188
Joe_Nichols/Joe_Nichols_0002.jpg,Joe_Nichols/Joe_Nichols_0004.jpg,1,0.63067502
Joe_Nichols/Joe_Nichols_0003.jpg,Joe_Nichols/Joe_Nichols_0004.jpg,1,0.80855024
Joerg_Haider/Joerg_Haider_0001.jpg,Joerg_Haider/Joerg_Haider_0002.jpg,1,0.59383333
John_Abizaid/John_Abizaid_0001.jpg,John_Abizaid/John_Abizaid_0002.jpg,1,0.61840445
John_Abizaid/John_Abizaid_0001.jpg,John_Abizaid/John_Abizaid_0007.jpg,1,0.70213187
John_Abizaid/John_Abizaid_0002.jpg,John_Abizaid/John_Abizaid_0003.jpg,1,0.62789798
John_Abizaid/John_Abizaid_0004.jpg,John_Abizaid/John_Abizaid_0007.jpg,1,0.68476540
John_Abizaid/John_Abizaid_0004.jpg,John_Abizaid/John_Abizaid_0008.jpg,1,0.54121029
John_Abizaid/John_Abizaid_0005.jpg,John_Abizaid/John_Abizaid_0006.jpg,1,0.58662367
John_Jumper/John_Jumper_0001.jpg,John_Jumper/John_Jumper_0002.jpg,1,0.51195502
John_Mayer/John_Mayer_0001.jpg,John_Mayer/John_Mayer_0002.jpg,1,0.83862031
John_Mayer/John_Mayer_0001.jpg,John_Mayer/John_Mayer_0003.jpg,1,0.68456459
John_Negroponte/John_Negroponte_0005.jpg,John_Negroponte/John_Negroponte_0026.jpg,1,0.49679965
John_Negroponte/John_Negroponte_0008.jpg,John_Negroponte/John_Negroponte_0017.jpg,1,0.44613171
John_Negroponte/John_Negroponte_0028.jpg,John_Negroponte/John_Negroponte_0030.jpg,1,0.47405088
John_Reilly/John_Reilly_0001.jpg,John_Reilly/John_Reilly_0002.jpg,1,0.68169928
John_Rowland/John_Rowland_0001.jpg,John_Rowland/John_Rowland_0002.jpg,1,0.06763332
Johnny_Depp/Johnny_Depp_0001.jpg,Johnny_Depp/Johnny_Depp_0002.jpg,1,0.29002440
Jon_Corzine/Jon_Corzine_0001.jpg,Jon_Corzine/Jon_Corzine_0002.jpg,1,0.39275780
Jose_Dirceu/Jose_Dirceu_0001.jpg,Jose_Dirceu/Jose_Dirceu_0002.jpg,1,0.33408719
Jose_Sarney/Jose_Sarney_0001.jpg,Jose_Sarney/Jose_Sarney_0003.jpg,1,0.63145256
Joseph_Estrada/Joseph_Estrada_0001.jpg,Joseph_Estrada/Joseph_Estrada_0003.jpg,1,0.64848650
Joseph_Estrada/Joseph_Estrada_0002.jpg,Joseph_Estrada/Joseph_Estrada_0003.jpg,1,0.77142256
Juan_Carlos_Ferrero/Juan_Carlos_Ferrero_0009.jpg,Juan_Carlos_Ferrero/Juan_Carlos_Ferrero_0017.jpg,1,0.49919316
Jude_Law/Jude_Law_0001.jpg,Jude_Law/Jude_Law_0002.jpg,1,0.48629212
Katherine_Harris/Katherine_Harris_0001.jpg,Katherine_Harris/Katherine_Harris_0002.jpg,1,0.26779741
Katherine_Harris/Katherine_Harris_0001.jpg,Katherine_Harris/Katherine_Harris_0004.jpg,1,0.48556340
Katherine_Harris/Katherine_Harris_0003.jpg,Katherine_Harris/Katherine_Harris_0004.jpg,1,0.50393391
Kelly_Clarkson/Kelly_Clarkson_0001.jpg,Kelly_Clarkson/Kelly_Clarkson_0002.jpg,1,0.59286898
Kiki_Vandeweghe/Kiki_Vandeweghe_0001.jpg,Kiki_Vandeweghe/Kiki_Vandeweghe_0002.jpg,1,0.57499152
Kofi_Annan/Kofi_Annan_0008.jpg,Kofi_Annan/Kofi_Annan_0014.jpg,1,0.53878897
Kofi_Annan/Kofi_Annan_0008.jpg,Kofi_Annan/Kofi_Annan_0032.jpg,1,0.49682853
Kofi_Annan/Kofi_Annan_0013.jpg,Kofi_Annan/Kofi_Annan_0025.jpg,1,0.67587143
Lance_Bass/Lance_Bass_0001.jpg,Lance_Bass/Lance_Bass_0004.jpg,1,0.56236768
Lance_Bass/Lance_Bass_0002.jpg,Lance_Bass/Lance_Bass_0004.jpg,1,0.41272086
Lance_Bass/Lance_Bass_0002.jpg,Lance_Bass/Lance_Bass_0005.jpg,1,0.51696217
Lance_Bass/Lance_Bass_0004.jpg,Lance_Bass/Lance_Bass_0005.jpg,1,0.61168903
Laurent_Gbagbo/Laurent_Gbagbo_0001.jpg,Laurent_Gbagbo/Laurent_Gbagbo_0002.jpg,1,0.52745688
Lee_Soo-hyuck/Lee_Soo-hyuck_0001.jpg,Lee_Soo-hyuck/Lee_Soo-hyuck_0002.jpg,1,0.16537645
Leslie_Caldwell/Leslie_Caldwell_0002.jpg,Leslie_Caldwell/Leslie_Caldwell_0003.jpg,1,0.61423755
Li_Zhaoxing/Li_Zhaoxing_0002.jpg,Li_Zhaoxing/Li_Zhaoxing_0007.jpg,1,0.64412200
Liu_Mingkang/Liu_Mingkang_0001.jpg,Liu_Mingkang/Liu_Mingkang_0002.jpg,1,0.79030573
Luciano_Pavarotti/Luciano_Pavarotti_0001.jpg,Luciano_Pavarotti/Luciano_Pavarotti_0002.jpg,1,0.68895262
Luis_Gonzalez_Macchi/Luis_Gonzalez_Macchi_0001.jpg,Luis_Gonzalez_Macchi/Luis_Gonzalez_Macchi_0002.jpg,1,0.45087972
Luis_Gonzalez_Macchi/Luis_Gonzalez_Macchi_0002.jpg,Luis_Gonzalez_Macchi/Luis_Gonzalez_Macchi_0004.jpg,1,0.46883962
Luis_Gonzalez_Macchi/Luis_Gonzalez_Macchi_0003.jpg,Luis_Gonzalez_Macchi/Luis_Gonzalez_Macchi_0004.jpg,1,0.62729347
Luis_Gonzalez_Macchi/Luis_Gonzalez_Macchi_0003.jpg,Luis_Gonzalez_Macchi/Luis_Gonzalez_Macchi_0005.jpg,1,0.54845619
Luis_Horna/Luis_Horna_0001.jpg,Luis_Horna/Luis_Horna_0004.jpg,1,0.57093692
Luis_Horna/Luis_Horna_0002.jpg,Luis_Horna/Luis_Horna_0004.jpg,1,0.32102326
Luiz_Inacio_Lula_da_Silva/Luiz_Inacio_Lula_da_Silva_0002.jpg,Luiz_Inacio_Lula_da_Silva/Luiz_Inacio_Lula_da_Silva_0009.jpg,1,0.55272746
Luiz_Inacio_Lula_da_Silva/Luiz_Inacio_Lula_da_Silva_0002.jpg,Luiz_Inacio_Lula_da_Silva/Luiz_Inacio_Lula_da_Silva_0039.jpg,1,0.60949039
Luiz_Inacio_Lula_da_Silva/Luiz_Inacio_Lula_da_Silva_0004.jpg,Luiz_Inacio_Lula_da_Silva/Luiz_Inacio_Lula_da_Silva_0008.jpg,1,-0.02674314
Luiz_Inacio_Lula_da_Silva/Luiz_Inacio_Lula_da_Silva_0007.jpg,Luiz_Inacio_Lula_da_Silva/Luiz_Inacio_Lula_da_Silva_0036.jpg,1,0.55823535
Luiz_Inacio_Lula_da_Silva/Luiz_Inacio_Lula_da_Silva_0010.jpg,Luiz_Inacio_Lula_da_Silva/Luiz_Inacio_Lula_da_Silva_0019.jpg,1,0.52251196
Luiz_Inacio_Lula_da_Silva/Luiz_Inacio_Lula_da_Silva_0011.jpg,Luiz_Inacio_Lula_da_Silva/Luiz_Inacio_Lula_da_Silva_0044.jpg,1,0.27044106
Luiz_Inacio_Lula_da_Silva/Luiz_Inacio_Lula_da_Silva_0028.jpg,Luiz_Inacio_Lula_da_Silva/Luiz_Inacio_Lula_da_Silva_0044.jpg,1,0.42185855
Madeleine_Albright/Madeleine_Albright_0001.jpg,Madeleine_Albright/Madeleine_Albright_0002.jpg,1,0.65257633
Madeleine_Albright/Madeleine_Albright_0002.jpg,Madeleine_Albright/Madeleine_Albright_0003.jpg,1,0.59051657
Marcus_Gronholm/Marcus_Gronholm_0001.jpg,Marcus_Gronholm/Marcus_Gronholm_0002.jpg,1,0.28762063
Marissa_Jaret_Winokur/Marissa_Jaret_Winokur_0001.jpg,Marissa_Jaret_Winokur/Marissa_Jaret_Winokur_0002.jpg,1,0.60387695
Mark_Geragos/Mark_Geragos_0001.jpg,Mark_Geragos/Mark_Geragos_0002.jpg,1,0.40781909
Mark_Philippoussis/Mark_Philippoussis_0002.jpg,Mark_Philippoussis/Mark_Philippoussis_0007.jpg,1,0.57963121
Mark_Philippoussis/Mark_Philippoussis_0003.jpg,Mark_Philippoussis/Mark_Philippoussis_0011.jpg,1,0.53319240
Mark_Philippoussis/Mark_Philippoussis_0004.jpg,Mark_Philippoussis/Mark_Philippoussis_0006.jpg,1,0.45556581
Mark_Philippoussis/Mark_Philippoussis_0004.jpg,Mark_Philippoussis/Mark_Philippoussis_0009.jpg,1,0.38214642
Mark_Philippoussis/Mark_Philippoussis_0006.jpg,Mark_Philippoussis/Mark_Philippoussis_0007.jpg,1,0.55268943
Mark_Philippoussis/Mark_Philippoussis_0006.jpg,Mark_Philippoussis/Mark_Philippoussis_0009.jpg,1,0.53694904
Mark_Philippoussis/Mark_Philippoussis_0007.jpg,Mark_Philippoussis/Mark_Philippoussis_0009.jpg,1,0.44825774
Markus_Naslund/Markus_Naslund_0001.jpg,Markus_Naslund/Markus_Naslund_0002.jpg,1,0.78054154
Martha_Lucia_Ramirez/Martha_Lucia_Ramirez_0002.jpg,Martha_Lucia_Ramirez/Martha_Lucia_Ramirez_0004.jpg,1,0.63396454
Martha_Lucia_Ramirez/Martha_Lucia_Ramirez_0003.jpg,Martha_Lucia_Ramirez/Martha_Lucia_Ramirez_0004.jpg,1,0.34655938
Meryl_Streep/Meryl_Streep_0014.jpg,Meryl_Streep/Meryl_Streep_0015.jpg,1,0.37175375
Mesut_Yilmaz/Mesut_Yilmaz_0001.jpg,Mesut_Yilmaz/Mesut_Yilmaz_0002.jpg,1,0.36775851
Michael_Schumacher/Michael_Schumacher_0002.jpg,Michael_Schumacher/Michael_Schumacher_0013.jpg,1,0.56679797
Michael_Schumacher/Michael_Schumacher_0002.jpg,Michael_Schumacher/Michael_Schumacher_0017.jpg,1,0.14530104
Michael_Schumacher/Michael_Schumacher_0010.jpg,Michael_Schumacher/Michael_Schumacher_0011.jpg,1,0.45078307
Michael_Schumacher/Michael_Schumacher_0013.jpg,Michael_Schumacher/Michael_Schumacher_0018.jpg,1,0.47703198
Michel_Temer/Michel_Temer_0001.jpg,Michel_Temer/Michel_Temer_0002.jpg,1,-0.02985777
Michelle_Yeoh/Michelle_Yeoh_0001.jpg,Michelle_Yeoh/Michelle_Yeoh_0002.jpg,1,0.43547213
Michelle_Yeoh/Michelle_Yeoh_0002.jpg,Michelle_Yeoh/Michelle_Yeoh_0005.jpg,1,0.50420105
Monica_Seles/Monica_Seles_0001.jpg,Monica_Seles/Monica_Seles_0003.jpg,1,0.16835576
Monica_Seles/Monica_Seles_0002.jpg,Monica_Seles/Monica_Seles_0006.jpg,1,0.57144797
Monica_Seles/Monica_Seles_0004.jpg,Monica_Seles/Monica_Seles_0005.jpg,1,0.84216750
Moshe_Katsav/Moshe_Katsav_0001.jpg,Moshe_Katsav/Moshe_Katsav_0002.jpg,1,0.59450090
Moshe_Katsav/Moshe_Katsav_0002.jpg,Moshe_Katsav/Moshe_Katsav_0003.jpg,1,0.70494938
Muhammad_Saeed_al-Sahhaf/Muhammad_Saeed_al-Sahhaf_0002.jpg,Muhammad_Saeed_al-Sahhaf/Muhammad_Saeed_al-Sahhaf_0005.jpg,1,0.55327713
Muhammad_Saeed_al-Sahhaf/Muhammad_Saeed_al-Sahhaf_0003.jpg,Muhammad_Saeed_al-Sahhaf/Muhammad_Saeed_al-Sahhaf_0004.jpg,1,0.58471376
Muhammad_Saeed_al-Sahhaf/Muhammad_Saeed_al-Sahhaf_0003.jpg,Muhammad_Saeed_al-Sahhaf/Muhammad_Saeed_al-Sahhaf_0005.jpg,1,0.65710115
Nancy_Sinatra/Nancy_Sinatra_0001.jpg,Nancy_Sinatra/Nancy_Sinatra_0002.jpg,1,0.46109807
Nicanor_Duarte_Frutos/Nicanor_Duarte_Frutos_0003.jpg,Nicanor_Duarte_Frutos/Nicanor_Duarte_Frutos_0006.jpg,1,0.60824454
Nicanor_Duarte_Frutos/Nicanor_Duarte_Frutos_0003.jpg,Nicanor_Duarte_Frutos/Nicanor_Duarte_Frutos_0007.jpg,1,0.47202408
Nicanor_Duarte_Frutos/Nicanor_Duarte_Frutos_0003.jpg,Nicanor_Duarte_Frutos/Nicanor_Duarte_Frutos_0011.jpg,1,0.60461783
Patti_Labelle/Patti_Labelle_0002.jpg,Patti_Labelle/Patti_Labelle_0003.jpg,1,0.45209876
Paul_Pierce/Paul_Pierce_0001.jpg,Paul_Pierce/Paul_Pierce_0002.jpg,1,0.06694721
Paul_Shanley/Paul_Shanley_0002.jpg,Paul_Shanley/Paul_Shanley_0003.jpg,1,0.69625485
Phil_Mickelson/Phil_Mickelson_0001.jpg,Phil_Mickelson/Phil_Mickelson_0002.jpg,1,0.28275713
Princess_Anne/Princess_Anne_0001.jpg,Princess_Anne/Princess_Anne_0002.jpg,1,0.48864743
Princess_Elisabeth/Princess_Elisabeth_0001.jpg,Princess_Elisabeth/Princess_Elisabeth_0002.jpg,1,0.61583292
Priscilla_Owen/Priscilla_Owen_0001.jpg,Priscilla_Owen/Priscilla_Owen_0002.jpg,1,0.45584422
Queen_Rania/Queen_Rania_0002.jpg,Queen_Rania/Queen_Rania_0003.jpg,1,0.61270154
Rachel_Hunter/Rachel_Hunter_0001.jpg,Rachel_Hunter/Rachel_Hunter_0004.jpg,1,0.57641840
Rachel_Hunter/Rachel_Hunter_0002.jpg,Rachel_Hunter/Rachel_Hunter_0003.jpg,1,0.59701031
Rachel_Hunter/Rachel_Hunter_0003.jpg,Rachel_Hunter/Rachel_Hunter_0004.jpg,1,0.52577388
Rafael_Ramirez/Rafael_Ramirez_0001.jpg,Rafael_Ramirez/Rafael_Ramirez_0002.jpg,1,0.62938339
Rafael_Ramirez/Rafael_Ramirez_0002.jpg,Rafael_Ramirez/Rafael_Ramirez_0003.jpg,1,0.53891802
Rafael_Ramirez/Rafael_Ramirez_0002.jpg,Rafael_Ramirez/Rafael_Ramirez_0004.jpg,1,0.53725499
Ralph_Lauren/Ralph_Lauren_0001.jpg,Ralph_Lauren/Ralph_Lauren_0002.jpg,1,0.71131194
Recep_Tayyip_Erdogan/Recep_Tayyip_Erdogan_0002.jpg,Recep_Tayyip_Erdogan/Recep_Tayyip_Erdogan_0016.jpg,1,0.48986721
Recep_Tayyip_Erdogan/Recep_Tayyip_Erdogan_0017.jpg,Recep_Tayyip_Erdogan/Recep_Tayyip_Erdogan_0019.jpg,1,0.51766515
Reese_Witherspoon/Reese_Witherspoon_0003.jpg,Reese_Witherspoon/Reese_Witherspoon_0004.jpg,1,0.51195407
Richard_Armitage/Richard_Armitage_0002.jpg,Richard_Armitage/Richard_Armitage_0005.jpg,1,0.50848150
Richard_Armitage/Richard_Armitage_0006.jpg,Richard_Armitage/Richard_Armitage_0007.jpg,1,0.55965263
Richard_Armitage/Richard_Armitage_0006.jpg,Richard_Armitage/Richard_Armitage_0009.jpg,1,0.39518213
Richard_Armitage/Richard_Armitage_0008.jpg,Richard_Armitage/Richard_Armitage_0009.jpg,1,0.47562477
Richard_Gephardt/Richard_Gephardt_0002.jpg,Richard_Gephardt/Richard_Gephardt_0010.jpg,1,0.50666112
Richard_Gephardt/Richard_Gephardt_0003.jpg,Richard_Gephardt/Richard_Gephardt_0011.jpg,1,0.71347737
Richard_Gephardt/Richard_Gephardt_0005.jpg,Richard_Gephardt/Richard_Gephardt_0009.jpg,1,0.50329447
Richard_Gephardt/Richard_Gephardt_0010.jpg,Richard_Gephardt/Richard_Gephardt_0011.jpg,1,0.51111561
Richard_Norton-Taylor/Richard_Norton-Taylor_0001.jpg,Richard_Norton-Taylor/Richard_Norton-Taylor_0002.jpg,1,0.72817981
Richie_Adubato/Richie_Adubato_0001.jpg,Richie_Adubato/Richie_Adubato_0002.jpg,1,0.55596125
Robert_Bullock/Robert_Bullock_0001.jpg,Robert_Bullock/Robert_Bullock_0002.jpg,1,0.51624382
Robert_Mueller/Robert_Mueller_0004.jpg,Robert_Mueller/Robert_Mueller_0005.jpg,1,0.60804820
Robert_Mugabe/Robert_Mugabe_0001.jpg,Robert_Mugabe/Robert_Mugabe_0002.jpg,1,0.52487028
Robert_Zoellick/Robert_Zoellick_0002.jpg,Robert_Zoellick/Robert_Zoellick_0003.jpg,1,0.53287756
Robert_Zoellick/Robert_Zoellick_0003.jpg,Robert_Zoellick/Robert_Zoellick_0007.jpg,1,0.44629422
Roberto_Benigni/Roberto_Benigni_0001.jpg,Roberto_Benigni/Roberto_Benigni_0002.jpg,1,0.62397462
Roh_Moo-hyun/Roh_Moo-hyun_0028.jpg,Roh_Moo-hyun/Roh_Moo-hyun_0032.jpg,1,0.74266005
Roman_Polanski/Roman_Polanski_0002.jpg,Roman_Polanski/Roman_Polanski_0003.jpg,1,0.32853007
Roman_Polanski/Roman_Polanski_0004.jpg,Roman_Polanski/Roman_Polanski_0006.jpg,1,0.22623131
Ron_Howard/Ron_Howard_0001.jpg,Ron_Howard/Ron_Howard_0002.jpg,1,0.44247591
Ronald_Reagan/Ronald_Reagan_0001.jpg,Ronald_Reagan/Ronald_Reagan_0003.jpg,1,0.62464643
Ronald_Reagan/Ronald_Reagan_0002.jpg,Ronald_Reagan/Ronald_Reagan_0003.jpg,1,0.60194373
Rosemarie_Stack/Rosemarie_Stack_0001.jpg,Rosemarie_Stack/Rosemarie_Stack_0002.jpg,1,0.52559721
Roy_Jones_Jr/Roy_Jones_Jr_0001.jpg,Roy_Jones_Jr/Roy_Jones_Jr_0002.jpg,1,0.51630020
Rupert_Murdoch/Rupert_Murdoch_0001.jpg,Rupert_Murdoch/Rupert_Murdoch_0002.jpg,1,0.44813475
Saburo_Kawabuchi/Saburo_Kawabuchi_0001.jpg,Saburo_Kawabuchi/Saburo_Kawabuchi_0002.jpg,1,0.79036564
Sam_Mendes/Sam_Mendes_0001.jpg,Sam_Mendes/Sam_Mendes_0002.jpg,1,0.70461679
Sam_Torrance/Sam_Torrance_0001.jpg,Sam_Torrance/Sam_Torrance_0002.jpg,1,0.73159683
Sam_Torrance/Sam_Torrance_0001.jpg,Sam_Torrance/Sam_Torrance_0003.jpg,1,0.88731897
Sam_Torrance/Sam_Torrance_0002.jpg,Sam_Torrance/Sam_Torrance_0003.jpg,1,0.68129778
Sergei_Ivanov/Sergei_Ivanov_0001.jpg,Sergei_Ivanov/Sergei_Ivanov_0003.jpg,1,0.28329772
Sergio_Vieira_De_Mello/Sergio_Vieira_De_Mello_0001.jpg,Sergio_Vieira_De_Mello/Sergio_Vieira_De_Mello_0002.jpg,1,0.52151793
Sergio_Vieira_De_Mello/Sergio_Vieira_De_Mello_0004.jpg,Sergio_Vieira_De_Mello/Sergio_Vieira_De_Mello_0009.jpg,1,0.52343410
Sergio_Vieira_De_Mello/Sergio_Vieira_De_Mello_0007.jpg,Sergio_Vieira_De_Mello/Sergio_Vieira_De_Mello_0008.jpg,1,0.59315658
Sergio_Vieira_De_Mello/Sergio_Vieira_De_Mello_0008.jpg,Sergio_Vieira_De_Mello/Sergio_Vieira_De_Mello_0011.jpg,1,0.87363124
Shannon_OBrien/Shannon_OBrien_0001.jpg,Shannon_OBrien/Shannon_OBrien_0002.jpg,1,0.45471114
Sheila_Fraser/Sheila_Fraser_0001.jpg,Sheila_Fraser/Sheila_Fraser_0002.jpg,1,0.68064624
Shimon_Peres/Shimon_Peres_0001.jpg,Shimon_Peres/Shimon_Peres_0003.jpg,1,0.60555196
Shimon_Peres/Shimon_Peres_0003.jpg,Shimon_Peres/Shimon_Peres_0004.jpg,1,0.61290890
Shimon_Peres/Shimon_Peres_0004.jpg,Shimon_Peres/Shimon_Peres_0007.jpg,1,0.55968881
Sourav_Ganguly/Sourav_Ganguly_0001.jpg,Sourav_Ganguly/Sourav_Ganguly_0003.jpg,1,0.27355176
Stanley_McChrystal/Stanley_McChrystal_0001.jpg,Stanley_McChrystal/Stanley_McChrystal_0003.jpg,1,0.50709134
Stanley_McChrystal/Stanley_McChrystal_0002.jpg,Stanley_McChrystal/Stanley_McChrystal_0003.jpg,1,0.54587924
Steve_Lavin/Steve_Lavin_0001.jpg,Steve_Lavin/Steve_Lavin_0004.jpg,1,0.62976778
Strom_Thurmond/Strom_Thurmond_0001.jpg,Strom_Thurmond/Strom_Thurmond_0003.jpg,1,0.36487913
Surakait_Sathirathai/Surakait_Sathirathai_0001.jpg,Surakait_Sathirathai/Surakait_Sathirathai_0002.jpg,1,0.32260525
Susan_Collins/Susan_Collins_0001.jpg,Susan_Collins/Susan_Collins_0002.jpg,1,0.45799688
Tariq_Aziz/Tariq_Aziz_0003.jpg,Tariq_Aziz/Tariq_Aziz_0005.jpg,1,0.55069244
Terry_Stotts/Terry_Stotts_0001.jpg,Terry_Stotts/Terry_Stotts_0002.jpg,1,0.60289693
Thaksin_Shinawatra/Thaksin_Shinawatra_0005.jpg,Thaksin_Shinawatra/Thaksin_Shinawatra_0006.jpg,1,0.59264326
Thomas_OBrien/Thomas_OBrien_0003.jpg,Thomas_OBrien/Thomas_OBrien_0009.jpg,1,0.59703660
Tim_Chapman/Tim_Chapman_0001.jpg,Tim_Chapman/Tim_Chapman_0002.jpg,1,0.22067170
Tom_Hanks/Tom_Hanks_0001.jpg,Tom_Hanks/Tom_Hanks_0007.jpg,1,0.57077336
Tom_Hanks/Tom_Hanks_0004.jpg,Tom_Hanks/Tom_Hanks_0006.jpg,1,0.60378313
Tom_Hanks/Tom_Hanks_0004.jpg,Tom_Hanks/Tom_Hanks_0009.jpg,1,0.60833085
Tom_Hanks/Tom_Hanks_0005.jpg,Tom_Hanks/Tom_Hanks_0006.jpg,1,0.40729427
Tom_Reilly/Tom_Reilly_0001.jpg,Tom_Reilly/Tom_Reilly_0002.jpg,1,0.39688212
Tom_Reilly/Tom_Reilly_0002.jpg,Tom_Reilly/Tom_Reilly_0003.jpg,1,0.34950972
Tommy_Franks/Tommy_Franks_0002.jpg,Tommy_Franks/Tommy_Franks_0004.jpg,1,0.18814451
Tommy_Franks/Tommy_Franks_0004.jpg,Tommy_Franks/Tommy_Franks_0008.jpg,1,0.32269710
Valery_Giscard_dEstaing/Valery_Giscard_dEstaing_0001.jpg,Valery_Giscard_dEstaing/Valery_Giscard_dEstaing_0002.jpg,1,0.54388696
Valery_Giscard_dEstaing/Valery_Giscard_dEstaing_0001.jpg,Valery_Giscard_dEstaing/Valery_Giscard_dEstaing_0006.jpg,1,0.67204612
Vanessa_Williams/Vanessa_Williams_0001.jpg,Vanessa_Williams/Vanessa_Williams_0002.jpg,1,0.38703930
Vanessa_Williams/Vanessa_Williams_0002.jpg,Vanessa_Williams/Vanessa_Williams_0003.jpg,1,0.42945796
Victoria_Beckham/Victoria_Beckham_0001.jpg,Victoria_Beckham/Victoria_Beckham_0002.jpg,1,0.11806503
Victoria_Beckham/Victoria_Beckham_0001.jpg,Victoria_Beckham/Victoria_Beckham_0003.jpg,1,0.11254267
Victoria_Beckham/Victoria_Beckham_0002.jpg,Victoria_Beckham/Victoria_Beckham_0003.jpg,1,0.43403518
Vladimir_Putin/Vladimir_Putin_0016.jpg,Vladimir_Putin/Vladimir_Putin_0021.jpg,1,0.74838036
Vladimir_Putin/Vladimir_Putin_0022.jpg,Vladimir_Putin/Vladimir_Putin_0031.jpg,1,0.49004099
Warren_Beatty/Warren_Beatty_0001.jpg,Warren_Beatty/Warren_Beatty_0002.jpg,1,0.63486689
Yasar_Yakis/Yasar_Yakis_0001.jpg,Yasar_Yakis/Yasar_Yakis_0004.jpg,1,0.34811923
Yoko_Ono/Yoko_Ono_0001.jpg,Yoko_Ono/Yoko_Ono_0004.jpg,1,0.61147392
Yoko_Ono/Yoko_Ono_0002.jpg,Yoko_Ono/Yoko_Ono_0004.jpg,1,0.78333187
Aleksander_Kwasniewski/Aleksander_Kwasniewski_0001.jpg,Aleksander_Kwasniewski/Aleksander_Kwasniewski_0002.jpg,1,0.73673767
Aleksander_Kwasniewski/Aleksander_Kwasniewski_0002.jpg,Aleksander_Kwasniewski/Aleksander_Kwasniewski_0004.jpg,1,0.71969771
Aleksander_Kwasniewski/Aleksander_Kwasniewski_0003.jpg,Aleksander_Kwasniewski/Aleksander_Kwasniewski_0004.jpg,1,0.49103647
Ali_Naimi/Ali_Naimi_0001.jpg,Ali_Naimi/Ali_Naimi_0002.jpg,1,0.76974881
Ali_Naimi/Ali_Naimi_0001.jpg,Ali_Naimi/Ali_Naimi_0005.jpg,1,0.38954878
Ali_Naimi/Ali_Naimi_0002.jpg,Ali_Naimi/Ali_Naimi_0008.jpg,1,0.12403377
Amanda_Beard/Amanda_Beard_0001.jpg,Amanda_Beard/Amanda_Beard_0002.jpg,1,0.63495529
Andrew_Cuomo/Andrew_Cuomo_0001.jpg,Andrew_Cuomo/Andrew_Cuomo_0002.jpg,1,0.45864910
Arnold_Schwarzenegger/Arnold_Schwarzenegger_0008.jpg,Arnold_Schwarzenegger/Arnold_Schwarzenegger_0031.jpg,1,0.30750534
Arnold_Schwarzenegger/Arnold_Schwarzenegger_0009.jpg,Arnold_Schwarzenegger/Arnold_Schwarzenegger_0039.jpg,1,0.54255164
Arnold_Schwarzenegger/Arnold_Schwarzenegger_0011.jpg,Arnold_Schwarzenegger/Arnold_Schwarzenegger_0041.jpg,1,0.38929862
Arnold_Schwarzenegger/Arnold_Schwarzenegger_0012.jpg,Arnold_Schwarzenegger/Arnold_Schwarzenegger_0037.jpg,1,0.51121628
Arnold_Schwarzenegger/Arnold_Schwarzenegger_0013.jpg,Arnold_Schwarzenegger/Arnold_Schwarzenegger_0039.jpg,1,0.64151883
Arnold_Schwarzenegger/Arnold_Schwarzenegger_0022.jpg,Arnold_Schwarzenegger/Arnold_Schwarzenegger_0033.jpg,1,0.57206070
Arnold_Schwarzenegger/Arnold_Schwarzenegger_0028.jpg,Arnold_Schwarzenegger/Arnold_Schwarzenegger_0041.jpg,1,0.31535232
Bernard_Lord/Bernard_Lord_0001.jpg,Bernard_Lord/Bernard_Lord_0002.jpg,1,0.57957578
Beth_Jones/Beth_Jones_0001.jpg,Beth_Jones/Beth_Jones_0002.jpg,1,0.20395213
Branko_Crvenkovski/Branko_Crvenkovski_0002.jpg,Branko_Crvenkovski/Branko_Crvenkovski_0003.jpg,1,0.61436570
Brigitte_Boisselier/Brigitte_Boisselier_0001.jpg,Brigitte_Boisselier/Brigitte_Boisselier_0002.jpg,1,0.39882588
Bruce_Springsteen/Bruce_Springsteen_0001.jpg,Bruce_Springsteen/Bruce_Springsteen_0002.jpg,1,0.42592102
Bruce_Springsteen/Bruce_Springsteen_0001.jpg,Bruce_Springsteen/Bruce_Springsteen_0003.jpg,1,0.28450051
Bruce_Springsteen/Bruce_Springsteen_0002.jpg,Bruce_Springsteen/Bruce_Springsteen_0003.jpg,1,0.29955125
Bruce_Springsteen/Bruce_Springsteen_0002.jpg,Bruce_Springsteen/Bruce_Springsteen_0004.jpg,1,0.37963399
Calista_Flockhart/Calista_Flockhart_0001.jpg,Calista_Flockhart/Calista_Flockhart_0005.jpg,1,0.43542281
Calista_Flockhart/Calista_Flockhart_0004.jpg,Calista_Flockhart/Calista_Flockhart_0006.jpg,1,0.53905261
Cameron_Diaz/Cameron_Diaz_0001.jpg,Cameron_Diaz/Cameron_Diaz_0003.jpg,1,0.42859519
Cameron_Diaz/Cameron_Diaz_0003.jpg,Cameron_Diaz/Cameron_Diaz_0006.jpg,1,0.43952459
Carol_Moseley_Braun/Carol_Moseley_Braun_0001.jpg,Carol_Moseley_Braun/Carol_Moseley_Braun_0002.jpg,1,0.48305932
Carrie-Anne_Moss/Carrie-Anne_Moss_0001.jpg,Carrie-Anne_Moss/Carrie-Anne_Moss_0003.jpg,1,0.52217567
Carrie-Anne_Moss/Carrie-Anne_Moss_0001.jpg,Carrie-Anne_Moss/Carrie-Anne_Moss_0005.jpg,1,0.63077086
Carrie-Anne_Moss/Carrie-Anne_Moss_0002.jpg,Carrie-Anne_Moss/Carrie-Anne_Moss_0005.jpg,1,0.58734816
Carrie-Anne_Moss/Carrie-Anne_Moss_0003.jpg,Carrie-Anne_Moss/Carrie-Anne_Moss_0005.jpg,1,0.59016311
Carrie-Anne_Moss/Carrie-Anne_Moss_0004.jpg,Carrie-Anne_Moss/Carrie-Anne_Moss_0005.jpg,1,0.73694479
Charlton_Heston/Charlton_Heston_0001.jpg,Charlton_Heston/Charlton_Heston_0005.jpg,1,0.41957045
Charlton_Heston/Charlton_Heston_0002.jpg,Charlton_Heston/Charlton_Heston_0005.jpg,1,0.58924639
Charlton_Heston/Charlton_Heston_0004.jpg,Charlton_Heston/Charlton_Heston_0006.jpg,1,0.37854773
Chris_Bell/Chris_Bell_0001.jpg,Chris_Bell/Chris_Bell_0002.jpg,1,0.54565072
Chung_Mong-hun/Chung_Mong-hun_0001.jpg,Chung_Mong-hun/Chung_Mong-hun_0002.jpg,1,0.47697389
Ciro_Gomes/Ciro_Gomes_0001.jpg,Ciro_Gomes/Ciro_Gomes_0002.jpg,1,0.66677988
Ciro_Gomes/Ciro_Gomes_0002.jpg,Ciro_Gomes/Ciro_Gomes_0005.jpg,1,0.61543787
Ciro_Gomes/Ciro_Gomes_0003.jpg,Ciro_Gomes/Ciro_Gomes_0005.jpg,1,0.72319114
Colin_Montgomerie/Colin_Montgomerie_0001.jpg,Colin_Montgomerie/Colin_Montgomerie_0004.jpg,1,0.01811085
Colin_Montgomerie/Colin_Montgomerie_0002.jpg,Colin_Montgomerie/Colin_Montgomerie_0003.jpg,1,0.55599999
Colin_Montgomerie/Colin_Montgomerie_0002.jpg,Colin_Montgomerie/Colin_Montgomerie_0005.jpg,1,0.49901068
Colin_Montgomerie/Colin_Montgomerie_0004.jpg,Colin_Montgomerie/Colin_Montgomerie_0005.jpg,1,0.00486687
David_Trimble/David_Trimble_0001.jpg,David_Trimble/David_Trimble_0004.jpg,1,0.68900931
David_Trimble/David_Trimble_0001.jpg,David_Trimble/David_Trimble_0005.jpg,1,0.51420391
David_Trimble/David_Trimble_0003.jpg,David_Trimble/David_Trimble_0004.jpg,1,0.42163849
David_Wolf/David_Wolf_0001.jpg,David_Wolf/David_Wolf_0002.jpg,1,0.23331921
Demetrius_Ferraciu/Demetrius_Ferraciu_0001.jpg,Demetrius_Ferraciu/Demetrius_Ferraciu_0002.jpg,1,0.54137093
Dennis_Powell/Dennis_Powell_0001.jpg,Dennis_Powell/Dennis_Powell_0002.jpg,1,0.41854101
Desiree_Lemosi/Desiree_Lemosi_0001.jpg,Desiree_Lemosi/Desiree_Lemosi_0002.jpg,1,0.40255404
Dolma_Tsering/Dolma_Tsering_0001.jpg,Dolma_Tsering/Dolma_Tsering_0002.jpg,1,0.62752235
Doug_Melvin/Doug_Melvin_0001.jpg,Doug_Melvin/Doug_Melvin_0002.jpg,1,0.64708745
Edward_Norton/Edward_Norton_0001.jpg,Edward_Norton/Edward_Norton_0002.jpg,1,0.43472007
Emanuel_Ginobili/Emanuel_Ginobili_0002.jpg,Emanuel_Ginobili/Emanuel_Ginobili_0003.jpg,1,0.50311494
Eric_Clapton/Eric_Clapton_0001.jpg,Eric_Clapton/Eric_Clapton_0002.jpg,1,0.34891218
Fabiola_Zuluaga/Fabiola_Zuluaga_0001.jpg,Fabiola_Zuluaga/Fabiola_Zuluaga_0002.jpg,1,0.59957147
Faye_Dunaway/Faye_Dunaway_0001.jpg,Faye_Dunaway/Faye_Dunaway_0002.jpg,1,0.34654698
Ferenc_Madl/Ferenc_Madl_0001.jpg,Ferenc_Madl/Ferenc_Madl_0002.jpg,1,0.41615391
Fernando_Gonzalez/Fernando_Gonzalez_0001.jpg,Fernando_Gonzalez/Fernando_Gonzalez_0005.jpg,1,0.35101193
Fernando_Gonzalez/Fernando_Gonzalez_0001.jpg,Fernando_Gonzalez/Fernando_Gonzalez_0008.jpg,1,0.27328956
Fernando_Gonzalez/Fernando_Gonzalez_0002.jpg,Fernando_Gonzalez/Fernando_Gonzalez_0006.jpg,1,0.23544203
Filippo_Inzaghi/Filippo_Inzaghi_0001.jpg,Filippo_Inzaghi/Filippo_Inzaghi_0002.jpg,1,0.48246056
Filippo_Inzaghi/Filippo_Inzaghi_0001.jpg,Filippo_Inzaghi/Filippo_Inzaghi_0003.jpg,1,0.32682633
Filippo_Inzaghi/Filippo_Inzaghi_0002.jpg,Filippo_Inzaghi/Filippo_Inzaghi_0003.jpg,1,0.30244708
Francis_George/Francis_George_0001.jpg,Francis_George/Francis_George_0002.jpg,1,0.48690581
Franz_Beckenbauer/Franz_Beckenbauer_0001.jpg,Franz_Beckenbauer/Franz_Beckenbauer_0002.jpg,1,0.50354981
Franz_Muentefering/Franz_Muentefering_0001.jpg,Franz_Muentefering/Franz_Muentefering_0002.jpg,1,0.49117362
Franz_Muentefering/Franz_Muentefering_0003.jpg,Franz_Muentefering/Franz_Muentefering_0004.jpg,1,0.29195100
Gary_Bergeron/Gary_Bergeron_0001.jpg,Gary_Bergeron/Gary_Bergeron_0002.jpg,1,0.25251627
George_Foreman/George_Foreman_0001.jpg,George_Foreman/George_Foreman_0002.jpg,1,0.65629590
George_Pataki/George_Pataki_0001.jpg,George_Pataki/George_Pataki_0003.jpg,1,0.61375296
George_Pataki/George_Pataki_0003.jpg,George_Pataki/George_Pataki_0004.jpg,1,0.31592095
George_Pataki/George_Pataki_0003.jpg,George_Pataki/George_Pataki_0005.jpg,1,0.56565034
George_Roy_Hill/George_Roy_Hill_0001.jpg,George_Roy_Hill/George_Roy_Hill_0002.jpg,1,0.50463670
Gonzalo_Sanchez_de_Lozada/Gonzalo_Sanchez_de_Lozada_0007.jpg,Gonzalo_Sanchez_de_Lozada/Gonzalo_Sanchez_de_Lozada_0008.jpg,1,0.60727239
Gonzalo_Sanchez_de_Lozada/Gonzalo_Sanchez_de_Lozada_0007.jpg,Gonzalo_Sanchez_de_Lozada/Gonzalo_Sanchez_de_Lozada_0010.jpg,1,0.03818060
Gonzalo_Sanchez_de_Lozada/Gonzalo_Sanchez_de_Lozada_0008.jpg,Gonzalo_Sanchez_de_Lozada/Gonzalo_Sanchez_de_Lozada_0011.jpg,1,0.36520806
Gonzalo_Sanchez_de_Lozada/Gonzalo_Sanchez_de_Lozada_0008.jpg,Gonzalo_Sanchez_de_Lozada/Gonzalo_Sanchez_de_Lozada_0012.jpg,1,0.58279830
Gregory_Geoffroy/Gregory_Geoffroy_0001.jpg,Gregory_Geoffroy/Gregory_Geoffroy_0002.jpg,1,0.59130073
Guillermo_Coria/Guillermo_Coria_0007.jpg,Guillermo_Coria/Guillermo_Coria_0013.jpg,1,0.35981989
Guillermo_Coria/Guillermo_Coria_0019.jpg,Guillermo_Coria/Guillermo_Coria_0022.jpg,1,0.52790582
Habib_Rizieq/Habib_Rizieq_0001.jpg,Habib_Rizieq/Habib_Rizieq_0003.jpg,1,0.48469856
Habib_Rizieq/Habib_Rizieq_0002.jpg,Habib_Rizieq/Habib_Rizieq_0003.jpg,1,0.65702260
Hamid_Karzai/Hamid_Karzai_0001.jpg,Hamid_Karzai/Hamid_Karzai_0003.jpg,1,0.44234538
Hamid_Karzai/Hamid_Karzai_0004.jpg,Hamid_Karzai/Hamid_Karzai_0013.jpg,1,0.43097162
Hamid_Karzai/Hamid_Karzai_0019.jpg,Hamid_Karzai/Hamid_Karzai_0022.jpg,1,0.26153585
Hilmi_Ozkok/Hilmi_Ozkok_0001.jpg,Hilmi_Ozkok/Hilmi_Ozkok_0002.jpg,1,0.82652736
Horst_Koehler/Horst_Koehler_0001.jpg,Horst_Koehler/Horst_Koehler_0002.jpg,1,0.47166893
Horst_Koehler/Horst_Koehler_0001.jpg,Horst_Koehler/Horst_Koehler_0003.jpg,1,0.13579355
Horst_Koehler/Horst_Koehler_0002.jpg,Horst_Koehler/Horst_Koehler_0003.jpg,1,0.19062339
Howard_Schultz/Howard_Schultz_0001.jpg,Howard_Schultz/Howard_Schultz_0002.jpg,1,0.54485112
Ilan_Ramon/Ilan_Ramon_0001.jpg,Ilan_Ramon/Ilan_Ramon_0002.jpg,1,0.42748588
Javier_Solana/Javier_Solana_0004.jpg,Javier_Solana/Javier_Solana_0008.jpg,1,0.58227372
Javier_Solana/Javier_Solana_0006.jpg,Javier_Solana/Javier_Solana_0009.jpg,1,0.47010016
Javier_Solana/Javier_Solana_0006.jpg,Javier_Solana/Javier_Solana_0010.jpg,1,0.61116582
Jay_Garner/Jay_Garner_0001.jpg,Jay_Garner/Jay_Garner_0003.jpg,1,0.56113118
Jean-Claude_Braquet/Jean-Claude_Braquet_0001.jpg,Jean-Claude_Braquet/Jean-Claude_Braquet_0002.jpg,1,0.62389648
Jean-Claude_Trichet/Jean-Claude_Trichet_0001.jpg,Jean-Claude_Trichet/Jean-Claude_Trichet_0002.jpg,1,0.59301609
Jean_Charest/Jean_Charest_0001.jpg,Jean_Charest/Jean_Charest_0010.jpg,1,0.17018543
Jean_Charest/Jean_Charest_0002.jpg,Jean_Charest/Jean_Charest_0011.jpg,1,0.41074646
Jean_Charest/Jean_Charest_0007.jpg,Jean_Charest/Jean_Charest_0010.jpg,1,0.46406937
Jean_Charest/Jean_Charest_0008.jpg,Jean_Charest/Jean_Charest_0013.jpg,1,0.60051262
Jean_Charest/Jean_Charest_0008.jpg,Jean_Charest/Jean_Charest_0017.jpg,1,0.53905469
Jefferson_Perez/Jefferson_Perez_0001.jpg,Jefferson_Perez/Jefferson_Perez_0002.jpg,1,0.35459575
Jim_Edmonds/Jim_Edmonds_0001.jpg,Jim_Edmonds/Jim_Edmonds_0002.jpg,1,0.24366978
John_Kerry/John_Kerry_0001.jpg,John_Kerry/John_Kerry_0005.jpg,1,0.63789463
John_Kerry/John_Kerry_0003.jpg,John_Kerry/John_Kerry_0004.jpg,1,0.60253990
John_Kerry/John_Kerry_0004.jpg,John_Kerry/John_Kerry_0012.jpg,1,0.25520271
John_Kerry/John_Kerry_0009.jpg,John_Kerry/John_Kerry_0013.jpg,1,0.69983751
John_Malkovich/John_Malkovich_0001.jpg,John_Malkovich/John_Malkovich_0002.jpg,1,0.53578067
John_Malkovich/John_Malkovich_0001.jpg,John_Malkovich/John_Malkovich_0003.jpg,1,0.54875576
John_McCallum/John_McCallum_0001.jpg,John_McCallum/John_McCallum_0002.jpg,1,0.41803485
John_McEnroe/John_McEnroe_0001.jpg,John_McEnroe/John_McEnroe_0002.jpg,1,0.17501609
John_Rosa/John_Rosa_0001.jpg,John_Rosa/John_Rosa_0003.jpg,1,0.41399047
Johnny_Unitas/Johnny_Unitas_0001.jpg,Johnny_Unitas/Johnny_Unitas_0002.jpg,1,0.62132847
Jong_Wook_Lee/Jong_Wook_Lee_0003.jpg,Jong_Wook_Lee/Jong_Wook_Lee_0004.jpg,1,0.60909665
Jose_Maria_Aznar/Jose_Maria_Aznar_0001.jpg,Jose_Maria_Aznar/Jose_Maria_Aznar_0013.jpg,1,0.54443777
Jose_Maria_Aznar/Jose_Maria_Aznar_0006.jpg,Jose_Maria_Aznar/Jose_Maria_Aznar_0013.jpg,1,0.45797753
Jose_Maria_Aznar/Jose_Maria_Aznar_0006.jpg,Jose_Maria_Aznar/Jose_Maria_Aznar_0020.jpg,1,0.47496176
Jose_Maria_Aznar/Jose_Maria_Aznar_0015.jpg,Jose_Maria_Aznar/Jose_Maria_Aznar_0023.jpg,1,0.44585389
Jose_Maria_Aznar/Jose_Maria_Aznar_0017.jpg,Jose_Maria_Aznar/Jose_Maria_Aznar_0022.jpg,1,0.49435949
Julianne_Moore/Julianne_Moore_0004.jpg,Julianne_Moore/Julianne_Moore_0009.jpg,1,0.66100436
Julianne_Moore/Julianne_Moore_0006.jpg,Julianne_Moore/Julianne_Moore_0016.jpg,1,0.16187258
Julianne_Moore/Julianne_Moore_0006.jpg,Julianne_Moore/Julianne_Moore_0019.jpg,1,0.14306197
Julianne_Moore/Julianne_Moore_0007.jpg,Julianne_Moore/Julianne_Moore_0018.jpg,1,0.50820452
Julianne_Moore/Julianne_Moore_0012.jpg,Julianne_Moore/Julianne_Moore_0015.jpg,1,0.61553621
Julio_Iglesias_Jr/Julio_Iglesias_Jr_0001.jpg,Julio_Iglesias_Jr/Julio_Iglesias_Jr_0002.jpg,1,0.54857850
Justin_Timberlake/Justin_Timberlake_0001.jpg,Justin_Timberlake/Justin_Timberlake_0002.jpg,1,0.51673955
Justin_Timberlake/Justin_Timberlake_0001.jpg,Justin_Timberlake/Justin_Timberlake_0003.jpg,1,0.53260022
Justin_Timberlake/Justin_Timberlake_0005.jpg,Justin_Timberlake/Justin_Timberlake_0006.jpg,1,0.59639025
Justin_Timberlake/Justin_Timberlake_0006.jpg,Justin_Timberlake/Justin_Timberlake_0008.jpg,1,0.64230812
Justine_Pasek/Justine_Pasek_0002.jpg,Justine_Pasek/Justine_Pasek_0005.jpg,1,0.50264096
Justine_Pasek/Justine_Pasek_0002.jpg,Justine_Pasek/Justine_Pasek_0006.jpg,1,0.40936214
Justine_Pasek/Justine_Pasek_0006.jpg,Justine_Pasek/Justine_Pasek_0007.jpg,1,0.57760489
Kathleen_Glynn/Kathleen_Glynn_0001.jpg,Kathleen_Glynn/Kathleen_Glynn_0002.jpg,1,0.70883191
Kim_Dae-jung/Kim_Dae-jung_0001.jpg,Kim_Dae-jung/Kim_Dae-jung_0003.jpg,1,0.63337207
Kim_Dae-jung/Kim_Dae-jung_0001.jpg,Kim_Dae-jung/Kim_Dae-jung_0005.jpg,1,0.67321336
Kim_Dae-jung/Kim_Dae-jung_0002.jpg,Kim_Dae-jung/Kim_Dae-jung_0003.jpg,1,0.32918739
Kim_Dae-jung/Kim_Dae-jung_0004.jpg,Kim_Dae-jung/Kim_Dae-jung_0006.jpg,1,0.69009233
Kirk_Johnson/Kirk_Johnson_0001.jpg,Kirk_Johnson/Kirk_Johnson_0002.jpg,1,0.46634308
Kirk_Johnson/Kirk_Johnson_0001.jpg,Kirk_Johnson/Kirk_Johnson_0003.jpg,1,0.58980566
Kirk_Johnson/Kirk_Johnson_0002.jpg,Kirk_Johnson/Kirk_Johnson_0003.jpg,1,0.60655057
Kosuke_Kitajima/Kosuke_Kitajima_0001.jpg,Kosuke_Kitajima/Kosuke_Kitajima_0002.jpg,1,0.06326424
Kurt_Russell/Kurt_Russell_0001.jpg,Kurt_Russell/Kurt_Russell_0002.jpg,1,0.67996895
Larry_Coker/Larry_Coker_0001.jpg,Larry_Coker/Larry_Coker_0004.jpg,1,0.58707595
Larry_Coker/Larry_Coker_0002.jpg,Larry_Coker/Larry_Coker_0004.jpg,1,0.58922869
Larry_Ellison/Larry_Ellison_0001.jpg,Larry_Ellison/Larry_Ellison_0002.jpg,1,0.58480573
Larry_Ellison/Larry_Ellison_0001.jpg,Larry_Ellison/Larry_Ellison_0003.jpg,1,0.37425864
Lawrence_MacAulay/Lawrence_MacAulay_0001.jpg,Lawrence_MacAulay/Lawrence_MacAulay_0002.jpg,1,0.57736802
LeBron_James/LeBron_James_0001.jpg,LeBron_James/LeBron_James_0004.jpg,1,0.48426512
LeBron_James/LeBron_James_0001.jpg,LeBron_James/LeBron_James_0005.jpg,1,0.05468654
LeBron_James/LeBron_James_0003.jpg,LeBron_James/LeBron_James_0004.jpg,1,0.49216861
LeBron_James/LeBron_James_0004.jpg,LeBron_James/LeBron_James_0005.jpg,1,0.07492191
Lea_Fastow/Lea_Fastow_0001.jpg,Lea_Fastow/Lea_Fastow_0002.jpg,1,0.63567078
Lee_Hoi-chang/Lee_Hoi-chang_0001.jpg,Lee_Hoi-chang/Lee_Hoi-chang_0002.jpg,1,0.71080732
Lee_Hoi-chang/Lee_Hoi-chang_0002.jpg,Lee_Hoi-chang/Lee_Hoi-chang_0004.jpg,1,0.68695343
Li_Peng/Li_Peng_0002.jpg,Li_Peng/Li_Peng_0006.jpg,1,0.59317684
Li_Peng/Li_Peng_0004.jpg,Li_Peng/Li_Peng_0007.jpg,1,0.69374001
Li_Peng/Li_Peng_0004.jpg,Li_Peng/Li_Peng_0008.jpg,1,0.52565640
Li_Peng/Li_Peng_0004.jpg,Li_Peng/Li_Peng_0009.jpg,1,0.58479416
Lim_Dong-won/Lim_Dong-won_0001.jpg,Lim_Dong-won/Lim_Dong-won_0002.jpg,1,0.74569213
Lindsay_Benko/Lindsay_Benko_0001.jpg,Lindsay_Benko/Lindsay_Benko_0002.jpg,1,0.47847986
Lou_Piniella/Lou_Piniella_0001.jpg,Lou_Piniella/Lou_Piniella_0003.jpg,1,0.36008394
Lou_Piniella/Lou_Piniella_0002.jpg,Lou_Piniella/Lou_Piniella_0003.jpg,1,0.29252380
Lucio_Gutierrez/Lucio_Gutierrez_0001.jpg,Lucio_Gutierrez/Lucio_Gutierrez_0002.jpg,1,0.63242257
Lucio_Gutierrez/Lucio_Gutierrez_0003.jpg,Lucio_Gutierrez/Lucio_Gutierrez_0010.jpg,1,0.60019892
Lucio_Gutierrez/Lucio_Gutierrez_0006.jpg,Lucio_Gutierrez/Lucio_Gutierrez_0007.jpg,1,0.50644755
Lucio_Gutierrez/Lucio_Gutierrez_0006.jpg,Lucio_Gutierrez/Lucio_Gutierrez_0008.jpg,1,0.77680796
Lucio_Gutierrez/Lucio_Gutierrez_0008.jpg,Lucio_Gutierrez/Lucio_Gutierrez_0013.jpg,1,0.40970731
Luis_Figo/Luis_Figo_0002.jpg,Luis_Figo/Luis_Figo_0003.jpg,1,0.12667763
Luis_Figo/Luis_Figo_0002.jpg,Luis_Figo/Luis_Figo_0004.jpg,1,0.40627685
Luke_Walton/Luke_Walton_0001.jpg,Luke_Walton/Luke_Walton_0002.jpg,1,0.58012819
Marat_Safin/Marat_Safin_0001.jpg,Marat_Safin/Marat_Safin_0002.jpg,1,0.51671851
Marat_Safin/Marat_Safin_0001.jpg,Marat_Safin/Marat_Safin_0003.jpg,1,0.44592279
Marat_Safin/Marat_Safin_0002.jpg,Marat_Safin/Marat_Safin_0003.jpg,1,0.53257596
Mariana_Pollack/Mariana_Pollack_0001.jpg,Mariana_Pollack/Mariana_Pollack_0003.jpg,1,0.67936110
Mariana_Pollack/Mariana_Pollack_0002.jpg,Mariana_Pollack/Mariana_Pollack_0003.jpg,1,0.62845314
Martin_McGuinness/Martin_McGuinness_0003.jpg,Martin_McGuinness/Martin_McGuinness_0004.jpg,1,0.60453427
Masahiko_Nagasawa/Masahiko_Nagasawa_0001.jpg,Masahiko_Nagasawa/Masahiko_Nagasawa_0002.jpg,1,0.49607602
Michael_Chiklis/Michael_Chiklis_0001.jpg,Michael_Chiklis/Michael_Chiklis_0004.jpg,1,0.70534229
Michael_Chiklis/Michael_Chiklis_0001.jpg,Michael_Chiklis/Michael_Chiklis_0005.jpg,1,0.57033050
Michael_Chiklis/Michael_Chiklis_0002.jpg,Michael_Chiklis/Michael_Chiklis_0003.jpg,1,0.29686803
Michael_Chiklis/Michael_Chiklis_0002.jpg,Michael_Chiklis/Michael_Chiklis_0004.jpg,1,0.52552903
Michael_Chiklis/Michael_Chiklis_0003.jpg,Michael_Chiklis/Michael_Chiklis_0005.jpg,1,0.52215677
Michael_Chiklis/Michael_Chiklis_0004.jpg,Michael_Chiklis/Michael_Chiklis_0005.jpg,1,0.47234020
Michael_Douglas/Michael_Douglas_0001.jpg,Michael_Douglas/Michael_Douglas_0002.jpg,1,0.58722293
Michael_Douglas/Michael_Douglas_0001.jpg,Michael_Douglas/Michael_Douglas_0003.jpg,1,0.65419745
Michael_Douglas/Michael_Douglas_0002.jpg,Michael_Douglas/Michael_Douglas_0004.jpg,1,0.45958221
Michael_Douglas/Michael_Douglas_0003.jpg,Michael_Douglas/Michael_Douglas_0006.jpg,1,0.55793178
Michael_Douglas/Michael_Douglas_0004.jpg,Michael_Douglas/Michael_Douglas_0005.jpg,1,0.53097332
Michael_Kostelnik/Michael_Kostelnik_0001.jpg,Michael_Kostelnik/Michael_Kostelnik_0002.jpg,1,0.33807963
Michael_Leavitt/Michael_Leavitt_0001.jpg,Michael_Leavitt/Michael_Leavitt_0002.jpg,1,0.40281639
Michelle_Branch/Michelle_Branch_0001.jpg,Michelle_Branch/Michelle_Branch_0002.jpg,1,0.56078827
Michelle_Kwan/Michelle_Kwan_0001.jpg,Michelle_Kwan/Michelle_Kwan_0004.jpg,1,0.43862876
Michelle_Kwan/Michelle_Kwan_0004.jpg,Michelle_Kwan/Michelle_Kwan_0005.jpg,1,0.72004569
Michelle_Kwan/Michelle_Kwan_0006.jpg,Michelle_Kwan/Michelle_Kwan_0008.jpg,1,0.28997439
Mike_Montgomery/Mike_Montgomery_0001.jpg,Mike_Montgomery/Mike_Montgomery_0002.jpg,1,0.33553213
Mike_Tyson/Mike_Tyson_0001.jpg,Mike_Tyson/Mike_Tyson_0003.jpg,1,0.45371503
Mikhail_Wehbe/Mikhail_Wehbe_0001.jpg,Mikhail_Wehbe/Mikhail_Wehbe_0003.jpg,1,0.59833294
Minnie_Driver/Minnie_Driver_0001.jpg,Minnie_Driver/Minnie_Driver_0002.jpg,1,0.53548932
Miyako_Miyazaki/Miyako_Miyazaki_0001.jpg,Miyako_Miyazaki/Miyako_Miyazaki_0002.jpg,1,0.45413262
Muammar_Gaddafi/Muammar_Gaddafi_0001.jpg,Muammar_Gaddafi/Muammar_Gaddafi_0002.jpg,1,0.36374351
Munir_Akram/Munir_Akram_0001.jpg,Munir_Akram/Munir_Akram_0002.jpg,1,0.62949860
Nadia_Petrova/Nadia_Petrova_0001.jpg,Nadia_Petrova/Nadia_Petrova_0002.jpg,1,0.59649533
Nadia_Petrova/Nadia_Petrova_0001.jpg,Nadia_Petrova/Nadia_Petrova_0003.jpg,1,0.49345958
Nadia_Petrova/Nadia_Petrova_0001.jpg,Nadia_Petrova/Nadia_Petrova_0004.jpg,1,0.23300506
Nadia_Petrova/Nadia_Petrova_0002.jpg,Nadia_Petrova/Nadia_Petrova_0003.jpg,1,0.62950450
Nadia_Petrova/Nadia_Petrova_0003.jpg,Nadia_Petrova/Nadia_Petrova_0004.jpg,1,0.31195065
Nadia_Petrova/Nadia_Petrova_0004.jpg,Nadia_Petrova/Nadia_Petrova_0005.jpg,1,0.42644644
Nancy_Pelosi/Nancy_Pelosi_0001.jpg,Nancy_Pelosi/Nancy_Pelosi_0007.jpg,1,0.43808258
Nancy_Pelosi/Nancy_Pelosi_0002.jpg,Nancy_Pelosi/Nancy_Pelosi_0009.jpg,1,0.57624173
Nancy_Pelosi/Nancy_Pelosi_0004.jpg,Nancy_Pelosi/Nancy_Pelosi_0015.jpg,1,0.51822490
Nancy_Pelosi/Nancy_Pelosi_0012.jpg,Nancy_Pelosi/Nancy_Pelosi_0014.jpg,1,0.59619850
Nia_Vardalos/Nia_Vardalos_0001.jpg,Nia_Vardalos/Nia_Vardalos_0003.jpg,1,0.52978522
Nia_Vardalos/Nia_Vardalos_0003.jpg,Nia_Vardalos/Nia_Vardalos_0004.jpg,1,-0.00672408
Nia_Vardalos/Nia_Vardalos_0003.jpg,Nia_Vardalos/Nia_Vardalos_0005.jpg,1,0.44021815
Nicholas_Byron/Nicholas_Byron_0001.jpg,Nicholas_Byron/Nicholas_Byron_0002.jpg,1,0.66971529
Nikki_Reed/Nikki_Reed_0001.jpg,Nikki_Reed/Nikki_Reed_0002.jpg,1,0.64668632
Olivia_Newton-John/Olivia_Newton-John_0001.jpg,Olivia_Newton-John/Olivia_Newton-John_0002.jpg,1,0.56124687
Paradorn_Srichaphan/Paradorn_Srichaphan_0002.jpg,Paradorn_Srichaphan/Paradorn_Srichaphan_0004.jpg,1,0.30723479
Paradorn_Srichaphan/Paradorn_Srichaphan_0004.jpg,Paradorn_Srichaphan/Paradorn_Srichaphan_0005.jpg,1,0.42365006
Pascal_Quignard/Pascal_Quignard_0001.jpg,Pascal_Quignard/Pascal_Quignard_0003.jpg,1,0.45935857
Pascal_Quignard/Pascal_Quignard_0002.jpg,Pascal_Quignard/Pascal_Quignard_0003.jpg,1,0.50342727
Patrice_Chereau/Patrice_Chereau_0001.jpg,Patrice_Chereau/Patrice_Chereau_0002.jpg,1,0.53984642
Pedro_Malan/Pedro_Malan_0001.jpg,Pedro_Malan/Pedro_Malan_0005.jpg,1,0.52630657
Pedro_Malan/Pedro_Malan_0003.jpg,Pedro_Malan/Pedro_Malan_0005.jpg,1,0.21737312
Peter_Harrison/Peter_Harrison_0001.jpg,Peter_Harrison/Peter_Harrison_0002.jpg,1,0.56880963
Rainer_Schuettler/Rainer_Schuettler_0001.jpg,Rainer_Schuettler/Rainer_Schuettler_0004.jpg,1,0.38101491
Rainer_Schuettler/Rainer_Schuettler_0002.jpg,Rainer_Schuettler/Rainer_Schuettler_0003.jpg,1,0.41507626
Rainer_Schuettler/Rainer_Schuettler_0002.jpg,Rainer_Schuettler/Rainer_Schuettler_0004.jpg,1,0.29763842
Raymond_Odierno/Raymond_Odierno_0001.jpg,Raymond_Odierno/Raymond_Odierno_0002.jpg,1,0.86419427
Rebecca_Romijn-Stamos/Rebecca_Romijn-Stamos_0001.jpg,Rebecca_Romijn-Stamos/Rebecca_Romijn-Stamos_0002.jpg,1,0.56183970
Rebecca_Romijn-Stamos/Rebecca_Romijn-Stamos_0001.jpg,Rebecca_Romijn-Stamos/Rebecca_Romijn-Stamos_0003.jpg,1,0.53586549
Rebecca_Romijn-Stamos/Rebecca_Romijn-Stamos_0001.jpg,Rebecca_Romijn-Stamos/Rebecca_Romijn-Stamos_0004.jpg,1,0.26085946
Rebecca_Romijn-Stamos/Rebecca_Romijn-Stamos_0003.jpg,Rebecca_Romijn-Stamos/Rebecca_Romijn-Stamos_0004.jpg,1,0.29907167
Richard_Krajicek/Richard_Krajicek_0001.jpg,Richard_Krajicek/Richard_Krajicek_0003.jpg,1,0.38897824
Richard_Krajicek/Richard_Krajicek_0002.jpg,Richard_Krajicek/Richard_Krajicek_0003.jpg,1,0.38742524
Rick_Santorum/Rick_Santorum_0001.jpg,Rick_Santorum/Rick_Santorum_0002.jpg,1,0.56493098
Rick_Santorum/Rick_Santorum_0001.jpg,Rick_Santorum/Rick_Santorum_0003.jpg,1,0.51489329
Rick_Santorum/Rick_Santorum_0002.jpg,Rick_Santorum/Rick_Santorum_0003.jpg,1,0.45643476
Rick_Stansbury/Rick_Stansbury_0002.jpg,Rick_Stansbury/Rick_Stansbury_0003.jpg,1,0.65649444
Rob_Marshall/Rob_Marshall_0001.jpg,Rob_Marshall/Rob_Marshall_0003.jpg,1,0.73566312
Rob_Marshall/Rob_Marshall_0001.jpg,Rob_Marshall/Rob_Marshall_0006.jpg,1,0.55880183
Rob_Marshall/Rob_Marshall_0002.jpg,Rob_Marshall/Rob_Marshall_0004.jpg,1,0.61149675
Robert_Blackwill/Robert_Blackwill_0001.jpg,Robert_Blackwill/Robert_Blackwill_0002.jpg,1,0.51680130
Robert_Duvall/Robert_Duvall_0002.jpg,Robert_Duvall/Robert_Duvall_0008.jpg,1,0.54998136
Robert_Horan/Robert_Horan_0001.jpg,Robert_Horan/Robert_Horan_0002.jpg,1,0.39934355
Robert_Redford/Robert_Redford_0003.jpg,Robert_Redford/Robert_Redford_0004.jpg,1,0.45659229
Robert_Redford/Robert_Redford_0007.jpg,Robert_Redford/Robert_Redford_0008.jpg,1,0.70700836
Robinson_Stevenin/Robinson_Stevenin_0001.jpg,Robinson_Stevenin/Robinson_Stevenin_0002.jpg,1,0.60199714
Roger_Clemens/Roger_Clemens_0001.jpg,Roger_Clemens/Roger_Clemens_0002.jpg,1,0.62317193
Sadie_Frost/Sadie_Frost_0001.jpg,Sadie_Frost/Sadie_Frost_0002.jpg,1,0.43865731
Saparmurat_Niyazov/Saparmurat_Niyazov_0001.jpg,Saparmurat_Niyazov/Saparmurat_Niyazov_0002.jpg,1,0.76654088
Sarah_Michelle_Gellar/Sarah_Michelle_Gellar_0001.jpg,Sarah_Michelle_Gellar/Sarah_Michelle_Gellar_0002.jpg,1,0.41727716
Sarah_Michelle_Gellar/Sarah_Michelle_Gellar_0001.jpg,Sarah_Michelle_Gellar/Sarah_Michelle_Gellar_0003.jpg,1,0.56774718
Sarah_Michelle_Gellar/Sarah_Michelle_Gellar_0002.jpg,Sarah_Michelle_Gellar/Sarah_Michelle_Gellar_0003.jpg,1,0.53282881
Serena_Williams/Serena_Williams_0001.jpg,Serena_Williams/Serena_Williams_0041.jpg,1,0.48413503
Serena_Williams/Serena_Williams_0003.jpg,Serena_Williams/Serena_Williams_0032.jpg,1,0.41772416
Serena_Williams/Serena_Williams_0014.jpg,Serena_Williams/Serena_Williams_0040.jpg,1,0.39385015
Serena_Williams/Serena_Williams_0041.jpg,Serena_Williams/Serena_Williams_0047.jpg,1,0.42166942
Sergey_Lavrov/Sergey_Lavrov_0001.jpg,Sergey_Lavrov/Sergey_Lavrov_0003.jpg,1,0.71268076
Sergey_Lavrov/Sergey_Lavrov_0001.jpg,Sergey_Lavrov/Sergey_Lavrov_0006.jpg,1,0.65232861
Sergey_Lavrov/Sergey_Lavrov_0002.jpg,Sergey_Lavrov/Sergey_Lavrov_0004.jpg,1,0.48656917
Sergey_Lavrov/Sergey_Lavrov_0003.jpg,Sergey_Lavrov/Sergey_Lavrov_0005.jpg,1,0.83012736
Sergey_Lavrov/Sergey_Lavrov_0003.jpg,Sergey_Lavrov/Sergey_Lavrov_0007.jpg,1,0.75407708
Sergey_Lavrov/Sergey_Lavrov_0004.jpg,Sergey_Lavrov/Sergey_Lavrov_0008.jpg,1,0.76983005
Shane_Mosley/Shane_Mosley_0001.jpg,Shane_Mosley/Shane_Mosley_0002.jpg,1,0.37631172
Sheila_Copps/Sheila_Copps_0002.jpg,Sheila_Copps/Sheila_Copps_0003.jpg,1,0.54052186
Sheila_Copps/Sheila_Copps_0003.jpg,Sheila_Copps/Sheila_Copps_0004.jpg,1,0.55136371
Shia_LaBeouf/Shia_LaBeouf_0001.jpg,Shia_LaBeouf/Shia_LaBeouf_0002.jpg,1,0.06225577
Steve_Nash/Steve_Nash_0001.jpg,Steve_Nash/Steve_Nash_0003.jpg,1,0.41940892
Steve_Nash/Steve_Nash_0001.jpg,Steve_Nash/Steve_Nash_0004.jpg,1,0.39336643
Steve_Nash/Steve_Nash_0002.jpg,Steve_Nash/Steve_Nash_0004.jpg,1,0.39581656
Steve_Nash/Steve_Nash_0002.jpg,Steve_Nash/Steve_Nash_0005.jpg,1,0.38421959
Steve_Spurrier/Steve_Spurrier_0001.jpg,Steve_Spurrier/Steve_Spurrier_0002.jpg,1,0.25762954
Steve_Waugh/Steve_Waugh_0001.jpg,Steve_Waugh/Steve_Waugh_0002.jpg,1,0.15963271
Susilo_Bambang_Yudhoyono/Susilo_Bambang_Yudhoyono_0001.jpg,Susilo_Bambang_Yudhoyono/Susilo_Bambang_Yudhoyono_0002.jpg,1,0.55233270
Susilo_Bambang_Yudhoyono/Susilo_Bambang_Yudhoyono_0001.jpg,Susilo_Bambang_Yudhoyono/Susilo_Bambang_Yudhoyono_0003.jpg,1,0.67957234
Susilo_Bambang_Yudhoyono/Susilo_Bambang_Yudhoyono_0001.jpg,Susilo_Bambang_Yudhoyono/Susilo_Bambang_Yudhoyono_0004.jpg,1,0.64250547
Susilo_Bambang_Yudhoyono/Susilo_Bambang_Yudhoyono_0003.jpg,Susilo_Bambang_Yudhoyono/Susilo_Bambang_Yudhoyono_0004.jpg,1,0.82331240
Suzanne_Gaudet/Suzanne_Gaudet_0001.jpg,Suzanne_Gaudet/Suzanne_Gaudet_0002.jpg,1,0.69264591
Thomas_Bjorn/Thomas_Bjorn_0001.jpg,Thomas_Bjorn/Thomas_Bjorn_0002.jpg,1,0.36351669
Tim_Conway/Tim_Conway_0001.jpg,Tim_Conway/Tim_Conway_0002.jpg,1,0.56985581
Tim_Conway/Tim_Conway_0001.jpg,Tim_Conway/Tim_Conway_0003.jpg,1,0.46996766
Tim_Robbins/Tim_Robbins_0001.jpg,Tim_Robbins/Tim_Robbins_0005.jpg,1,0.54994273
Tim_Robbins/Tim_Robbins_0002.jpg,Tim_Robbins/Tim_Robbins_0004.jpg,1,0.44182834
Tim_Robbins/Tim_Robbins_0003.jpg,Tim_Robbins/Tim_Robbins_0005.jpg,1,0.40672708
Tom_Craddick/Tom_Craddick_0001.jpg,Tom_Craddick/Tom_Craddick_0003.jpg,1,0.63280010
Tom_Craddick/Tom_Craddick_0002.jpg,Tom_Craddick/Tom_Craddick_0004.jpg,1,0.64832425
Tom_Craddick/Tom_Craddick_0003.jpg,Tom_Craddick/Tom_Craddick_0004.jpg,1,0.47409260
Tracee_Ellis_Ross/Tracee_Ellis_Ross_0001.jpg,Tracee_Ellis_Ross/Tracee_Ellis_Ross_0002.jpg,1,0.54593658
Venus_Williams/Venus_Williams_0002.jpg,Venus_Williams/Venus_Williams_0009.jpg,1,0.62050378
Vivica_Fox/Vivica_Fox_0001.jpg,Vivica_Fox/Vivica_Fox_0002.jpg,1,0.65129089
William_Ford_Jr/William_Ford_Jr_0001.jpg,William_Ford_Jr/William_Ford_Jr_0002.jpg,1,0.49223411
William_Ford_Jr/William_Ford_Jr_0002.jpg,William_Ford_Jr/William_Ford_Jr_0006.jpg,1,0.44719324
William_Ford_Jr/William_Ford_Jr_0005.jpg,William_Ford_Jr/William_Ford_Jr_0006.jpg,1,0.56412762
William_Rehnquist/William_Rehnquist_0001.jpg,William_Rehnquist/William_Rehnquist_0002.jpg,1,0.54560161
Yossi_Beilin/Yossi_Beilin_0001.jpg,Yossi_Beilin/Yossi_Beilin_0002.jpg,1,0.56358767
Adrian_McPherson/Adrian_McPherson_0001.jpg,Adrian_McPherson/Adrian_McPherson_0002.jpg,1,0.33708584
Al_Davis/Al_Davis_0001.jpg,Al_Davis/Al_Davis_0002.jpg,1,0.48186836
Al_Gore/Al_Gore_0002.jpg,Al_Gore/Al_Gore_0006.jpg,1,0.48975876
Al_Gore/Al_Gore_0004.jpg,Al_Gore/Al_Gore_0006.jpg,1,0.66823351
Alan_Greenspan/Alan_Greenspan_0001.jpg,Alan_Greenspan/Alan_Greenspan_0002.jpg,1,0.64059383
Alan_Greenspan/Alan_Greenspan_0001.jpg,Alan_Greenspan/Alan_Greenspan_0005.jpg,1,0.60049212
Alan_Greenspan/Alan_Greenspan_0003.jpg,Alan_Greenspan/Alan_Greenspan_0004.jpg,1,0.64125395
Alastair_Campbell/Alastair_Campbell_0001.jpg,Alastair_Campbell/Alastair_Campbell_0005.jpg,1,0.32270434
Alastair_Campbell/Alastair_Campbell_0002.jpg,Alastair_Campbell/Alastair_Campbell_0004.jpg,1,0.47715265
Alexander_Downer/Alexander_Downer_0001.jpg,Alexander_Downer/Alexander_Downer_0002.jpg,1,0.47996750
Alexander_Downer/Alexander_Downer_0001.jpg,Alexander_Downer/Alexander_Downer_0003.jpg,1,0.50683331
Alexander_Downer/Alexander_Downer_0001.jpg,Alexander_Downer/Alexander_Downer_0004.jpg,1,0.48335248
Alexander_Downer/Alexander_Downer_0003.jpg,Alexander_Downer/Alexander_Downer_0004.jpg,1,0.66152513
Alice_Fisher/Alice_Fisher_0001.jpg,Alice_Fisher/Alice_Fisher_0002.jpg,1,0.79741949
Alison_Lohman/Alison_Lohman_0001.jpg,Alison_Lohman/Alison_Lohman_0002.jpg,1,-0.02978388
Alvaro_Silva_Calderon/Alvaro_Silva_Calderon_0001.jpg,Alvaro_Silva_Calderon/Alvaro_Silva_Calderon_0002.jpg,1,0.53145945
Alvaro_Silva_Calderon/Alvaro_Silva_Calderon_0001.jpg,Alvaro_Silva_Calderon/Alvaro_Silva_Calderon_0003.jpg,1,0.39575955
Alvaro_Uribe/Alvaro_Uribe_0007.jpg,Alvaro_Uribe/Alvaro_Uribe_0020.jpg,1,0.43012097
Alvaro_Uribe/Alvaro_Uribe_0008.jpg,Alvaro_Uribe/Alvaro_Uribe_0025.jpg,1,0.29556304
Alvaro_Uribe/Alvaro_Uribe_0012.jpg,Alvaro_Uribe/Alvaro_Uribe_0013.jpg,1,0.60315716
Alvaro_Uribe/Alvaro_Uribe_0020.jpg,Alvaro_Uribe/Alvaro_Uribe_0028.jpg,1,0.57379687
Anders_Ebbeson/Anders_Ebbeson_0002.jpg,Anders_Ebbeson/Anders_Ebbeson_0003.jpg,1,0.24263458
Andrew_Bunner/Andrew_Bunner_0001.jpg,Andrew_Bunner/Andrew_Bunner_0002.jpg,1,0.56577897
Anibal_Ibarra/Anibal_Ibarra_0001.jpg,Anibal_Ibarra/Anibal_Ibarra_0003.jpg,1,0.41230965
Antonio_Trillanes/Antonio_Trillanes_0001.jpg,Antonio_Trillanes/Antonio_Trillanes_0003.jpg,1,0.61462343
Antonio_Trillanes/Antonio_Trillanes_0002.jpg,Antonio_Trillanes/Antonio_Trillanes_0003.jpg,1,0.24446888
Asa_Hutchinson/Asa_Hutchinson_0001.jpg,Asa_Hutchinson/Asa_Hutchinson_0002.jpg,1,0.43181503
Barbara_Walters/Barbara_Walters_0001.jpg,Barbara_Walters/Barbara_Walters_0003.jpg,1,0.69009769
Barbara_Walters/Barbara_Walters_0001.jpg,Barbara_Walters/Barbara_Walters_0004.jpg,1,0.68082243
Barbara_Walters/Barbara_Walters_0003.jpg,Barbara_Walters/Barbara_Walters_0004.jpg,1,0.61923039
Ben_Howland/Ben_Howland_0001.jpg,Ben_Howland/Ben_Howland_0002.jpg,1,0.59393597
Ben_Howland/Ben_Howland_0001.jpg,Ben_Howland/Ben_Howland_0003.jpg,1,0.71367878
Ben_Howland/Ben_Howland_0003.jpg,Ben_Howland/Ben_Howland_0004.jpg,1,0.75350296
Benazir_Bhutto/Benazir_Bhutto_0001.jpg,Benazir_Bhutto/Benazir_Bhutto_0004.jpg,1,0.45333859
Benazir_Bhutto/Benazir_Bhutto_0002.jpg,Benazir_Bhutto/Benazir_Bhutto_0003.jpg,1,0.57962447
Benazir_Bhutto/Benazir_Bhutto_0002.jpg,Benazir_Bhutto/Benazir_Bhutto_0004.jpg,1,0.38617736
Bill_Simon/Bill_Simon_0005.jpg,Bill_Simon/Bill_Simon_0009.jpg,1,0.51366574
Bill_Simon/Bill_Simon_0011.jpg,Bill_Simon/Bill_Simon_0015.jpg,1,0.63808244
Billy_Sollie/Billy_Sollie_0001.jpg,Billy_Sollie/Billy_Sollie_0002.jpg,1,0.46901655
Boris_Berezovsky/Boris_Berezovsky_0001.jpg,Boris_Berezovsky/Boris_Berezovsky_0002.jpg,1,0.62985986
Brooke_Shields/Brooke_Shields_0001.jpg,Brooke_Shields/Brooke_Shields_0002.jpg,1,0.56564498
Bulent_Ecevit/Bulent_Ecevit_0001.jpg,Bulent_Ecevit/Bulent_Ecevit_0004.jpg,1,0.51906240
Bulent_Ecevit/Bulent_Ecevit_0001.jpg,Bulent_Ecevit/Bulent_Ecevit_0005.jpg,1,0.37629846
Bulent_Ecevit/Bulent_Ecevit_0002.jpg,Bulent_Ecevit/Bulent_Ecevit_0006.jpg,1,0.48272294
Bulent_Ecevit/Bulent_Ecevit_0004.jpg,Bulent_Ecevit/Bulent_Ecevit_0006.jpg,1,0.57349932
Candie_Kung/Candie_Kung_0001.jpg,Candie_Kung/Candie_Kung_0002.jpg,1,0.45750484
Candie_Kung/Candie_Kung_0001.jpg,Candie_Kung/Candie_Kung_0004.jpg,1,0.31344417
Carlo_Ancelotti/Carlo_Ancelotti_0001.jpg,Carlo_Ancelotti/Carlo_Ancelotti_0002.jpg,1,0.66541636
Carlo_Ancelotti/Carlo_Ancelotti_0002.jpg,Carlo_Ancelotti/Carlo_Ancelotti_0003.jpg,1,0.61400998
Carlos_Moya/Carlos_Moya_0008.jpg,Carlos_Moya/Carlos_Moya_0017.jpg,1,0.49631035
Carlos_Moya/Carlos_Moya_0010.jpg,Carlos_Moya/Carlos_Moya_0018.jpg,1,0.27466837
Carlos_Vives/Carlos_Vives_0001.jpg,Carlos_Vives/Carlos_Vives_0004.jpg,1,0.24960701
Carlos_Vives/Carlos_Vives_0002.jpg,Carlos_Vives/Carlos_Vives_0004.jpg,1,0.23525721
Carson_Daly/Carson_Daly_0001.jpg,Carson_Daly/Carson_Daly_0002.jpg,1,0.48735517
Cate_Blanchett/Cate_Blanchett_0001.jpg,Cate_Blanchett/Cate_Blanchett_0002.jpg,1,0.53376091
Cate_Blanchett/Cate_Blanchett_0001.jpg,Cate_Blanchett/Cate_Blanchett_0003.jpg,1,0.64919609
Cate_Blanchett/Cate_Blanchett_0001.jpg,Cate_Blanchett/Cate_Blanchett_0004.jpg,1,0.37277347
Cate_Blanchett/Cate_Blanchett_0002.jpg,Cate_Blanchett/Cate_Blanchett_0003.jpg,1,0.51763248
Cate_Blanchett/Cate_Blanchett_0002.jpg,Cate_Blanchett/Cate_Blanchett_0004.jpg,1,0.47560748
Chok_Tong_Goh/Chok_Tong_Goh_0001.jpg,Chok_Tong_Goh/Chok_Tong_Goh_0002.jpg,1,0.38183737
Chris_Byrd/Chris_Byrd_0001.jpg,Chris_Byrd/Chris_Byrd_0002.jpg,1,0.50755811
Chris_Cooper/Chris_Cooper_0001.jpg,Chris_Cooper/Chris_Cooper_0002.jpg,1,0.55435616
Chris_Tucker/Chris_Tucker_0001.jpg,Chris_Tucker/Chris_Tucker_0002.jpg,1,0.35191429
Christine_Gregoire/Christine_Gregoire_0001.jpg,Christine_Gregoire/Christine_Gregoire_0004.jpg,1,0.71722037
Christine_Gregoire/Christine_Gregoire_0002.jpg,Christine_Gregoire/Christine_Gregoire_0003.jpg,1,0.40191242
Christine_Gregoire/Christine_Gregoire_0002.jpg,Christine_Gregoire/Christine_Gregoire_0004.jpg,1,0.50321054
Christopher_Patten/Christopher_Patten_0001.jpg,Christopher_Patten/Christopher_Patten_0002.jpg,1,0.60300267
Clint_Eastwood/Clint_Eastwood_0001.jpg,Clint_Eastwood/Clint_Eastwood_0004.jpg,1,0.58314204
Clint_Eastwood/Clint_Eastwood_0001.jpg,Clint_Eastwood/Clint_Eastwood_0006.jpg,1,0.59177107
Constance_Marie/Constance_Marie_0001.jpg,Constance_Marie/Constance_Marie_0002.jpg,1,0.39696145
Constance_Marie/Constance_Marie_0001.jpg,Constance_Marie/Constance_Marie_0003.jpg,1,0.38233823
Dennis_Hastert/Dennis_Hastert_0002.jpg,Dennis_Hastert/Dennis_Hastert_0003.jpg,1,0.39284462
Dennis_Hastert/Dennis_Hastert_0003.jpg,Dennis_Hastert/Dennis_Hastert_0006.jpg,1,0.42551416
Dennis_Hastert/Dennis_Hastert_0004.jpg,Dennis_Hastert/Dennis_Hastert_0006.jpg,1,0.42080501
Dennis_Hastert/Dennis_Hastert_0005.jpg,Dennis_Hastert/Dennis_Hastert_0006.jpg,1,0.40665185
Dolly_Parton/Dolly_Parton_0001.jpg,Dolly_Parton/Dolly_Parton_0002.jpg,1,0.74596268
Doug_Duncan/Doug_Duncan_0001.jpg,Doug_Duncan/Doug_Duncan_0002.jpg,1,0.20004727
Edward_Kennedy/Edward_Kennedy_0001.jpg,Edward_Kennedy/Edward_Kennedy_0002.jpg,1,0.55761123
Edward_Kennedy/Edward_Kennedy_0002.jpg,Edward_Kennedy/Edward_Kennedy_0003.jpg,1,0.68458390
Edward_Said/Edward_Said_0001.jpg,Edward_Said/Edward_Said_0002.jpg,1,0.41900969
Elena_Bovina/Elena_Bovina_0001.jpg,Elena_Bovina/Elena_Bovina_0002.jpg,1,0.53091204
Elena_Bovina/Elena_Bovina_0001.jpg,Elena_Bovina/Elena_Bovina_0003.jpg,1,0.31691003
Elena_Bovina/Elena_Bovina_0002.jpg,Elena_Bovina/Elena_Bovina_0003.jpg,1,0.28575248
Eliane_Karp/Eliane_Karp_0001.jpg,Eliane_Karp/Eliane_Karp_0003.jpg,1,0.32586867
Eliane_Karp/Eliane_Karp_0002.jpg,Eliane_Karp/Eliane_Karp_0003.jpg,1,0.32619959
Eliane_Karp/Eliane_Karp_0002.jpg,Eliane_Karp/Eliane_Karp_0004.jpg,1,0.52677888
Eliane_Karp/Eliane_Karp_0003.jpg,Eliane_Karp/Eliane_Karp_0004.jpg,1,0.34263989
Elvis_Presley/Elvis_Presley_0001.jpg,Elvis_Presley/Elvis_Presley_0002.jpg,1,0.54936469
Erika_Harold/Erika_Harold_0001.jpg,Erika_Harold/Erika_Harold_0003.jpg,1,-0.00994042
Erika_Harold/Erika_Harold_0002.jpg,Erika_Harold/Erika_Harold_0003.jpg,1,-0.05259014
Erika_Harold/Erika_Harold_0003.jpg,Erika_Harold/Erika_Harold_0004.jpg,1,-0.03143832
Erika_Harold/Erika_Harold_0004.jpg,Erika_Harold/Erika_Harold_0005.jpg,1,0.73737407
Ernie_Els/Ernie_Els_0001.jpg,Ernie_Els/Ernie_Els_0003.jpg,1,0.35347572
Ernie_Els/Ernie_Els_0001.jpg,Ernie_Els/Ernie_Els_0004.jpg,1,0.44686466
Ernie_Els/Ernie_Els_0002.jpg,Ernie_Els/Ernie_Els_0003.jpg,1,0.54337758
Franco_Dragone/Franco_Dragone_0001.jpg,Franco_Dragone/Franco_Dragone_0002.jpg,1,0.29018325
Frank_Solich/Frank_Solich_0001.jpg,Frank_Solich/Frank_Solich_0004.jpg,1,0.51148444
Frank_Solich/Frank_Solich_0002.jpg,Frank_Solich/Frank_Solich_0005.jpg,1,0.78368616
Frank_Solich/Frank_Solich_0003.jpg,Frank_Solich/Frank_Solich_0004.jpg,1,0.48714685
Gabriel_Batistuta/Gabriel_Batistuta_0001.jpg,Gabriel_Batistuta/Gabriel_Batistuta_0002.jpg,1,0.29790854
Gary_Carter/Gary_Carter_0001.jpg,Gary_Carter/Gary_Carter_0002.jpg,1,0.70064890
Gary_Carter/Gary_Carter_0001.jpg,Gary_Carter/Gary_Carter_0003.jpg,1,0.31342989
Gary_Doer/Gary_Doer_0001.jpg,Gary_Doer/Gary_Doer_0002.jpg,1,0.06041014
Gary_Doer/Gary_Doer_0002.jpg,Gary_Doer/Gary_Doer_0003.jpg,1,0.37828559
George_Tenet/George_Tenet_0001.jpg,George_Tenet/George_Tenet_0002.jpg,1,0.48866019
George_Voinovich/George_Voinovich_0001.jpg,George_Voinovich/George_Voinovich_0003.jpg,1,0.48175636
George_Voinovich/George_Voinovich_0002.jpg,George_Voinovich/George_Voinovich_0003.jpg,1,0.73273021
Georgi_Parvanov/Georgi_Parvanov_0001.jpg,Georgi_Parvanov/Georgi_Parvanov_0002.jpg,1,0.55564445
Goldie_Hawn/Goldie_Hawn_0001.jpg,Goldie_Hawn/Goldie_Hawn_0007.jpg,1,0.51784539
Goldie_Hawn/Goldie_Hawn_0002.jpg,Goldie_Hawn/Goldie_Hawn_0003.jpg,1,0.56212485
Goldie_Hawn/Goldie_Hawn_0003.jpg,Goldie_Hawn/Goldie_Hawn_0007.jpg,1,0.62579036
Goldie_Hawn/Goldie_Hawn_0006.jpg,Goldie_Hawn/Goldie_Hawn_0007.jpg,1,0.60245419
Goran_Persson/Goran_Persson_0001.jpg,Goran_Persson/Goran_Persson_0002.jpg,1,0.57643765
Gro_Harlem_Brundtland/Gro_Harlem_Brundtland_0001.jpg,Gro_Harlem_Brundtland/Gro_Harlem_Brundtland_0002.jpg,1,0.24112539
Guillaume_Soro/Guillaume_Soro_0001.jpg,Guillaume_Soro/Guillaume_Soro_0002.jpg,1,0.20962805
Gwyneth_Paltrow/Gwyneth_Paltrow_0001.jpg,Gwyneth_Paltrow/Gwyneth_Paltrow_0005.jpg,1,0.53616273
Gwyneth_Paltrow/Gwyneth_Paltrow_0001.jpg,Gwyneth_Paltrow/Gwyneth_Paltrow_0006.jpg,1,0.48526177
Gwyneth_Paltrow/Gwyneth_Paltrow_0002.jpg,Gwyneth_Paltrow/Gwyneth_Paltrow_0006.jpg,1,0.40461981
Gwyneth_Paltrow/Gwyneth_Paltrow_0003.jpg,Gwyneth_Paltrow/Gwyneth_Paltrow_0006.jpg,1,0.01915395
Hee-Won_Han/Hee-Won_Han_0001.jpg,Hee-Won_Han/Hee-Won_Han_0002.jpg,1,0.49111044
Herb_Sendek/Herb_Sendek_0001.jpg,Herb_Sendek/Herb_Sendek_0003.jpg,1,0.62160313
Herb_Sendek/Herb_Sendek_0003.jpg,Herb_Sendek/Herb_Sendek_0004.jpg,1,0.50662774
Howard_Smith/Howard_Smith_0001.jpg,Howard_Smith/Howard_Smith_0002.jpg,1,0.46932921
Hugh_Grant/Hugh_Grant_0005.jpg,Hugh_Grant/Hugh_Grant_0008.jpg,1,0.38911945
Hugh_Grant/Hugh_Grant_0006.jpg,Hugh_Grant/Hugh_Grant_0009.jpg,1,0.04882501
Jack_Straw/Jack_Straw_0025.jpg,Jack_Straw/Jack_Straw_0028.jpg,1,0.58542025
James_Franco/James_Franco_0001.jpg,James_Franco/James_Franco_0002.jpg,1,0.61389333
James_Ivory/James_Ivory_0001.jpg,James_Ivory/James_Ivory_0002.jpg,1,0.75494671
James_Schultz/James_Schultz_0001.jpg,James_Schultz/James_Schultz_0002.jpg,1,0.64413863
James_Traficant/James_Traficant_0001.jpg,James_Traficant/James_Traficant_0002.jpg,1,0.40690482
James_Traficant/James_Traficant_0002.jpg,James_Traficant/James_Traficant_0003.jpg,1,0.51129431
Jan_Ullrich/Jan_Ullrich_0001.jpg,Jan_Ullrich/Jan_Ullrich_0004.jpg,1,0.41618475
Jan_Ullrich/Jan_Ullrich_0002.jpg,Jan_Ullrich/Jan_Ullrich_0006.jpg,1,0.52672887
Jan_Ullrich/Jan_Ullrich_0003.jpg,Jan_Ullrich/Jan_Ullrich_0006.jpg,1,0.53632051
Jane_Pauley/Jane_Pauley_0001.jpg,Jane_Pauley/Jane_Pauley_0002.jpg,1,0.52101874
Jason_Jennings/Jason_Jennings_0001.jpg,Jason_Jennings/Jason_Jennings_0002.jpg,1,0.81105536
Javier_Weber/Javier_Weber_0001.jpg,Javier_Weber/Javier_Weber_0002.jpg,1,0.17281753
Jennifer_Rodriguez/Jennifer_Rodriguez_0001.jpg,Jennifer_Rodriguez/Jennifer_Rodriguez_0002.jpg,1,0.35004389
Jeong_Se-hyun/Jeong_Se-hyun_0002.jpg,Jeong_Se-hyun/Jeong_Se-hyun_0006.jpg,1,0.69200689
Jeong_Se-hyun/Jeong_Se-hyun_0003.jpg,Jeong_Se-hyun/Jeong_Se-hyun_0007.jpg,1,0.68496704
Jeong_Se-hyun/Jeong_Se-hyun_0006.jpg,Jeong_Se-hyun/Jeong_Se-hyun_0008.jpg,1,0.71334469
Jeong_Se-hyun/Jeong_Se-hyun_0007.jpg,Jeong_Se-hyun/Jeong_Se-hyun_0009.jpg,1,0.58865345
Jeong_Se-hyun/Jeong_Se-hyun_0008.jpg,Jeong_Se-hyun/Jeong_Se-hyun_0009.jpg,1,0.66672027
Jo_Dee_Messina/Jo_Dee_Messina_0001.jpg,Jo_Dee_Messina/Jo_Dee_Messina_0002.jpg,1,0.31461900
Joe_Lieberman/Joe_Lieberman_0008.jpg,Joe_Lieberman/Joe_Lieberman_0011.jpg,1,0.49289784
Joe_Lieberman/Joe_Lieberman_0009.jpg,Joe_Lieberman/Joe_Lieberman_0010.jpg,1,0.57925510
Joe_Mantello/Joe_Mantello_0001.jpg,Joe_Mantello/Joe_Mantello_0002.jpg,1,0.73245090
John_Allen_Muhammad/John_Allen_Muhammad_0002.jpg,John_Allen_Muhammad/John_Allen_Muhammad_0009.jpg,1,0.20991647
John_Allen_Muhammad/John_Allen_Muhammad_0005.jpg,John_Allen_Muhammad/John_Allen_Muhammad_0007.jpg,1,0.64327562
John_Allen_Muhammad/John_Allen_Muhammad_0006.jpg,John_Allen_Muhammad/John_Allen_Muhammad_0010.jpg,1,0.62201762
John_Blaney/John_Blaney_0001.jpg,John_Blaney/John_Blaney_0002.jpg,1,0.52158916
John_Brady/John_Brady_0001.jpg,John_Brady/John_Brady_0002.jpg,1,0.54829693
John_Howard/John_Howard_0005.jpg,John_Howard/John_Howard_0015.jpg,1,0.57443970
John_Howard/John_Howard_0012.jpg,John_Howard/John_Howard_0017.jpg,1,0.47584161
Johnny_Tapia/Johnny_Tapia_0001.jpg,Johnny_Tapia/Johnny_Tapia_0002.jpg,1,0.42672491
Johnny_Tapia/Johnny_Tapia_0002.jpg,Johnny_Tapia/Johnny_Tapia_0003.jpg,1,0.48753184
Jorge_Valdano/Jorge_Valdano_0001.jpg,Jorge_Valdano/Jorge_Valdano_0002.jpg,1,0.64050472
Joseph_Deiss/Joseph_Deiss_0001.jpg,Joseph_Deiss/Joseph_Deiss_0003.jpg,1,0.39917159
Junichiro_Koizumi/Junichiro_Koizumi_0001.jpg,Junichiro_Koizumi/Junichiro_Koizumi_0053.jpg,1,0.58669364
Junichiro_Koizumi/Junichiro_Koizumi_0026.jpg,Junichiro_Koizumi/Junichiro_Koizumi_0055.jpg,1,0.32908851
Junichiro_Koizumi/Junichiro_Koizumi_0029.jpg,Junichiro_Koizumi/Junichiro_Koizumi_0045.jpg,1,0.68588018
Kate_Capshaw/Kate_Capshaw_0001.jpg,Kate_Capshaw/Kate_Capshaw_0002.jpg,1,0.01720842
Kathryn_Bigelow/Kathryn_Bigelow_0001.jpg,Kathryn_Bigelow/Kathryn_Bigelow_0002.jpg,1,0.34644255
Kevin_Spacey/Kevin_Spacey_0001.jpg,Kevin_Spacey/Kevin_Spacey_0002.jpg,1,0.76181328
Kevin_Spacey/Kevin_Spacey_0001.jpg,Kevin_Spacey/Kevin_Spacey_0003.jpg,1,0.71338660
Kim_Ryong-sung/Kim_Ryong-sung_0006.jpg,Kim_Ryong-sung/Kim_Ryong-sung_0008.jpg,1,0.77125299
Kim_Ryong-sung/Kim_Ryong-sung_0008.jpg,Kim_Ryong-sung/Kim_Ryong-sung_0011.jpg,1,0.50607443
Klaus_Zwickel/Klaus_Zwickel_0001.jpg,Klaus_Zwickel/Klaus_Zwickel_0002.jpg,1,0.68494493
Kristen_Breitweiser/Kristen_Breitweiser_0002.jpg,Kristen_Breitweiser/Kristen_Breitweiser_0003.jpg,1,0.78093815
Laila_Ali/Laila_Ali_0002.jpg,Laila_Ali/Laila_Ali_0003.jpg,1,0.53551763
Larry_Brown/Larry_Brown_0001.jpg,Larry_Brown/Larry_Brown_0003.jpg,1,0.09139269
Larry_Brown/Larry_Brown_0002.jpg,Larry_Brown/Larry_Brown_0004.jpg,1,0.40874076
Larry_Brown/Larry_Brown_0002.jpg,Larry_Brown/Larry_Brown_0007.jpg,1,0.46532112
Larry_Brown/Larry_Brown_0004.jpg,Larry_Brown/Larry_Brown_0007.jpg,1,0.36685330
Larry_Brown/Larry_Brown_0006.jpg,Larry_Brown/Larry_Brown_0007.jpg,1,0.38039809
Larry_Johnson/Larry_Johnson_0001.jpg,Larry_Johnson/Larry_Johnson_0002.jpg,1,0.70746911
Lars_Von_Trier/Lars_Von_Trier_0001.jpg,Lars_Von_Trier/Lars_Von_Trier_0002.jpg,1,0.43378288
Lars_Von_Trier/Lars_Von_Trier_0002.jpg,Lars_Von_Trier/Lars_Von_Trier_0003.jpg,1,0.46359128
Leander_Paes/Leander_Paes_0001.jpg,Leander_Paes/Leander_Paes_0002.jpg,1,0.66980636
Liam_Neeson/Liam_Neeson_0001.jpg,Liam_Neeson/Liam_Neeson_0003.jpg,1,0.39576402
Liam_Neeson/Liam_Neeson_0002.jpg,Liam_Neeson/Liam_Neeson_0003.jpg,1,0.35249889
Lino_Oviedo/Lino_Oviedo_0001.jpg,Lino_Oviedo/Lino_Oviedo_0003.jpg,1,0.80851889
Lino_Oviedo/Lino_Oviedo_0002.jpg,Lino_Oviedo/Lino_Oviedo_0003.jpg,1,0.57743555
Ludivine_Sagnier/Ludivine_Sagnier_0001.jpg,Ludivine_Sagnier/Ludivine_Sagnier_0003.jpg,1,0.51938736
Ludivine_Sagnier/Ludivine_Sagnier_0003.jpg,Ludivine_Sagnier/Ludivine_Sagnier_0004.jpg,1,0.12853515
Lynne_Cheney/Lynne_Cheney_0001.jpg,Lynne_Cheney/Lynne_Cheney_0002.jpg,1,0.38377833
Lynne_Cheney/Lynne_Cheney_0002.jpg,Lynne_Cheney/Lynne_Cheney_0003.jpg,1,0.55645728
Maggie_Smith/Maggie_Smith_0001.jpg,Maggie_Smith/Maggie_Smith_0002.jpg,1,0.38523912
Marcelo_Salas/Marcelo_Salas_0001.jpg,Marcelo_Salas/Marcelo_Salas_0002.jpg,1,0.52669406
Mariangel_Ruiz_Torrealba/Mariangel_Ruiz_Torrealba_0001.jpg,Mariangel_Ruiz_Torrealba/Mariangel_Ruiz_Torrealba_0002.jpg,1,0.79090720
Marisa_Tomei/Marisa_Tomei_0001.jpg,Marisa_Tomei/Marisa_Tomei_0002.jpg,1,0.64698839
Mary_Steenburgen/Mary_Steenburgen_0001.jpg,Mary_Steenburgen/Mary_Steenburgen_0002.jpg,1,0.00311821
Mel_Brooks/Mel_Brooks_0001.jpg,Mel_Brooks/Mel_Brooks_0002.jpg,1,0.38619632
Mel_Gibson/Mel_Gibson_0001.jpg,Mel_Gibson/Mel_Gibson_0002.jpg,1,0.28594732
Mian_Khursheed_Mehmood_Kasuri/Mian_Khursheed_Mehmood_Kasuri_0002.jpg,Mian_Khursheed_Mehmood_Kasuri/Mian_Khursheed_Mehmood_Kasuri_0003.jpg,1,0.40959769
Mian_Khursheed_Mehmood_Kasuri/Mian_Khursheed_Mehmood_Kasuri_0003.jpg,Mian_Khursheed_Mehmood_Kasuri/Mian_Khursheed_Mehmood_Kasuri_0004.jpg,1,0.65295720
Michael_Moore/Michael_Moore_0001.jpg,Michael_Moore/Michael_Moore_0002.jpg,1,0.56138986
Michael_Moore/Michael_Moore_0002.jpg,Michael_Moore/Michael_Moore_0003.jpg,1,0.62639499
Michel_Duclos/Michel_Duclos_0001.jpg,Michel_Duclos/Michel_Duclos_0002.jpg,1,0.49943006
Michelle_Pfeiffer/Michelle_Pfeiffer_0001.jpg,Michelle_Pfeiffer/Michelle_Pfeiffer_0002.jpg,1,0.16363113
Mireya_Moscoso/Mireya_Moscoso_0002.jpg,Mireya_Moscoso/Mireya_Moscoso_0003.jpg,1,0.88146222
Mireya_Moscoso/Mireya_Moscoso_0002.jpg,Mireya_Moscoso/Mireya_Moscoso_0005.jpg,1,0.40263399
Mireya_Moscoso/Mireya_Moscoso_0004.jpg,Mireya_Moscoso/Mireya_Moscoso_0005.jpg,1,0.48598421
Nabil_Shaath/Nabil_Shaath_0001.jpg,Nabil_Shaath/Nabil_Shaath_0003.jpg,1,0.24808381
Nabil_Shaath/Nabil_Shaath_0002.jpg,Nabil_Shaath/Nabil_Shaath_0003.jpg,1,0.33898312
Naomi_Watts/Naomi_Watts_0001.jpg,Naomi_Watts/Naomi_Watts_0018.jpg,1,0.53809339
Naomi_Watts/Naomi_Watts_0006.jpg,Naomi_Watts/Naomi_Watts_0009.jpg,1,0.53469664
Naomi_Watts/Naomi_Watts_0013.jpg,Naomi_Watts/Naomi_Watts_0018.jpg,1,0.37746918
Natalie_Cole/Natalie_Cole_0001.jpg,Natalie_Cole/Natalie_Cole_0003.jpg,1,0.51109111
Natalie_Cole/Natalie_Cole_0002.jpg,Natalie_Cole/Natalie_Cole_0003.jpg,1,0.48568398
Nathalie_Baye/Nathalie_Baye_0001.jpg,Nathalie_Baye/Nathalie_Baye_0002.jpg,1,0.62255716
Nathalie_Baye/Nathalie_Baye_0001.jpg,Nathalie_Baye/Nathalie_Baye_0004.jpg,1,0.51785660
Nathalie_Baye/Nathalie_Baye_0002.jpg,Nathalie_Baye/Nathalie_Baye_0004.jpg,1,0.44790494
Nathalie_Baye/Nathalie_Baye_0003.jpg,Nathalie_Baye/Nathalie_Baye_0004.jpg,1,0.66882694
Oleksandr_Moroz/Oleksandr_Moroz_0001.jpg,Oleksandr_Moroz/Oleksandr_Moroz_0002.jpg,1,0.59241712
Oscar_Elias_Biscet/Oscar_Elias_Biscet_0001.jpg,Oscar_Elias_Biscet/Oscar_Elias_Biscet_0002.jpg,1,0.76114249
Oswaldo_Paya/Oswaldo_Paya_0001.jpg,Oswaldo_Paya/Oswaldo_Paya_0003.jpg,1,0.56274152
Oswaldo_Paya/Oswaldo_Paya_0003.jpg,Oswaldo_Paya/Oswaldo_Paya_0004.jpg,1,0.00733005
Patricia_Clarkson/Patricia_Clarkson_0001.jpg,Patricia_Clarkson/Patricia_Clarkson_0002.jpg,1,0.77493829
Patricia_Clarkson/Patricia_Clarkson_0001.jpg,Patricia_Clarkson/Patricia_Clarkson_0003.jpg,1,0.71376634
Patricia_Clarkson/Patricia_Clarkson_0002.jpg,Patricia_Clarkson/Patricia_Clarkson_0003.jpg,1,0.71206743
Patricia_Clarkson/Patricia_Clarkson_0002.jpg,Patricia_Clarkson/Patricia_Clarkson_0004.jpg,1,0.43768179
Patrick_Roy/Patrick_Roy_0001.jpg,Patrick_Roy/Patrick_Roy_0002.jpg,1,0.16064131
Paul-Henri_Mathieu/Paul-Henri_Mathieu_0001.jpg,Paul-Henri_Mathieu/Paul-Henri_Mathieu_0002.jpg,1,0.45651132
Paul-Henri_Mathieu/Paul-Henri_Mathieu_0001.jpg,Paul-Henri_Mathieu/Paul-Henri_Mathieu_0003.jpg,1,0.43816078
Paul_Byrd/Paul_Byrd_0001.jpg,Paul_Byrd/Paul_Byrd_0002.jpg,1,0.45093280
Paul_Kagame/Paul_Kagame_0001.jpg,Paul_Kagame/Paul_Kagame_0002.jpg,1,0.33121601
Peter_Costello/Peter_Costello_0001.jpg,Peter_Costello/Peter_Costello_0002.jpg,1,0.58361763
Peter_Greenaway/Peter_Greenaway_0001.jpg,Peter_Greenaway/Peter_Greenaway_0002.jpg,1,0.74564230
Prince_Naruhito/Prince_Naruhito_0001.jpg,Prince_Naruhito/Prince_Naruhito_0002.jpg,1,0.61000693
Prince_Naruhito/Prince_Naruhito_0001.jpg,Prince_Naruhito/Prince_Naruhito_0003.jpg,1,0.47224325
Prince_Naruhito/Prince_Naruhito_0002.jpg,Prince_Naruhito/Prince_Naruhito_0003.jpg,1,0.52752101
Princess_Masako/Princess_Masako_0001.jpg,Princess_Masako/Princess_Masako_0002.jpg,1,0.28176227
Pupi_Avati/Pupi_Avati_0002.jpg,Pupi_Avati/Pupi_Avati_0003.jpg,1,0.74315870
Queen_Latifah/Queen_Latifah_0001.jpg,Queen_Latifah/Queen_Latifah_0003.jpg,1,0.45463723
Queen_Latifah/Queen_Latifah_0002.jpg,Queen_Latifah/Queen_Latifah_0004.jpg,1,0.49184632
Queen_Latifah/Queen_Latifah_0003.jpg,Queen_Latifah/Queen_Latifah_0004.jpg,1,0.41066438
Rachel_Griffiths/Rachel_Griffiths_0002.jpg,Rachel_Griffiths/Rachel_Griffiths_0003.jpg,1,0.60080481
Ralph_Firman/Ralph_Firman_0001.jpg,Ralph_Firman/Ralph_Firman_0002.jpg,1,0.57050371
Ralph_Klein/Ralph_Klein_0001.jpg,Ralph_Klein/Ralph_Klein_0002.jpg,1,0.06958355
Ranil_Wickremasinghe/Ranil_Wickremasinghe_0002.jpg,Ranil_Wickremasinghe/Ranil_Wickremasinghe_0003.jpg,1,0.43189424
Rick_Pitino/Rick_Pitino_0001.jpg,Rick_Pitino/Rick_Pitino_0003.jpg,1,0.41244879
Rick_Pitino/Rick_Pitino_0002.jpg,Rick_Pitino/Rick_Pitino_0004.jpg,1,0.39380559
Rick_Pitino/Rick_Pitino_0003.jpg,Rick_Pitino/Rick_Pitino_0004.jpg,1,0.34553313
Ricky_Martin/Ricky_Martin_0001.jpg,Ricky_Martin/Ricky_Martin_0002.jpg,1,0.26323548
Rita_Moreno/Rita_Moreno_0001.jpg,Rita_Moreno/Rita_Moreno_0002.jpg,1,0.56652462
Robert_De_Niro/Robert_De_Niro_0001.jpg,Robert_De_Niro/Robert_De_Niro_0004.jpg,1,0.65245980
Robert_De_Niro/Robert_De_Niro_0003.jpg,Robert_De_Niro/Robert_De_Niro_0006.jpg,1,0.55540562
Robert_Kocharian/Robert_Kocharian_0004.jpg,Robert_Kocharian/Robert_Kocharian_0005.jpg,1,0.60378820
Roberto_Marinho/Roberto_Marinho_0002.jpg,Roberto_Marinho/Roberto_Marinho_0003.jpg,1,0.45627832
Roger_Moore/Roger_Moore_0003.jpg,Roger_Moore/Roger_Moore_0005.jpg,1,0.54172456
Ron_Dittemore/Ron_Dittemore_0001.jpg,Ron_Dittemore/Ron_Dittemore_0002.jpg,1,0.62598491
Ron_Dittemore/Ron_Dittemore_0001.jpg,Ron_Dittemore/Ron_Dittemore_0003.jpg,1,0.60907143
Ron_Dittemore/Ron_Dittemore_0004.jpg,Ron_Dittemore/Ron_Dittemore_0006.jpg,1,0.74294090
Rudolph_Giuliani/Rudolph_Giuliani_0001.jpg,Rudolph_Giuliani/Rudolph_Giuliani_0020.jpg,1,0.57671750
Rudolph_Giuliani/Rudolph_Giuliani_0002.jpg,Rudolph_Giuliani/Rudolph_Giuliani_0005.jpg,1,0.46654814
Rudolph_Giuliani/Rudolph_Giuliani_0003.jpg,Rudolph_Giuliani/Rudolph_Giuliani_0020.jpg,1,0.46963885
Rudolph_Giuliani/Rudolph_Giuliani_0004.jpg,Rudolph_Giuliani/Rudolph_Giuliani_0017.jpg,1,0.48203641
Rudolph_Giuliani/Rudolph_Giuliani_0015.jpg,Rudolph_Giuliani/Rudolph_Giuliani_0020.jpg,1,0.51326799
Russell_Simmons/Russell_Simmons_0001.jpg,Russell_Simmons/Russell_Simmons_0002.jpg,1,0.66357750
Russell_Simmons/Russell_Simmons_0001.jpg,Russell_Simmons/Russell_Simmons_0004.jpg,1,0.48302481
Russell_Simmons/Russell_Simmons_0002.jpg,Russell_Simmons/Russell_Simmons_0004.jpg,1,0.46654975
Sean_Astin/Sean_Astin_0001.jpg,Sean_Astin/Sean_Astin_0003.jpg,1,0.58774906
Sean_Astin/Sean_Astin_0002.jpg,Sean_Astin/Sean_Astin_0003.jpg,1,0.45245004
Shaukat_Aziz/Shaukat_Aziz_0001.jpg,Shaukat_Aziz/Shaukat_Aziz_0002.jpg,1,0.48716435
Silvio_Fernandez/Silvio_Fernandez_0001.jpg,Silvio_Fernandez/Silvio_Fernandez_0002.jpg,1,0.39158636
Sophia_Loren/Sophia_Loren_0001.jpg,Sophia_Loren/Sophia_Loren_0002.jpg,1,0.48365724
Sophia_Loren/Sophia_Loren_0001.jpg,Sophia_Loren/Sophia_Loren_0003.jpg,1,0.49809903
Sophia_Loren/Sophia_Loren_0001.jpg,Sophia_Loren/Sophia_Loren_0007.jpg,1,0.65635753
Sophia_Loren/Sophia_Loren_0006.jpg,Sophia_Loren/Sophia_Loren_0007.jpg,1,0.40690535
Stellan_Skarsgard/Stellan_Skarsgard_0001.jpg,Stellan_Skarsgard/Stellan_Skarsgard_0002.jpg,1,0.56106925
Tamara_Brooks/Tamara_Brooks_0001.jpg,Tamara_Brooks/Tamara_Brooks_0002.jpg,1,0.41112179
Thomas_Fargo/Thomas_Fargo_0001.jpg,Thomas_Fargo/Thomas_Fargo_0002.jpg,1,0.68559402
Thomas_Fargo/Thomas_Fargo_0001.jpg,Thomas_Fargo/Thomas_Fargo_0003.jpg,1,0.62234068
Thomas_Fargo/Thomas_Fargo_0002.jpg,Thomas_Fargo/Thomas_Fargo_0003.jpg,1,0.60352314
Thomas_Fargo/Thomas_Fargo_0002.jpg,Thomas_Fargo/Thomas_Fargo_0004.jpg,1,0.64541447
Thomas_Fargo/Thomas_Fargo_0003.jpg,Thomas_Fargo/Thomas_Fargo_0004.jpg,1,0.66287994
Tim_Allen/Tim_Allen_0002.jpg,Tim_Allen/Tim_Allen_0003.jpg,1,0.56636679
Tim_Allen/Tim_Allen_0003.jpg,Tim_Allen/Tim_Allen_0004.jpg,1,0.62868690
Tony_Shalhoub/Tony_Shalhoub_0001.jpg,Tony_Shalhoub/Tony_Shalhoub_0002.jpg,1,0.41280794
Tony_Shalhoub/Tony_Shalhoub_0001.jpg,Tony_Shalhoub/Tony_Shalhoub_0003.jpg,1,0.48197675
Tracy_McGrady/Tracy_McGrady_0001.jpg,Tracy_McGrady/Tracy_McGrady_0002.jpg,1,0.33814156
Vicente_Fernandez/Vicente_Fernandez_0002.jpg,Vicente_Fernandez/Vicente_Fernandez_0003.jpg,1,0.57041407
Vicente_Fernandez/Vicente_Fernandez_0004.jpg,Vicente_Fernandez/Vicente_Fernandez_0005.jpg,1,0.43684071
Vince_Gill/Vince_Gill_0001.jpg,Vince_Gill/Vince_Gill_0002.jpg,1,0.51964617
Wolfgang_Schuessel/Wolfgang_Schuessel_0001.jpg,Wolfgang_Schuessel/Wolfgang_Schuessel_0004.jpg,1,0.37266484
Wolfgang_Schuessel/Wolfgang_Schuessel_0003.jpg,Wolfgang_Schuessel/Wolfgang_Schuessel_0004.jpg,1,0.34878385
Wu_Yi/Wu_Yi_0001.jpg,Wu_Yi/Wu_Yi_0002.jpg,1,0.54568845
Wu_Yi/Wu_Yi_0001.jpg,Wu_Yi/Wu_Yi_0003.jpg,1,0.77571326
Wu_Yi/Wu_Yi_0002.jpg,Wu_Yi/Wu_Yi_0003.jpg,1,0.65981960
Yao_Ming/Yao_Ming_0002.jpg,Yao_Ming/Yao_Ming_0004.jpg,1,0.01179749
Yao_Ming/Yao_Ming_0005.jpg,Yao_Ming/Yao_Ming_0006.jpg,1,0.36645511
Yao_Ming/Yao_Ming_0005.jpg,Yao_Ming/Yao_Ming_0008.jpg,1,0.52818429
Yao_Ming/Yao_Ming_0006.jpg,Yao_Ming/Yao_Ming_0007.jpg,1,0.64120603
Yoriko_Kawaguchi/Yoriko_Kawaguchi_0003.jpg,Yoriko_Kawaguchi/Yoriko_Kawaguchi_0005.jpg,1,0.51374030
Yu_Shyi-kun/Yu_Shyi-kun_0001.jpg,Yu_Shyi-kun/Yu_Shyi-kun_0003.jpg,1,0.66692990
Yu_Shyi-kun/Yu_Shyi-kun_0001.jpg,Yu_Shyi-kun/Yu_Shyi-kun_0004.jpg,1,0.75738919
Yu_Shyi-kun/Yu_Shyi-kun_0002.jpg,Yu_Shyi-kun/Yu_Shyi-kun_0003.jpg,1,0.72558481
Zhang_Wenkang/Zhang_Wenkang_0001.jpg,Zhang_Wenkang/Zhang_Wenkang_0002.jpg,1,0.64904732
Zinedine_Zidane/Zinedine_Zidane_0004.jpg,Zinedine_Zidane/Zinedine_Zidane_0006.jpg,1,0.47635007
Abdel_Nasser_Assidi/Abdel_Nasser_Assidi_0001.jpg,Abdel_Nasser_Assidi/Abdel_Nasser_Assidi_0002.jpg,1,0.76667500
Ai_Sugiyama/Ai_Sugiyama_0001.jpg,Ai_Sugiyama/Ai_Sugiyama_0002.jpg,1,0.61783779
Ai_Sugiyama/Ai_Sugiyama_0001.jpg,Ai_Sugiyama/Ai_Sugiyama_0004.jpg,1,0.30330837
Ai_Sugiyama/Ai_Sugiyama_0004.jpg,Ai_Sugiyama/Ai_Sugiyama_0005.jpg,1,0.33058032
Aldo_Paredes/Aldo_Paredes_0001.jpg,Aldo_Paredes/Aldo_Paredes_0002.jpg,1,0.22557822
Alejandro_Avila/Alejandro_Avila_0001.jpg,Alejandro_Avila/Alejandro_Avila_0002.jpg,1,0.43569851
Alejandro_Avila/Alejandro_Avila_0001.jpg,Alejandro_Avila/Alejandro_Avila_0003.jpg,1,0.11731441
Alex_Sink/Alex_Sink_0002.jpg,Alex_Sink/Alex_Sink_0003.jpg,1,0.54405665
Allen_Iverson/Allen_Iverson_0001.jpg,Allen_Iverson/Allen_Iverson_0002.jpg,1,0.60360843
Amram_Mitzna/Amram_Mitzna_0001.jpg,Amram_Mitzna/Amram_Mitzna_0002.jpg,1,0.71731484
Andrew_Niccol/Andrew_Niccol_0001.jpg,Andrew_Niccol/Andrew_Niccol_0002.jpg,1,0.43908158
Andy_Hebb/Andy_Hebb_0001.jpg,Andy_Hebb/Andy_Hebb_0002.jpg,1,0.42868292
Anne_Krueger/Anne_Krueger_0001.jpg,Anne_Krueger/Anne_Krueger_0002.jpg,1,0.70669758
Anne_McLellan/Anne_McLellan_0001.jpg,Anne_McLellan/Anne_McLellan_0003.jpg,1,0.44953680
Anne_McLellan/Anne_McLellan_0002.jpg,Anne_McLellan/Anne_McLellan_0003.jpg,1,0.62522566
Annette_Bening/Annette_Bening_0001.jpg,Annette_Bening/Annette_Bening_0002.jpg,1,0.62112969
Anthony_Hopkins/Anthony_Hopkins_0001.jpg,Anthony_Hopkins/Anthony_Hopkins_0002.jpg,1,0.69575340
Ariel_Sharon/Ariel_Sharon_0016.jpg,Ariel_Sharon/Ariel_Sharon_0045.jpg,1,0.70607203
Arminio_Fraga/Arminio_Fraga_0001.jpg,Arminio_Fraga/Arminio_Fraga_0006.jpg,1,0.50484014
Arminio_Fraga/Arminio_Fraga_0002.jpg,Arminio_Fraga/Arminio_Fraga_0004.jpg,1,0.46343240
Arminio_Fraga/Arminio_Fraga_0003.jpg,Arminio_Fraga/Arminio_Fraga_0006.jpg,1,0.77278036
Arminio_Fraga/Arminio_Fraga_0004.jpg,Arminio_Fraga/Arminio_Fraga_0006.jpg,1,0.76298404
Art_Hoffmann/Art_Hoffmann_0001.jpg,Art_Hoffmann/Art_Hoffmann_0002.jpg,1,0.78410953
Ashanti/Ashanti_0001.jpg,Ashanti/Ashanti_0003.jpg,1,0.39072198
Ashanti/Ashanti_0001.jpg,Ashanti/Ashanti_0004.jpg,1,0.74803299
Ashanti/Ashanti_0002.jpg,Ashanti/Ashanti_0005.jpg,1,0.43635583
Ashanti/Ashanti_0003.jpg,Ashanti/Ashanti_0005.jpg,1,0.34091926
Ashanti/Ashanti_0004.jpg,Ashanti/Ashanti_0005.jpg,1,0.49012089
Augustin_Calleri/Augustin_Calleri_0001.jpg,Augustin_Calleri/Augustin_Calleri_0002.jpg,1,0.46953529
Augustin_Calleri/Augustin_Calleri_0002.jpg,Augustin_Calleri/Augustin_Calleri_0004.jpg,1,0.47776675
Augustin_Calleri/Augustin_Calleri_0003.jpg,Augustin_Calleri/Augustin_Calleri_0004.jpg,1,0.66342819
Bertie_Ahern/Bertie_Ahern_0001.jpg,Bertie_Ahern/Bertie_Ahern_0002.jpg,1,0.43732560
Bertie_Ahern/Bertie_Ahern_0001.jpg,Bertie_Ahern/Bertie_Ahern_0004.jpg,1,0.48701540
Bertie_Ahern/Bertie_Ahern_0001.jpg,Bertie_Ahern/Bertie_Ahern_0005.jpg,1,0.53698039
Bertie_Ahern/Bertie_Ahern_0002.jpg,Bertie_Ahern/Bertie_Ahern_0003.jpg,1,0.50184584
Bertie_Ahern/Bertie_Ahern_0003.jpg,Bertie_Ahern/Bertie_Ahern_0005.jpg,1,0.47856736
Bill_Clinton/Bill_Clinton_0002.jpg,Bill_Clinton/Bill_Clinton_0004.jpg,1,0.68254435
Bill_Clinton/Bill_Clinton_0006.jpg,Bill_Clinton/Bill_Clinton_0008.jpg,1,0.32098895
Bill_Clinton/Bill_Clinton_0006.jpg,Bill_Clinton/Bill_Clinton_0010.jpg,1,0.29018670
Bill_Clinton/Bill_Clinton_0008.jpg,Bill_Clinton/Bill_Clinton_0010.jpg,1,0.56277037
Bill_Clinton/Bill_Clinton_0009.jpg,Bill_Clinton/Bill_Clinton_0012.jpg,1,0.49716917
Bill_Clinton/Bill_Clinton_0010.jpg,Bill_Clinton/Bill_Clinton_0029.jpg,1,0.47007397
Bill_Clinton/Bill_Clinton_0018.jpg,Bill_Clinton/Bill_Clinton_0028.jpg,1,0.47102213
Bill_McBride/Bill_McBride_0004.jpg,Bill_McBride/Bill_McBride_0007.jpg,1,0.43905735
Bill_McBride/Bill_McBride_0004.jpg,Bill_McBride/Bill_McBride_0010.jpg,1,0.52860171
Bill_Parcells/Bill_Parcells_0001.jpg,Bill_Parcells/Bill_Parcells_0002.jpg,1,0.35046959
Binyamin_Ben-Eliezer/Binyamin_Ben-Eliezer_0003.jpg,Binyamin_Ben-Eliezer/Binyamin_Ben-Eliezer_0005.jpg,1,0.69741893
Binyamin_Ben-Eliezer/Binyamin_Ben-Eliezer_0005.jpg,Binyamin_Ben-Eliezer/Binyamin_Ben-Eliezer_0006.jpg,1,0.71449339
Binyamin_Ben-Eliezer/Binyamin_Ben-Eliezer_0006.jpg,Binyamin_Ben-Eliezer/Binyamin_Ben-Eliezer_0007.jpg,1,0.51060748
Brendan_Hansen/Brendan_Hansen_0001.jpg,Brendan_Hansen/Brendan_Hansen_0002.jpg,1,0.48515546
Brian_Wells/Brian_Wells_0001.jpg,Brian_Wells/Brian_Wells_0002.jpg,1,0.41562855
Carlos_Quintanilla_Schmidt/Carlos_Quintanilla_Schmidt_0001.jpg,Carlos_Quintanilla_Schmidt/Carlos_Quintanilla_Schmidt_0002.jpg,1,0.62002325
Carolina_Moraes/Carolina_Moraes_0001.jpg,Carolina_Moraes/Carolina_Moraes_0002.jpg,1,0.42412031
Cecilia_Bolocco/Cecilia_Bolocco_0001.jpg,Cecilia_Bolocco/Cecilia_Bolocco_0002.jpg,1,0.44327167
Cecilia_Bolocco/Cecilia_Bolocco_0001.jpg,Cecilia_Bolocco/Cecilia_Bolocco_0003.jpg,1,0.26560068
Cecilia_Bolocco/Cecilia_Bolocco_0002.jpg,Cecilia_Bolocco/Cecilia_Bolocco_0003.jpg,1,0.41347659
Cesar_Gaviria/Cesar_Gaviria_0002.jpg,Cesar_Gaviria/Cesar_Gaviria_0004.jpg,1,0.60397953
Cesar_Gaviria/Cesar_Gaviria_0002.jpg,Cesar_Gaviria/Cesar_Gaviria_0005.jpg,1,0.54028255
Cesar_Gaviria/Cesar_Gaviria_0003.jpg,Cesar_Gaviria/Cesar_Gaviria_0006.jpg,1,0.51139379
Cesar_Gaviria/Cesar_Gaviria_0003.jpg,Cesar_Gaviria/Cesar_Gaviria_0007.jpg,1,0.47637701
Cesar_Gaviria/Cesar_Gaviria_0004.jpg,Cesar_Gaviria/Cesar_Gaviria_0006.jpg,1,0.56461823
Charlie_Zaa/Charlie_Zaa_0001.jpg,Charlie_Zaa/Charlie_Zaa_0002.jpg,1,0.53341281
Chita_Rivera/Chita_Rivera_0001.jpg,Chita_Rivera/Chita_Rivera_0002.jpg,1,0.67850733
Christian_Longo/Christian_Longo_0001.jpg,Christian_Longo/Christian_Longo_0002.jpg,1,0.33556706
Christian_Longo/Christian_Longo_0001.jpg,Christian_Longo/Christian_Longo_0003.jpg,1,0.63407862
Christian_Wulff/Christian_Wulff_0001.jpg,Christian_Wulff/Christian_Wulff_0002.jpg,1,0.63512838
Colin_Jackson/Colin_Jackson_0001.jpg,Colin_Jackson/Colin_Jackson_0002.jpg,1,0.73231268
Darrell_Issa/Darrell_Issa_0001.jpg,Darrell_Issa/Darrell_Issa_0002.jpg,1,0.51846671
Darrell_Porter/Darrell_Porter_0001.jpg,Darrell_Porter/Darrell_Porter_0002.jpg,1,0.38502723
Dave_Campo/Dave_Campo_0001.jpg,Dave_Campo/Dave_Campo_0003.jpg,1,0.35077852
David_Dodge/David_Dodge_0001.jpg,David_Dodge/David_Dodge_0002.jpg,1,0.53999150
David_Heyman/David_Heyman_0001.jpg,David_Heyman/David_Heyman_0002.jpg,1,0.77009428
David_Spade/David_Spade_0001.jpg,David_Spade/David_Spade_0002.jpg,1,0.41739663
David_Wells/David_Wells_0001.jpg,David_Wells/David_Wells_0005.jpg,1,0.54588276
David_Wells/David_Wells_0001.jpg,David_Wells/David_Wells_0006.jpg,1,0.34855565
David_Wells/David_Wells_0001.jpg,David_Wells/David_Wells_0007.jpg,1,0.59259838
David_Wells/David_Wells_0002.jpg,David_Wells/David_Wells_0006.jpg,1,0.65811038
David_Wells/David_Wells_0005.jpg,David_Wells/David_Wells_0006.jpg,1,0.41177037
Debbie_Reynolds/Debbie_Reynolds_0001.jpg,Debbie_Reynolds/Debbie_Reynolds_0003.jpg,1,0.12297077
Debbie_Reynolds/Debbie_Reynolds_0002.jpg,Debbie_Reynolds/Debbie_Reynolds_0004.jpg,1,0.56233084
Dexter_Jackson/Dexter_Jackson_0001.jpg,Dexter_Jackson/Dexter_Jackson_0002.jpg,1,0.55637550
Diana_Taurasi/Diana_Taurasi_0001.jpg,Diana_Taurasi/Diana_Taurasi_0002.jpg,1,0.40517443
Donald_Evans/Donald_Evans_0001.jpg,Donald_Evans/Donald_Evans_0002.jpg,1,0.69269812
Duane_Lee_Chapman/Duane_Lee_Chapman_0001.jpg,Duane_Lee_Chapman/Duane_Lee_Chapman_0002.jpg,1,0.51038051
Ed_Smart/Ed_Smart_0001.jpg,Ed_Smart/Ed_Smart_0003.jpg,1,0.08429736
Eileen_Coparropa/Eileen_Coparropa_0001.jpg,Eileen_Coparropa/Eileen_Coparropa_0002.jpg,1,0.85899037
Eileen_Coparropa/Eileen_Coparropa_0001.jpg,Eileen_Coparropa/Eileen_Coparropa_0003.jpg,1,0.41055489
Eileen_Coparropa/Eileen_Coparropa_0002.jpg,Eileen_Coparropa/Eileen_Coparropa_0003.jpg,1,0.34516844
Elizabeth_Dole/Elizabeth_Dole_0001.jpg,Elizabeth_Dole/Elizabeth_Dole_0003.jpg,1,0.60061735
Elizabeth_Dole/Elizabeth_Dole_0002.jpg,Elizabeth_Dole/Elizabeth_Dole_0004.jpg,1,0.56597477
Fred_Funk/Fred_Funk_0001.jpg,Fred_Funk/Fred_Funk_0002.jpg,1,0.19485435
Gabriel_Valdes/Gabriel_Valdes_0001.jpg,Gabriel_Valdes/Gabriel_Valdes_0002.jpg,1,0.39797145
Gary_Winnick/Gary_Winnick_0001.jpg,Gary_Winnick/Gary_Winnick_0002.jpg,1,0.51206315
Geno_Auriemma/Geno_Auriemma_0001.jpg,Geno_Auriemma/Geno_Auriemma_0002.jpg,1,0.36212814
George_Karl/George_Karl_0001.jpg,George_Karl/George_Karl_0002.jpg,1,0.63083893
George_Robertson/George_Robertson_0002.jpg,George_Robertson/George_Robertson_0003.jpg,1,0.75478053
George_Robertson/George_Robertson_0003.jpg,George_Robertson/George_Robertson_0019.jpg,1,0.62260103
George_Robertson/George_Robertson_0007.jpg,George_Robertson/George_Robertson_0019.jpg,1,0.53759849
George_Robertson/George_Robertson_0011.jpg,George_Robertson/George_Robertson_0012.jpg,1,0.23273435
George_Ryan/George_Ryan_0001.jpg,George_Ryan/George_Ryan_0004.jpg,1,0.65818048
George_Ryan/George_Ryan_0002.jpg,George_Ryan/George_Ryan_0003.jpg,1,0.81169224
George_W_Bush/George_W_Bush_0007.jpg,George_W_Bush/George_W_Bush_0065.jpg,1,0.43639570
George_W_Bush/George_W_Bush_0016.jpg,George_W_Bush/George_W_Bush_0482.jpg,1,0.41184795
George_W_Bush/George_W_Bush_0145.jpg,George_W_Bush/George_W_Bush_0150.jpg,1,0.37663794
George_W_Bush/George_W_Bush_0145.jpg,George_W_Bush/George_W_Bush_0238.jpg,1,0.44089362
George_W_Bush/George_W_Bush_0203.jpg,George_W_Bush/George_W_Bush_0247.jpg,1,0.61930096
Gloria_Trevi/Gloria_Trevi_0001.jpg,Gloria_Trevi/Gloria_Trevi_0002.jpg,1,0.48055649
Gloria_Trevi/Gloria_Trevi_0002.jpg,Gloria_Trevi/Gloria_Trevi_0003.jpg,1,0.64685947
Gloria_Trevi/Gloria_Trevi_0002.jpg,Gloria_Trevi/Gloria_Trevi_0004.jpg,1,0.64651078
Gordon_Campbell/Gordon_Campbell_0001.jpg,Gordon_Campbell/Gordon_Campbell_0002.jpg,1,0.49863717
Greg_Rusedski/Greg_Rusedski_0001.jpg,Greg_Rusedski/Greg_Rusedski_0002.jpg,1,0.48820204
Greg_Rusedski/Greg_Rusedski_0002.jpg,Greg_Rusedski/Greg_Rusedski_0003.jpg,1,0.62879729
Greg_Rusedski/Greg_Rusedski_0002.jpg,Greg_Rusedski/Greg_Rusedski_0004.jpg,1,0.71582580
Greg_Rusedski/Greg_Rusedski_0003.jpg,Greg_Rusedski/Greg_Rusedski_0004.jpg,1,0.60136831
Gustavo_Kuerten/Gustavo_Kuerten_0001.jpg,Gustavo_Kuerten/Gustavo_Kuerten_0002.jpg,1,0.76697868
Gustavo_Kuerten/Gustavo_Kuerten_0002.jpg,Gustavo_Kuerten/Gustavo_Kuerten_0003.jpg,1,0.57956290
Guy_Hemmings/Guy_Hemmings_0001.jpg,Guy_Hemmings/Guy_Hemmings_0002.jpg,1,0.52201355
Halle_Berry/Halle_Berry_0006.jpg,Halle_Berry/Halle_Berry_0007.jpg,1,0.79125166
Halle_Berry/Halle_Berry_0006.jpg,Halle_Berry/Halle_Berry_0009.jpg,1,-0.09429827
Halle_Berry/Halle_Berry_0007.jpg,Halle_Berry/Halle_Berry_0009.jpg,1,-0.04462245
Heather_Mills/Heather_Mills_0002.jpg,Heather_Mills/Heather_Mills_0003.jpg,1,0.24967986
Heather_Mills/Heather_Mills_0002.jpg,Heather_Mills/Heather_Mills_0004.jpg,1,0.16525325
Heidi_Fleiss/Heidi_Fleiss_0001.jpg,Heidi_Fleiss/Heidi_Fleiss_0002.jpg,1,0.42070413
Heidi_Fleiss/Heidi_Fleiss_0001.jpg,Heidi_Fleiss/Heidi_Fleiss_0003.jpg,1,0.30339423
Henrique_Meirelles/Henrique_Meirelles_0001.jpg,Henrique_Meirelles/Henrique_Meirelles_0002.jpg,1,0.64592099
Iva_Majoli/Iva_Majoli_0001.jpg,Iva_Majoli/Iva_Majoli_0002.jpg,1,0.28214008
Jake_Gyllenhaal/Jake_Gyllenhaal_0003.jpg,Jake_Gyllenhaal/Jake_Gyllenhaal_0005.jpg,1,0.71018851
Jake_Gyllenhaal/Jake_Gyllenhaal_0004.jpg,Jake_Gyllenhaal/Jake_Gyllenhaal_0005.jpg,1,0.69043481
James_Cunningham/James_Cunningham_0001.jpg,James_Cunningham/James_Cunningham_0002.jpg,1,0.48092651
James_Cunningham/James_Cunningham_0001.jpg,James_Cunningham/James_Cunningham_0003.jpg,1,0.47593045
James_Cunningham/James_Cunningham_0002.jpg,James_Cunningham/James_Cunningham_0003.jpg,1,0.21459319
James_Parker/James_Parker_0001.jpg,James_Parker/James_Parker_0002.jpg,1,0.51729715
James_Wolfensohn/James_Wolfensohn_0002.jpg,James_Wolfensohn/James_Wolfensohn_0005.jpg,1,0.63240588
Jason_Lezak/Jason_Lezak_0001.jpg,Jason_Lezak/Jason_Lezak_0002.jpg,1,0.77212322
Jay_Rasulo/Jay_Rasulo_0001.jpg,Jay_Rasulo/Jay_Rasulo_0002.jpg,1,0.54889053
Jean-Claude_Juncker/Jean-Claude_Juncker_0001.jpg,Jean-Claude_Juncker/Jean-Claude_Juncker_0002.jpg,1,0.30278233
Jennifer_Lopez/Jennifer_Lopez_0001.jpg,Jennifer_Lopez/Jennifer_Lopez_0003.jpg,1,0.59979010
Jennifer_Lopez/Jennifer_Lopez_0002.jpg,Jennifer_Lopez/Jennifer_Lopez_0016.jpg,1,0.45921078
Jennifer_Lopez/Jennifer_Lopez_0003.jpg,Jennifer_Lopez/Jennifer_Lopez_0010.jpg,1,0.59663320
Jennifer_Lopez/Jennifer_Lopez_0003.jpg,Jennifer_Lopez/Jennifer_Lopez_0014.jpg,1,0.50034893
Jesse_Jackson/Jesse_Jackson_0001.jpg,Jesse_Jackson/Jesse_Jackson_0003.jpg,1,0.42849135
Jesse_Jackson/Jesse_Jackson_0005.jpg,Jesse_Jackson/Jesse_Jackson_0008.jpg,1,0.39591959
Jesse_Jackson/Jesse_Jackson_0007.jpg,Jesse_Jackson/Jesse_Jackson_0008.jpg,1,0.55638683
Jesse_James_Leija/Jesse_James_Leija_0001.jpg,Jesse_James_Leija/Jesse_James_Leija_0002.jpg,1,0.12620637
Jesse_Ventura/Jesse_Ventura_0002.jpg,Jesse_Ventura/Jesse_Ventura_0003.jpg,1,0.41221967
Jia_Qinglin/Jia_Qinglin_0001.jpg,Jia_Qinglin/Jia_Qinglin_0002.jpg,1,0.63949001
Jim_Tressel/Jim_Tressel_0001.jpg,Jim_Tressel/Jim_Tressel_0002.jpg,1,0.50378722
Jim_Tressel/Jim_Tressel_0001.jpg,Jim_Tressel/Jim_Tressel_0004.jpg,1,0.48934904
Jim_Tressel/Jim_Tressel_0002.jpg,Jim_Tressel/Jim_Tressel_0004.jpg,1,0.55770278
Joan_Laporta/Joan_Laporta_0001.jpg,Joan_Laporta/Joan_Laporta_0006.jpg,1,0.55415177
Joan_Laporta/Joan_Laporta_0006.jpg,Joan_Laporta/Joan_Laporta_0007.jpg,1,0.64897573
Joan_Laporta/Joan_Laporta_0006.jpg,Joan_Laporta/Joan_Laporta_0008.jpg,1,0.50359535
Joe_Dumars/Joe_Dumars_0001.jpg,Joe_Dumars/Joe_Dumars_0002.jpg,1,0.64816022
John_Ashcroft/John_Ashcroft_0003.jpg,John_Ashcroft/John_Ashcroft_0005.jpg,1,0.54486138
John_Ashcroft/John_Ashcroft_0013.jpg,John_Ashcroft/John_Ashcroft_0034.jpg,1,0.45347619
John_Ashcroft/John_Ashcroft_0042.jpg,John_Ashcroft/John_Ashcroft_0043.jpg,1,0.37119859
John_Bolton/John_Bolton_0006.jpg,John_Bolton/John_Bolton_0007.jpg,1,0.63863742
John_Bolton/John_Bolton_0011.jpg,John_Bolton/John_Bolton_0016.jpg,1,0.50139081
John_Swofford/John_Swofford_0001.jpg,John_Swofford/John_Swofford_0002.jpg,1,0.39495414
John_Swofford/John_Swofford_0001.jpg,John_Swofford/John_Swofford_0003.jpg,1,0.53667760
John_Timoney/John_Timoney_0001.jpg,John_Timoney/John_Timoney_0002.jpg,1,0.78796673
Jon_Gruden/Jon_Gruden_0001.jpg,Jon_Gruden/Jon_Gruden_0002.jpg,1,0.56416655
Jon_Gruden/Jon_Gruden_0002.jpg,Jon_Gruden/Jon_Gruden_0005.jpg,1,0.67864096
Jon_Gruden/Jon_Gruden_0003.jpg,Jon_Gruden/Jon_Gruden_0006.jpg,1,0.42610991
Jon_Gruden/Jon_Gruden_0003.jpg,Jon_Gruden/Jon_Gruden_0007.jpg,1,0.41085893
Julie_Taymor/Julie_Taymor_0001.jpg,Julie_Taymor/Julie_Taymor_0002.jpg,1,0.64150113
Kamal_Kharrazi/Kamal_Kharrazi_0001.jpg,Kamal_Kharrazi/Kamal_Kharrazi_0005.jpg,1,0.67007971
Kamal_Kharrazi/Kamal_Kharrazi_0002.jpg,Kamal_Kharrazi/Kamal_Kharrazi_0003.jpg,1,0.64533722
Kamal_Kharrazi/Kamal_Kharrazi_0002.jpg,Kamal_Kharrazi/Kamal_Kharrazi_0006.jpg,1,0.52613473
Karin_Stoiber/Karin_Stoiber_0001.jpg,Karin_Stoiber/Karin_Stoiber_0002.jpg,1,0.63728333
Kim_Yong-il/Kim_Yong-il_0001.jpg,Kim_Yong-il/Kim_Yong-il_0002.jpg,1,0.64524281
Kim_Yong-il/Kim_Yong-il_0001.jpg,Kim_Yong-il/Kim_Yong-il_0003.jpg,1,0.71051556
Kimi_Raikkonen/Kimi_Raikkonen_0001.jpg,Kimi_Raikkonen/Kimi_Raikkonen_0003.jpg,1,0.01733943
Kimi_Raikkonen/Kimi_Raikkonen_0002.jpg,Kimi_Raikkonen/Kimi_Raikkonen_0003.jpg,1,0.30511180
Kjell_Magne_Bondevik/Kjell_Magne_Bondevik_0001.jpg,Kjell_Magne_Bondevik/Kjell_Magne_Bondevik_0003.jpg,1,0.58856040
Kobe_Bryant/Kobe_Bryant_0001.jpg,Kobe_Bryant/Kobe_Bryant_0002.jpg,1,0.18265258
Kurt_Warner/Kurt_Warner_0001.jpg,Kurt_Warner/Kurt_Warner_0002.jpg,1,0.47014385
Kurt_Warner/Kurt_Warner_0001.jpg,Kurt_Warner/Kurt_Warner_0004.jpg,1,0.58896846
Kurt_Warner/Kurt_Warner_0002.jpg,Kurt_Warner/Kurt_Warner_0004.jpg,1,0.67972982
Kurt_Warner/Kurt_Warner_0003.jpg,Kurt_Warner/Kurt_Warner_0005.jpg,1,0.44081956
Kwon_Yang-sook/Kwon_Yang-sook_0001.jpg,Kwon_Yang-sook/Kwon_Yang-sook_0003.jpg,1,0.72583115
Kwon_Yang-sook/Kwon_Yang-sook_0002.jpg,Kwon_Yang-sook/Kwon_Yang-sook_0003.jpg,1,0.72263521
Lee_Jun/Lee_Jun_0001.jpg,Lee_Jun/Lee_Jun_0002.jpg,1,0.53534663
Leonid_Kuchma/Leonid_Kuchma_0001.jpg,Leonid_Kuchma/Leonid_Kuchma_0002.jpg,1,0.71527350
Leonid_Kuchma/Leonid_Kuchma_0001.jpg,Leonid_Kuchma/Leonid_Kuchma_0003.jpg,1,0.69573843
Leonid_Kuchma/Leonid_Kuchma_0002.jpg,Leonid_Kuchma/Leonid_Kuchma_0003.jpg,1,0.67658269
Leonid_Kuchma/Leonid_Kuchma_0002.jpg,Leonid_Kuchma/Leonid_Kuchma_0005.jpg,1,0.64841044
Leonid_Kuchma/Leonid_Kuchma_0004.jpg,Leonid_Kuchma/Leonid_Kuchma_0005.jpg,1,0.62004399
Lina_Krasnoroutskaya/Lina_Krasnoroutskaya_0001.jpg,Lina_Krasnoroutskaya/Lina_Krasnoroutskaya_0002.jpg,1,0.25234389
Lisa_Raymond/Lisa_Raymond_0001.jpg,Lisa_Raymond/Lisa_Raymond_0002.jpg,1,0.60033274
Lord_Hutton/Lord_Hutton_0001.jpg,Lord_Hutton/Lord_Hutton_0002.jpg,1,0.63780200
Luiz_Felipe_Scolari/Luiz_Felipe_Scolari_0001.jpg,Luiz_Felipe_Scolari/Luiz_Felipe_Scolari_0002.jpg,1,0.62787777
Lynn_Redgrave/Lynn_Redgrave_0002.jpg,Lynn_Redgrave/Lynn_Redgrave_0003.jpg,1,0.71490616
Magdalena_Maleeva/Magdalena_Maleeva_0001.jpg,Magdalena_Maleeva/Magdalena_Maleeva_0002.jpg,1,0.62140095
Magdalena_Maleeva/Magdalena_Maleeva_0001.jpg,Magdalena_Maleeva/Magdalena_Maleeva_0003.jpg,1,0.56532270
Magdalena_Maleeva/Magdalena_Maleeva_0002.jpg,Magdalena_Maleeva/Magdalena_Maleeva_0003.jpg,1,0.77010876
Marcelo_Ebrard/Marcelo_Ebrard_0001.jpg,Marcelo_Ebrard/Marcelo_Ebrard_0002.jpg,1,0.69096768
Marcelo_Ebrard/Marcelo_Ebrard_0001.jpg,Marcelo_Ebrard/Marcelo_Ebrard_0003.jpg,1,0.59263635
Marcelo_Rios/Marcelo_Rios_0001.jpg,Marcelo_Rios/Marcelo_Rios_0003.jpg,1,0.57825696
Marcelo_Rios/Marcelo_Rios_0001.jpg,Marcelo_Rios/Marcelo_Rios_0004.jpg,1,0.62989074
Marcelo_Rios/Marcelo_Rios_0002.jpg,Marcelo_Rios/Marcelo_Rios_0003.jpg,1,0.60265505
Marcelo_Rios/Marcelo_Rios_0003.jpg,Marcelo_Rios/Marcelo_Rios_0004.jpg,1,0.52687818
Marcelo_Rios/Marcelo_Rios_0003.jpg,Marcelo_Rios/Marcelo_Rios_0005.jpg,1,0.68181002
Maria_Shriver/Maria_Shriver_0001.jpg,Maria_Shriver/Maria_Shriver_0007.jpg,1,0.30173790
Maria_Shriver/Maria_Shriver_0001.jpg,Maria_Shriver/Maria_Shriver_0008.jpg,1,0.46273622
Maria_Shriver/Maria_Shriver_0002.jpg,Maria_Shriver/Maria_Shriver_0006.jpg,1,0.51325750
Maria_Shriver/Maria_Shriver_0002.jpg,Maria_Shriver/Maria_Shriver_0008.jpg,1,0.39067954
Maria_Shriver/Maria_Shriver_0003.jpg,Maria_Shriver/Maria_Shriver_0008.jpg,1,0.55468625
Marilyn_Monroe/Marilyn_Monroe_0001.jpg,Marilyn_Monroe/Marilyn_Monroe_0002.jpg,1,0.12185895
Mario_Cipollini/Mario_Cipollini_0001.jpg,Mario_Cipollini/Mario_Cipollini_0002.jpg,1,0.70132577
Mark_Hurlbert/Mark_Hurlbert_0001.jpg,Mark_Hurlbert/Mark_Hurlbert_0005.jpg,1,0.55964828
Mark_Hurlbert/Mark_Hurlbert_0002.jpg,Mark_Hurlbert/Mark_Hurlbert_0003.jpg,1,0.70627034
Mark_Hurlbert/Mark_Hurlbert_0002.jpg,Mark_Hurlbert/Mark_Hurlbert_0004.jpg,1,0.48861200
Martin_Scorsese/Martin_Scorsese_0002.jpg,Martin_Scorsese/Martin_Scorsese_0005.jpg,1,0.51592851
Martin_Scorsese/Martin_Scorsese_0003.jpg,Martin_Scorsese/Martin_Scorsese_0004.jpg,1,0.72715241
Marwan_Barghouthi/Marwan_Barghouthi_0001.jpg,Marwan_Barghouthi/Marwan_Barghouthi_0002.jpg,1,0.69065005
Michael_Bloomberg/Michael_Bloomberg_0001.jpg,Michael_Bloomberg/Michael_Bloomberg_0012.jpg,1,0.61410856
Michael_Bloomberg/Michael_Bloomberg_0003.jpg,Michael_Bloomberg/Michael_Bloomberg_0005.jpg,1,0.39867455
Michael_Bloomberg/Michael_Bloomberg_0007.jpg,Michael_Bloomberg/Michael_Bloomberg_0011.jpg,1,0.46280569
Michael_Bloomberg/Michael_Bloomberg_0011.jpg,Michael_Bloomberg/Michael_Bloomberg_0013.jpg,1,0.36934242
Michael_Chang/Michael_Chang_0001.jpg,Michael_Chang/Michael_Chang_0003.jpg,1,0.29840240
Michael_Chang/Michael_Chang_0005.jpg,Michael_Chang/Michael_Chang_0006.jpg,1,0.34156930
Michael_Jackson/Michael_Jackson_0001.jpg,Michael_Jackson/Michael_Jackson_0006.jpg,1,0.68986964
Michael_Jackson/Michael_Jackson_0002.jpg,Michael_Jackson/Michael_Jackson_0003.jpg,1,0.66156578
Michael_Jackson/Michael_Jackson_0002.jpg,Michael_Jackson/Michael_Jackson_0011.jpg,1,0.58868629
Michael_Jackson/Michael_Jackson_0002.jpg,Michael_Jackson/Michael_Jackson_0012.jpg,1,0.64276576
Michael_Jackson/Michael_Jackson_0011.jpg,Michael_Jackson/Michael_Jackson_0012.jpg,1,0.67444515
Michael_Patrick_King/Michael_Patrick_King_0001.jpg,Michael_Patrick_King/Michael_Patrick_King_0002.jpg,1,0.48214194
Michelle_Rodriguez/Michelle_Rodriguez_0001.jpg,Michelle_Rodriguez/Michelle_Rodriguez_0002.jpg,1,0.57862192
Mike_Babcock/Mike_Babcock_0001.jpg,Mike_Babcock/Mike_Babcock_0002.jpg,1,0.59308809
Mike_Martz/Mike_Martz_0001.jpg,Mike_Martz/Mike_Martz_0003.jpg,1,0.65699685
Mike_Scioscia/Mike_Scioscia_0001.jpg,Mike_Scioscia/Mike_Scioscia_0002.jpg,1,0.61351454
Mikulas_Dzurinda/Mikulas_Dzurinda_0001.jpg,Mikulas_Dzurinda/Mikulas_Dzurinda_0002.jpg,1,0.56061083
Miroljub/Miroljub_0001.jpg,Miroljub/Miroljub_0002.jpg,1,0.70994967
Nasser_al-Kidwa/Nasser_al-Kidwa_0001.jpg,Nasser_al-Kidwa/Nasser_al-Kidwa_0002.jpg,1,0.45131484
Nick_Nolte/Nick_Nolte_0001.jpg,Nick_Nolte/Nick_Nolte_0002.jpg,1,0.41621399
Nick_Nolte/Nick_Nolte_0001.jpg,Nick_Nolte/Nick_Nolte_0003.jpg,1,0.50715518
Nick_Nolte/Nick_Nolte_0001.jpg,Nick_Nolte/Nick_Nolte_0005.jpg,1,0.39604753
Nick_Nolte/Nick_Nolte_0002.jpg,Nick_Nolte/Nick_Nolte_0004.jpg,1,0.53088504
Nick_Nolte/Nick_Nolte_0003.jpg,Nick_Nolte/Nick_Nolte_0004.jpg,1,0.57861847
OJ_Simpson/OJ_Simpson_0001.jpg,OJ_Simpson/OJ_Simpson_0002.jpg,1,0.49111938
Oprah_Winfrey/Oprah_Winfrey_0001.jpg,Oprah_Winfrey/Oprah_Winfrey_0002.jpg,1,0.26229304
Oprah_Winfrey/Oprah_Winfrey_0002.jpg,Oprah_Winfrey/Oprah_Winfrey_0003.jpg,1,0.43592191
Orlando_Bloom/Orlando_Bloom_0002.jpg,Orlando_Bloom/Orlando_Bloom_0003.jpg,1,0.30893248
Ozzy_Osbourne/Ozzy_Osbourne_0001.jpg,Ozzy_Osbourne/Ozzy_Osbourne_0003.jpg,1,0.19517773
Paul_Coppin/Paul_Coppin_0001.jpg,Paul_Coppin/Paul_Coppin_0002.jpg,1,0.49871570
Paul_Martin/Paul_Martin_0001.jpg,Paul_Martin/Paul_Martin_0006.jpg,1,0.44927406
Paul_Martin/Paul_Martin_0001.jpg,Paul_Martin/Paul_Martin_0007.jpg,1,0.42709076
Paul_McNulty/Paul_McNulty_0001.jpg,Paul_McNulty/Paul_McNulty_0002.jpg,1,0.78335571
Paul_ONeill/Paul_ONeill_0001.jpg,Paul_ONeill/Paul_ONeill_0003.jpg,1,0.15729697
Paul_ONeill/Paul_ONeill_0005.jpg,Paul_ONeill/Paul_ONeill_0007.jpg,1,0.38943553
Paul_Patton/Paul_Patton_0001.jpg,Paul_Patton/Paul_Patton_0002.jpg,1,0.73372126
Paula_Zahn/Paula_Zahn_0001.jpg,Paula_Zahn/Paula_Zahn_0002.jpg,1,0.58624864
Pierce_Brosnan/Pierce_Brosnan_0001.jpg,Pierce_Brosnan/Pierce_Brosnan_0005.jpg,1,0.46597821
Pierce_Brosnan/Pierce_Brosnan_0003.jpg,Pierce_Brosnan/Pierce_Brosnan_0007.jpg,1,0.52796233
Pierce_Brosnan/Pierce_Brosnan_0006.jpg,Pierce_Brosnan/Pierce_Brosnan_0009.jpg,1,0.40780723
Pierce_Brosnan/Pierce_Brosnan_0009.jpg,Pierce_Brosnan/Pierce_Brosnan_0014.jpg,1,0.41280043
Pierre_Pettigrew/Pierre_Pettigrew_0001.jpg,Pierre_Pettigrew/Pierre_Pettigrew_0003.jpg,1,0.66119045
Ralf_Schumacher/Ralf_Schumacher_0005.jpg,Ralf_Schumacher/Ralf_Schumacher_0008.jpg,1,0.50499701
Ricky_Barnes/Ricky_Barnes_0001.jpg,Ricky_Barnes/Ricky_Barnes_0002.jpg,1,0.32191139
Rita_Wilson/Rita_Wilson_0001.jpg,Rita_Wilson/Rita_Wilson_0004.jpg,1,0.67562687
Rob_Schneider/Rob_Schneider_0001.jpg,Rob_Schneider/Rob_Schneider_0002.jpg,1,0.30513409
Robbie_Fowler/Robbie_Fowler_0001.jpg,Robbie_Fowler/Robbie_Fowler_0002.jpg,1,0.79642808
Robert_Blake/Robert_Blake_0001.jpg,Robert_Blake/Robert_Blake_0003.jpg,1,0.40924871
Robert_Blake/Robert_Blake_0001.jpg,Robert_Blake/Robert_Blake_0004.jpg,1,0.60582209
Robert_Blake/Robert_Blake_0005.jpg,Robert_Blake/Robert_Blake_0006.jpg,1,0.63941336
Rogerio_Romero/Rogerio_Romero_0001.jpg,Rogerio_Romero/Rogerio_Romero_0002.jpg,1,0.61083305
Rupert_Grint/Rupert_Grint_0001.jpg,Rupert_Grint/Rupert_Grint_0003.jpg,1,0.65785623
Salman_Rushdie/Salman_Rushdie_0001.jpg,Salman_Rushdie/Salman_Rushdie_0003.jpg,1,0.63743418
Salman_Rushdie/Salman_Rushdie_0002.jpg,Salman_Rushdie/Salman_Rushdie_0003.jpg,1,0.54052979
Scott_Sullivan/Scott_Sullivan_0001.jpg,Scott_Sullivan/Scott_Sullivan_0002.jpg,1,0.47607368
Scott_Wolf/Scott_Wolf_0001.jpg,Scott_Wolf/Scott_Wolf_0002.jpg,1,0.67682612
Sepp_Blatter/Sepp_Blatter_0001.jpg,Sepp_Blatter/Sepp_Blatter_0002.jpg,1,0.59231102
Sepp_Blatter/Sepp_Blatter_0001.jpg,Sepp_Blatter/Sepp_Blatter_0003.jpg,1,0.34870511
Sepp_Blatter/Sepp_Blatter_0002.jpg,Sepp_Blatter/Sepp_Blatter_0003.jpg,1,0.52808768
Simon_Cowell/Simon_Cowell_0001.jpg,Simon_Cowell/Simon_Cowell_0002.jpg,1,0.53179634
Slobodan_Milosevic/Slobodan_Milosevic_0001.jpg,Slobodan_Milosevic/Slobodan_Milosevic_0003.jpg,1,0.68533182
Slobodan_Milosevic/Slobodan_Milosevic_0002.jpg,Slobodan_Milosevic/Slobodan_Milosevic_0003.jpg,1,0.71205938
Slobodan_Milosevic/Slobodan_Milosevic_0003.jpg,Slobodan_Milosevic/Slobodan_Milosevic_0004.jpg,1,0.48495063
Stacy_Dragila/Stacy_Dragila_0001.jpg,Stacy_Dragila/Stacy_Dragila_0002.jpg,1,0.56280541
Stephen_Ambrose/Stephen_Ambrose_0001.jpg,Stephen_Ambrose/Stephen_Ambrose_0002.jpg,1,0.36231834
Stephen_Daldry/Stephen_Daldry_0001.jpg,Stephen_Daldry/Stephen_Daldry_0002.jpg,1,0.38748908
Stephen_Friedman/Stephen_Friedman_0001.jpg,Stephen_Friedman/Stephen_Friedman_0002.jpg,1,0.52312064
Theo_Epstein/Theo_Epstein_0001.jpg,Theo_Epstein/Theo_Epstein_0002.jpg,1,0.61724913
Thomas_Wyman/Thomas_Wyman_0001.jpg,Thomas_Wyman/Thomas_Wyman_0002.jpg,1,0.36687428
Tim_Floyd/Tim_Floyd_0001.jpg,Tim_Floyd/Tim_Floyd_0002.jpg,1,0.76259434
Tom_Watson/Tom_Watson_0001.jpg,Tom_Watson/Tom_Watson_0003.jpg,1,0.45293939
Tom_Watson/Tom_Watson_0002.jpg,Tom_Watson/Tom_Watson_0003.jpg,1,0.38678470
Tommy_Robredo/Tommy_Robredo_0001.jpg,Tommy_Robredo/Tommy_Robredo_0003.jpg,1,0.45534176
Tommy_Robredo/Tommy_Robredo_0002.jpg,Tommy_Robredo/Tommy_Robredo_0003.jpg,1,0.70196879
Tony_Parker/Tony_Parker_0001.jpg,Tony_Parker/Tony_Parker_0002.jpg,1,0.42488992
Tony_Stewart/Tony_Stewart_0001.jpg,Tony_Stewart/Tony_Stewart_0006.jpg,1,0.54407644
Tony_Stewart/Tony_Stewart_0002.jpg,Tony_Stewart/Tony_Stewart_0003.jpg,1,0.48607057
Tony_Stewart/Tony_Stewart_0004.jpg,Tony_Stewart/Tony_Stewart_0005.jpg,1,0.35947210
Tony_Stewart/Tony_Stewart_0004.jpg,Tony_Stewart/Tony_Stewart_0006.jpg,1,0.45489714
Vladimir_Voltchkov/Vladimir_Voltchkov_0001.jpg,Vladimir_Voltchkov/Vladimir_Voltchkov_0002.jpg,1,0.50762647
Wang_Yi/Wang_Yi_0001.jpg,Wang_Yi/Wang_Yi_0002.jpg,1,0.58803594
Zafarullah_Khan_Jamali/Zafarullah_Khan_Jamali_0001.jpg,Zafarullah_Khan_Jamali/Zafarullah_Khan_Jamali_0002.jpg,1,0.66417170
Zhu_Rongji/Zhu_Rongji_0001.jpg,Zhu_Rongji/Zhu_Rongji_0003.jpg,1,0.62830722
Zhu_Rongji/Zhu_Rongji_0002.jpg,Zhu_Rongji/Zhu_Rongji_0008.jpg,1,0.73883873
Abdel_Madi_Shabneh/Abdel_Madi_Shabneh_0001.jpg,Dean_Barker/Dean_Barker_0001.jpg,0,0.13592705
Abdel_Madi_Shabneh/Abdel_Madi_Shabneh_0001.jpg,Giancarlo_Fisichella/Giancarlo_Fisichella_0001.jpg,0,0.33820447
Abdel_Madi_Shabneh/Abdel_Madi_Shabneh_0001.jpg,Mikhail_Gorbachev/Mikhail_Gorbachev_0001.jpg,0,0.00595246
Abdul_Rahman/Abdul_Rahman_0001.jpg,Portia_de_Rossi/Portia_de_Rossi_0001.jpg,0,0.08210847
Abel_Pacheco/Abel_Pacheco_0001.jpg,Jong_Thae_Hwa/Jong_Thae_Hwa_0002.jpg,0,0.12863460
Abel_Pacheco/Abel_Pacheco_0002.jpg,Jean-Francois_Lemounier/Jean-Francois_Lemounier_0001.jpg,0,0.06365148
Afton_Smith/Afton_Smith_0001.jpg,Dwayne_Wade/Dwayne_Wade_0001.jpg,0,0.19152859
Ahmad_Jbarah/Ahmad_Jbarah_0001.jpg,James_Comey/James_Comey_0001.jpg,0,0.08642322
Akhmed_Zakayev/Akhmed_Zakayev_0002.jpg,Donna_Morrissey/Donna_Morrissey_0001.jpg,0,-0.05332003
Alan_Dershowitz/Alan_Dershowitz_0001.jpg,Bertrand_Bonello/Bertrand_Bonello_0001.jpg,0,0.24580282
Alanis_Morissette/Alanis_Morissette_0001.jpg,Martin_Cauchon/Martin_Cauchon_0001.jpg,0,-0.04536538
Alexander_Lukashenko/Alexander_Lukashenko_0001.jpg,Heather_Chinnock/Heather_Chinnock_0001.jpg,0,0.11758969
Alfonso_Cuaron/Alfonso_Cuaron_0001.jpg,Jason_Priestley/Jason_Priestley_0001.jpg,0,0.16868727
Alfonso_Cuaron/Alfonso_Cuaron_0001.jpg,Patty_Schnyder/Patty_Schnyder_0002.jpg,0,-0.24370924
Alfonso_Soriano/Alfonso_Soriano_0001.jpg,Bill_Nelson/Bill_Nelson_0002.jpg,0,0.02928623
Alfonso_Soriano/Alfonso_Soriano_0001.jpg,Julio_De_Brun/Julio_De_Brun_0001.jpg,0,-0.02695956
Alfonso_Soriano/Alfonso_Soriano_0001.jpg,Patty_Schnyder/Patty_Schnyder_0003.jpg,0,0.06904902
Alonzo_Mourning/Alonzo_Mourning_0001.jpg,Cecilia_Cheung/Cecilia_Cheung_0001.jpg,0,0.10519647
Amber_Tamblyn/Amber_Tamblyn_0002.jpg,Benjamin_Netanyahu/Benjamin_Netanyahu_0001.jpg,0,-0.01129731
Amporn_Falise/Amporn_Falise_0001.jpg,Joe_Pantoliano/Joe_Pantoliano_0001.jpg,0,0.03809373
Anders_Fogh_Rasmussen/Anders_Fogh_Rasmussen_0002.jpg,Johnson_Panjaitan/Johnson_Panjaitan_0002.jpg,0,0.07723609
Andre_Bucher/Andre_Bucher_0001.jpg,Joseph_Ralston/Joseph_Ralston_0001.jpg,0,-0.09927668
Andre_Bucher/Andre_Bucher_0001.jpg,Maria_Garcia/Maria_Garcia_0001.jpg,0,0.03810219
Andrew_Gilligan/Andrew_Gilligan_0001.jpg,Henry_Castellanos/Henry_Castellanos_0001.jpg,0,0.02279526
Andrew_Shutley/Andrew_Shutley_0001.jpg,Edmund_Stoiber/Edmund_Stoiber_0005.jpg,0,0.01341448
Andrew_Shutley/Andrew_Shutley_0001.jpg,Mitchell_Swartz/Mitchell_Swartz_0001.jpg,0,-0.12139471
Andrew_Shutley/Andrew_Shutley_0001.jpg,Saeb_Erekat/Saeb_Erekat_0002.jpg,0,0.35205966
Andy_Dick/Andy_Dick_0001.jpg,Simon_Yam/Simon_Yam_0001.jpg,0,-0.03057195
Andy_Griffith/Andy_Griffith_0001.jpg,Osrat_Iosef/Osrat_Iosef_0001.jpg,0,0.10039919
Andy_Wisecarver/Andy_Wisecarver_0001.jpg,Dimitar_Berbatov/Dimitar_Berbatov_0001.jpg,0,0.09478333
Angela_Lansbury/Angela_Lansbury_0001.jpg,Steven_Van_Zandt/Steven_Van_Zandt_0001.jpg,0,0.16677916
Angela_Lansbury/Angela_Lansbury_0002.jpg,John_Coomber/John_Coomber_0001.jpg,0,0.08429354
Ann_Veneman/Ann_Veneman_0006.jpg,Sergio_Garcia/Sergio_Garcia_0002.jpg,0,-0.23980151
Ann_Veneman/Ann_Veneman_0008.jpg,Ted_Williams/Ted_Williams_0001.jpg,0,0.06590255
Annie-Jeanne_Reynaud/Annie-Jeanne_Reynaud_0001.jpg,SJ_Twu/SJ_Twu_0001.jpg,0,-0.03528168
Anthony_Carter/Anthony_Carter_0001.jpg,Eliza_Dushku/Eliza_Dushku_0001.jpg,0,0.00661737
Antonio_Cassano/Antonio_Cassano_0001.jpg,Paul_Celluci/Paul_Celluci_0001.jpg,0,0.06673128
Anwar_Ibrahim/Anwar_Ibrahim_0001.jpg,David_Alpay/David_Alpay_0001.jpg,0,0.00278901
Armand_Sargen/Armand_Sargen_0001.jpg,Daryl_Sabara/Daryl_Sabara_0001.jpg,0,0.06922540
Armand_Sargen/Armand_Sargen_0001.jpg,Kelvin_Sampson/Kelvin_Sampson_0003.jpg,0,0.18708590
Armand_Sargen/Armand_Sargen_0001.jpg,Lisa_Gottsegen/Lisa_Gottsegen_0002.jpg,0,0.00776382
Atom_Egoyan/Atom_Egoyan_0001.jpg,Bill_Stapleton/Bill_Stapleton_0001.jpg,0,-0.03448955
Atom_Egoyan/Atom_Egoyan_0001.jpg,Janis_Ruth_Coulter/Janis_Ruth_Coulter_0001.jpg,0,0.07915722
Barbara_Brezigar/Barbara_Brezigar_0002.jpg,Doris_Roberts/Doris_Roberts_0002.jpg,0,0.09279702
Barbara_Felt-Miller/Barbara_Felt-Miller_0001.jpg,Leticia_Dolera/Leticia_Dolera_0001.jpg,0,0.34641701
Bart_Freundlich/Bart_Freundlich_0001.jpg,Ernie_Grunfeld/Ernie_Grunfeld_0001.jpg,0,-0.05244694
Bart_Freundlich/Bart_Freundlich_0001.jpg,Kirsten_Gilham/Kirsten_Gilham_0001.jpg,0,0.03189279
Benjamin_Martinez/Benjamin_Martinez_0001.jpg,Garry_McCoy/Garry_McCoy_0001.jpg,0,0.12908709
Benjamin_Netanyahu/Benjamin_Netanyahu_0001.jpg,Maria_Callas/Maria_Callas_0001.jpg,0,0.03885461
Benjamin_Netanyahu/Benjamin_Netanyahu_0005.jpg,Frank_Beamer/Frank_Beamer_0001.jpg,0,0.27886426
Bernard_Law/Bernard_Law_0001.jpg,Liu_Xiaoqing/Liu_Xiaoqing_0001.jpg,0,-0.06278862
Bernard_Law/Bernard_Law_0003.jpg,Valerie_Harper/Valerie_Harper_0002.jpg,0,-0.05963103
Bertrand_Bonello/Bertrand_Bonello_0001.jpg,Jong_Thae_Hwa/Jong_Thae_Hwa_0002.jpg,0,0.01385914
Bill_Bradley/Bill_Bradley_0001.jpg,Chen_Tsai-chin/Chen_Tsai-chin_0001.jpg,0,0.00866333
Bill_Bradley/Bill_Bradley_0001.jpg,Helen_Alvare/Helen_Alvare_0001.jpg,0,-0.01295512
Bill_Elliott/Bill_Elliott_0001.jpg,Mary_Anne_Souza/Mary_Anne_Souza_0001.jpg,0,0.12479557
Bill_Frist/Bill_Frist_0005.jpg,Jimmy_Kimmel/Jimmy_Kimmel_0002.jpg,0,0.06065627
Bill_Maher/Bill_Maher_0001.jpg,Brad_Russ/Brad_Russ_0001.jpg,0,0.06772120
Bill_Maher/Bill_Maher_0001.jpg,Juliette_Binoche/Juliette_Binoche_0001.jpg,0,0.14338171
Bill_Nelson/Bill_Nelson_0001.jpg,Kim_Jong-Il/Kim_Jong-Il_0003.jpg,0,0.04246631
Bill_Nelson/Bill_Nelson_0002.jpg,Gillian_Anderson/Gillian_Anderson_0001.jpg,0,0.09965196
Bill_Stapleton/Bill_Stapleton_0001.jpg,Sedigh_Barmak/Sedigh_Barmak_0001.jpg,0,0.11508152
Bill_Stapleton/Bill_Stapleton_0001.jpg,Valerie_Harper/Valerie_Harper_0001.jpg,0,0.00164402
Billy_Bob_Thornton/Billy_Bob_Thornton_0001.jpg,Herb_Dhaliwal/Herb_Dhaliwal_0001.jpg,0,0.30323640
Billy_Bob_Thornton/Billy_Bob_Thornton_0001.jpg,Nong_Duc_Manh/Nong_Duc_Manh_0001.jpg,0,-0.00687976
Bob_Alper/Bob_Alper_0001.jpg,Kevin_Millwood/Kevin_Millwood_0001.jpg,0,0.12496543
Bob_Graham/Bob_Graham_0002.jpg,Dwayne_Wade/Dwayne_Wade_0001.jpg,0,-0.05975171
Bob_Petrino/Bob_Petrino_0001.jpg,Geraldine_Chaplin/Geraldine_Chaplin_0004.jpg,0,0.07468782
Bob_Petrino/Bob_Petrino_0001.jpg,Jorge_Castaneda/Jorge_Castaneda_0001.jpg,0,0.09098198
Boris_Becker/Boris_Becker_0004.jpg,Julianna_Margulies/Julianna_Margulies_0002.jpg,0,0.19094232
Brad_Russ/Brad_Russ_0001.jpg,Hana_Urushima/Hana_Urushima_0001.jpg,0,0.09647030
Brad_Russ/Brad_Russ_0001.jpg,Romeo_Gigli/Romeo_Gigli_0001.jpg,0,-0.08787555
Brawley_King/Brawley_King_0001.jpg,Tom_Glavine/Tom_Glavine_0002.jpg,0,0.01488325
Brian_Griese/Brian_Griese_0002.jpg,Jeffrey_Archer/Jeffrey_Archer_0002.jpg,0,0.05119906
Brian_Griese/Brian_Griese_0002.jpg,Laura_Elena_Harring/Laura_Elena_Harring_0001.jpg,0,-0.00414200
Brian_Griese/Brian_Griese_0002.jpg,Nicolas_Lapentti/Nicolas_Lapentti_0002.jpg,0,0.17474966
Bryan_Adams/Bryan_Adams_0001.jpg,Michael_Kors/Michael_Kors_0001.jpg,0,0.05919543
Bryan_Adams/Bryan_Adams_0001.jpg,Mohamed_Seineldin/Mohamed_Seineldin_0001.jpg,0,0.04120163
Calbert_Cheaney/Calbert_Cheaney_0001.jpg,Ian_Smith/Ian_Smith_0001.jpg,0,0.03752785
Calbert_Cheaney/Calbert_Cheaney_0001.jpg,Robert_Downey_Jr/Robert_Downey_Jr_0001.jpg,0,-0.05005983
Carl_Reiner/Carl_Reiner_0001.jpg,Hamid_Efendi/Hamid_Efendi_0001.jpg,0,0.34169829
Carl_Reiner/Carl_Reiner_0002.jpg,John_Engler/John_Engler_0001.jpg,0,0.17304465
Carl_Reiner/Carl_Reiner_0002.jpg,Prince_Rainier_III/Prince_Rainier_III_0001.jpg,0,0.36796081
Carl_Reiner/Carl_Reiner_0002.jpg,Tom_Glavine/Tom_Glavine_0002.jpg,0,0.24778670
Carlo_Azeglio_Ciampi/Carlo_Azeglio_Ciampi_0001.jpg,Francis_Ford_Coppola/Francis_Ford_Coppola_0001.jpg,0,0.20830941
Carlos_Arroyo/Carlos_Arroyo_0001.jpg,Shane_Phillips/Shane_Phillips_0001.jpg,0,0.08152780
Carlos_Paternina/Carlos_Paternina_0001.jpg,Emily_Stevens/Emily_Stevens_0001.jpg,0,0.12042841
Carlos_Paternina/Carlos_Paternina_0001.jpg,Paul_Sarbanes/Paul_Sarbanes_0001.jpg,0,0.15707198
Casey_Mears/Casey_Mears_0001.jpg,Mike_Davis/Mike_Davis_0001.jpg,0,-0.02298908
Casey_Mears/Casey_Mears_0001.jpg,Yukiko_Okudo/Yukiko_Okudo_0001.jpg,0,0.12645462
Cathy_Freeman/Cathy_Freeman_0002.jpg,William_Martin/William_Martin_0002.jpg,0,0.06464197
Cecilia_Cheung/Cecilia_Cheung_0001.jpg,Daryl_Parks/Daryl_Parks_0001.jpg,0,0.15214625
Cecilia_Cheung/Cecilia_Cheung_0001.jpg,Pascal_Affi_Nguessan/Pascal_Affi_Nguessan_0001.jpg,0,0.28698444
Chen_Tsai-chin/Chen_Tsai-chin_0001.jpg,Dereck_Whittenburg/Dereck_Whittenburg_0001.jpg,0,0.09984646
Chen_Tsai-chin/Chen_Tsai-chin_0001.jpg,Mamdouh_Habib/Mamdouh_Habib_0001.jpg,0,-0.06832701
Cho_Myung-kyun/Cho_Myung-kyun_0001.jpg,David_Bell/David_Bell_0001.jpg,0,0.11305687
Cho_Myung-kyun/Cho_Myung-kyun_0001.jpg,Fernando_Sanz/Fernando_Sanz_0001.jpg,0,0.08173686
Cho_Myung-kyun/Cho_Myung-kyun_0001.jpg,Georgia_Giddings/Georgia_Giddings_0001.jpg,0,0.08761736
Cho_Myung-kyun/Cho_Myung-kyun_0001.jpg,Richard_Fine/Richard_Fine_0001.jpg,0,0.13747235
Choi_Yun-yong/Choi_Yun-yong_0001.jpg,Chuck_Eidson/Chuck_Eidson_0001.jpg,0,0.11679354
Chris_Dodd/Chris_Dodd_0001.jpg,Taylor_Twellman/Taylor_Twellman_0001.jpg,0,0.26521552
Chris_Swecker/Chris_Swecker_0001.jpg,Tom_Vilsack/Tom_Vilsack_0001.jpg,0,0.25784895
Christian_Lacroix/Christian_Lacroix_0001.jpg,Laura_Elena_Harring/Laura_Elena_Harring_0001.jpg,0,-0.00114790
Christian_Lacroix/Christian_Lacroix_0001.jpg,Ornella_Muti/Ornella_Muti_0001.jpg,0,0.11113328
Chuck_Eidson/Chuck_Eidson_0001.jpg,Sigourney_Weaver/Sigourney_Weaver_0001.jpg,0,0.00740377
Clare_Short/Clare_Short_0004.jpg,Don_Carcieri/Don_Carcieri_0001.jpg,0,0.27141693
Coco_dEste/Coco_dEste_0001.jpg,Darvis_Patton/Darvis_Patton_0001.jpg,0,-0.03995887
Coco_dEste/Coco_dEste_0001.jpg,Melina_Kanakaredes/Melina_Kanakaredes_0001.jpg,0,0.34381294
Coco_dEste/Coco_dEste_0001.jpg,Tom_Rouen/Tom_Rouen_0001.jpg,0,-0.07688944
Coleen_Rowley/Coleen_Rowley_0001.jpg,Nong_Duc_Manh/Nong_Duc_Manh_0001.jpg,0,-0.07244752
Corinne_Coman/Corinne_Coman_0002.jpg,Frank_Beamer/Frank_Beamer_0001.jpg,0,0.05243942
Dale_Earnhardt_Jr/Dale_Earnhardt_Jr_0001.jpg,Nick_Reilly/Nick_Reilly_0001.jpg,0,0.25536710
Dario_Franchitti/Dario_Franchitti_0001.jpg,Henry_Castellanos/Henry_Castellanos_0001.jpg,0,0.23359282
Darren_Campel/Darren_Campel_0001.jpg,Hilary_McKay/Hilary_McKay_0001.jpg,0,0.07036901
Darvis_Patton/Darvis_Patton_0001.jpg,Gerard_Tronche/Gerard_Tronche_0001.jpg,0,-0.00885698
Darvis_Patton/Darvis_Patton_0001.jpg,William_Macy/William_Macy_0004.jpg,0,0.04541296
Daryl_Parks/Daryl_Parks_0001.jpg,Guus_Hiddink/Guus_Hiddink_0001.jpg,0,0.12974006
Daryl_Sabara/Daryl_Sabara_0001.jpg,Nick_Reilly/Nick_Reilly_0001.jpg,0,0.11718808
Daryl_Sabara/Daryl_Sabara_0001.jpg,Valentina_Tereshkova/Valentina_Tereshkova_0001.jpg,0,0.08402683
Dave_Johnson/Dave_Johnson_0001.jpg,Howard_Stern/Howard_Stern_0001.jpg,0,0.03854936
Dave_Tucker/Dave_Tucker_0001.jpg,Gary_Gitnick/Gary_Gitnick_0001.jpg,0,0.12146960
David_Collenette/David_Collenette_0001.jpg,Salman_Khan/Salman_Khan_0001.jpg,0,-0.00917220
David_Westerfield/David_Westerfield_0001.jpg,Stan_Kroenke/Stan_Kroenke_0001.jpg,0,0.03931736
Dean_Jacek/Dean_Jacek_0001.jpg,Larry_Wilmore/Larry_Wilmore_0001.jpg,0,0.06729777
Demi_Moore/Demi_Moore_0002.jpg,Fred_Thompson/Fred_Thompson_0001.jpg,0,0.00061877
Demi_Moore/Demi_Moore_0002.jpg,Linus_Roache/Linus_Roache_0001.jpg,0,0.02783662
Dereck_Whittenburg/Dereck_Whittenburg_0001.jpg,Lindsey_Graham/Lindsey_Graham_0002.jpg,0,0.13122074
Dianne_Reeves/Dianne_Reeves_0001.jpg,Larry_Wilmore/Larry_Wilmore_0001.jpg,0,0.21624216
Dianne_Reeves/Dianne_Reeves_0001.jpg,Romeo_Gigli/Romeo_Gigli_0001.jpg,0,0.10372794
Don_Carcieri/Don_Carcieri_0001.jpg,Janica_Kostelic/Janica_Kostelic_0001.jpg,0,0.12792940
Dora_Bakoyianni/Dora_Bakoyianni_0001.jpg,Richard_Sambrook/Richard_Sambrook_0002.jpg,0,-0.01872126
Dora_Bakoyianni/Dora_Bakoyianni_0001.jpg,Saeb_Erekat/Saeb_Erekat_0002.jpg,0,0.14815292
Doris_Roberts/Doris_Roberts_0001.jpg,Nong_Duc_Manh/Nong_Duc_Manh_0001.jpg,0,-0.14591014
Doug_Wilson/Doug_Wilson_0001.jpg,Szu_Yu_Chen/Szu_Yu_Chen_0001.jpg,0,-0.00533384
Douglas_Gansler/Douglas_Gansler_0001.jpg,Martin_Brooke/Martin_Brooke_0001.jpg,0,0.12795432
Douglas_Gansler/Douglas_Gansler_0001.jpg,Ronald_Kadish/Ronald_Kadish_0001.jpg,0,0.17894176
Dwayne_Wade/Dwayne_Wade_0001.jpg,Mike_Farrar/Mike_Farrar_0001.jpg,0,0.06160624
Edward_Arsenault/Edward_Arsenault_0001.jpg,Jim_Hardin/Jim_Hardin_0001.jpg,0,0.09523360
Einars_Repse/Einars_Repse_0001.jpg,Minnie_Mendoza/Minnie_Mendoza_0001.jpg,0,0.11330645
Einars_Repse/Einars_Repse_0001.jpg,Tim_Blake_Nelson/Tim_Blake_Nelson_0001.jpg,0,0.13838522
Elinor_Caplan/Elinor_Caplan_0001.jpg,Hilary_McKay/Hilary_McKay_0001.jpg,0,0.35067865
Eliza_Dushku/Eliza_Dushku_0001.jpg,George_Lucas/George_Lucas_0001.jpg,0,-0.10405786
Eliza_Dushku/Eliza_Dushku_0001.jpg,Itzhak_Perlman/Itzhak_Perlman_0001.jpg,0,-0.02137801
Emily_Stevens/Emily_Stevens_0001.jpg,Janez_Drnovsek/Janez_Drnovsek_0001.jpg,0,-0.02937873
Emmanuelle_Beart/Emmanuelle_Beart_0002.jpg,Phil_Jackson/Phil_Jackson_0001.jpg,0,-0.03958782
Eric_Daze/Eric_Daze_0001.jpg,Sterling_Hitchcock/Sterling_Hitchcock_0001.jpg,0,0.18722767
Erika_Christensen/Erika_Christensen_0002.jpg,Michael_Dell/Michael_Dell_0001.jpg,0,0.10895330
Erika_Christensen/Erika_Christensen_0002.jpg,Woody_Allen/Woody_Allen_0002.jpg,0,0.08649025
Eriko_Tamura/Eriko_Tamura_0001.jpg,Georgia_Giddings/Georgia_Giddings_0001.jpg,0,0.08314501
Ernie_Grunfeld/Ernie_Grunfeld_0001.jpg,Frank_Coraci/Frank_Coraci_0001.jpg,0,0.25309092
Eugene_Melnyk/Eugene_Melnyk_0001.jpg,Mahima_Chaudhari/Mahima_Chaudhari_0001.jpg,0,0.00213464
Fatma_Kusibeh/Fatma_Kusibeh_0001.jpg,Lee_Baca/Lee_Baca_0001.jpg,0,0.09772055
Federico_Trillo/Federico_Trillo_0001.jpg,Jonathan_Woodgate/Jonathan_Woodgate_0001.jpg,0,0.09612144
Fernando_Alonso/Fernando_Alonso_0001.jpg,Sam_Brownback/Sam_Brownback_0001.jpg,0,-0.02346740
Fernando_Sanz/Fernando_Sanz_0001.jpg,Miranda_Otto/Miranda_Otto_0001.jpg,0,-0.13082054
Fernando_Sanz/Fernando_Sanz_0001.jpg,Roy_Moore/Roy_Moore_0001.jpg,0,0.10294161
Flor_Montulo/Flor_Montulo_0002.jpg,Juan_Pablo_Montoya/Juan_Pablo_Montoya_0001.jpg,0,0.00174232
Francisco_Garcia/Francisco_Garcia_0001.jpg,Marsha_Sharp/Marsha_Sharp_0001.jpg,0,0.04612666
Francois_Ozon/Francois_Ozon_0001.jpg,Makiya_Ali_Hassan/Makiya_Ali_Hassan_0001.jpg,0,0.29593375
Frank_Coraci/Frank_Coraci_0001.jpg,Tomoko_Hagiwara/Tomoko_Hagiwara_0002.jpg,0,0.00165330
Frank_Van_Ecke/Frank_Van_Ecke_0001.jpg,Tsutomu_Takebe/Tsutomu_Takebe_0001.jpg,0,0.24655111
Fred_Thompson/Fred_Thompson_0002.jpg,Helen_Alvare/Helen_Alvare_0001.jpg,0,0.16059439
Fred_Thompson/Fred_Thompson_0002.jpg,Sterling_Hitchcock/Sterling_Hitchcock_0001.jpg,0,0.11892964
Fred_Thompson/Fred_Thompson_0003.jpg,Magda_Kertasz/Magda_Kertasz_0001.jpg,0,-0.06191907
Garry_Trudeau/Garry_Trudeau_0001.jpg,Pat_Riley/Pat_Riley_0001.jpg,0,0.05237353
Garry_Witherall/Garry_Witherall_0001.jpg,Howard_Stern/Howard_Stern_0001.jpg,0,0.12446447
Garry_Witherall/Garry_Witherall_0001.jpg,Ingrid_Betancourt/Ingrid_Betancourt_0001.jpg,0,-0.02160484
Garry_Witherall/Garry_Witherall_0001.jpg,Martin_Keown/Martin_Keown_0001.jpg,0,0.06397810
Gary_Gero/Gary_Gero_0001.jpg,Kim_Hong-gul/Kim_Hong-gul_0001.jpg,0,0.21648276
Gary_Gero/Gary_Gero_0001.jpg,Phil_Gramm/Phil_Gramm_0001.jpg,0,0.27263939
Gavin_Degraw/Gavin_Degraw_0001.jpg,Jeffrey_Archer/Jeffrey_Archer_0001.jpg,0,0.21817589
Gene_Robinson/Gene_Robinson_0003.jpg,Martha_Bowen/Martha_Bowen_0002.jpg,0,0.01968652
Georgia_Giddings/Georgia_Giddings_0001.jpg,Mahima_Chaudhari/Mahima_Chaudhari_0001.jpg,0,0.16584973
Geovani_Lapentti/Geovani_Lapentti_0001.jpg,Rodney_Rempt/Rodney_Rempt_0001.jpg,0,0.24075773
Geovani_Lapentti/Geovani_Lapentti_0001.jpg,Sam_Brownback/Sam_Brownback_0001.jpg,0,0.12165525
Gerard_de_Cortanze/Gerard_de_Cortanze_0001.jpg,Mark_Wahlberg/Mark_Wahlberg_0001.jpg,0,0.00573447
Gian_Marco/Gian_Marco_0002.jpg,Kevin_Stallings/Kevin_Stallings_0002.jpg,0,0.28960043
Giancarlo_Fisichella/Giancarlo_Fisichella_0001.jpg,Maria_Callas/Maria_Callas_0001.jpg,0,-0.11093727
Gideon_Yago/Gideon_Yago_0001.jpg,Natalie_Williams/Natalie_Williams_0001.jpg,0,-0.12951751
Gideon_Yago/Gideon_Yago_0001.jpg,Paul_William_Hurley/Paul_William_Hurley_0001.jpg,0,0.09889317
Glenn_Plummer/Glenn_Plummer_0001.jpg,Maria_Garcia/Maria_Garcia_0001.jpg,0,-0.01897096
Grant_Hackett/Grant_Hackett_0001.jpg,Todd_Robbins/Todd_Robbins_0001.jpg,0,0.03976379
Grant_Hackett/Grant_Hackett_0003.jpg,Milo_Djukanovic/Milo_Djukanovic_0003.jpg,0,0.10061525
Gray_Davis/Gray_Davis_0026.jpg,Karen_Lynn_Gorney/Karen_Lynn_Gorney_0001.jpg,0,-0.03879271
Gregg_Popovich/Gregg_Popovich_0003.jpg,Vernon_Forrest/Vernon_Forrest_0001.jpg,0,0.25995556
Gregor_Gysi/Gregor_Gysi_0001.jpg,Tomoko_Hagiwara/Tomoko_Hagiwara_0001.jpg,0,0.15365620
Guy_Ritchie/Guy_Ritchie_0002.jpg,Herb_Dhaliwal/Herb_Dhaliwal_0001.jpg,0,0.18017972
Guy_Ritchie/Guy_Ritchie_0002.jpg,William_Macy/William_Macy_0001.jpg,0,0.38707578
Hamid_Efendi/Hamid_Efendi_0001.jpg,Jimmy_Carter/Jimmy_Carter_0008.jpg,0,0.16061071
Hamzah_Haz/Hamzah_Haz_0002.jpg,Hilary_McKay/Hilary_McKay_0001.jpg,0,0.18025038
Harald_Ringstorff/Harald_Ringstorff_0001.jpg,Pat_Riley/Pat_Riley_0001.jpg,0,0.12755740
Harald_Ringstorff/Harald_Ringstorff_0001.jpg,Romano_Prodi/Romano_Prodi_0006.jpg,0,0.26914799
Heather_Chinnock/Heather_Chinnock_0001.jpg,Jean-Francois_Lemounier/Jean-Francois_Lemounier_0001.jpg,0,0.06522810
Helen_Alvare/Helen_Alvare_0001.jpg,Milo_Djukanovic/Milo_Djukanovic_0001.jpg,0,0.06200838
Henry_Castellanos/Henry_Castellanos_0001.jpg,Pamela_Anderson/Pamela_Anderson_0004.jpg,0,-0.06448232
Henry_Castellanos/Henry_Castellanos_0001.jpg,Tommy_Shane_Steiner/Tommy_Shane_Steiner_0001.jpg,0,-0.03319451
Herb_Dhaliwal/Herb_Dhaliwal_0001.jpg,Hung_Wan-ting/Hung_Wan-ting_0001.jpg,0,-0.06583847
Hilary_McKay/Hilary_McKay_0001.jpg,Kevin_Millwood/Kevin_Millwood_0001.jpg,0,-0.02742714
Howard_Stern/Howard_Stern_0001.jpg,Maria_Callas/Maria_Callas_0001.jpg,0,0.01264439
Hugo_Chavez/Hugo_Chavez_0033.jpg,Karen_Lynn_Gorney/Karen_Lynn_Gorney_0001.jpg,0,0.18076344
Hugo_Chavez/Hugo_Chavez_0060.jpg,Steve_Shiver/Steve_Shiver_0001.jpg,0,0.15463011
Imam_Samudra/Imam_Samudra_0001.jpg,Ivana_Trump/Ivana_Trump_0001.jpg,0,0.12780662
Imelda_Marcos/Imelda_Marcos_0001.jpg,Patty_Schnyder/Patty_Schnyder_0004.jpg,0,0.14077720
Jack_Smith/Jack_Smith_0001.jpg,Mary_Jo_Myers/Mary_Jo_Myers_0001.jpg,0,-0.05389825
James_Caan/James_Caan_0002.jpg,Paul_Sarbanes/Paul_Sarbanes_0002.jpg,0,0.29435104
James_Comey/James_Comey_0001.jpg,Juan_Carlos_Morales/Juan_Carlos_Morales_0001.jpg,0,0.12253572
James_Comey/James_Comey_0001.jpg,Paul_William_Hurley/Paul_William_Hurley_0001.jpg,0,-0.01371288
Jamling_Norgay/Jamling_Norgay_0001.jpg,Zico/Zico_0002.jpg,0,0.03155353
Jan_Pronk/Jan_Pronk_0001.jpg,Kim_Dong-hwa/Kim_Dong-hwa_0001.jpg,0,-0.05019199
Janez_Drnovsek/Janez_Drnovsek_0001.jpg,Sterling_Hitchcock/Sterling_Hitchcock_0001.jpg,0,-0.03845021
Janica_Kostelic/Janica_Kostelic_0002.jpg,Yasushi_Akashi/Yasushi_Akashi_0001.jpg,0,0.05123236
Janice_Abreu/Janice_Abreu_0001.jpg,Kevin_Sorbo/Kevin_Sorbo_0001.jpg,0,-0.01988289
Jeffrey_Ashby/Jeffrey_Ashby_0001.jpg,Michael_Dell/Michael_Dell_0001.jpg,0,0.25415334
Jennifer_Garner/Jennifer_Garner_0006.jpg,Mike_Duke/Mike_Duke_0001.jpg,0,0.07238176
Jennifer_Renee_Short/Jennifer_Renee_Short_0001.jpg,Taylor_Twellman/Taylor_Twellman_0001.jpg,0,-0.03992501
Jerry_Seinfeld/Jerry_Seinfeld_0001.jpg,Tim_Blake_Nelson/Tim_Blake_Nelson_0001.jpg,0,0.06609889
Jerry_Tarkanian/Jerry_Tarkanian_0001.jpg,Thomas_Rupprath/Thomas_Rupprath_0001.jpg,0,-0.13851103
Jessica_Lange/Jessica_Lange_0002.jpg,Sedigh_Barmak/Sedigh_Barmak_0001.jpg,0,-0.05259940
Jim_Freudenberg/Jim_Freudenberg_0001.jpg,Nigel_Redden/Nigel_Redden_0001.jpg,0,0.30209097
Jim_Freudenberg/Jim_Freudenberg_0001.jpg,Tina_Pisnik/Tina_Pisnik_0001.jpg,0,0.08231023
Jim_Haslett/Jim_Haslett_0001.jpg,Tsutomu_Takebe/Tsutomu_Takebe_0001.jpg,0,-0.03565041
Jim_Otto/Jim_Otto_0001.jpg,Rafiq_Hariri/Rafiq_Hariri_0001.jpg,0,0.16227934
Jimmy_Gurule/Jimmy_Gurule_0001.jpg,Terry_McAuliffe/Terry_McAuliffe_0001.jpg,0,0.02898495
Jodie_Foster/Jodie_Foster_0003.jpg,Joe_Pantoliano/Joe_Pantoliano_0001.jpg,0,-0.01596102
John_Herrington/John_Herrington_0001.jpg,Luis_Ernesto_Derbez_Bautista/Luis_Ernesto_Derbez_Bautista_0002.jpg,0,0.01118053
John_Richardson/John_Richardson_0001.jpg,Yasushi_Akashi/Yasushi_Akashi_0001.jpg,0,-0.04384891
John_Snow/John_Snow_0017.jpg,Se_Hyuk_Joo/Se_Hyuk_Joo_0001.jpg,0,0.03806280
Jonathan_Arden/Jonathan_Arden_0001.jpg,Joseph_Ralston/Joseph_Ralston_0001.jpg,0,0.09608090
Jorge_Castaneda/Jorge_Castaneda_0001.jpg,Robert_Fico/Robert_Fico_0001.jpg,0,0.11313063
Jose_Rosado/Jose_Rosado_0001.jpg,Micky_Arison/Micky_Arison_0001.jpg,0,0.09557758
Joseph_Blatter/Joseph_Blatter_0001.jpg,Ronald_Kadish/Ronald_Kadish_0001.jpg,0,0.15956366
Joseph_Ralston/Joseph_Ralston_0002.jpg,Juan_Pablo_Montoya/Juan_Pablo_Montoya_0005.jpg,0,0.12732624
Joseph_Ralston/Joseph_Ralston_0002.jpg,Yoshiyuki_Kamei/Yoshiyuki_Kamei_0001.jpg,0,0.20132411
Juliette_Binoche/Juliette_Binoche_0001.jpg,Matthew_Broderick/Matthew_Broderick_0003.jpg,0,0.08961646
Julio_De_Brun/Julio_De_Brun_0001.jpg,Patty_Schnyder/Patty_Schnyder_0001.jpg,0,-0.01896193
Julio_De_Brun/Julio_De_Brun_0001.jpg,Vernon_Forrest/Vernon_Forrest_0001.jpg,0,-0.03960363
Justin_Guarini/Justin_Guarini_0002.jpg,Prince_Edward/Prince_Edward_0001.jpg,0,0.07582148
Kate_Winslet/Kate_Winslet_0002.jpg,Mike_Duke/Mike_Duke_0001.jpg,0,0.00753541
Katie_Wagner/Katie_Wagner_0001.jpg,Stan_Kroenke/Stan_Kroenke_0001.jpg,0,0.08622704
Keith_Lowen/Keith_Lowen_0001.jpg,Robert_Evans/Robert_Evans_0002.jpg,0,0.07028987
Keith_Lowen/Keith_Lowen_0001.jpg,Silvia_Farina_Elia/Silvia_Farina_Elia_0002.jpg,0,-0.12144044
Ken_Loach/Ken_Loach_0001.jpg,Taku_Yamasaki/Taku_Yamasaki_0001.jpg,0,-0.11105496
Kevin_Crane/Kevin_Crane_0001.jpg,Mike_Krzyzewski/Mike_Krzyzewski_0002.jpg,0,-0.01221181
Kevin_Millwood/Kevin_Millwood_0001.jpg,Mitchell_Crooks/Mitchell_Crooks_0001.jpg,0,0.20758189
Kim_Clijsters/Kim_Clijsters_0004.jpg,Martin_Short/Martin_Short_0001.jpg,0,-0.10588175
Kim_Hong-gul/Kim_Hong-gul_0001.jpg,Milo_Djukanovic/Milo_Djukanovic_0003.jpg,0,0.12180252
Kim_Jong-Il/Kim_Jong-Il_0003.jpg,Rick_Reed/Rick_Reed_0001.jpg,0,0.16160852
Lance_Armstrong/Lance_Armstrong_0009.jpg,Maria_Garcia/Maria_Garcia_0001.jpg,0,0.02632470
Laurent_Jalabert/Laurent_Jalabert_0002.jpg,Vincent_Gallo/Vincent_Gallo_0001.jpg,0,0.05687198
Leon_LaPorte/Leon_LaPorte_0001.jpg,Ted_Williams/Ted_Williams_0001.jpg,0,0.21266149
Leon_LaPorte/Leon_LaPorte_0001.jpg,Tommy_Thompson/Tommy_Thompson_0005.jpg,0,0.32710373
Leonardo_Fernandez/Leonardo_Fernandez_0001.jpg,Romano_Prodi/Romano_Prodi_0007.jpg,0,0.09535532
Leticia_Dolera/Leticia_Dolera_0001.jpg,Tom_Glavine/Tom_Glavine_0001.jpg,0,0.10132042
Lorraine_Bracco/Lorraine_Bracco_0001.jpg,Momcilo_Perisic/Momcilo_Perisic_0001.jpg,0,0.04719490
Luis_Ernesto_Derbez_Bautista/Luis_Ernesto_Derbez_Bautista_0001.jpg,Tyra_Banks/Tyra_Banks_0001.jpg,0,0.15628389
Maria_Burks/Maria_Burks_0001.jpg,Todd_Parrott/Todd_Parrott_0001.jpg,0,0.13035110
Mario_Lemieux/Mario_Lemieux_0001.jpg,Stan_Kroenke/Stan_Kroenke_0001.jpg,0,0.13216780
Mark_Everson/Mark_Everson_0001.jpg,Martin_Sheen/Martin_Sheen_0002.jpg,0,0.27840272
Marquier_Montano_Contreras/Marquier_Montano_Contreras_0001.jpg,SJ_Twu/SJ_Twu_0001.jpg,0,-0.00635657
Marsha_Sharp/Marsha_Sharp_0001.jpg,Steve_Shiver/Steve_Shiver_0001.jpg,0,0.18408108
Martin_Cauchon/Martin_Cauchon_0002.jpg,Vitali_Klitschko/Vitali_Klitschko_0003.jpg,0,0.18915345
Martin_Hoellwarth/Martin_Hoellwarth_0002.jpg,Mary_Katherine_Smart/Mary_Katherine_Smart_0001.jpg,0,0.21014698
Martina_Hingis/Martina_Hingis_0001.jpg,Terry_McAuliffe/Terry_McAuliffe_0002.jpg,0,0.06437047
Melina_Kanakaredes/Melina_Kanakaredes_0001.jpg,Ornella_Muti/Ornella_Muti_0001.jpg,0,0.11625187
Michael_Dell/Michael_Dell_0001.jpg,Mike_Duke/Mike_Duke_0001.jpg,0,0.16871963
Michael_Dell/Michael_Dell_0001.jpg,Nigel_Redden/Nigel_Redden_0001.jpg,0,0.09829213
Michael_Richards/Michael_Richards_0001.jpg,Silvia_Farina_Elia/Silvia_Farina_Elia_0003.jpg,0,0.13528991
Milan_Kucan/Milan_Kucan_0001.jpg,Salman_Khan/Salman_Khan_0001.jpg,0,0.09838380
Nancy_Kerrigan/Nancy_Kerrigan_0001.jpg,Sam_Brownback/Sam_Brownback_0001.jpg,0,0.09858868
Naomi_Campbell/Naomi_Campbell_0001.jpg,Tom_Ridge/Tom_Ridge_0016.jpg,0,0.06881979
Nina_Jacobson/Nina_Jacobson_0001.jpg,Portia_de_Rossi/Portia_de_Rossi_0001.jpg,0,0.09485397
Noah_Wyle/Noah_Wyle_0003.jpg,Robbie_Coltrane/Robbie_Coltrane_0001.jpg,0,0.16100818
Nora_Bendijo/Nora_Bendijo_0001.jpg,William_Martin/William_Martin_0002.jpg,0,0.05224029
Nursultan_Nazarbayev/Nursultan_Nazarbayev_0001.jpg,Robert_Bonner/Robert_Bonner_0001.jpg,0,0.31083155
Pascal_Affi_Nguessan/Pascal_Affi_Nguessan_0001.jpg,Tom_Moss/Tom_Moss_0001.jpg,0,0.10042986
Pat_Summitt/Pat_Summitt_0001.jpg,Paul_Celluci/Paul_Celluci_0001.jpg,0,-0.03592830
Patty_Schnyder/Patty_Schnyder_0003.jpg,Pernilla_Bjorn/Pernilla_Bjorn_0001.jpg,0,0.20411924
Patty_Schnyder/Patty_Schnyder_0003.jpg,Prince_Philippe/Prince_Philippe_0001.jpg,0,0.08863350
Patty_Schnyder/Patty_Schnyder_0004.jpg,Ricardo_Lagos/Ricardo_Lagos_0025.jpg,0,0.05820677
Pervez_Musharraf/Pervez_Musharraf_0003.jpg,Richard_Rodriguez/Richard_Rodriguez_0001.jpg,0,0.15852505
Phil_Gramm/Phil_Gramm_0002.jpg,Stefan_Tafrov/Stefan_Tafrov_0001.jpg,0,0.00583767
Rachel_Kempson/Rachel_Kempson_0001.jpg,Zorica_Radovic/Zorica_Radovic_0001.jpg,0,0.21356469
Rachel_Roy/Rachel_Roy_0001.jpg,Steve_Shiver/Steve_Shiver_0001.jpg,0,0.12492861
Richard_Fine/Richard_Fine_0001.jpg,Richard_Rodriguez/Richard_Rodriguez_0001.jpg,0,0.19654778
Rick_Reed/Rick_Reed_0001.jpg,Ruth_Bader_Ginsburg/Ruth_Bader_Ginsburg_0001.jpg,0,0.08671473
Robbie_Naish/Robbie_Naish_0001.jpg,Zhong_Nanshan/Zhong_Nanshan_0001.jpg,0,0.12730497
Robert_Bonner/Robert_Bonner_0002.jpg,Vincent_Brooks/Vincent_Brooks_0002.jpg,0,-0.02101431
Robert_Downey_Jr/Robert_Downey_Jr_0001.jpg,Tommy_Shane_Steiner/Tommy_Shane_Steiner_0001.jpg,0,0.01919718
Robert_Evans/Robert_Evans_0001.jpg,Todd_Robbins/Todd_Robbins_0001.jpg,0,0.05479314
Romeo_Gigli/Romeo_Gigli_0001.jpg,Tom_Harkin/Tom_Harkin_0004.jpg,0,0.14412832
Saeb_Erekat/Saeb_Erekat_0001.jpg,Tom_Coverdale/Tom_Coverdale_0002.jpg,0,-0.08290975
Se_Hyuk_Joo/Se_Hyuk_Joo_0001.jpg,Tom_Rouen/Tom_Rouen_0001.jpg,0,0.00539287
Sergio_Garcia/Sergio_Garcia_0002.jpg,Thomas_Watjen/Thomas_Watjen_0001.jpg,0,0.01544000
Simon_Yam/Simon_Yam_0001.jpg,Terry_McAuliffe/Terry_McAuliffe_0003.jpg,0,0.15501249
Simon_Yam/Simon_Yam_0001.jpg,Tommy_Haas/Tommy_Haas_0005.jpg,0,-0.01320146
Stan_Kroenke/Stan_Kroenke_0001.jpg,William_Hyde/William_Hyde_0001.jpg,0,0.07973707
Steve_Ballmer/Steve_Ballmer_0001.jpg,Tina_Pisnik/Tina_Pisnik_0001.jpg,0,0.30062923
Steve_Ballmer/Steve_Ballmer_0002.jpg,Vincent_Gallo/Vincent_Gallo_0003.jpg,0,0.06433289
Steve_Shiver/Steve_Shiver_0001.jpg,Thomas_Rupprath/Thomas_Rupprath_0003.jpg,0,-0.07170408
Tina_Fey/Tina_Fey_0001.jpg,Todd_Parrott/Todd_Parrott_0001.jpg,0,0.06764457
Adolfo_Rodriguez_Saa/Adolfo_Rodriguez_Saa_0001.jpg,Dave_Odom/Dave_Odom_0001.jpg,0,0.01801373
Adolfo_Rodriguez_Saa/Adolfo_Rodriguez_Saa_0001.jpg,Nancy_Powell/Nancy_Powell_0001.jpg,0,0.17298084
Adrien_Brody/Adrien_Brody_0003.jpg,Damon_Dash/Damon_Dash_0001.jpg,0,0.16515943
Ahmed_Ahmed/Ahmed_Ahmed_0001.jpg,Mike_Smith/Mike_Smith_0001.jpg,0,0.15479131
Al_Sharpton/Al_Sharpton_0005.jpg,Cole_Chapman/Cole_Chapman_0001.jpg,0,0.05473415
Alberto_Sordi/Alberto_Sordi_0001.jpg,James_Cameron/James_Cameron_0002.jpg,0,0.14105631
Alejandro_Lerner/Alejandro_Lerner_0001.jpg,Jesper_Parnevik/Jesper_Parnevik_0001.jpg,0,0.06494480
Alejandro_Lerner/Alejandro_Lerner_0001.jpg,TA_McLendon/TA_McLendon_0001.jpg,0,0.13023597
Alex_Penelas/Alex_Penelas_0001.jpg,Robin_Johansen/Robin_Johansen_0001.jpg,0,0.09542471
Alex_Penelas/Alex_Penelas_0002.jpg,Gretchen_Mol/Gretchen_Mol_0001.jpg,0,0.18337454
Alexandra_Stevenson/Alexandra_Stevenson_0003.jpg,Ronde_Barber/Ronde_Barber_0001.jpg,0,0.01051396
Ali_Adbul_Karim_Madani/Ali_Adbul_Karim_Madani_0001.jpg,Carey_Lowell/Carey_Lowell_0001.jpg,0,-0.02779477
Ali_Mohammed_Maher/Ali_Mohammed_Maher_0001.jpg,Isabela_Moraes/Isabela_Moraes_0001.jpg,0,0.12122194
Ali_Mohammed_Maher/Ali_Mohammed_Maher_0001.jpg,Isidro_Pastor/Isidro_Pastor_0001.jpg,0,0.12981988
Alicia_Silverstone/Alicia_Silverstone_0002.jpg,Jennifer_Thompson/Jennifer_Thompson_0001.jpg,0,0.24837376
Alicia_Silverstone/Alicia_Silverstone_0002.jpg,Jonathan_Tiomkin/Jonathan_Tiomkin_0001.jpg,0,-0.00819786
Alicia_Silverstone/Alicia_Silverstone_0002.jpg,Serge_Tchuruk/Serge_Tchuruk_0001.jpg,0,0.06770023
Andre_Agassi/Andre_Agassi_0031.jpg,Boris_Jordan/Boris_Jordan_0001.jpg,0,0.20697317
Andre_Techine/Andre_Techine_0001.jpg,Lloyd_Richards/Lloyd_Richards_0001.jpg,0,-0.12625824
Andy_Benes/Andy_Benes_0001.jpg,Doug_Moe/Doug_Moe_0001.jpg,0,0.14607649
Andy_Benes/Andy_Benes_0001.jpg,Mitar_Rasevic/Mitar_Rasevic_0001.jpg,0,0.15708789
Andy_Bryant/Andy_Bryant_0001.jpg,Mike_Slive/Mike_Slive_0001.jpg,0,0.19075386
Anna_Kournikova/Anna_Kournikova_0008.jpg,Colin_Farrell/Colin_Farrell_0001.jpg,0,0.04896729
Anne_ONeil/Anne_ONeil_0001.jpg,Sophie/Sophie_0001.jpg,0,0.12361795
Anthony_Lee_Johnson/Anthony_Lee_Johnson_0001.jpg,Dave_Williams/Dave_Williams_0001.jpg,0,0.05125340
Arnold_Palmer/Arnold_Palmer_0001.jpg,Stephanie_Zimbalist/Stephanie_Zimbalist_0001.jpg,0,0.09273171
Arnold_Palmer/Arnold_Palmer_0003.jpg,Charles_Kartman/Charles_Kartman_0001.jpg,0,0.20415375
Aron_Ralston/Aron_Ralston_0001.jpg,Bill_Fennelly/Bill_Fennelly_0001.jpg,0,0.23915218
Bart_Hendricks/Bart_Hendricks_0001.jpg,Philippe_Noiret/Philippe_Noiret_0001.jpg,0,0.01380979
Ben_Kingsley/Ben_Kingsley_0001.jpg,Daryl_Hannah/Daryl_Hannah_0001.jpg,0,0.11570782
Ben_Kingsley/Ben_Kingsley_0001.jpg,Jean_Nagel/Jean_Nagel_0001.jpg,0,0.26517493
Ben_Kingsley/Ben_Kingsley_0001.jpg,Perry_Farrell/Perry_Farrell_0001.jpg,0,0.07292208
Benjamin_Neulander/Benjamin_Neulander_0001.jpg,Robin_Tunney/Robin_Tunney_0001.jpg,0,0.13677348
Bernardo_Segura/Bernardo_Segura_0001.jpg,Debra_Shank/Debra_Shank_0001.jpg,0,0.13067363
Bernardo_Segura/Bernardo_Segura_0002.jpg,Douglas_Paal/Douglas_Paal_0001.jpg,0,-0.10441010
Bernardo_Segura/Bernardo_Segura_0002.jpg,Jeanette_Stauffer/Jeanette_Stauffer_0001.jpg,0,0.04589429
Bill_Pryor/Bill_Pryor_0001.jpg,Ronde_Barber/Ronde_Barber_0001.jpg,0,-0.06754460
Bob_Melvin/Bob_Melvin_0001.jpg,Richard_Hamilton/Richard_Hamilton_0001.jpg,0,-0.02313820
Bob_Stoops/Bob_Stoops_0003.jpg,Wayne_Allard/Wayne_Allard_0001.jpg,0,0.23137230
Bobby_Jackson/Bobby_Jackson_0001.jpg,Bruce_Gebhardt/Bruce_Gebhardt_0001.jpg,0,-0.12701322
Bobby_Jackson/Bobby_Jackson_0001.jpg,JP_Suarez/JP_Suarez_0001.jpg,0,-0.00305592
Bobby_Jackson/Bobby_Jackson_0001.jpg,Madge_Overhouse/Madge_Overhouse_0001.jpg,0,-0.12747054
Bobby_Jackson/Bobby_Jackson_0001.jpg,Nicola_Wells/Nicola_Wells_0001.jpg,0,0.04378692
Bobby_Robson/Bobby_Robson_0001.jpg,Rollie_Massimino/Rollie_Massimino_0001.jpg,0,0.26386631
Bode_Miller/Bode_Miller_0001.jpg,David_Howard/David_Howard_0001.jpg,0,0.13875315
Bode_Miller/Bode_Miller_0001.jpg,Steffi_Graf/Steffi_Graf_0001.jpg,0,0.15520811
Boris_Jordan/Boris_Jordan_0001.jpg,Kim_Weeks/Kim_Weeks_0001.jpg,0,-0.06591368
Boris_Jordan/Boris_Jordan_0001.jpg,Vincent_Sombrotto/Vincent_Sombrotto_0001.jpg,0,0.11172496
Brad_Alexander_Smith/Brad_Alexander_Smith_0001.jpg,Jason_Alexander/Jason_Alexander_0002.jpg,0,-0.06664990
Brad_Alexander_Smith/Brad_Alexander_Smith_0001.jpg,Kate_Lee/Kate_Lee_0001.jpg,0,0.16807015
Brad_Alexander_Smith/Brad_Alexander_Smith_0001.jpg,Tatiana_Gratcheva/Tatiana_Gratcheva_0001.jpg,0,0.08866757
Brandon_Webb/Brandon_Webb_0001.jpg,Helmut_Panke/Helmut_Panke_0001.jpg,0,0.20988207
Brandon_Webb/Brandon_Webb_0001.jpg,Larry_Hahn/Larry_Hahn_0001.jpg,0,0.26071915
Brandon_Webb/Brandon_Webb_0001.jpg,Ryan_Leaf/Ryan_Leaf_0001.jpg,0,0.19242173
Brennon_Leighton/Brennon_Leighton_0001.jpg,Laurel_Clark/Laurel_Clark_0001.jpg,0,0.02447614
Brett_Hawke/Brett_Hawke_0001.jpg,Teri_Files/Teri_Files_0001.jpg,0,0.15760674
Bruce_Gebhardt/Bruce_Gebhardt_0001.jpg,Jean-Luc_Bideau/Jean-Luc_Bideau_0001.jpg,0,-0.04985547
Bruce_Gebhardt/Bruce_Gebhardt_0001.jpg,Masao_Azuma/Masao_Azuma_0001.jpg,0,0.06904268
Bryan_Cooley/Bryan_Cooley_0001.jpg,Katie_Harman/Katie_Harman_0003.jpg,0,-0.00165510
Bryan_Murray/Bryan_Murray_0001.jpg,Eric_Schacht/Eric_Schacht_0001.jpg,0,-0.08401436
Bryan_Murray/Bryan_Murray_0001.jpg,Mikhail_Youzhny/Mikhail_Youzhny_0001.jpg,0,0.17182171
Bryan_Murray/Bryan_Murray_0001.jpg,Mitchell_Daniels/Mitchell_Daniels_0002.jpg,0,0.19256659
Camille_Colvin/Camille_Colvin_0001.jpg,Irina_Yatchenko/Irina_Yatchenko_0001.jpg,0,0.17914447
Carey_Lowell/Carey_Lowell_0001.jpg,Charlie_Coles/Charlie_Coles_0001.jpg,0,0.03389498
Carl_Pope/Carl_Pope_0001.jpg,Larry_Hahn/Larry_Hahn_0001.jpg,0,0.16818827
Carolina_Barco/Carolina_Barco_0001.jpg,Daryl_Hannah/Daryl_Hannah_0001.jpg,0,0.00551978
Carolina_Barco/Carolina_Barco_0001.jpg,Lindsay_Davenport/Lindsay_Davenport_0022.jpg,0,-0.01561880
Carolina_Barco/Carolina_Barco_0001.jpg,Norodom_Sihanouk/Norodom_Sihanouk_0001.jpg,0,-0.04244330
Caroline_Kennedy/Caroline_Kennedy_0003.jpg,Henry_Suazo/Henry_Suazo_0001.jpg,0,0.10256243
Catherine_Bell/Catherine_Bell_0001.jpg,Guillaume_Cannet/Guillaume_Cannet_0001.jpg,0,0.03254773
Catherine_Zeta-Jones/Catherine_Zeta-Jones_0010.jpg,Pier_Ferdinando_Casini/Pier_Ferdinando_Casini_0001.jpg,0,0.13683078
Catherine_Zeta-Jones/Catherine_Zeta-Jones_0011.jpg,Hayley_Tullett/Hayley_Tullett_0002.jpg,0,0.10286880
Celso_Amorim/Celso_Amorim_0002.jpg,Juljia_Vysotskij/Juljia_Vysotskij_0001.jpg,0,0.10332827
Celso_Amorim/Celso_Amorim_0002.jpg,Kevin_Costner/Kevin_Costner_0001.jpg,0,-0.09373461
Celso_Amorim/Celso_Amorim_0002.jpg,Thomas_Stewart/Thomas_Stewart_0001.jpg,0,0.12399855
Chanda_Rubin/Chanda_Rubin_0003.jpg,Richard_Tubb/Richard_Tubb_0001.jpg,0,-0.05603654
Chante_Jawan_Mallard/Chante_Jawan_Mallard_0001.jpg,Stephen_Glassroth/Stephen_Glassroth_0001.jpg,0,0.24626562
Chante_Jawan_Mallard/Chante_Jawan_Mallard_0001.jpg,Vicente_Fox/Vicente_Fox_0023.jpg,0,-0.05111250
Charles_Bronson/Charles_Bronson_0002.jpg,Hu_Jintao/Hu_Jintao_0004.jpg,0,0.18907636
Charles_Kartman/Charles_Kartman_0001.jpg,Debra_Shank/Debra_Shank_0001.jpg,0,0.07929707
Charles_Schumer/Charles_Schumer_0002.jpg,James_Watt/James_Watt_0001.jpg,0,0.04344024
Charles_Schumer/Charles_Schumer_0002.jpg,Justin_Gatlin/Justin_Gatlin_0002.jpg,0,0.06239030
Charles_Schumer/Charles_Schumer_0002.jpg,Lionel_Chalmers/Lionel_Chalmers_0001.jpg,0,-0.09357237
Chris_Rock/Chris_Rock_0002.jpg,Dalai_Lama/Dalai_Lama_0001.jpg,0,0.01444202
Christine_Baumgartner/Christine_Baumgartner_0002.jpg,Vincent_Sombrotto/Vincent_Sombrotto_0001.jpg,0,0.11226155
Christine_Baumgartner/Christine_Baumgartner_0003.jpg,Lars_Burgsmuller/Lars_Burgsmuller_0001.jpg,0,0.06299759
Chyung_Dai-chul/Chyung_Dai-chul_0001.jpg,Dan_Reeves/Dan_Reeves_0001.jpg,0,0.20515257
Cindy_Moll/Cindy_Moll_0001.jpg,Daniel_Radcliffe/Daniel_Radcliffe_0003.jpg,0,0.05313348
Cindy_Moll/Cindy_Moll_0001.jpg,James_McPherson/James_McPherson_0001.jpg,0,-0.01608257
Cindy_Moll/Cindy_Moll_0001.jpg,Robin_Johansen/Robin_Johansen_0001.jpg,0,0.08392403
Claire_De_Gryse/Claire_De_Gryse_0001.jpg,Deb_Santos/Deb_Santos_0001.jpg,0,0.33250001
Claire_Tomalin/Claire_Tomalin_0001.jpg,Steve_Case/Steve_Case_0001.jpg,0,-0.00079993
Clay_Campbell/Clay_Campbell_0001.jpg,Leonardo_DiCaprio/Leonardo_DiCaprio_0002.jpg,0,-0.04603680
Cole_Chapman/Cole_Chapman_0001.jpg,Marisol_Martinez_Sambran/Marisol_Martinez_Sambran_0001.jpg,0,-0.20157994
Colin_Phillips/Colin_Phillips_0001.jpg,Ian_McKellen/Ian_McKellen_0003.jpg,0,0.05865743
Colin_Phillips/Colin_Phillips_0001.jpg,Lloyd_Richards/Lloyd_Richards_0001.jpg,0,-0.04868738
Colin_Prescot/Colin_Prescot_0001.jpg,Laurie_Hobbs/Laurie_Hobbs_0001.jpg,0,0.00415573
Connie_Freydell/Connie_Freydell_0001.jpg,Tommy_Maddox/Tommy_Maddox_0001.jpg,0,0.11204188
Craig_OClair/Craig_OClair_0001.jpg,Steve_Avery/Steve_Avery_0001.jpg,0,-0.00992538
Damarius_Bilbo/Damarius_Bilbo_0001.jpg,Juljia_Vysotskij/Juljia_Vysotskij_0001.jpg,0,0.01551883
Damon_Dash/Damon_Dash_0001.jpg,Henry_Suazo/Henry_Suazo_0001.jpg,0,0.14473516
Daniel_Comisso_Urdaneta/Daniel_Comisso_Urdaneta_0001.jpg,Larry_Ralston/Larry_Ralston_0001.jpg,0,-0.00014757
Daniel_Radcliffe/Daniel_Radcliffe_0003.jpg,Diane_Green/Diane_Green_0002.jpg,0,0.32626840
Daniel_Radcliffe/Daniel_Radcliffe_0003.jpg,Rick_Barnes/Rick_Barnes_0002.jpg,0,0.18436539
Daniel_Radcliffe/Daniel_Radcliffe_0003.jpg,Vicente_Fox/Vicente_Fox_0032.jpg,0,-0.05735747
Dany_Heatley/Dany_Heatley_0001.jpg,Richard_Parsons/Richard_Parsons_0001.jpg,0,0.07843845
Dany_Heatley/Dany_Heatley_0001.jpg,Terry_Hoeppner/Terry_Hoeppner_0001.jpg,0,-0.02154273
Dave_Odom/Dave_Odom_0001.jpg,Maritza_Macias_Furano/Maritza_Macias_Furano_0001.jpg,0,0.09975854
David_Beckham/David_Beckham_0022.jpg,Laura_Morante/Laura_Morante_0001.jpg,0,0.28112605
David_Duval/David_Duval_0001.jpg,Philippe_Noiret/Philippe_Noiret_0002.jpg,0,0.07443200
David_Ho/David_Ho_0001.jpg,Doug_Moe/Doug_Moe_0001.jpg,0,0.07297325
David_Ho/David_Ho_0001.jpg,Erskine_Bowles/Erskine_Bowles_0001.jpg,0,0.12603511
David_Ho/David_Ho_0001.jpg,Evander_Holyfield/Evander_Holyfield_0001.jpg,0,-0.02395788
David_Howard/David_Howard_0001.jpg,Hugo_Conte/Hugo_Conte_0001.jpg,0,0.18642779
Denzel_Washington/Denzel_Washington_0004.jpg,Henry_Suazo/Henry_Suazo_0001.jpg,0,0.22936039
Des_Brown/Des_Brown_0001.jpg,Eliott_Spitzer/Eliott_Spitzer_0001.jpg,0,0.01137704
Des_Brown/Des_Brown_0001.jpg,Svetislav_Pesic/Svetislav_Pesic_0001.jpg,0,0.10412587
Diana_Ross/Diana_Ross_0001.jpg,Rick_Rickert/Rick_Rickert_0001.jpg,0,-0.05203806
Dianne_Feinstein/Dianne_Feinstein_0003.jpg,Dwayne_Johnson/Dwayne_Johnson_0002.jpg,0,-0.00495593
Dick_Clark/Dick_Clark_0003.jpg,Manfred_Stolpe/Manfred_Stolpe_0001.jpg,0,0.22664869
Dino_Risi/Dino_Risi_0001.jpg,Gabriel_Farhi/Gabriel_Farhi_0001.jpg,0,0.00353275
Doc_Rivers/Doc_Rivers_0001.jpg,Melissa_Joan_Hart/Melissa_Joan_Hart_0001.jpg,0,0.04661679
Dominick_Dunne/Dominick_Dunne_0001.jpg,Nicoletta_Braschi/Nicoletta_Braschi_0001.jpg,0,0.16895449
Don_Flanagan/Don_Flanagan_0001.jpg,Ed_Sullivan/Ed_Sullivan_0001.jpg,0,0.01199858
Don_Flanagan/Don_Flanagan_0001.jpg,Ratna_Sari_Dewi_Sukarno/Ratna_Sari_Dewi_Sukarno_0001.jpg,0,0.12142208
Donald_Keyser/Donald_Keyser_0001.jpg,Salma_Hayek/Salma_Hayek_0002.jpg,0,-0.01322962
Douglas_Paal/Douglas_Paal_0001.jpg,Ed_Sullivan/Ed_Sullivan_0001.jpg,0,0.24660629
Douglas_Paal/Douglas_Paal_0001.jpg,Richard_Hamilton/Richard_Hamilton_0001.jpg,0,-0.03790424
Dusty_Baker/Dusty_Baker_0001.jpg,Saddam_Hussein/Saddam_Hussein_0002.jpg,0,0.07633977
Ed_Rendell/Ed_Rendell_0001.jpg,Jamie_Dimon/Jamie_Dimon_0001.jpg,0,-0.00113375
Ed_Rendell/Ed_Rendell_0001.jpg,Richard_Cohen/Richard_Cohen_0001.jpg,0,-0.04632121
Eddie_Murray/Eddie_Murray_0001.jpg,Kevin_Costner/Kevin_Costner_0007.jpg,0,-0.11006489
Elaine_Stritch/Elaine_Stritch_0001.jpg,Richard_Parsons/Richard_Parsons_0001.jpg,0,0.11847167
Elena_Tihomirova/Elena_Tihomirova_0001.jpg,Mike_Slive/Mike_Slive_0001.jpg,0,-0.03019588
Elena_Tihomirova/Elena_Tihomirova_0001.jpg,Mohammed_Abu_Sharia/Mohammed_Abu_Sharia_0001.jpg,0,-0.09409308
Eric_Schacht/Eric_Schacht_0001.jpg,Jennifer_Keller/Jennifer_Keller_0002.jpg,0,-0.14722118
Erik_Morales/Erik_Morales_0003.jpg,Werner_Schlager/Werner_Schlager_0001.jpg,0,0.02954729
Erin_Brockovich/Erin_Brockovich_0001.jpg,Henry_Suazo/Henry_Suazo_0001.jpg,0,-0.02540461
Erin_Brockovich/Erin_Brockovich_0001.jpg,Mike_Carona/Mike_Carona_0001.jpg,0,-0.02597846
Evan_Rachel_Wood/Evan_Rachel_Wood_0001.jpg,Sharon_Frey/Sharon_Frey_0001.jpg,0,0.18596189
Evander_Holyfield/Evander_Holyfield_0001.jpg,Julio_Rossi/Julio_Rossi_0001.jpg,0,-0.14654633
Evander_Holyfield/Evander_Holyfield_0001.jpg,Michael_Jordan/Michael_Jordan_0003.jpg,0,0.22535257
Evander_Holyfield/Evander_Holyfield_0001.jpg,Mike_Carona/Mike_Carona_0001.jpg,0,0.23478669
Fatmir_Limaj/Fatmir_Limaj_0001.jpg,Todd_Haynes/Todd_Haynes_0004.jpg,0,0.33680230
Felicity_Huffman/Felicity_Huffman_0001.jpg,Nelson_Acosta/Nelson_Acosta_0001.jpg,0,0.12311391
Felipe_De_Borbon/Felipe_De_Borbon_0001.jpg,Jose_Bove/Jose_Bove_0001.jpg,0,0.17541057
Frank_Cassell/Frank_Cassell_0002.jpg,Jesper_Parnevik/Jesper_Parnevik_0001.jpg,0,-0.00848313
Frank_Cassell/Frank_Cassell_0003.jpg,Ronde_Barber/Ronde_Barber_0001.jpg,0,0.07482860
Fred_Durst/Fred_Durst_0001.jpg,Marisol_Martinez_Sambran/Marisol_Martinez_Sambran_0001.jpg,0,-0.09356596
Fred_Durst/Fred_Durst_0001.jpg,Shavon_Earp/Shavon_Earp_0001.jpg,0,0.12776616
Fujio_Cho/Fujio_Cho_0001.jpg,Javier_Vargas/Javier_Vargas_0001.jpg,0,0.31303459
Fujio_Cho/Fujio_Cho_0002.jpg,Tatsuya_Fuji/Tatsuya_Fuji_0001.jpg,0,0.07529902
Fujio_Cho/Fujio_Cho_0003.jpg,Michael_Brandon/Michael_Brandon_0001.jpg,0,0.19482741
Fujio_Cho/Fujio_Cho_0006.jpg,Olene_Walker/Olene_Walker_0001.jpg,0,0.12459674
Gabriel_Farhi/Gabriel_Farhi_0001.jpg,Lars_Burgsmuller/Lars_Burgsmuller_0001.jpg,0,0.07258844
Gao_Qiang/Gao_Qiang_0002.jpg,Kenneth_Brill/Kenneth_Brill_0001.jpg,0,0.07256407
Gary_Stevens/Gary_Stevens_0001.jpg,Wanda_Ilene_Barzee/Wanda_Ilene_Barzee_0001.jpg,0,0.02213016
Geoff_Hoon/Geoff_Hoon_0001.jpg,Osama_bin_Laden/Osama_bin_Laden_0003.jpg,0,0.00855457
Geoff_Hoon/Geoff_Hoon_0003.jpg,Richard_Tubb/Richard_Tubb_0001.jpg,0,0.18207373
Geoff_Hoon/Geoff_Hoon_0005.jpg,Thomas_Stewart/Thomas_Stewart_0001.jpg,0,0.16463110
George_Brumley/George_Brumley_0001.jpg,Manfred_Stolpe/Manfred_Stolpe_0001.jpg,0,0.23016182
George_Brumley/George_Brumley_0001.jpg,Ryan_Leaf/Ryan_Leaf_0001.jpg,0,-0.11062707
George_Brumley/George_Brumley_0002.jpg,Sergei_Yushenkov/Sergei_Yushenkov_0001.jpg,0,0.02338143
George_Papandreou/George_Papandreou_0002.jpg,Tatiana_Panova/Tatiana_Panova_0001.jpg,0,0.04483891
George_Papandreou/George_Papandreou_0004.jpg,Larry_Lindsey/Larry_Lindsey_0002.jpg,0,0.11063813
George_Papandreou/George_Papandreou_0004.jpg,Paul_LeClerc/Paul_LeClerc_0001.jpg,0,-0.01195845
Ghassan_Elashi/Ghassan_Elashi_0001.jpg,Rick_Rickert/Rick_Rickert_0001.jpg,0,0.10134503
Gloria_Allred/Gloria_Allred_0002.jpg,Roman_Tam/Roman_Tam_0001.jpg,0,-0.01839145
Greg_Kinsey/Greg_Kinsey_0001.jpg,Priscilla_Presley/Priscilla_Presley_0001.jpg,0,0.03403240
Greg_Ostertag/Greg_Ostertag_0002.jpg,Kevin_Costner/Kevin_Costner_0006.jpg,0,0.05468795
Greg_Owen/Greg_Owen_0001.jpg,Mark_Sisk/Mark_Sisk_0001.jpg,0,0.03298607
Greg_Owen/Greg_Owen_0002.jpg,Mike_Smith/Mike_Smith_0001.jpg,0,-0.00113812
Gretchen_Mol/Gretchen_Mol_0001.jpg,Isabella_Rossellini/Isabella_Rossellini_0002.jpg,0,0.33347997
Gunilla_Backman/Gunilla_Backman_0001.jpg,Kathleen_Abernathy/Kathleen_Abernathy_0001.jpg,0,0.06893698
Hanan_Ashrawi/Hanan_Ashrawi_0001.jpg,Mario_Kreutzberger/Mario_Kreutzberger_0002.jpg,0,0.20320994
Hans_Leistritz/Hans_Leistritz_0001.jpg,Saddam_Hussein/Saddam_Hussein_0018.jpg,0,-0.05371426
Hans_Leistritz/Hans_Leistritz_0001.jpg,Sue_Grafton/Sue_Grafton_0001.jpg,0,0.05303526
Hans_Peter_Briegel/Hans_Peter_Briegel_0001.jpg,Theresa_May/Theresa_May_0002.jpg,0,-0.01139560
Harriet_Lessy/Harriet_Lessy_0001.jpg,Mike_Carona/Mike_Carona_0001.jpg,0,0.03068541
Harry_Kalas/Harry_Kalas_0002.jpg,Joe_Strummer/Joe_Strummer_0001.jpg,0,0.10298370
Harry_Kalas/Harry_Kalas_0002.jpg,Lewis_Booth/Lewis_Booth_0001.jpg,0,0.15233061
Hayley_Tullett/Hayley_Tullett_0001.jpg,Ian_McKellen/Ian_McKellen_0001.jpg,0,0.14338978
Henry_Suazo/Henry_Suazo_0001.jpg,Ratna_Sari_Dewi_Sukarno/Ratna_Sari_Dewi_Sukarno_0001.jpg,0,-0.06765637
Hernan_Crespo/Hernan_Crespo_0001.jpg,Ronde_Barber/Ronde_Barber_0001.jpg,0,0.05395056
Hiroyuki_Yoshino/Hiroyuki_Yoshino_0001.jpg,Rollie_Massimino/Rollie_Massimino_0001.jpg,0,0.01222118
Hu_Jintao/Hu_Jintao_0006.jpg,Jerome_Jenkins/Jerome_Jenkins_0001.jpg,0,0.05519398
Hugh_Jessiman/Hugh_Jessiman_0001.jpg,Solomon_Passy/Solomon_Passy_0001.jpg,0,0.06901312
Hugh_Jessiman/Hugh_Jessiman_0001.jpg,TA_McLendon/TA_McLendon_0001.jpg,0,0.37240738
Hugo_Conte/Hugo_Conte_0001.jpg,Laurent_Woulzy/Laurent_Woulzy_0001.jpg,0,0.18611875
Irina_Yatchenko/Irina_Yatchenko_0001.jpg,Katie_Harman/Katie_Harman_0002.jpg,0,0.01696539
Isidro_Pastor/Isidro_Pastor_0001.jpg,Mark_Butcher/Mark_Butcher_0001.jpg,0,0.24522087
Ismail_Merchant/Ismail_Merchant_0001.jpg,Mack_Brown/Mack_Brown_0002.jpg,0,0.17254837
Ismail_Merchant/Ismail_Merchant_0002.jpg,Kathleen_Abernathy/Kathleen_Abernathy_0001.jpg,0,-0.02961993
Ivan_Helguera/Ivan_Helguera_0001.jpg,William_Donaldson/William_Donaldson_0004.jpg,0,0.01070704
Iveta_Benesova/Iveta_Benesova_0001.jpg,Jacques_Chirac/Jacques_Chirac_0050.jpg,0,0.15300271
Jacques_Chirac/Jacques_Chirac_0020.jpg,Tzipora_Obziler/Tzipora_Obziler_0001.jpg,0,-0.03001603
Jacques_Chirac/Jacques_Chirac_0035.jpg,Richard_Shelby/Richard_Shelby_0002.jpg,0,0.33446911
James_Cameron/James_Cameron_0001.jpg,Richard_Shelby/Richard_Shelby_0002.jpg,0,0.07312643
James_McGreevey/James_McGreevey_0001.jpg,Katie_Harman/Katie_Harman_0002.jpg,0,-0.01552501
James_McGreevey/James_McGreevey_0001.jpg,Tzipora_Obziler/Tzipora_Obziler_0001.jpg,0,-0.06115881
James_Sensenbrenner/James_Sensenbrenner_0001.jpg,Jimmy_Smits/Jimmy_Smits_0001.jpg,0,-0.18596891
James_Sensenbrenner/James_Sensenbrenner_0001.jpg,Maria_Shkolnikova/Maria_Shkolnikova_0001.jpg,0,0.01150624
James_Watt/James_Watt_0001.jpg,Priscilla_Presley/Priscilla_Presley_0002.jpg,0,0.04591358
Jamie_Dimon/Jamie_Dimon_0001.jpg,Robert_Korzeniowski/Robert_Korzeniowski_0001.jpg,0,0.29734629
Jason_Alexander/Jason_Alexander_0001.jpg,Mike_Maroth/Mike_Maroth_0001.jpg,0,-0.05331091
Jason_Alexander/Jason_Alexander_0001.jpg,Wayne_Allard/Wayne_Allard_0001.jpg,0,0.04935521
Jason_Kidd/Jason_Kidd_0007.jpg,Louisa_Baileche/Louisa_Baileche_0001.jpg,0,0.10030346
Javier_Vargas/Javier_Vargas_0001.jpg,Jesse_Helms/Jesse_Helms_0001.jpg,0,-0.06155182
Jeanette_Gray/Jeanette_Gray_0001.jpg,Keith_Fotta/Keith_Fotta_0001.jpg,0,0.24226084
Jeanette_Stauffer/Jeanette_Stauffer_0001.jpg,Marie-Josee_Croze/Marie-Josee_Croze_0001.jpg,0,-0.04085585
Jeffrey_Donaldson/Jeffrey_Donaldson_0001.jpg,Leonardo_DiCaprio/Leonardo_DiCaprio_0008.jpg,0,0.21470526
Jeffrey_Donaldson/Jeffrey_Donaldson_0001.jpg,Peter_Bacanovic/Peter_Bacanovic_0001.jpg,0,0.11880463
Jennifer_Connelly/Jennifer_Connelly_0004.jpg,Martin_Bandier/Martin_Bandier_0001.jpg,0,-0.00831869
Jesper_Parnevik/Jesper_Parnevik_0001.jpg,Justin_Gatlin/Justin_Gatlin_0002.jpg,0,0.06279644
Jimmy_Smits/Jimmy_Smits_0001.jpg,Robin_Johansen/Robin_Johansen_0001.jpg,0,0.11863311
Jimmy_Smits/Jimmy_Smits_0001.jpg,Shane_Hmiel/Shane_Hmiel_0001.jpg,0,0.02906412
Joe_Crede/Joe_Crede_0001.jpg,Tom_DeLay/Tom_DeLay_0001.jpg,0,0.00605215
John_Burkett/John_Burkett_0001.jpg,Leonardo_DiCaprio/Leonardo_DiCaprio_0002.jpg,0,0.17389536
John_McKay/John_McKay_0001.jpg,Mary_Sue_Coleman/Mary_Sue_Coleman_0001.jpg,0,0.05844178
Johnny_Hallyday/Johnny_Hallyday_0001.jpg,Olene_Walker/Olene_Walker_0001.jpg,0,0.02471952
Jonathan_Tiomkin/Jonathan_Tiomkin_0001.jpg,Rita_Grande/Rita_Grande_0002.jpg,0,0.03280887
Jorge_Rodolfo_Canicoba_Corral/Jorge_Rodolfo_Canicoba_Corral_0001.jpg,Wayne_Allard/Wayne_Allard_0001.jpg,0,-0.03172978
Jose_Bove/Jose_Bove_0001.jpg,Juergen_Trittin/Juergen_Trittin_0001.jpg,0,0.13142619
Juljia_Vysotskij/Juljia_Vysotskij_0001.jpg,Patrick_Coleman/Patrick_Coleman_0001.jpg,0,0.03353292
Kate_Lee/Kate_Lee_0001.jpg,Toshimitsu_Motegi/Toshimitsu_Motegi_0001.jpg,0,0.00918605
Kathie_Louise_Saunders/Kathie_Louise_Saunders_0001.jpg,Roberto_Lavagna/Roberto_Lavagna_0001.jpg,0,0.18322279
Kathie_Louise_Saunders/Kathie_Louise_Saunders_0001.jpg,Rosalyn_Carter/Rosalyn_Carter_0001.jpg,0,0.07919990
Kenneth_Branagh/Kenneth_Branagh_0001.jpg,Pinar_del_Rio/Pinar_del_Rio_0001.jpg,0,-0.04824486
Kevin_Costner/Kevin_Costner_0005.jpg,Stephen_Glassroth/Stephen_Glassroth_0001.jpg,0,0.13550943
Khader_Rashid_Rahim/Khader_Rashid_Rahim_0001.jpg,Richard_Cohen/Richard_Cohen_0001.jpg,0,0.32635605
Khalid_Khannouchi/Khalid_Khannouchi_0001.jpg,Werner_Schlager/Werner_Schlager_0001.jpg,0,0.09696415
Kim_Su_Nam/Kim_Su_Nam_0001.jpg,Todd_Haynes/Todd_Haynes_0004.jpg,0,0.15483010
Kim_Weeks/Kim_Weeks_0001.jpg,Marie-Josee_Croze/Marie-Josee_Croze_0001.jpg,0,0.22532213
Kimora_Lee/Kimora_Lee_0001.jpg,Robin_Johansen/Robin_Johansen_0001.jpg,0,0.08781273
Kurt_Suzuki/Kurt_Suzuki_0001.jpg,Scott_Hoch/Scott_Hoch_0001.jpg,0,0.13704777
Larry_Lindsey/Larry_Lindsey_0001.jpg,Wanda_Ilene_Barzee/Wanda_Ilene_Barzee_0001.jpg,0,0.03324868
Larry_Ralston/Larry_Ralston_0001.jpg,Richard_Carl/Richard_Carl_0001.jpg,0,0.10120112
Larry_Ralston/Larry_Ralston_0001.jpg,William_Donaldson/William_Donaldson_0006.jpg,0,0.17799592
Larry_Ralston/Larry_Ralston_0001.jpg,Willie_Wilson/Willie_Wilson_0001.jpg,0,-0.02017711
Laurel_Clark/Laurel_Clark_0001.jpg,Laurent_Woulzy/Laurent_Woulzy_0001.jpg,0,0.29608634
Laurel_Clark/Laurel_Clark_0001.jpg,Priscilla_Presley/Priscilla_Presley_0001.jpg,0,0.02708079
Leandrinho_Barbosa/Leandrinho_Barbosa_0001.jpg,Melissa_Joan_Hart/Melissa_Joan_Hart_0001.jpg,0,0.03551084
Leandrinho_Barbosa/Leandrinho_Barbosa_0001.jpg,Olene_Walker/Olene_Walker_0001.jpg,0,-0.16431004
Leon_Barmore/Leon_Barmore_0001.jpg,Sachin_Tendulkar/Sachin_Tendulkar_0001.jpg,0,-0.07638504
Leon_Barmore/Leon_Barmore_0001.jpg,Yusaku_Miyazato/Yusaku_Miyazato_0001.jpg,0,0.20110518
Leonard_Schrank/Leonard_Schrank_0001.jpg,Marie_Haghal/Marie_Haghal_0001.jpg,0,0.03458501
Leonard_Schrank/Leonard_Schrank_0001.jpg,Rick_Rickert/Rick_Rickert_0001.jpg,0,0.17401315
Linda_Franklin/Linda_Franklin_0001.jpg,Melissa_Joan_Hart/Melissa_Joan_Hart_0001.jpg,0,0.12300651
Lindsay_Davenport/Lindsay_Davenport_0001.jpg,Martin_Burnham/Martin_Burnham_0001.jpg,0,0.25350609
Lindsay_Davenport/Lindsay_Davenport_0017.jpg,Oxana_Fedorova/Oxana_Fedorova_0003.jpg,0,0.08240790
Lionel_Chalmers/Lionel_Chalmers_0001.jpg,Mohammad_Fares/Mohammad_Fares_0001.jpg,0,-0.07275813
Lisa_Ling/Lisa_Ling_0002.jpg,Mike_Maroth/Mike_Maroth_0001.jpg,0,0.08850978
Lucy_Liu/Lucy_Liu_0003.jpg,Prince_William/Prince_William_0001.jpg,0,0.13489437
Maria_Luisa_Mendonca/Maria_Luisa_Mendonca_0002.jpg,Stephane_Delajoux/Stephane_Delajoux_0001.jpg,0,-0.01570091
Maria_Luisa_Mendonca/Maria_Luisa_Mendonca_0002.jpg,Terunobu_Maeda/Terunobu_Maeda_0001.jpg,0,-0.06711276
Maria_Shkolnikova/Maria_Shkolnikova_0001.jpg,Martin_Rodriguez/Martin_Rodriguez_0001.jpg,0,0.05143232
Mariana_Ohata/Mariana_Ohata_0001.jpg,Xavier_Malisse/Xavier_Malisse_0003.jpg,0,0.16567242
Mario_Kreutzberger/Mario_Kreutzberger_0001.jpg,Shavon_Earp/Shavon_Earp_0001.jpg,0,0.31949326
Mario_Kreutzberger/Mario_Kreutzberger_0002.jpg,Raul_Cubas/Raul_Cubas_0001.jpg,0,0.29274622
Maritza_Macias_Furano/Maritza_Macias_Furano_0001.jpg,Qusai_Hussein/Qusai_Hussein_0001.jpg,0,0.05524335
Mark_Butcher/Mark_Butcher_0001.jpg,Scott_Hoch/Scott_Hoch_0001.jpg,0,0.14887945
Mark_Sisk/Mark_Sisk_0001.jpg,Mehdi_Baala/Mehdi_Baala_0001.jpg,0,-0.05347373
Mark_Sisk/Mark_Sisk_0001.jpg,Stephen_Swindal/Stephen_Swindal_0001.jpg,0,0.11128737
Masao_Azuma/Masao_Azuma_0001.jpg,Mikhail_Kalashnikov/Mikhail_Kalashnikov_0001.jpg,0,0.15499727
McGuire_Gibson/McGuire_Gibson_0001.jpg,Richard_Haass/Richard_Haass_0001.jpg,0,0.15344706
Mehdi_Baala/Mehdi_Baala_0001.jpg,Steve_Avery/Steve_Avery_0001.jpg,0,0.07947089
Melissa_Joan_Hart/Melissa_Joan_Hart_0001.jpg,Mikhail_Kalashnikov/Mikhail_Kalashnikov_0001.jpg,0,-0.02123929
Melissa_Joan_Hart/Melissa_Joan_Hart_0001.jpg,Sue_Grafton/Sue_Grafton_0001.jpg,0,0.07325870
Michael_Brandon/Michael_Brandon_0001.jpg,Toshimitsu_Motegi/Toshimitsu_Motegi_0001.jpg,0,0.20937687
Michael_Shelby/Michael_Shelby_0001.jpg,Olene_Walker/Olene_Walker_0001.jpg,0,0.29974353
Michel_Kratochvil/Michel_Kratochvil_0001.jpg,Sheldon_Silver/Sheldon_Silver_0001.jpg,0,0.01732923
Mike_Eskew/Mike_Eskew_0001.jpg,Zarai_Toledo/Zarai_Toledo_0001.jpg,0,0.04326184
Mike_OConnell/Mike_OConnell_0001.jpg,Roberto_Lavagna/Roberto_Lavagna_0001.jpg,0,0.17968206
Mike_Sherman/Mike_Sherman_0001.jpg,Natalie_Maines/Natalie_Maines_0003.jpg,0,0.09997410
Mike_Sherman/Mike_Sherman_0001.jpg,Paige_Fitzgerald/Paige_Fitzgerald_0001.jpg,0,0.06039981
Milt_Heflin/Milt_Heflin_0001.jpg,Pier_Ferdinando_Casini/Pier_Ferdinando_Casini_0001.jpg,0,-0.14266177
Nicholoas_DiMarzio/Nicholoas_DiMarzio_0001.jpg,Richard_Parsons/Richard_Parsons_0001.jpg,0,0.09916926
Nikki_McKibbin/Nikki_McKibbin_0001.jpg,Stephen_Swindal/Stephen_Swindal_0001.jpg,0,0.18422356
Nikki_McKibbin/Nikki_McKibbin_0001.jpg,Steven_Tyler/Steven_Tyler_0001.jpg,0,-0.18937202
Osama_Al_Baz/Osama_Al_Baz_0001.jpg,Patricia_Wartusch/Patricia_Wartusch_0001.jpg,0,-0.08841887
Osama_Al_Baz/Osama_Al_Baz_0001.jpg,Sandra_Day_OConner/Sandra_Day_OConner_0001.jpg,0,0.20491794
Patricia_Phillips/Patricia_Phillips_0001.jpg,Thierry_Falise/Thierry_Falise_0002.jpg,0,0.12181767
Paula_Locke/Paula_Locke_0001.jpg,Teri_Files/Teri_Files_0001.jpg,0,0.58028626
Peter_Bacanovic/Peter_Bacanovic_0002.jpg,Robert_Korzeniowski/Robert_Korzeniowski_0001.jpg,0,0.37896115
Pier_Ferdinando_Casini/Pier_Ferdinando_Casini_0001.jpg,Ratna_Sari_Dewi_Sukarno/Ratna_Sari_Dewi_Sukarno_0001.jpg,0,0.06937283
Priscilla_Presley/Priscilla_Presley_0002.jpg,Raul_Rivero/Raul_Rivero_0001.jpg,0,0.08618868
Raaf_Schefter/Raaf_Schefter_0001.jpg,Rick_Dinse/Rick_Dinse_0002.jpg,0,0.13844454
Richard_Sterner/Richard_Sterner_0001.jpg,Steven_Spielberg/Steven_Spielberg_0002.jpg,0,0.17937869
Rick_Dinse/Rick_Dinse_0002.jpg,Shavon_Earp/Shavon_Earp_0001.jpg,0,0.10739999
Roberto_Lavagna/Roberto_Lavagna_0001.jpg,Sandra_Bullock/Sandra_Bullock_0004.jpg,0,0.07266647
Rod_Stewart/Rod_Stewart_0001.jpg,Steffi_Graf/Steffi_Graf_0002.jpg,0,0.13879257
Rodolfo_Abalos/Rodolfo_Abalos_0001.jpg,Thierry_Falise/Thierry_Falise_0003.jpg,0,-0.02759094
Roman_Tam/Roman_Tam_0001.jpg,Zalmay_Khalilzad/Zalmay_Khalilzad_0001.jpg,0,0.15191919
Scott_Hoch/Scott_Hoch_0001.jpg,Thomas_Stewart/Thomas_Stewart_0001.jpg,0,0.32137138
Seymour_Cassell/Seymour_Cassell_0001.jpg,Todd_Haynes/Todd_Haynes_0004.jpg,0,-0.06601077
Shaun_Rusling/Shaun_Rusling_0001.jpg,Vincent_Sombrotto/Vincent_Sombrotto_0001.jpg,0,0.24903901
Sheldon_Silver/Sheldon_Silver_0001.jpg,Xavier_Malisse/Xavier_Malisse_0003.jpg,0,-0.25963834
Stephane_Delajoux/Stephane_Delajoux_0001.jpg,Tristan_Gretzky/Tristan_Gretzky_0001.jpg,0,0.01424474
Takahiro_Mori/Takahiro_Mori_0001.jpg,Tony_Blair/Tony_Blair_0064.jpg,0,-0.06404932
Thierry_Falise/Thierry_Falise_0002.jpg,Werner_Schlager/Werner_Schlager_0001.jpg,0,0.05889446
Abbas_Kiarostami/Abbas_Kiarostami_0001.jpg,Fujio_Mitarai/Fujio_Mitarai_0001.jpg,0,0.19641569
Abdullah/Abdullah_0001.jpg,Teresa_Heinz_Kerry/Teresa_Heinz_Kerry_0001.jpg,0,0.03287573
Abdullah/Abdullah_0003.jpg,Samuel_Waksal/Samuel_Waksal_0001.jpg,0,-0.16829222
Abdullah/Abdullah_0004.jpg,Julio_Cesar_Franco/Julio_Cesar_Franco_0001.jpg,0,0.08114909
Abid_Hamid_Mahmud_Al-Tikriti/Abid_Hamid_Mahmud_Al-Tikriti_0001.jpg,Anjum_Hussain/Anjum_Hussain_0001.jpg,0,0.13123453
Abid_Hamid_Mahmud_Al-Tikriti/Abid_Hamid_Mahmud_Al-Tikriti_0002.jpg,Doris_Schroeder/Doris_Schroeder_0001.jpg,0,0.25474685
Adam_Freier/Adam_Freier_0001.jpg,Hillary_Clinton/Hillary_Clinton_0003.jpg,0,-0.08748008
Adam_Freier/Adam_Freier_0001.jpg,Princess_Caroline/Princess_Caroline_0001.jpg,0,0.00688501
Adam_Freier/Adam_Freier_0001.jpg,Regina_Ip/Regina_Ip_0001.jpg,0,0.01340016
Alan_Ball/Alan_Ball_0001.jpg,Kristin_Scott_Thomas/Kristin_Scott_Thomas_0001.jpg,0,0.00658344
Alan_Ball/Alan_Ball_0002.jpg,Yuri_Malenchenko/Yuri_Malenchenko_0001.jpg,0,0.10456254
Albert_Costa/Albert_Costa_0006.jpg,Gary_Barnett/Gary_Barnett_0001.jpg,0,0.03411385
Albert_Costa/Albert_Costa_0006.jpg,John_Marburger/John_Marburger_0001.jpg,0,0.01973448
Albert_Costa/Albert_Costa_0006.jpg,Wen_Jiabao/Wen_Jiabao_0007.jpg,0,-0.00536518
Alberta_Lee/Alberta_Lee_0001.jpg,Babe_Ruth/Babe_Ruth_0001.jpg,0,0.29547200
Alex_Popov/Alex_Popov_0001.jpg,Kent_Rominger/Kent_Rominger_0002.jpg,0,0.13089608
Alex_Popov/Alex_Popov_0001.jpg,Matthew_During/Matthew_During_0001.jpg,0,0.15125060
Ali_Khamenei/Ali_Khamenei_0002.jpg,Roberto_Canessa/Roberto_Canessa_0001.jpg,0,0.03342258
Amelia_Vega/Amelia_Vega_0001.jpg,Gina_Lollobrigida/Gina_Lollobrigida_0001.jpg,0,-0.02026924
Amelia_Vega/Amelia_Vega_0005.jpg,Jim_Harrick/Jim_Harrick_0001.jpg,0,-0.05785643
Amy_Pascal/Amy_Pascal_0001.jpg,Eduardo_Duhalde/Eduardo_Duhalde_0007.jpg,0,0.06024562
Amy_Pascal/Amy_Pascal_0001.jpg,Hank_Azaria/Hank_Azaria_0001.jpg,0,0.02007842
Amy_Pascal/Amy_Pascal_0001.jpg,John_Marburger/John_Marburger_0001.jpg,0,0.24976873
Amy_Redford/Amy_Redford_0001.jpg,Roman_Coppola/Roman_Coppola_0001.jpg,0,0.07850419
Amy_Redford/Amy_Redford_0001.jpg,Victor_Kraatz/Victor_Kraatz_0001.jpg,0,0.08905358
Anderson_Varejao/Anderson_Varejao_0001.jpg,Dennis_Oswald/Dennis_Oswald_0001.jpg,0,0.05277761
Anderson_Varejao/Anderson_Varejao_0001.jpg,Garth_Drabinsky/Garth_Drabinsky_0001.jpg,0,0.10190897
Andrei_Nikolishin/Andrei_Nikolishin_0001.jpg,Angelica_Romero/Angelica_Romero_0001.jpg,0,0.01630180
Andrew_Bernard/Andrew_Bernard_0001.jpg,Don_Nickles/Don_Nickles_0002.jpg,0,0.13349369
Andrew_Bernard/Andrew_Bernard_0001.jpg,Hassan_Wirajuda/Hassan_Wirajuda_0001.jpg,0,0.08042555
Andrew_Bernard/Andrew_Bernard_0001.jpg,Mark_Broxmeyer/Mark_Broxmeyer_0001.jpg,0,-0.06523274
Andrew_Fastow/Andrew_Fastow_0001.jpg,Luca_Cordero_di_Montezemolo/Luca_Cordero_di_Montezemolo_0001.jpg,0,0.09905092
Andrew_Fastow/Andrew_Fastow_0001.jpg,Meghann_Shaughnessy/Meghann_Shaughnessy_0001.jpg,0,-0.01206741
Andrew_Fastow/Andrew_Fastow_0001.jpg,Tomas_Malik/Tomas_Malik_0001.jpg,0,0.13763997
Andrew_Luster/Andrew_Luster_0001.jpg,Eric_Rosser/Eric_Rosser_0001.jpg,0,0.08656891
Andrew_Luster/Andrew_Luster_0001.jpg,Jose_Manuel_Durao_Barroso/Jose_Manuel_Durao_Barroso_0006.jpg,0,0.14274099
Andrew_Luster/Andrew_Luster_0001.jpg,Lisa_Murkowski/Lisa_Murkowski_0001.jpg,0,0.13233617
Anita_DeFrantz/Anita_DeFrantz_0001.jpg,Carla_Gay_Balingit/Carla_Gay_Balingit_0001.jpg,0,0.24586982
Anita_DeFrantz/Anita_DeFrantz_0001.jpg,Penny_Lancaster/Penny_Lancaster_0001.jpg,0,0.04636575
Anjum_Hussain/Anjum_Hussain_0001.jpg,David_Caraway/David_Caraway_0002.jpg,0,-0.13525777
Anne_Cavers/Anne_Cavers_0001.jpg,James_Barksdale/James_Barksdale_0001.jpg,0,0.09574304
Anne_Cavers/Anne_Cavers_0001.jpg,Stephen_Oake/Stephen_Oake_0001.jpg,0,0.08305290
Anthony_Hazen/Anthony_Hazen_0001.jpg,Debra_Yang/Debra_Yang_0001.jpg,0,-0.03762672
Antonio_Catania/Antonio_Catania_0001.jpg,Barry_Bonds/Barry_Bonds_0001.jpg,0,-0.06351288
Antonio_Catania/Antonio_Catania_0001.jpg,Taylyn_Solomon/Taylyn_Solomon_0001.jpg,0,0.07441264
Aretha_Franklin/Aretha_Franklin_0001.jpg,Jean_Brumley/Jean_Brumley_0001.jpg,0,0.11732490
Aretha_Franklin/Aretha_Franklin_0001.jpg,Teruaki_Masumoto/Teruaki_Masumoto_0001.jpg,0,0.10764344
Art_Lopez/Art_Lopez_0001.jpg,Diane_Lane/Diane_Lane_0001.jpg,0,0.15553841
Arthur_Johnson/Arthur_Johnson_0001.jpg,Selma_Phoenix/Selma_Phoenix_0001.jpg,0,0.09132394
Arye_Mekel/Arye_Mekel_0002.jpg,Chung_Mong-joon/Chung_Mong-joon_0001.jpg,0,0.02805896
Arye_Mekel/Arye_Mekel_0002.jpg,Georgina_Papin/Georgina_Papin_0001.jpg,0,0.05606182
Babe_Ruth/Babe_Ruth_0001.jpg,Jim_Harrick/Jim_Harrick_0001.jpg,0,0.28416631
Babe_Ruth/Babe_Ruth_0001.jpg,Pete_Aldridge/Pete_Aldridge_0001.jpg,0,0.17376697
Barry_Bonds/Barry_Bonds_0001.jpg,James_Barksdale/James_Barksdale_0001.jpg,0,0.06569376
Barry_Bonds/Barry_Bonds_0001.jpg,Mickey_Sherman/Mickey_Sherman_0001.jpg,0,0.16450453
Barry_Switzer/Barry_Switzer_0001.jpg,Jiang_Zemin/Jiang_Zemin_0011.jpg,0,-0.03287874
Barry_Switzer/Barry_Switzer_0001.jpg,Kirk_Ferentz/Kirk_Ferentz_0002.jpg,0,0.07276919
Bernard_Giraudeau/Bernard_Giraudeau_0001.jpg,Keira_Knightley/Keira_Knightley_0001.jpg,0,0.17696004
Bernard_Landry/Bernard_Landry_0003.jpg,Stacey_Jones/Stacey_Jones_0001.jpg,0,0.03494167
Bernard_Landry/Bernard_Landry_0004.jpg,Sylvia_Plachy/Sylvia_Plachy_0001.jpg,0,0.15455289
Biljana_Plavsic/Biljana_Plavsic_0001.jpg,Kieran_Prendergast/Kieran_Prendergast_0002.jpg,0,0.12979412
Bill_Cartwright/Bill_Cartwright_0001.jpg,Claude_Jorda/Claude_Jorda_0001.jpg,0,0.16989650
Bill_Lerach/Bill_Lerach_0001.jpg,Martin_Verkerk/Martin_Verkerk_0002.jpg,0,0.25965193
Bob_Hope/Bob_Hope_0001.jpg,Stanley_Ho/Stanley_Ho_0001.jpg,0,0.22113198
Bob_Hope/Bob_Hope_0005.jpg,Micah_Knorr/Micah_Knorr_0001.jpg,0,0.10131049
Bob_Hope/Bob_Hope_0005.jpg,Mitchell_Potter/Mitchell_Potter_0001.jpg,0,0.13489971
Bob_Menendez/Bob_Menendez_0001.jpg,David_Caraway/David_Caraway_0002.jpg,0,0.14554907
Bob_Menendez/Bob_Menendez_0001.jpg,Lauren_Hutton/Lauren_Hutton_0001.jpg,0,0.20643251
Bob_Riley/Bob_Riley_0001.jpg,Danny_Ainge/Danny_Ainge_0001.jpg,0,0.18098126
Bob_Riley/Bob_Riley_0001.jpg,Nastassia_Kinski/Nastassia_Kinski_0002.jpg,0,0.01799513
Bob_Riley/Bob_Riley_0001.jpg,Sheila_Wellstone/Sheila_Wellstone_0002.jpg,0,-0.00727776
Brad_Wilk/Brad_Wilk_0001.jpg,Phil_Cline/Phil_Cline_0001.jpg,0,0.03697603
Brad_Wilk/Brad_Wilk_0001.jpg,Scott_Dalton/Scott_Dalton_0001.jpg,0,0.11502433
Brian_Grazier/Brian_Grazier_0001.jpg,Tomas_Malik/Tomas_Malik_0001.jpg,0,0.21382999
Brian_StPierre/Brian_StPierre_0001.jpg,Steve_Mariucci/Steve_Mariucci_0002.jpg,0,0.22954828
Cari_Davis/Cari_Davis_0001.jpg,Don_Henley/Don_Henley_0001.jpg,0,0.08650757
Cari_Davis/Cari_Davis_0001.jpg,Mark_Broxmeyer/Mark_Broxmeyer_0001.jpg,0,0.00081882
Carin_Koch/Carin_Koch_0001.jpg,John_Banko/John_Banko_0002.jpg,0,0.04787216
Carla_Gay_Balingit/Carla_Gay_Balingit_0001.jpg,Frank_Lautenberg/Frank_Lautenberg_0002.jpg,0,0.04460149
Carla_Gay_Balingit/Carla_Gay_Balingit_0001.jpg,Paula_Dobriansky/Paula_Dobriansky_0001.jpg,0,0.10040651
Carlos_Ruiz/Carlos_Ruiz_0001.jpg,Peter_Schultz/Peter_Schultz_0001.jpg,0,0.17682074
Carlos_Ruiz/Carlos_Ruiz_0003.jpg,Jennifer_Tilly/Jennifer_Tilly_0001.jpg,0,0.24778278
Carly_Fiorina/Carly_Fiorina_0002.jpg,Peter_Ueberroth/Peter_Ueberroth_0001.jpg,0,0.16443677
Catherine_Woodard/Catherine_Woodard_0001.jpg,Mike_Sweeney/Mike_Sweeney_0001.jpg,0,0.03308680
Chan_Ho_Park/Chan_Ho_Park_0001.jpg,Xiang_Xu/Xiang_Xu_0001.jpg,0,-0.02986701
Chance_Mock/Chance_Mock_0001.jpg,Herb_Ritts/Herb_Ritts_0001.jpg,0,0.13108887
Chance_Mock/Chance_Mock_0001.jpg,Shafal_Mosed/Shafal_Mosed_0001.jpg,0,0.10179911
Chance_Mock/Chance_Mock_0001.jpg,Simona_Hradil/Simona_Hradil_0001.jpg,0,-0.06670696
Chance_Mock/Chance_Mock_0001.jpg,Troy_Jenkins/Troy_Jenkins_0001.jpg,0,0.01613808
Charles_Taylor/Charles_Taylor_0007.jpg,Tom_Curley/Tom_Curley_0001.jpg,0,0.17434287
Chea_Sophara/Chea_Sophara_0001.jpg,John_Wolf/John_Wolf_0001.jpg,0,0.09791056
Chris_Cirino/Chris_Cirino_0001.jpg,Jen_Bice/Jen_Bice_0001.jpg,0,0.11213548
Chris_Cirino/Chris_Cirino_0001.jpg,Mary_Lou_Markakis/Mary_Lou_Markakis_0001.jpg,0,0.10465067
Chris_Cirino/Chris_Cirino_0001.jpg,Peri_Gilpin/Peri_Gilpin_0001.jpg,0,-0.03765149
Christina_Sawaya/Christina_Sawaya_0001.jpg,Greg_Gilbert/Greg_Gilbert_0001.jpg,0,-0.07316600
Chung_Mong-joon/Chung_Mong-joon_0001.jpg,David_Modell/David_Modell_0001.jpg,0,0.17014164
Chung_Mong-joon/Chung_Mong-joon_0001.jpg,Luca_Cordero_di_Montezemolo/Luca_Cordero_di_Montezemolo_0001.jpg,0,0.03848348
Chung_Mong-joon/Chung_Mong-joon_0001.jpg,Nick_Markakis/Nick_Markakis_0001.jpg,0,0.10906386
Chung_Mong-joon/Chung_Mong-joon_0002.jpg,John_Rusnak/John_Rusnak_0001.jpg,0,0.13499847
Claire_Leger/Claire_Leger_0001.jpg,David_Caraway/David_Caraway_0002.jpg,0,0.19401273
Claire_Leger/Claire_Leger_0001.jpg,Jerry_Sexton/Jerry_Sexton_0001.jpg,0,0.24306947
Claire_Leger/Claire_Leger_0001.jpg,Nobuyuki_Idei/Nobuyuki_Idei_0001.jpg,0,0.08700653
Clark_Randt/Clark_Randt_0001.jpg,Katie_Boone/Katie_Boone_0001.jpg,0,0.19813588
Clark_Randt/Clark_Randt_0001.jpg,Marc-Andre_Fleury/Marc-Andre_Fleury_0001.jpg,0,0.11645555
Clemente_de_la_Vega/Clemente_de_la_Vega_0001.jpg,Ron_Gonzales/Ron_Gonzales_0001.jpg,0,0.05869089
Colin_Campbell/Colin_Campbell_0001.jpg,Frank_Keating/Frank_Keating_0001.jpg,0,0.41067085
Colin_Campbell/Colin_Campbell_0001.jpg,Jean_Carnahan/Jean_Carnahan_0002.jpg,0,0.08582878
Colin_Campbell/Colin_Campbell_0001.jpg,Mitchell_Potter/Mitchell_Potter_0001.jpg,0,0.31409556
Colleen_Atwood/Colleen_Atwood_0001.jpg,Penelope_Cruz/Penelope_Cruz_0002.jpg,0,0.04746710
Craig_Morgan/Craig_Morgan_0001.jpg,Matthew_McConaughey/Matthew_McConaughey_0001.jpg,0,0.29614878
Dan_Duquette/Dan_Duquette_0001.jpg,Paddy_Torsney/Paddy_Torsney_0001.jpg,0,0.08320811
Daniel_Ortega/Daniel_Ortega_0001.jpg,Norah_Jones/Norah_Jones_0006.jpg,0,0.19975466
Daniel_Patrick_Moynihan/Daniel_Patrick_Moynihan_0001.jpg,Eglis_Yaima_Cruz/Eglis_Yaima_Cruz_0001.jpg,0,-0.10460796
Daniel_Patrick_Moynihan/Daniel_Patrick_Moynihan_0001.jpg,Newton_Carlton_Slawson/Newton_Carlton_Slawson_0001.jpg,0,0.24960250
Daniel_Rouse/Daniel_Rouse_0001.jpg,Doris_Schroeder/Doris_Schroeder_0001.jpg,0,0.04030375
Daniel_Rouse/Daniel_Rouse_0001.jpg,Mike_Johanns/Mike_Johanns_0001.jpg,0,0.16297570
Daniell_Sunjata/Daniell_Sunjata_0001.jpg,Marc-Andre_Fleury/Marc-Andre_Fleury_0002.jpg,0,0.17470746
Danny_Ainge/Danny_Ainge_0001.jpg,Lee_Ann_Terlaji/Lee_Ann_Terlaji_0001.jpg,0,0.24080706
David_Leahy/David_Leahy_0001.jpg,Jerry_Sexton/Jerry_Sexton_0001.jpg,0,0.24830358
David_Scott_Morris/David_Scott_Morris_0001.jpg,Valerie_Thwaites/Valerie_Thwaites_0001.jpg,0,0.35915357
David_Zeplowitz/David_Zeplowitz_0001.jpg,Jerry_Springer/Jerry_Springer_0001.jpg,0,0.15270227
Dawn_Staley/Dawn_Staley_0001.jpg,Hasan_Wirayuda/Hasan_Wirayuda_0001.jpg,0,0.31586418
Debra_Rose/Debra_Rose_0001.jpg,Jonathan_Edwards/Jonathan_Edwards_0002.jpg,0,-0.08601908
Debra_Yang/Debra_Yang_0001.jpg,Hashim_Thaci/Hashim_Thaci_0002.jpg,0,0.05893455
Debra_Yang/Debra_Yang_0001.jpg,Yekaterina_Guseva/Yekaterina_Guseva_0001.jpg,0,0.02344233
Denis_Fassou-Nguesso/Denis_Fassou-Nguesso_0001.jpg,William_Overlin/William_Overlin_0001.jpg,0,0.16114801
Derrick_Taylor/Derrick_Taylor_0001.jpg,Giuseppe_Morchio/Giuseppe_Morchio_0001.jpg,0,0.14943916
Derrick_Taylor/Derrick_Taylor_0001.jpg,William_Overlin/William_Overlin_0001.jpg,0,0.14224355
Dick_Cheney/Dick_Cheney_0005.jpg,James_Murdoch/James_Murdoch_0001.jpg,0,0.19005300
Dick_Cheney/Dick_Cheney_0008.jpg,Nobuyuki_Idei/Nobuyuki_Idei_0001.jpg,0,0.15021014
Dick_Smothers/Dick_Smothers_0001.jpg,Yoon_Won-Sik/Yoon_Won-Sik_0001.jpg,0,0.09333891
Dita_Von_Tesse/Dita_Von_Tesse_0001.jpg,Mohammed_Al-Douri/Mohammed_Al-Douri_0012.jpg,0,-0.02097404
Don_Henley/Don_Henley_0001.jpg,Ernie_Eves/Ernie_Eves_0001.jpg,0,0.37313920
Don_Henley/Don_Henley_0001.jpg,Gil_Cates/Gil_Cates_0001.jpg,0,0.27017930
Don_Henley/Don_Henley_0001.jpg,Stephen_Frears/Stephen_Frears_0001.jpg,0,0.20925808
Don_Henley/Don_Henley_0001.jpg,Ziwang_Xu/Ziwang_Xu_0001.jpg,0,-0.04261937
Donald_Regan/Donald_Regan_0001.jpg,John_Gruden/John_Gruden_0001.jpg,0,0.17000210
Doris_Schroeder/Doris_Schroeder_0002.jpg,Joe_Mantegna/Joe_Mantegna_0001.jpg,0,0.06105232
Eduardo_Duhalde/Eduardo_Duhalde_0001.jpg,Paula_Dobriansky/Paula_Dobriansky_0001.jpg,0,-0.19139366
Eduardo_Duhalde/Eduardo_Duhalde_0002.jpg,Tab_Turner/Tab_Turner_0001.jpg,0,0.19376856
Eduardo_Duhalde/Eduardo_Duhalde_0013.jpg,James_Murdoch/James_Murdoch_0001.jpg,0,0.01906359
Edward_Egan/Edward_Egan_0001.jpg,Ernie_Fletcher/Ernie_Fletcher_0002.jpg,0,-0.02100235
Edward_Johnson/Edward_Johnson_0001.jpg,Jessica_Capshaw/Jessica_Capshaw_0001.jpg,0,0.21658729
El_Hadji_Diouf/El_Hadji_Diouf_0001.jpg,Hitomi_Soga/Hitomi_Soga_0002.jpg,0,-0.06043464
Emilio_Botin/Emilio_Botin_0001.jpg,Luca_Cordero_di_Montezemolo/Luca_Cordero_di_Montezemolo_0001.jpg,0,0.06375335
Emilio_Botin/Emilio_Botin_0001.jpg,Robert_Hyatt/Robert_Hyatt_0001.jpg,0,0.18197507
Enrique_Iglesias/Enrique_Iglesias_0001.jpg,Gisele_Bundchen/Gisele_Bundchen_0002.jpg,0,0.00771844
Eric_Bana/Eric_Bana_0001.jpg,Mike_Sweeney/Mike_Sweeney_0001.jpg,0,0.13118786
Eric_Bana/Eric_Bana_0001.jpg,Tab_Turner/Tab_Turner_0001.jpg,0,0.17848252
Eric_Benet/Eric_Benet_0001.jpg,Mohammad_Mustapha_Miro/Mohammad_Mustapha_Miro_0001.jpg,0,-0.05916866
Eric_Rosser/Eric_Rosser_0001.jpg,Marc-Andre_Fleury/Marc-Andre_Fleury_0002.jpg,0,0.03069333
Eric_Rosser/Eric_Rosser_0001.jpg,Peter_Chan/Peter_Chan_0001.jpg,0,-0.02953216
Ernie_Eves/Ernie_Eves_0002.jpg,Hana_Makhmalbaf/Hana_Makhmalbaf_0001.jpg,0,-0.03235006
Fernando_Vargas/Fernando_Vargas_0001.jpg,Julio_Cesar_Franco/Julio_Cesar_Franco_0001.jpg,0,0.01703283
Fernando_Vargas/Fernando_Vargas_0003.jpg,Martin_Verkerk/Martin_Verkerk_0003.jpg,0,0.18503687
Flavia_Pennetta/Flavia_Pennetta_0001.jpg,Larry_Flynt/Larry_Flynt_0001.jpg,0,-0.01062727
Flavia_Pennetta/Flavia_Pennetta_0001.jpg,Micah_Knorr/Micah_Knorr_0001.jpg,0,0.06802128
Flavia_Pennetta/Flavia_Pennetta_0001.jpg,Paul_Wellstone/Paul_Wellstone_0001.jpg,0,0.09357040
Frank_Keating/Frank_Keating_0001.jpg,Paul_McCartney/Paul_McCartney_0007.jpg,0,0.02343087
Frank_Lautenberg/Frank_Lautenberg_0002.jpg,Michael_Capellas/Michael_Capellas_0001.jpg,0,0.24282612
Frank_Lautenberg/Frank_Lautenberg_0002.jpg,Steve_Allee/Steve_Allee_0001.jpg,0,0.04103525
Fujio_Mitarai/Fujio_Mitarai_0001.jpg,Harvey_Weinstein/Harvey_Weinstein_0001.jpg,0,0.02433863
Gabriella_Bo/Gabriella_Bo_0001.jpg,Jeremy_Shockey/Jeremy_Shockey_0002.jpg,0,-0.06633787
Gavyn_Arthur/Gavyn_Arthur_0001.jpg,Kevin_Hearn/Kevin_Hearn_0001.jpg,0,0.01985886
Gavyn_Arthur/Gavyn_Arthur_0001.jpg,Lynne_Slepian/Lynne_Slepian_0001.jpg,0,0.10352621
Gavyn_Arthur/Gavyn_Arthur_0001.jpg,Zahir_Shah/Zahir_Shah_0001.jpg,0,0.18467313
George_HW_Bush/George_HW_Bush_0007.jpg,George_Maxwell_Richards/George_Maxwell_Richards_0001.jpg,0,0.06786236
George_HW_Bush/George_HW_Bush_0013.jpg,Penny_Lancaster/Penny_Lancaster_0001.jpg,0,0.12679371
George_Maxwell_Richards/George_Maxwell_Richards_0001.jpg,Reggie_Miller/Reggie_Miller_0001.jpg,0,-0.02424303
Georgina_Papin/Georgina_Papin_0001.jpg,Mary_Lou_Retton/Mary_Lou_Retton_0001.jpg,0,0.18034109
Georgina_Papin/Georgina_Papin_0001.jpg,Svend_Robinson/Svend_Robinson_0001.jpg,0,0.13793649
Gerry_Kelly/Gerry_Kelly_0001.jpg,Keira_Knightley/Keira_Knightley_0001.jpg,0,0.08035105
Giannina_Facio/Giannina_Facio_0001.jpg,Peri_Gilpin/Peri_Gilpin_0001.jpg,0,0.16578539
Gideon_Black/Gideon_Black_0001.jpg,Kevin_Hearn/Kevin_Hearn_0001.jpg,0,0.15699676
Gideon_Black/Gideon_Black_0001.jpg,Shafal_Mosed/Shafal_Mosed_0001.jpg,0,-0.08453879
Gisele_Bundchen/Gisele_Bundchen_0002.jpg,Penny_Lancaster/Penny_Lancaster_0001.jpg,0,0.04720521
Giuseppe_Morchio/Giuseppe_Morchio_0001.jpg,Penny_Lancaster/Penny_Lancaster_0001.jpg,0,0.05861251
Greg_Frers/Greg_Frers_0001.jpg,Mohammed_Al-Douri/Mohammed_Al-Douri_0004.jpg,0,0.05517611
Greg_Gilbert/Greg_Gilbert_0001.jpg,Mehmet_Ali_Sahin/Mehmet_Ali_Sahin_0001.jpg,0,0.18013629
Gregorio_Honasan/Gregorio_Honasan_0001.jpg,Jim_Schwarz/Jim_Schwarz_0001.jpg,0,-0.12535909
Gregorio_Honasan/Gregorio_Honasan_0001.jpg,Jonathan_Fine/Jonathan_Fine_0001.jpg,0,0.27171689
Gregorio_Honasan/Gregorio_Honasan_0001.jpg,Matt_Doherty/Matt_Doherty_0001.jpg,0,0.17993699
Hama_Arba_Diallo/Hama_Arba_Diallo_0001.jpg,Zhang_Yimou/Zhang_Yimou_0001.jpg,0,0.11103606
Hana_Makhmalbaf/Hana_Makhmalbaf_0001.jpg,Raquel_Welch/Raquel_Welch_0001.jpg,0,0.14912850
Hassan_Wirajuda/Hassan_Wirajuda_0001.jpg,Scott_Dalton/Scott_Dalton_0001.jpg,0,0.02965310
Hector_Babenco/Hector_Babenco_0002.jpg,Talisa_Bratt/Talisa_Bratt_0001.jpg,0,0.02567633
Herb_Ritts/Herb_Ritts_0001.jpg,Mark_Broxmeyer/Mark_Broxmeyer_0001.jpg,0,0.10182592
Hugh_Campbell/Hugh_Campbell_0001.jpg,Ken_Watanabe/Ken_Watanabe_0001.jpg,0,0.04123645
Hugh_Campbell/Hugh_Campbell_0001.jpg,Masamori_Tokuyama/Masamori_Tokuyama_0001.jpg,0,0.16183913
Hugh_Campbell/Hugh_Campbell_0001.jpg,Tom_Foy/Tom_Foy_0001.jpg,0,0.26205164
Imran_Khan/Imran_Khan_0001.jpg,Matt_Morris/Matt_Morris_0001.jpg,0,0.02403339
Imran_Khan/Imran_Khan_0001.jpg,Nancy_Humbert/Nancy_Humbert_0001.jpg,0,-0.22445247
Ivan_Lee/Ivan_Lee_0001.jpg,Jennifer_Furminger/Jennifer_Furminger_0001.jpg,0,-0.06048579
James_Hallock/James_Hallock_0001.jpg,Robert_Beck/Robert_Beck_0001.jpg,0,0.32516411
James_Murdoch/James_Murdoch_0001.jpg,Martina_McBride/Martina_McBride_0003.jpg,0,0.20561028
Jamie_Kellner/Jamie_Kellner_0001.jpg,Tomas_Malik/Tomas_Malik_0001.jpg,0,-0.03661638
Jamie_King/Jamie_King_0001.jpg,Lauren_Hutton/Lauren_Hutton_0002.jpg,0,0.24990913
Jane_Fonda/Jane_Fonda_0002.jpg,Martha_Stewart/Martha_Stewart_0004.jpg,0,0.14035785
Janet_Leigh/Janet_Leigh_0001.jpg,Marianne_Stanley/Marianne_Stanley_0001.jpg,0,-0.03006688
Jaromir_Jagr/Jaromir_Jagr_0001.jpg,Troy_Jenkins/Troy_Jenkins_0001.jpg,0,0.18035077
Jean_Brumley/Jean_Brumley_0002.jpg,Jim_Harrick/Jim_Harrick_0001.jpg,0,0.09576055
Jen_Bice/Jen_Bice_0001.jpg,Judi_Dench/Judi_Dench_0002.jpg,0,0.01926733
Jennifer_Furminger/Jennifer_Furminger_0001.jpg,Matthew_During/Matthew_During_0001.jpg,0,0.19657984
Jennifer_Tilly/Jennifer_Tilly_0001.jpg,Serge_Klarsfeld/Serge_Klarsfeld_0001.jpg,0,0.17610455
Jennifer_Tilly/Jennifer_Tilly_0001.jpg,Stella_Tennant/Stella_Tennant_0001.jpg,0,-0.02749718
Jeremy_Shockey/Jeremy_Shockey_0002.jpg,Robert_Beck/Robert_Beck_0001.jpg,0,0.06442700
Jerry_Regier/Jerry_Regier_0002.jpg,Paulina_Rodriguez_Davila/Paulina_Rodriguez_Davila_0001.jpg,0,0.01261573
Jerry_Regier/Jerry_Regier_0003.jpg,Lee_Hyung-taik/Lee_Hyung-taik_0001.jpg,0,0.12944508
Jerry_Regier/Jerry_Regier_0003.jpg,Pete_Rose/Pete_Rose_0002.jpg,0,0.30283204
Jessica_Capshaw/Jessica_Capshaw_0001.jpg,Penelope_Cruz/Penelope_Cruz_0002.jpg,0,-0.04132994
Jiang_Zemin/Jiang_Zemin_0004.jpg,Michelangelo_Antonioni/Michelangelo_Antonioni_0001.jpg,0,0.02183340
Jiang_Zemin/Jiang_Zemin_0013.jpg,Roman_Coppola/Roman_Coppola_0001.jpg,0,0.03816672
Jim_Sterk/Jim_Sterk_0001.jpg,Jonathan_Edwards/Jonathan_Edwards_0003.jpg,0,0.09674027
Jim_Sterk/Jim_Sterk_0001.jpg,Ken_Watanabe/Ken_Watanabe_0002.jpg,0,0.03181405
Joey_Harrington/Joey_Harrington_0001.jpg,Nick_Price/Nick_Price_0001.jpg,0,0.07540051
John_Lynch/John_Lynch_0001.jpg,Michael_Sullivan/Michael_Sullivan_0001.jpg,0,0.29218102
John_Robbins/John_Robbins_0001.jpg,Tom_Foy/Tom_Foy_0001.jpg,0,0.02202675
John_Thune/John_Thune_0001.jpg,Milan_Milutinovic/Milan_Milutinovic_0001.jpg,0,-0.00816277
John_Velazquez/John_Velazquez_0001.jpg,Marco_Antonio_Barrera/Marco_Antonio_Barrera_0003.jpg,0,-0.06336873
John_Velazquez/John_Velazquez_0001.jpg,Tammy_Lynn_Michaels/Tammy_Lynn_Michaels_0001.jpg,0,0.15909305
John_Wolf/John_Wolf_0002.jpg,Prince_Harry/Prince_Harry_0001.jpg,0,-0.11134855
Jonathan_Byrd/Jonathan_Byrd_0001.jpg,Mike_Matheny/Mike_Matheny_0001.jpg,0,0.12990856
Jonathan_Byrd/Jonathan_Byrd_0001.jpg,Sheikh_Ahmed_Yassin/Sheikh_Ahmed_Yassin_0001.jpg,0,0.06775604
Jonathan_Horton/Jonathan_Horton_0001.jpg,Lee_Ann_Terlaji/Lee_Ann_Terlaji_0001.jpg,0,0.13444832
Jorge_Alberto_Galindo/Jorge_Alberto_Galindo_0001.jpg,Roger_King/Roger_King_0001.jpg,0,0.22529720
Joseph_Biden/Joseph_Biden_0005.jpg,Mahdi_Al_Bassam/Mahdi_Al_Bassam_0001.jpg,0,0.08025979
Joseph_Biden/Joseph_Biden_0005.jpg,Tung_Chee-hwa/Tung_Chee-hwa_0004.jpg,0,0.37922594
Judy_Genshaft/Judy_Genshaft_0001.jpg,Shane_Warne/Shane_Warne_0001.jpg,0,0.00685769
Jules_Asner/Jules_Asner_0001.jpg,Robert_Beck/Robert_Beck_0001.jpg,0,0.08922704
Julien_Varlet/Julien_Varlet_0001.jpg,Scott_Dalton/Scott_Dalton_0001.jpg,0,0.25801659
Kate_Burton/Kate_Burton_0001.jpg,Martha_Stewart/Martha_Stewart_0002.jpg,0,0.17389573
Kate_Richardson/Kate_Richardson_0001.jpg,Roman_Coppola/Roman_Coppola_0001.jpg,0,0.10466208
Katie_Boone/Katie_Boone_0001.jpg,Uthai_Pimchaichon/Uthai_Pimchaichon_0001.jpg,0,0.02346732
Katie_Smith/Katie_Smith_0001.jpg,Leland_Chapman/Leland_Chapman_0001.jpg,0,0.12778375
Katrin_Susi/Katrin_Susi_0001.jpg,Luca_Cordero_di_Montezemolo/Luca_Cordero_di_Montezemolo_0001.jpg,0,0.04400855
Kay_Bailey_Hutchison/Kay_Bailey_Hutchison_0001.jpg,Theodore_Tweed_Roosevelt/Theodore_Tweed_Roosevelt_0003.jpg,0,0.19587697
Kieran_Prendergast/Kieran_Prendergast_0001.jpg,Lachlan_Murdoch/Lachlan_Murdoch_0001.jpg,0,0.04577965
King_Abdullah_II/King_Abdullah_II_0004.jpg,Robert_Hyatt/Robert_Hyatt_0001.jpg,0,0.00531308
Kirk_Ferentz/Kirk_Ferentz_0002.jpg,Milan_Milutinovic/Milan_Milutinovic_0001.jpg,0,0.13424940
Lachlan_Murdoch/Lachlan_Murdoch_0001.jpg,Mickey_Sherman/Mickey_Sherman_0001.jpg,0,-0.14990850
Larry_Flynt/Larry_Flynt_0001.jpg,Phil_Cline/Phil_Cline_0001.jpg,0,0.17345110
Larry_Greene/Larry_Greene_0001.jpg,Mike_Brey/Mike_Brey_0002.jpg,0,0.01432146
Laurence_Tribe/Laurence_Tribe_0001.jpg,Uthai_Pimchaichon/Uthai_Pimchaichon_0001.jpg,0,0.17544563
Lee_Ann_Terlaji/Lee_Ann_Terlaji_0001.jpg,Roman_Coppola/Roman_Coppola_0001.jpg,0,0.10858247
Lee_Yuan-tseh/Lee_Yuan-tseh_0001.jpg,Shafal_Mosed/Shafal_Mosed_0001.jpg,0,0.12256892
Lee_Yuan-tseh/Lee_Yuan-tseh_0001.jpg,Yuri_Malenchenko/Yuri_Malenchenko_0002.jpg,0,0.09707455
Leland_Chapman/Leland_Chapman_0001.jpg,Theodore_Tweed_Roosevelt/Theodore_Tweed_Roosevelt_0001.jpg,0,0.05618164
Leslie_Moonves/Leslie_Moonves_0002.jpg,Robert_Hyatt/Robert_Hyatt_0001.jpg,0,0.13691047
Lisa_Murkowski/Lisa_Murkowski_0001.jpg,Serge_Klarsfeld/Serge_Klarsfeld_0001.jpg,0,0.13193178
Magui_Serna/Magui_Serna_0001.jpg,Maura_Tierney/Maura_Tierney_0001.jpg,0,0.07654320
Mahdi_Al_Bassam/Mahdi_Al_Bassam_0001.jpg,Marc-Andre_Fleury/Marc-Andre_Fleury_0002.jpg,0,-0.01832529
Mahdi_Al_Bassam/Mahdi_Al_Bassam_0001.jpg,Mother_Teresa/Mother_Teresa_0001.jpg,0,0.31410474
Malak_Habbak/Malak_Habbak_0001.jpg,Prince_Harry/Prince_Harry_0003.jpg,0,0.06409522
Manuel_Pellegrini/Manuel_Pellegrini_0001.jpg,Rolf_Eckrodt/Rolf_Eckrodt_0001.jpg,0,0.08382310
Manuela_Montebrun/Manuela_Montebrun_0001.jpg,Martina_McBride/Martina_McBride_0002.jpg,0,0.20437051
Manuela_Montebrun/Manuela_Montebrun_0001.jpg,Steven_Seagal/Steven_Seagal_0002.jpg,0,0.15602599
Marion_Fahnestock/Marion_Fahnestock_0001.jpg,Wen_Jiabao/Wen_Jiabao_0003.jpg,0,0.01505788
Mark_Hamister/Mark_Hamister_0001.jpg,Xiang_Xu/Xiang_Xu_0001.jpg,0,0.21454214
Martha_Martinez_Flores/Martha_Martinez_Flores_0001.jpg,Mike_Brey/Mike_Brey_0002.jpg,0,0.00596350
Martha_Stewart/Martha_Stewart_0005.jpg,Victor_Kraatz/Victor_Kraatz_0001.jpg,0,0.07684323
Martin_Lawrence/Martin_Lawrence_0001.jpg,Mickey_Sherman/Mickey_Sherman_0001.jpg,0,0.14872026
Martin_Lawrence/Martin_Lawrence_0001.jpg,Penny_Lancaster/Penny_Lancaster_0001.jpg,0,0.18214580
Martin_McCauley/Martin_McCauley_0002.jpg,Steven_Seagal/Steven_Seagal_0001.jpg,0,0.23996046
Martin_Verkerk/Martin_Verkerk_0001.jpg,Steven_Seagal/Steven_Seagal_0001.jpg,0,0.37475646
Martina_McBride/Martina_McBride_0003.jpg,Peter_Schultz/Peter_Schultz_0001.jpg,0,0.14510052
Masamori_Tokuyama/Masamori_Tokuyama_0001.jpg,Regina_Ip/Regina_Ip_0001.jpg,0,0.21908812
Masamori_Tokuyama/Masamori_Tokuyama_0001.jpg,Serge_Melac/Serge_Melac_0001.jpg,0,0.14542133
Matt_Doherty/Matt_Doherty_0002.jpg,Saoud_Al_Faisal/Saoud_Al_Faisal_0001.jpg,0,0.11287060
Meghann_Shaughnessy/Meghann_Shaughnessy_0001.jpg,William_Perry/William_Perry_0001.jpg,0,-0.00126562
Mehmet_Ali_Sahin/Mehmet_Ali_Sahin_0001.jpg,Peri_Gilpin/Peri_Gilpin_0001.jpg,0,0.23903905
Mehmet_Ali_Sahin/Mehmet_Ali_Sahin_0001.jpg,Raquel_Welch/Raquel_Welch_0002.jpg,0,0.08105349
Michael_Capellas/Michael_Capellas_0001.jpg,Victor_Garber/Victor_Garber_0001.jpg,0,-0.03119750
Mickey_Sherman/Mickey_Sherman_0001.jpg,Roman_Coppola/Roman_Coppola_0001.jpg,0,-0.11564176
Mike_Brey/Mike_Brey_0002.jpg,Nick_Markakis/Nick_Markakis_0001.jpg,0,0.00906855
Mike_Johanns/Mike_Johanns_0001.jpg,Pascal_Lamy/Pascal_Lamy_0001.jpg,0,0.13856199
Mike_Matheny/Mike_Matheny_0001.jpg,Norm_Coleman/Norm_Coleman_0005.jpg,0,0.14819726
Mohammad_Mustapha_Miro/Mohammad_Mustapha_Miro_0001.jpg,Steve_Mariucci/Steve_Mariucci_0002.jpg,0,0.12302452
Mother_Teresa/Mother_Teresa_0001.jpg,Yekaterina_Guseva/Yekaterina_Guseva_0001.jpg,0,0.16572298
Nancy_Humbert/Nancy_Humbert_0001.jpg,Park_Na-kyong/Park_Na-kyong_0001.jpg,0,-0.01168716
Nanni_Moretti/Nanni_Moretti_0001.jpg,Shigeru_Ishiba/Shigeru_Ishiba_0001.jpg,0,-0.08151947
Natalia_Dmitrieva/Natalia_Dmitrieva_0001.jpg,Willie_Nelson/Willie_Nelson_0001.jpg,0,0.27713940
Natalie_Juniardi/Natalie_Juniardi_0001.jpg,Uthai_Pimchaichon/Uthai_Pimchaichon_0001.jpg,0,0.05825019
Nick_Price/Nick_Price_0001.jpg,Tab_Turner/Tab_Turner_0001.jpg,0,0.09301271
Norm_Coleman/Norm_Coleman_0004.jpg,Peri_Gilpin/Peri_Gilpin_0001.jpg,0,0.00047597
Norm_Coleman/Norm_Coleman_0007.jpg,Scott_McClellan/Scott_McClellan_0005.jpg,0,-0.01761827
Paddy_Torsney/Paddy_Torsney_0001.jpg,Tung_Chee-hwa/Tung_Chee-hwa_0009.jpg,0,0.11798911
Park_Na-kyong/Park_Na-kyong_0001.jpg,Vecdi_Gonul/Vecdi_Gonul_0001.jpg,0,0.05187173
Patrick_Rafter/Patrick_Rafter_0001.jpg,Peter_Care/Peter_Care_0001.jpg,0,-0.08329621
Pierre_Van_Hooijdonk/Pierre_Van_Hooijdonk_0001.jpg,Scott_McClellan/Scott_McClellan_0001.jpg,0,0.06000676
Regina_Ip/Regina_Ip_0001.jpg,Rohman_al-Ghozi/Rohman_al-Ghozi_0001.jpg,0,0.09028076
Renee_Zellweger/Renee_Zellweger_0009.jpg,Yuri_Malenchenko/Yuri_Malenchenko_0002.jpg,0,-0.06963034
Rolf_Eckrodt/Rolf_Eckrodt_0002.jpg,Teresa_Heinz_Kerry/Teresa_Heinz_Kerry_0001.jpg,0,0.20204306
Rubens_Barrichello/Rubens_Barrichello_0010.jpg,Stella_Tennant/Stella_Tennant_0001.jpg,0,0.04187468
Saoud_Al_Faisal/Saoud_Al_Faisal_0001.jpg,Vecdi_Gonul/Vecdi_Gonul_0001.jpg,0,0.09118688
Scott_Dalton/Scott_Dalton_0001.jpg,Zach_Safrin/Zach_Safrin_0001.jpg,0,0.14555809
Scott_McClellan/Scott_McClellan_0002.jpg,Tom_Schnackenberg/Tom_Schnackenberg_0001.jpg,0,0.15522948
Todd_MacCulloch/Todd_MacCulloch_0001.jpg,Willie_Nelson/Willie_Nelson_0001.jpg,0,0.26126480
Tom_Curley/Tom_Curley_0001.jpg,Wanda_de_la_Jesus/Wanda_de_la_Jesus_0001.jpg,0,0.03902073
Troy_Jenkins/Troy_Jenkins_0001.jpg,Walid_Al-Awadi/Walid_Al-Awadi_0001.jpg,0,-0.00523230
William_Overlin/William_Overlin_0001.jpg,Yekaterina_Guseva/Yekaterina_Guseva_0001.jpg,0,0.10088050
Aaron_Patterson/Aaron_Patterson_0001.jpg,Frank_Bell/Frank_Bell_0001.jpg,0,-0.01528140
Abdoulaye_Wade/Abdoulaye_Wade_0004.jpg,Bruce_Weber/Bruce_Weber_0002.jpg,0,-0.00953519
Abner_Martinez/Abner_Martinez_0001.jpg,Carlos_Alberto/Carlos_Alberto_0001.jpg,0,0.13080277
Adam_Sandler/Adam_Sandler_0002.jpg,Matthew_Ouimet/Matthew_Ouimet_0001.jpg,0,0.12118022
Adam_Sandler/Adam_Sandler_0003.jpg,Saeed_Anwar/Saeed_Anwar_0001.jpg,0,0.18659240
Adolfo_Aguilar_Zinser/Adolfo_Aguilar_Zinser_0003.jpg,Jaime_Pressly/Jaime_Pressly_0001.jpg,0,-0.06063156
Agnelo_Queiroz/Agnelo_Queiroz_0001.jpg,Aung_San_Suu_Kyi/Aung_San_Suu_Kyi_0002.jpg,0,0.04253855
Agnelo_Queiroz/Agnelo_Queiroz_0001.jpg,Dave_Barr/Dave_Barr_0001.jpg,0,-0.03154739
Aicha_El_Ouafi/Aicha_El_Ouafi_0003.jpg,Michael_Lechner/Michael_Lechner_0001.jpg,0,0.04507384
Akbar_Hashemi_Rafsanjani/Akbar_Hashemi_Rafsanjani_0001.jpg,Larry_Harris/Larry_Harris_0001.jpg,0,0.15316038
Al_Pacino/Al_Pacino_0002.jpg,Charles_Cope/Charles_Cope_0001.jpg,0,0.28773403
Alex_Barros/Alex_Barros_0001.jpg,Brandon_Jones/Brandon_Jones_0001.jpg,0,0.22096261
Alex_Barros/Alex_Barros_0002.jpg,Will_Smith/Will_Smith_0002.jpg,0,0.06452510
Alex_Ferguson/Alex_Ferguson_0001.jpg,Rainer_Gut/Rainer_Gut_0001.jpg,0,0.05527432
Alex_Wallau/Alex_Wallau_0001.jpg,Shireen_Amir_Begum/Shireen_Amir_Begum_0001.jpg,0,-0.02704783
Alexandra_Jackson/Alexandra_Jackson_0001.jpg,Larry_Harris/Larry_Harris_0001.jpg,0,-0.30782872
Alfonso_Portillo/Alfonso_Portillo_0001.jpg,Benito_Santiago/Benito_Santiago_0001.jpg,0,0.27045289
Alfonso_Portillo/Alfonso_Portillo_0001.jpg,Faye_Alibocus/Faye_Alibocus_0001.jpg,0,0.32439876
Alfonso_Portillo/Alfonso_Portillo_0001.jpg,Fidel_Castro/Fidel_Castro_0017.jpg,0,0.10285961
Ali_Abdullah_Saleh/Ali_Abdullah_Saleh_0001.jpg,Khalid_Qazi/Khalid_Qazi_0001.jpg,0,-0.02631794
Allan_Houston/Allan_Houston_0001.jpg,Andy_Garcia/Andy_Garcia_0001.jpg,0,0.09496884
Allan_Houston/Allan_Houston_0001.jpg,Heidi_Klum/Heidi_Klum_0001.jpg,0,-0.06384041
Allan_Houston/Allan_Houston_0001.jpg,Thomas_Mesereau_Jr/Thomas_Mesereau_Jr_0001.jpg,0,0.19761807
Ally_Sheedy/Ally_Sheedy_0001.jpg,Hugh_Carey/Hugh_Carey_0001.jpg,0,0.04301978
Ally_Sheedy/Ally_Sheedy_0001.jpg,Myung_Yang/Myung_Yang_0001.jpg,0,0.09763137
Amanda_Marsh/Amanda_Marsh_0001.jpg,Tony_Curtis/Tony_Curtis_0002.jpg,0,0.02907480
Anastasia_Myskina/Anastasia_Myskina_0001.jpg,Raul_Gonzalez/Raul_Gonzalez_0001.jpg,0,0.01046718
Anastasia_Myskina/Anastasia_Myskina_0003.jpg,Len_Jenoff/Len_Jenoff_0002.jpg,0,0.12302858
Andrzej_Tyszkiewicz/Andrzej_Tyszkiewicz_0001.jpg,Wes_Craven/Wes_Craven_0001.jpg,0,0.16147269
Andy_Griggs/Andy_Griggs_0001.jpg,Lech_Walesa/Lech_Walesa_0002.jpg,0,0.12640479
Andy_Rooney/Andy_Rooney_0001.jpg,Jessica_Simpson/Jessica_Simpson_0001.jpg,0,0.06085334
Anna_Nicole_Smith/Anna_Nicole_Smith_0002.jpg,Marcus_Garrettson/Marcus_Garrettson_0001.jpg,0,0.06807581
Antonio_Palocci/Antonio_Palocci_0003.jpg,Liza_Minnelli/Liza_Minnelli_0001.jpg,0,0.10920376
Antonio_Palocci/Antonio_Palocci_0005.jpg,JC_Chasez/JC_Chasez_0001.jpg,0,0.16462672
Antonio_Palocci/Antonio_Palocci_0005.jpg,Jose_Woldenberg/Jose_Woldenberg_0001.jpg,0,0.13893911
Antonio_Palocci/Antonio_Palocci_0006.jpg,John_Geoghan/John_Geoghan_0001.jpg,0,0.07755046
Antonio_Palocci/Antonio_Palocci_0008.jpg,Hans_Corell/Hans_Corell_0001.jpg,0,0.10960949
Arif_Mardin/Arif_Mardin_0001.jpg,Eduardo_Fischer/Eduardo_Fischer_0001.jpg,0,0.13170201
Arnaud_Lagardere/Arnaud_Lagardere_0001.jpg,Melanie_Griffith/Melanie_Griffith_0003.jpg,0,-0.04322769
Ashton_Kutcher/Ashton_Kutcher_0002.jpg,Daniel_Barenboim/Daniel_Barenboim_0001.jpg,0,-0.00087072
Asif_Hanif/Asif_Hanif_0001.jpg,Robbie_Williams/Robbie_Williams_0001.jpg,0,-0.03272792
Asmaa_Assad/Asmaa_Assad_0001.jpg,Barry_Hinson/Barry_Hinson_0001.jpg,0,-0.04904555
Aung_San_Suu_Kyi/Aung_San_Suu_Kyi_0001.jpg,Charla_Moye/Charla_Moye_0001.jpg,0,0.11447269
Azmi_Bishara/Azmi_Bishara_0001.jpg,Sammy_Sosa/Sammy_Sosa_0002.jpg,0,0.19782458
Barry_Hinson/Barry_Hinson_0001.jpg,Nino_DAngelo/Nino_DAngelo_0001.jpg,0,0.26651132
Barry_Zito/Barry_Zito_0002.jpg,Chris_Gratton/Chris_Gratton_0001.jpg,0,0.06126968
Bill_Graham/Bill_Graham_0008.jpg,Michelle_Hofland/Michelle_Hofland_0001.jpg,0,0.07660621
Bill_Graham/Bill_Graham_0009.jpg,Jacqueline_Marris/Jacqueline_Marris_0001.jpg,0,-0.02701771
Bill_Readdy/Bill_Readdy_0001.jpg,Brendan_Gaughan/Brendan_Gaughan_0001.jpg,0,0.31317455
Bill_Readdy/Bill_Readdy_0001.jpg,Jaymon_Crabb/Jaymon_Crabb_0001.jpg,0,0.18791790
Bill_Readdy/Bill_Readdy_0001.jpg,Yasser_Arafat/Yasser_Arafat_0003.jpg,0,0.12560579
Billy_Rork/Billy_Rork_0001.jpg,Eva_Mendes/Eva_Mendes_0001.jpg,0,0.02297371
Billy_Rork/Billy_Rork_0001.jpg,German_Khan/German_Khan_0001.jpg,0,-0.01174466
Billy_Rork/Billy_Rork_0001.jpg,Peter_Struck/Peter_Struck_0002.jpg,0,0.42101407
Bison_Dele/Bison_Dele_0001.jpg,Brian_McIntyre/Brian_McIntyre_0001.jpg,0,0.18305865
Bob_Dole/Bob_Dole_0002.jpg,Dai_Chul_Chyung/Dai_Chul_Chyung_0001.jpg,0,0.00972485
Bob_Dole/Bob_Dole_0002.jpg,John_Henry/John_Henry_0001.jpg,0,0.01257371
Bob_Dole/Bob_Dole_0003.jpg,Chris_Gratton/Chris_Gratton_0001.jpg,0,0.01167994
Bob_Dole/Bob_Dole_0003.jpg,Hugh_Carey/Hugh_Carey_0001.jpg,0,0.26453906
Bob_Geldof/Bob_Geldof_0001.jpg,Zoran_Djindjic/Zoran_Djindjic_0002.jpg,0,0.01577842
Bob_Geldof/Bob_Geldof_0002.jpg,Ed_Wade/Ed_Wade_0001.jpg,0,0.12641227
Bob_Holden/Bob_Holden_0001.jpg,Fernando_Leon_de_Aranoa/Fernando_Leon_de_Aranoa_0001.jpg,0,0.01307591
Bob_Iger/Bob_Iger_0001.jpg,Edie_Falco/Edie_Falco_0001.jpg,0,0.01930193
Bob_Iger/Bob_Iger_0001.jpg,Jean-Claude_Van_Damme/Jean-Claude_Van_Damme_0001.jpg,0,0.35195413
Brian_Clemens/Brian_Clemens_0001.jpg,Brian_Meadors/Brian_Meadors_0001.jpg,0,0.12148233
Brian_Clemens/Brian_Clemens_0001.jpg,Melanie_Griffith/Melanie_Griffith_0002.jpg,0,0.03966085
Brian_Heidik/Brian_Heidik_0002.jpg,Djabir_Said-Guerni/Djabir_Said-Guerni_0001.jpg,0,0.18104751
Brian_McIntyre/Brian_McIntyre_0001.jpg,Hans_Corell/Hans_Corell_0001.jpg,0,0.13537739
Brian_McIntyre/Brian_McIntyre_0001.jpg,Mohammed_Abulhasan/Mohammed_Abulhasan_0001.jpg,0,0.09067996
Brian_Pavlich/Brian_Pavlich_0001.jpg,Ruben_Wolkowyski/Ruben_Wolkowyski_0001.jpg,0,0.16866793
Brook_Robinson/Brook_Robinson_0001.jpg,Tom_McClintock/Tom_McClintock_0001.jpg,0,0.22808784
Brooke_Adams/Brooke_Adams_0001.jpg,Paula_Prentiss/Paula_Prentiss_0001.jpg,0,0.06470829
Brooke_Gordon/Brooke_Gordon_0001.jpg,Joschka_Fischer/Joschka_Fischer_0012.jpg,0,0.08219716
Bruce_Weber/Bruce_Weber_0001.jpg,Hal_Sellers/Hal_Sellers_0001.jpg,0,0.27825475
Bryan_Thomas/Bryan_Thomas_0001.jpg,Joey_Mantia/Joey_Mantia_0001.jpg,0,0.10639817
Bustam_A_Zedan_Aljanabi/Bustam_A_Zedan_Aljanabi_0001.jpg,Kajsa_Bergqvist/Kajsa_Bergqvist_0001.jpg,0,0.23936173
Calvin_Joseph_Coleman/Calvin_Joseph_Coleman_0001.jpg,Hassan_Nasrallah/Hassan_Nasrallah_0001.jpg,0,0.05509534
Carla_Sullivan/Carla_Sullivan_0001.jpg,Edie_Falco/Edie_Falco_0001.jpg,0,0.09481753
Carlos_Barragan/Carlos_Barragan_0001.jpg,Chen_Shui-bian/Chen_Shui-bian_0003.jpg,0,0.24069437
Carlos_Salinas/Carlos_Salinas_0001.jpg,Norman_Mailer/Norman_Mailer_0001.jpg,0,0.18719095
Carlos_Salinas/Carlos_Salinas_0001.jpg,Sonya_Walger/Sonya_Walger_0001.jpg,0,-0.04788079
Carolyn_Dawn_Johnson/Carolyn_Dawn_Johnson_0003.jpg,Lydia_Shum/Lydia_Shum_0001.jpg,0,0.01767273
Carolyn_Kuhl/Carolyn_Kuhl_0001.jpg,Pierre_Boulanger/Pierre_Boulanger_0001.jpg,0,0.09285496
Celine_Dion/Celine_Dion_0002.jpg,John_Stallworth/John_Stallworth_0002.jpg,0,0.03224561
Celine_Dion/Celine_Dion_0005.jpg,Linda_Baboolal/Linda_Baboolal_0001.jpg,0,0.05028865
Celine_Dion/Celine_Dion_0005.jpg,Tom_Poston/Tom_Poston_0001.jpg,0,0.01634761
Chakib_Khelil/Chakib_Khelil_0002.jpg,Chuck_Woolery/Chuck_Woolery_0001.jpg,0,0.12213045
Charla_Moye/Charla_Moye_0001.jpg,Patti_Balgojevich/Patti_Balgojevich_0001.jpg,0,0.06841040
Charles_Cope/Charles_Cope_0001.jpg,Garry_Alejano/Garry_Alejano_0001.jpg,0,0.20154223
Charles_Holzner/Charles_Holzner_0001.jpg,Eurico_Guterres/Eurico_Guterres_0001.jpg,0,0.15638526
Charles_Holzner/Charles_Holzner_0001.jpg,Greg_Kinnear/Greg_Kinnear_0001.jpg,0,-0.11336546
Chen_Shui-bian/Chen_Shui-bian_0003.jpg,Gaston_Gaudio/Gaston_Gaudio_0001.jpg,0,0.04200909
Chris_Gratton/Chris_Gratton_0001.jpg,Mario_Vasquez_Rana/Mario_Vasquez_Rana_0001.jpg,0,0.14335646
Chris_Kolanas/Chris_Kolanas_0001.jpg,Joshua_Gracin/Joshua_Gracin_0001.jpg,0,0.13324407
Claudia_Pechstein/Claudia_Pechstein_0002.jpg,Mireille_Jospin-Dandieu/Mireille_Jospin-Dandieu_0001.jpg,0,0.04391761
Clay_Aiken/Clay_Aiken_0001.jpg,Svetlana_Koroleva/Svetlana_Koroleva_0001.jpg,0,0.04209673
Colin_Powell/Colin_Powell_0095.jpg,Frank_Hsieh/Frank_Hsieh_0001.jpg,0,0.18740188
Craig_David/Craig_David_0001.jpg,Tom_McClintock/Tom_McClintock_0001.jpg,0,-0.01524548
Craig_Wilson/Craig_Wilson_0001.jpg,Kajsa_Bergqvist/Kajsa_Bergqvist_0001.jpg,0,0.11967494
Cristina_Fernandez/Cristina_Fernandez_0002.jpg,Stephen_Cooper/Stephen_Cooper_0001.jpg,0,-0.05923744
Curtis_Joseph/Curtis_Joseph_0001.jpg,Terrell_Suggs/Terrell_Suggs_0002.jpg,0,-0.01157847
Cynthia_Rowley/Cynthia_Rowley_0001.jpg,Michael_Friedman/Michael_Friedman_0001.jpg,0,-0.05570199
Damon_van_Dam/Damon_van_Dam_0002.jpg,Jason_Sorens/Jason_Sorens_0001.jpg,0,0.06487654
Daniel_Barenboim/Daniel_Barenboim_0001.jpg,Tyler_Grillo/Tyler_Grillo_0001.jpg,0,-0.02715628
Daniel_Bruehl/Daniel_Bruehl_0001.jpg,Gus_Frerotte/Gus_Frerotte_0001.jpg,0,-0.01157033
Daniel_Bruehl/Daniel_Bruehl_0001.jpg,Max_Mosley/Max_Mosley_0001.jpg,0,0.21567708
Daniel_Bruehl/Daniel_Bruehl_0001.jpg,Ramon_Cardenas/Ramon_Cardenas_0001.jpg,0,-0.07435305
Daniele_Bergamin/Daniele_Bergamin_0001.jpg,Kenneth_Evans/Kenneth_Evans_0001.jpg,0,-0.05213547
Danielle_Spencer/Danielle_Spencer_0001.jpg,Rachel_Wheatley/Rachel_Wheatley_0001.jpg,0,0.06980143
Darcy_Regier/Darcy_Regier_0001.jpg,William_Hurt/William_Hurt_0001.jpg,0,0.15551803
Dave_Matthews/Dave_Matthews_0001.jpg,Linda_Dano/Linda_Dano_0001.jpg,0,0.03874061
Dave_Matthews/Dave_Matthews_0001.jpg,Paul_Burrell/Paul_Burrell_0007.jpg,0,0.13901281
Dave_McNealey/Dave_McNealey_0001.jpg,Gerald_Riley/Gerald_Riley_0001.jpg,0,0.20808075
David_Bisbal/David_Bisbal_0001.jpg,Terri_Clark/Terri_Clark_0001.jpg,0,0.19579884
David_Chase/David_Chase_0001.jpg,Ekaterina_Dmitriev/Ekaterina_Dmitriev_0001.jpg,0,0.04255580
David_McCullough/David_McCullough_0001.jpg,Evo_Morales/Evo_Morales_0001.jpg,0,0.19703826
David_McKiernan/David_McKiernan_0001.jpg,Fernando_Leon_de_Aranoa/Fernando_Leon_de_Aranoa_0001.jpg,0,0.06673332
David_McKiernan/David_McKiernan_0001.jpg,Jane_Leeves/Jane_Leeves_0001.jpg,0,0.01650242
Dennis_Erickson/Dennis_Erickson_0002.jpg,Hisham_Halawi/Hisham_Halawi_0001.jpg,0,0.11571822
Dennis_Erickson/Dennis_Erickson_0002.jpg,Noer_Muis/Noer_Muis_0001.jpg,0,0.16326261
Derek_Lowe/Derek_Lowe_0002.jpg,Hisham_Halawi/Hisham_Halawi_0001.jpg,0,-0.03220321
Derek_Lowe/Derek_Lowe_0002.jpg,Madonna/Madonna_0001.jpg,0,0.22100763
Derek_Lowe/Derek_Lowe_0002.jpg,Mohamed_Benaissa/Mohamed_Benaissa_0001.jpg,0,-0.03076028
Diego_Colorado/Diego_Colorado_0001.jpg,Jason_Sorens/Jason_Sorens_0001.jpg,0,-0.00869289
Diego_Colorado/Diego_Colorado_0001.jpg,John_Gordnick/John_Gordnick_0001.jpg,0,0.38918766
Diego_Diego_Lerman/Diego_Diego_Lerman_0001.jpg,Francisco_Flores/Francisco_Flores_0002.jpg,0,0.04553914
Diego_Diego_Lerman/Diego_Diego_Lerman_0001.jpg,Lesley_Coppin/Lesley_Coppin_0001.jpg,0,0.08230369
Djabir_Said-Guerni/Djabir_Said-Guerni_0001.jpg,Paul_Tracy/Paul_Tracy_0001.jpg,0,0.13736624
Djabir_Said-Guerni/Djabir_Said-Guerni_0001.jpg,Pedro_Solbes/Pedro_Solbes_0003.jpg,0,0.00775582
Dominik_Hrbaty/Dominik_Hrbaty_0001.jpg,Toshi_Izawa/Toshi_Izawa_0001.jpg,0,0.08074160
Donald_Keck/Donald_Keck_0001.jpg,Kyoko_Nakayama/Kyoko_Nakayama_0001.jpg,0,-0.09413787
Donald_Keck/Donald_Keck_0001.jpg,Tom_Poston/Tom_Poston_0001.jpg,0,0.07014518
Donna_Walker/Donna_Walker_0001.jpg,Jacqueline_Marris/Jacqueline_Marris_0001.jpg,0,0.07945171
Dragan_Covic/Dragan_Covic_0001.jpg,Todd_Reid/Todd_Reid_0001.jpg,0,0.06287247
Dudley_Rogers/Dudley_Rogers_0001.jpg,Syed_Ibrahim/Syed_Ibrahim_0001.jpg,0,-0.01572462
Dunn_Lampton/Dunn_Lampton_0001.jpg,Jessica_Simpson/Jessica_Simpson_0001.jpg,0,0.12913729
Dustin_Hoffman/Dustin_Hoffman_0001.jpg,Nicole_Parker/Nicole_Parker_0001.jpg,0,-0.08500937
Ed_Wade/Ed_Wade_0001.jpg,Roger_Staubach/Roger_Staubach_0001.jpg,0,0.08161694
Ed_Wade/Ed_Wade_0001.jpg,Terri_Clark/Terri_Clark_0001.jpg,0,0.03452571
Eddie_Lucio/Eddie_Lucio_0001.jpg,Patti_Balgojevich/Patti_Balgojevich_0001.jpg,0,0.03948496
Eddie_Sutton/Eddie_Sutton_0001.jpg,James_Wattana/James_Wattana_0001.jpg,0,0.13893279
Eddie_Sutton/Eddie_Sutton_0001.jpg,Jeanne_Anne_Schroeder/Jeanne_Anne_Schroeder_0001.jpg,0,0.15775040
Eddie_Sutton/Eddie_Sutton_0002.jpg,Ronald_Ito/Ronald_Ito_0001.jpg,0,0.12586331
Eduardo_Fischer/Eduardo_Fischer_0001.jpg,Kimberly_Bruckner/Kimberly_Bruckner_0001.jpg,0,0.03091913
Edward_Lohn/Edward_Lohn_0001.jpg,Lily_Safra/Lily_Safra_0001.jpg,0,0.14624022
Edward_Lohn/Edward_Lohn_0001.jpg,Nino_DAngelo/Nino_DAngelo_0001.jpg,0,0.26420963
Ekaterina_Dmitriev/Ekaterina_Dmitriev_0001.jpg,Mitch_Kupchak/Mitch_Kupchak_0001.jpg,0,0.10603936
Eladio_Larez/Eladio_Larez_0001.jpg,Frank_Pallone/Frank_Pallone_0001.jpg,0,0.11886108
Eli_Broad/Eli_Broad_0001.jpg,Ravan_AG_Farhadi/Ravan_AG_Farhadi_0001.jpg,0,0.30484328
Elijah_Wood/Elijah_Wood_0002.jpg,Stefano_Gabbana/Stefano_Gabbana_0001.jpg,0,0.12606269
Elijah_Wood/Elijah_Wood_0003.jpg,Marcus_Garrettson/Marcus_Garrettson_0001.jpg,0,-0.08884089
Elijan_Ingram/Elijan_Ingram_0001.jpg,Michelle_Hofland/Michelle_Hofland_0001.jpg,0,0.04048901
Elijan_Ingram/Elijan_Ingram_0001.jpg,Nastia_Liukin/Nastia_Liukin_0001.jpg,0,-0.04681509
Elvis_Costello/Elvis_Costello_0001.jpg,Jaime_Pressly/Jaime_Pressly_0001.jpg,0,-0.06927910
Emelie_Loit/Emelie_Loit_0001.jpg,Thomas_Mesereau_Jr/Thomas_Mesereau_Jr_0001.jpg,0,0.19718461
Eric_Staal/Eric_Staal_0001.jpg,Jerry_Lewis/Jerry_Lewis_0001.jpg,0,0.02618675
Erin_Hershey_Presley/Erin_Hershey_Presley_0001.jpg,Frank_Dunham_Jr/Frank_Dunham_Jr_0001.jpg,0,0.02891877
Erin_Hershey_Presley/Erin_Hershey_Presley_0001.jpg,Yukio_Hatoyama/Yukio_Hatoyama_0001.jpg,0,-0.02093299
Eva_Mendes/Eva_Mendes_0001.jpg,Larry_Harris/Larry_Harris_0001.jpg,0,0.16299900
Faye_Alibocus/Faye_Alibocus_0001.jpg,Frank_Bell/Frank_Bell_0001.jpg,0,-0.04573476
Faye_Alibocus/Faye_Alibocus_0001.jpg,Tommy_Tubberville/Tommy_Tubberville_0001.jpg,0,0.07259259
Felix_Mantilla/Felix_Mantilla_0001.jpg,Jerry_Lewis/Jerry_Lewis_0001.jpg,0,0.06197866
Fernando_Leon_de_Aranoa/Fernando_Leon_de_Aranoa_0001.jpg,John_Scarlett/John_Scarlett_0001.jpg,0,0.07853645
Fernando_Leon_de_Aranoa/Fernando_Leon_de_Aranoa_0001.jpg,Mike_Leach/Mike_Leach_0001.jpg,0,-0.07217138
Fidel_Castro/Fidel_Castro_0007.jpg,Hu_Maoyuan/Hu_Maoyuan_0001.jpg,0,0.13257228
Francisco_Flores/Francisco_Flores_0004.jpg,Hisham_Halawi/Hisham_Halawi_0001.jpg,0,-0.06277214
Frank_Bell/Frank_Bell_0001.jpg,Khatol_Mohammad_Zai/Khatol_Mohammad_Zai_0001.jpg,0,0.01711841
Frank_Dunham_Jr/Frank_Dunham_Jr_0001.jpg,Tom_McClintock/Tom_McClintock_0001.jpg,0,0.14428851
Frank_Hsieh/Frank_Hsieh_0001.jpg,Paula_Prentiss/Paula_Prentiss_0001.jpg,0,-0.09855568
Frank_Pallone/Frank_Pallone_0001.jpg,Jim_Wall/Jim_Wall_0001.jpg,0,0.04185959
Frank_Pallone/Frank_Pallone_0001.jpg,Mary_Tyler_Moore/Mary_Tyler_Moore_0002.jpg,0,0.02927309
Frank_Schmoekel/Frank_Schmoekel_0001.jpg,Ronald_Ito/Ronald_Ito_0001.jpg,0,0.12163059
Franko_Simatovic/Franko_Simatovic_0002.jpg,Tyler_Grillo/Tyler_Grillo_0001.jpg,0,-0.00657257
Franz_Gsell/Franz_Gsell_0001.jpg,John_Scarlett/John_Scarlett_0001.jpg,0,0.11233003
Franz_Gsell/Franz_Gsell_0001.jpg,Sarah_Jessica_Parker/Sarah_Jessica_Parker_0002.jpg,0,0.03732289
Fred_Eckhard/Fred_Eckhard_0001.jpg,Rachel_Wheatley/Rachel_Wheatley_0001.jpg,0,0.04064697
Garry_Alejano/Garry_Alejano_0001.jpg,Iban_Mayo/Iban_Mayo_0001.jpg,0,0.06953523
Garry_Alejano/Garry_Alejano_0001.jpg,Michael_Olowokandi/Michael_Olowokandi_0001.jpg,0,-0.01422320
Garry_Alejano/Garry_Alejano_0001.jpg,Morgan_Freeman/Morgan_Freeman_0002.jpg,0,-0.13559859
Garry_Alejano/Garry_Alejano_0001.jpg,Peter_Struck/Peter_Struck_0005.jpg,0,0.08818296
Gary_Marshall/Gary_Marshall_0001.jpg,Rashid_Qureshi/Rashid_Qureshi_0001.jpg,0,0.07320935
Gerald_Fitch/Gerald_Fitch_0001.jpg,Robin_Williams/Robin_Williams_0001.jpg,0,0.13387832
Gerald_Riley/Gerald_Riley_0001.jpg,Michael_Hagee/Michael_Hagee_0001.jpg,0,0.16614000
German_Khan/German_Khan_0001.jpg,Morgan_Freeman/Morgan_Freeman_0002.jpg,0,-0.04495334
Grady_Little/Grady_Little_0001.jpg,Robert_Morvillo/Robert_Morvillo_0001.jpg,0,0.13078798
Hal_Sellers/Hal_Sellers_0001.jpg,Janet_Thorpe/Janet_Thorpe_0001.jpg,0,0.11580142
Hans_Corell/Hans_Corell_0001.jpg,John_Gordnick/John_Gordnick_0001.jpg,0,0.03043842
Heidi_Klum/Heidi_Klum_0002.jpg,Paul_Reiser/Paul_Reiser_0001.jpg,0,0.05667315
Heidi_Klum/Heidi_Klum_0003.jpg,Pedro_Solbes/Pedro_Solbes_0001.jpg,0,0.12684725
Hermando_Harton/Hermando_Harton_0001.jpg,Paris_Hilton/Paris_Hilton_0002.jpg,0,0.14627308
Holly_Robinson_Peete/Holly_Robinson_Peete_0001.jpg,Michael_Hagee/Michael_Hagee_0001.jpg,0,0.02459317
Howard_Ross/Howard_Ross_0001.jpg,Kajsa_Bergqvist/Kajsa_Bergqvist_0001.jpg,0,0.22569546
Howard_Ross/Howard_Ross_0001.jpg,Patsy_Hardy/Patsy_Hardy_0001.jpg,0,0.03522559
Hugh_Carey/Hugh_Carey_0001.jpg,Lawrence_Roberts/Lawrence_Roberts_0001.jpg,0,-0.01027812
Hugh_Carey/Hugh_Carey_0001.jpg,Tracee_Treadwell/Tracee_Treadwell_0001.jpg,0,0.05324878
Iban_Mayo/Iban_Mayo_0002.jpg,Juan_Valencia_Osorio/Juan_Valencia_Osorio_0001.jpg,0,-0.06288823
Iban_Mayo/Iban_Mayo_0002.jpg,Rosalie_Perkov/Rosalie_Perkov_0001.jpg,0,-0.06258909
Ibrahim_Al-Marashi/Ibrahim_Al-Marashi_0001.jpg,John_Travolta/John_Travolta_0003.jpg,0,0.14161994
Ibrahim_Al-Marashi/Ibrahim_Al-Marashi_0001.jpg,Joshua_Gracin/Joshua_Gracin_0001.jpg,0,0.36829510
Imad_Moustapha/Imad_Moustapha_0002.jpg,Kyoko_Nakayama/Kyoko_Nakayama_0001.jpg,0,0.01687784
Ira_Einhorn/Ira_Einhorn_0001.jpg,John_Ruiz/John_Ruiz_0002.jpg,0,-0.04188967
Jacqueline_Marris/Jacqueline_Marris_0001.jpg,Matthew_Ouimet/Matthew_Ouimet_0001.jpg,0,0.07359045
Jaime_Pressly/Jaime_Pressly_0001.jpg,Tiago_Splitter/Tiago_Splitter_0001.jpg,0,-0.01781973
James_Brown/James_Brown_0001.jpg,Mary_Blige/Mary_Blige_0001.jpg,0,0.13564664
James_Brown/James_Brown_0001.jpg,Paul_Reiser/Paul_Reiser_0001.jpg,0,0.16039199
James_Mathis/James_Mathis_0001.jpg,Yuri_Fedotov/Yuri_Fedotov_0001.jpg,0,0.05641642
James_Wattana/James_Wattana_0001.jpg,Paul_Reiser/Paul_Reiser_0001.jpg,0,-0.00052894
James_Wattana/James_Wattana_0001.jpg,Ron_Kirk/Ron_Kirk_0001.jpg,0,0.10578987
James_Young/James_Young_0001.jpg,Jeffrey_Scott_Postell/Jeffrey_Scott_Postell_0002.jpg,0,0.12680687
James_Young/James_Young_0001.jpg,Ronald_Harwood/Ronald_Harwood_0001.jpg,0,0.19490808
Jane_Leeves/Jane_Leeves_0001.jpg,Tom_McClintock/Tom_McClintock_0001.jpg,0,0.10597589
Janet_Crawford/Janet_Crawford_0001.jpg,Thomas_Scavone/Thomas_Scavone_0001.jpg,0,-0.00767476
Jason_Sorens/Jason_Sorens_0001.jpg,Lidija_Djukanovic/Lidija_Djukanovic_0001.jpg,0,0.00536793
Jason_Vale/Jason_Vale_0001.jpg,Marcus_Garrettson/Marcus_Garrettson_0001.jpg,0,0.12605734
Jason_Vale/Jason_Vale_0001.jpg,Zoran_Djindjic/Zoran_Djindjic_0003.jpg,0,0.07268100
Jaymon_Crabb/Jaymon_Crabb_0001.jpg,Ted_Christopher/Ted_Christopher_0001.jpg,0,0.20726125
Jeff_Weaver/Jeff_Weaver_0001.jpg,Kyoko_Nakayama/Kyoko_Nakayama_0001.jpg,0,-0.01718878
Jeff_Weaver/Jeff_Weaver_0001.jpg,Rosalie_Perkov/Rosalie_Perkov_0001.jpg,0,-0.05375050
Jeffrey_Scott_Postell/Jeffrey_Scott_Postell_0001.jpg,Tara_Dawn_Christensen/Tara_Dawn_Christensen_0001.jpg,0,0.04091704
Jeffrey_Scott_Postell/Jeffrey_Scott_Postell_0002.jpg,Lesley_Coppin/Lesley_Coppin_0001.jpg,0,0.13117793
Jennifer_Capriati/Jennifer_Capriati_0026.jpg,Ruben_Wolkowyski/Ruben_Wolkowyski_0001.jpg,0,0.21192464
Jim_Bunning/Jim_Bunning_0001.jpg,Terence_Newman/Terence_Newman_0001.jpg,0,0.14723086
Jim_Jeffords/Jim_Jeffords_0001.jpg,Peter_Rasch/Peter_Rasch_0001.jpg,0,0.30137977
Jim_Jeffords/Jim_Jeffords_0001.jpg,Tom_Sizemore/Tom_Sizemore_0001.jpg,0,0.15630984
Job_Cohen/Job_Cohen_0001.jpg,John_Stockton/John_Stockton_0002.jpg,0,0.29003391
John_Franco/John_Franco_0001.jpg,Paul_Wolfowitz/Paul_Wolfowitz_0004.jpg,0,0.22199841
John_Gordnick/John_Gordnick_0001.jpg,Linda_Dano/Linda_Dano_0001.jpg,0,0.16601457
John_Gordnick/John_Gordnick_0001.jpg,Paul_Vathis/Paul_Vathis_0001.jpg,0,-0.05665379
John_Gordnick/John_Gordnick_0001.jpg,Yasser_Arafat/Yasser_Arafat_0003.jpg,0,0.05673592
John_Stockton/John_Stockton_0004.jpg,Patsy_Hardy/Patsy_Hardy_0001.jpg,0,0.04430696
John_Travolta/John_Travolta_0002.jpg,Lech_Walesa/Lech_Walesa_0001.jpg,0,0.03117614
Juan_Valencia_Osorio/Juan_Valencia_Osorio_0001.jpg,Tom_Daschle/Tom_Daschle_0006.jpg,0,0.15346348
Juergen_Schrempp/Juergen_Schrempp_0001.jpg,Mitt_Romney/Mitt_Romney_0001.jpg,0,0.21515243
Julien_Boutter/Julien_Boutter_0001.jpg,Saeed_Anwar/Saeed_Anwar_0001.jpg,0,-0.12096813
Kaisser_Bazan/Kaisser_Bazan_0001.jpg,Lawrence_Vito/Lawrence_Vito_0001.jpg,0,-0.03230818
Kaisser_Bazan/Kaisser_Bazan_0001.jpg,Pierre_Lacroix/Pierre_Lacroix_0001.jpg,0,0.19341210
Kajsa_Bergqvist/Kajsa_Bergqvist_0001.jpg,Tayshaun_Prince/Tayshaun_Prince_0001.jpg,0,-0.06607240
Keith_Snyder/Keith_Snyder_0001.jpg,Terri_Clark/Terri_Clark_0001.jpg,0,0.07824707
Kemal_Dervis/Kemal_Dervis_0003.jpg,Roger_Staubach/Roger_Staubach_0001.jpg,0,0.13509037
Kifah_Ajouri/Kifah_Ajouri_0001.jpg,Laurie_Pirtle/Laurie_Pirtle_0001.jpg,0,0.09780811
Kifah_Ajouri/Kifah_Ajouri_0001.jpg,Raul_Gonzalez/Raul_Gonzalez_0001.jpg,0,0.21048874
Kimberly_Bruckner/Kimberly_Bruckner_0001.jpg,Pete_Carroll/Pete_Carroll_0001.jpg,0,0.00094778
Kirk_Douglas/Kirk_Douglas_0001.jpg,Nida_Blanca/Nida_Blanca_0001.jpg,0,-0.01474465
Larry_Harris/Larry_Harris_0001.jpg,Michael_Lechner/Michael_Lechner_0001.jpg,0,0.03343958
Larry_Lucchino/Larry_Lucchino_0001.jpg,Rudy_Tomjanovich/Rudy_Tomjanovich_0001.jpg,0,0.19089328
Latrell_Sprewell/Latrell_Sprewell_0001.jpg,Rosalie_Perkov/Rosalie_Perkov_0001.jpg,0,0.08850338
Laura_Schlessinger/Laura_Schlessinger_0001.jpg,Tony_Curtis/Tony_Curtis_0001.jpg,0,0.14257570
Laurie_Pirtle/Laurie_Pirtle_0001.jpg,Roberta_Combs/Roberta_Combs_0001.jpg,0,0.16958943
Lawrence_Roberts/Lawrence_Roberts_0001.jpg,Lynne_Thigpen/Lynne_Thigpen_0001.jpg,0,0.06295132
Lawrence_Roberts/Lawrence_Roberts_0001.jpg,Nick_Cassavetes/Nick_Cassavetes_0001.jpg,0,-0.06974121
Lech_Walesa/Lech_Walesa_0002.jpg,Rick_Wagoner/Rick_Wagoner_0002.jpg,0,0.41522497
Len_Jenoff/Len_Jenoff_0002.jpg,Tom_Daschle/Tom_Daschle_0007.jpg,0,-0.11052982
Lew_Rywin/Lew_Rywin_0001.jpg,Terri_Clark/Terri_Clark_0001.jpg,0,-0.19573160
Linda_Dano/Linda_Dano_0001.jpg,Terence_Newman/Terence_Newman_0001.jpg,0,0.01569292
Lydia_Shum/Lydia_Shum_0001.jpg,Mario_Vasquez_Rana/Mario_Vasquez_Rana_0001.jpg,0,0.07457430
Lynne_Thigpen/Lynne_Thigpen_0001.jpg,Mary_Blige/Mary_Blige_0001.jpg,0,0.19217420
Malcolm_Glazer/Malcolm_Glazer_0001.jpg,Noer_Muis/Noer_Muis_0001.jpg,0,-0.00505194
Malcolm_Glazer/Malcolm_Glazer_0001.jpg,Tabare_Vazquez/Tabare_Vazquez_0001.jpg,0,0.27174166
Marc_Bulger/Marc_Bulger_0001.jpg,Paul_Wolfowitz/Paul_Wolfowitz_0007.jpg,0,0.08420568
Marcus_Garrettson/Marcus_Garrettson_0001.jpg,Pham_Sy_Chien/Pham_Sy_Chien_0001.jpg,0,0.20611706
Marcus_Garrettson/Marcus_Garrettson_0001.jpg,Roberto_Carlos/Roberto_Carlos_0003.jpg,0,0.15686166
Maribel_Dominguez/Maribel_Dominguez_0001.jpg,Michael_Winterbottom/Michael_Winterbottom_0003.jpg,0,0.10174099
Marion_Barry/Marion_Barry_0001.jpg,Steve_Peace/Steve_Peace_0001.jpg,0,0.17582595
Mark_Hogan/Mark_Hogan_0001.jpg,Queen_Elizabeth_II/Queen_Elizabeth_II_0011.jpg,0,-0.01369281
Mark_Hogan/Mark_Hogan_0001.jpg,Roger_Toussaint/Roger_Toussaint_0001.jpg,0,0.01336510
Mary_Blige/Mary_Blige_0001.jpg,Raul_Gonzalez/Raul_Gonzalez_0001.jpg,0,0.05561297
Massoud_Barzani/Massoud_Barzani_0001.jpg,Pierre_Lacroix/Pierre_Lacroix_0001.jpg,0,0.15909562
Max_Mosley/Max_Mosley_0001.jpg,Raul_Gonzalez/Raul_Gonzalez_0001.jpg,0,0.12572995
Melvin_Talbert/Melvin_Talbert_0001.jpg,Rudy_Tomjanovich/Rudy_Tomjanovich_0001.jpg,0,0.06178214
Michael_Hagee/Michael_Hagee_0001.jpg,Sonya_Walger/Sonya_Walger_0001.jpg,0,0.09672039
Michael_Killeen/Michael_Killeen_0001.jpg,Sammy_Sosa/Sammy_Sosa_0002.jpg,0,0.06877974
Michael_Olowokandi/Michael_Olowokandi_0001.jpg,Pete_Carroll/Pete_Carroll_0002.jpg,0,0.09026992
Michael_Winterbottom/Michael_Winterbottom_0001.jpg,Pierre_Boulanger/Pierre_Boulanger_0001.jpg,0,0.08117653
Mike_Price/Mike_Price_0002.jpg,Tom_Miller/Tom_Miller_0001.jpg,0,0.13800584
Milo_Maestrecampo/Milo_Maestrecampo_0001.jpg,Yuri_Fedotov/Yuri_Fedotov_0001.jpg,0,0.15836789
Milo_Maestrecampo/Milo_Maestrecampo_0002.jpg,Steve_Peace/Steve_Peace_0001.jpg,0,0.04615990
Milo_Maestrecampo/Milo_Maestrecampo_0003.jpg,Stacey_Dales-Schuman/Stacey_Dales-Schuman_0001.jpg,0,0.11310807
Mitt_Romney/Mitt_Romney_0001.jpg,Nida_Blanca/Nida_Blanca_0001.jpg,0,-0.01862843
Mohamed_ElBaradei/Mohamed_ElBaradei_0008.jpg,Rachel_Wheatley/Rachel_Wheatley_0001.jpg,0,0.02730025
Mohammad_Aktar/Mohammad_Aktar_0001.jpg,Rafeeuddin_Ahmed/Rafeeuddin_Ahmed_0001.jpg,0,0.07600471
Mohammad_Aktar/Mohammad_Aktar_0001.jpg,Tom_McClintock/Tom_McClintock_0001.jpg,0,-0.09435567
Mohammed_Abulhasan/Mohammed_Abulhasan_0001.jpg,Stephane_Rousseau/Stephane_Rousseau_0001.jpg,0,0.04408246
Mohammed_Abulhasan/Mohammed_Abulhasan_0001.jpg,Vladimiro_Montesinos/Vladimiro_Montesinos_0001.jpg,0,0.31175375
Nastia_Liukin/Nastia_Liukin_0001.jpg,Nicole_Parker/Nicole_Parker_0001.jpg,0,0.12297110
Nastia_Liukin/Nastia_Liukin_0001.jpg,Sharon_Davis/Sharon_Davis_0002.jpg,0,0.04071502
Nicolas_Latorre/Nicolas_Latorre_0001.jpg,Paula_Prentiss/Paula_Prentiss_0001.jpg,0,0.14760372
Nicolas_Latorre/Nicolas_Latorre_0001.jpg,Vassilis_Xiros/Vassilis_Xiros_0001.jpg,0,0.19925326
Nicolas_Latorre/Nicolas_Latorre_0001.jpg,William_Delahunt/William_Delahunt_0001.jpg,0,0.10486168
Pete_Sampras/Pete_Sampras_0010.jpg,Stan_Heath/Stan_Heath_0001.jpg,0,0.13660051
Phil_Vassar/Phil_Vassar_0002.jpg,Tabare_Vazquez/Tabare_Vazquez_0001.jpg,0,0.05152902
Philip_Zalewski/Philip_Zalewski_0001.jpg,Stefan_Holm/Stefan_Holm_0001.jpg,0,0.08651935
Roberto_Carlos/Roberto_Carlos_0001.jpg,Yasser_Arafat/Yasser_Arafat_0005.jpg,0,0.00084576
Roger_Cook/Roger_Cook_0001.jpg,Wilbert_Foy/Wilbert_Foy_0001.jpg,0,0.14058626
Roger_Staubach/Roger_Staubach_0001.jpg,Severino_Antinori/Severino_Antinori_0001.jpg,0,0.10665902
Ron_Kirk/Ron_Kirk_0001.jpg,Troy_Hudson/Troy_Hudson_0001.jpg,0,0.08578175
Sammy_Sosa/Sammy_Sosa_0002.jpg,Stan_Heath/Stan_Heath_0002.jpg,0,0.09129532
Sandra_Ceccarelli/Sandra_Ceccarelli_0001.jpg,Stephen_Cooper/Stephen_Cooper_0001.jpg,0,0.13013615
Sandra_Ceccarelli/Sandra_Ceccarelli_0001.jpg,Tom_Coughlin/Tom_Coughlin_0001.jpg,0,0.01102389
Shireen_Amir_Begum/Shireen_Amir_Begum_0001.jpg,Sushma_Swaraj/Sushma_Swaraj_0001.jpg,0,0.21555877
Sinead_OConnor/Sinead_OConnor_0001.jpg,Stephane_Rochon/Stephane_Rochon_0001.jpg,0,-0.00346819
Adrian_Annus/Adrian_Annus_0001.jpg,Jorge_Marquez-Ruarte/Jorge_Marquez-Ruarte_0001.jpg,0,-0.17236149
Adrian_Annus/Adrian_Annus_0001.jpg,Patrick_Bourrat/Patrick_Bourrat_0001.jpg,0,0.14413439
Adrian_Murrell/Adrian_Murrell_0001.jpg,Jose_Cevallos/Jose_Cevallos_0001.jpg,0,0.04327871
Adrian_Murrell/Adrian_Murrell_0001.jpg,Paul_Brandt/Paul_Brandt_0001.jpg,0,-0.09801975
Ahmed_Ibrahim_Bilal/Ahmed_Ibrahim_Bilal_0001.jpg,Beatrice_Dalle/Beatrice_Dalle_0001.jpg,0,-0.10287336
Ahmed_Ibrahim_Bilal/Ahmed_Ibrahim_Bilal_0001.jpg,Lee_Chang-dong/Lee_Chang-dong_0001.jpg,0,0.00806215
Aileen_Riggin_Soule/Aileen_Riggin_Soule_0001.jpg,Norio_Ohga/Norio_Ohga_0001.jpg,0,0.28528118
Aitor_Gonzalez/Aitor_Gonzalez_0002.jpg,Horace_Donovan_Reid/Horace_Donovan_Reid_0001.jpg,0,0.05949104
Ajit_Agarkar/Ajit_Agarkar_0001.jpg,Jesse_James/Jesse_James_0001.jpg,0,0.16372046
Akbar_Al_Baker/Akbar_Al_Baker_0001.jpg,Andrei_Konchalovsky/Andrei_Konchalovsky_0001.jpg,0,0.14041582
Akbar_Al_Baker/Akbar_Al_Baker_0001.jpg,Bobby_Goldwater/Bobby_Goldwater_0001.jpg,0,0.13708022
Alain_Cervantes/Alain_Cervantes_0001.jpg,Bob_Huggins/Bob_Huggins_0003.jpg,0,0.11911818
Alain_Cervantes/Alain_Cervantes_0001.jpg,Pierre_Png/Pierre_Png_0001.jpg,0,-0.03574675
Alanna_Ubach/Alanna_Ubach_0001.jpg,Paul_Gascoigne/Paul_Gascoigne_0001.jpg,0,0.05592317
Alec_Baldwin/Alec_Baldwin_0004.jpg,Goh_Kun/Goh_Kun_0002.jpg,0,0.06652164
Alex_Holmes/Alex_Holmes_0001.jpg,Beatrice_Dalle/Beatrice_Dalle_0001.jpg,0,0.06722757
Alfred_Sant/Alfred_Sant_0001.jpg,Randall_Tobias/Randall_Tobias_0001.jpg,0,0.19954312
Alfredo_Moreno/Alfredo_Moreno_0001.jpg,Dyab_Abou_Jahjah/Dyab_Abou_Jahjah_0001.jpg,0,0.02757477
Alfredo_Moreno/Alfredo_Moreno_0001.jpg,Suzanne_Torrance/Suzanne_Torrance_0001.jpg,0,0.08783203
Alfredo_Pena/Alfredo_Pena_0001.jpg,Emmanuel_Milingo/Emmanuel_Milingo_0001.jpg,0,0.14319426
Alvaro_Noboa/Alvaro_Noboa_0001.jpg,Phan_Van_Khai/Phan_Van_Khai_0001.jpg,0,0.16236658
Alvaro_Noboa/Alvaro_Noboa_0002.jpg,Timothy_Rigas/Timothy_Rigas_0001.jpg,0,0.19156703
Amanda_Coetzer/Amanda_Coetzer_0001.jpg,Bridgette_Wilson-Sampras/Bridgette_Wilson-Sampras_0002.jpg,0,0.07750858
Amanda_Coetzer/Amanda_Coetzer_0001.jpg,Eddie_Jordan/Eddie_Jordan_0001.jpg,0,0.11980653
Amer_al-Saadi/Amer_al-Saadi_0004.jpg,Miguel_Cotto/Miguel_Cotto_0001.jpg,0,0.15380175
Amy_Brenneman/Amy_Brenneman_0001.jpg,Russell_Coutts/Russell_Coutts_0002.jpg,0,0.14483312
Amy_Brenneman/Amy_Brenneman_0001.jpg,Terje_Roed-Larsen/Terje_Roed-Larsen_0001.jpg,0,0.12194936
Andrew_Firestone/Andrew_Firestone_0001.jpg,Harry_Schmidt/Harry_Schmidt_0004.jpg,0,-0.00439523
Andrew_Firestone/Andrew_Firestone_0001.jpg,Ian_Campbell/Ian_Campbell_0001.jpg,0,0.12719530
Andrew_Firestone/Andrew_Firestone_0001.jpg,Jose_Acasuso/Jose_Acasuso_0001.jpg,0,-0.02000995
Andrew_Firestone/Andrew_Firestone_0001.jpg,Omar_Sharif/Omar_Sharif_0004.jpg,0,0.19197327
Andy_Graves/Andy_Graves_0001.jpg,Gil_de_Ferran/Gil_de_Ferran_0001.jpg,0,0.15590304
Angela_Alvarado_Rosa/Angela_Alvarado_Rosa_0001.jpg,Gerald_Calabrese/Gerald_Calabrese_0001.jpg,0,0.14421782
Angela_Alvarado_Rosa/Angela_Alvarado_Rosa_0001.jpg,Jeffrey_Jones/Jeffrey_Jones_0001.jpg,0,0.11315864
Anneli_Jaatteenmaki/Anneli_Jaatteenmaki_0002.jpg,Eric_Robert_Rudolph/Eric_Robert_Rudolph_0002.jpg,0,-0.04982299
Anneli_Jaatteenmaki/Anneli_Jaatteenmaki_0002.jpg,Gerry_Adams/Gerry_Adams_0006.jpg,0,0.17793003
Anneli_Jaatteenmaki/Anneli_Jaatteenmaki_0002.jpg,Jorge_Marquez-Ruarte/Jorge_Marquez-Ruarte_0001.jpg,0,0.09186438
Anthony_Corso/Anthony_Corso_0001.jpg,Johnny_Benson/Johnny_Benson_0001.jpg,0,0.15917000
Anthony_Corso/Anthony_Corso_0001.jpg,Ray_Allen/Ray_Allen_0003.jpg,0,0.17861179
Anthony_Pico/Anthony_Pico_0001.jpg,Stephanie_Cohen_Aloro/Stephanie_Cohen_Aloro_0001.jpg,0,0.13104837
Ari_Fleischer/Ari_Fleischer_0001.jpg,Razali_Ismail/Razali_Ismail_0001.jpg,0,0.21790636
Ari_Fleischer/Ari_Fleischer_0009.jpg,Jean-Marc_de_La_Sabliere/Jean-Marc_de_La_Sabliere_0002.jpg,0,0.29670626
Arianna_Huffington/Arianna_Huffington_0004.jpg,Philippe_Gagnon/Philippe_Gagnon_0001.jpg,0,0.29526502
Arnaud_Clement/Arnaud_Clement_0001.jpg,Jeffrey_Jones/Jeffrey_Jones_0002.jpg,0,0.05768908
Arnaud_Clement/Arnaud_Clement_0001.jpg,King_Gyanendra/King_Gyanendra_0001.jpg,0,0.18332843
Arnaud_Clement/Arnaud_Clement_0002.jpg,Grady_Irvin_Jr/Grady_Irvin_Jr_0002.jpg,0,-0.07466283
Arnold_Scott/Arnold_Scott_0001.jpg,Randy_Dryer/Randy_Dryer_0001.jpg,0,0.39176932
Art_Howe/Art_Howe_0002.jpg,Luciano_Bovicelli/Luciano_Bovicelli_0001.jpg,0,0.22916271
Art_Howe/Art_Howe_0003.jpg,Teresa_Worbis/Teresa_Worbis_0001.jpg,0,0.00470935
Artieas_Shanks/Artieas_Shanks_0001.jpg,Derek_King/Derek_King_0001.jpg,0,0.04863589
Astrid_Betancourt/Astrid_Betancourt_0001.jpg,Frederick_Madden/Frederick_Madden_0001.jpg,0,0.02784001
Barbara_De_Brun/Barbara_De_Brun_0001.jpg,Cosmo_Iacavazzi/Cosmo_Iacavazzi_0001.jpg,0,-0.02284137
Barry_Collier/Barry_Collier_0001.jpg,Narendra_Modi/Narendra_Modi_0001.jpg,0,0.03691460
Ben_Affleck/Ben_Affleck_0003.jpg,Patricia_Hearst/Patricia_Hearst_0001.jpg,0,-0.05677970
Ben_Affleck/Ben_Affleck_0004.jpg,Daniel_Scioli/Daniel_Scioli_0001.jpg,0,0.07420655
Ben_Affleck/Ben_Affleck_0007.jpg,Marcio_de_Souza/Marcio_de_Souza_0001.jpg,0,0.30541658
Ben_Broussard/Ben_Broussard_0001.jpg,Rudi_Voeller/Rudi_Voeller_0001.jpg,0,0.02715109
Betsy_Smith/Betsy_Smith_0002.jpg,Steven_Kinlock/Steven_Kinlock_0001.jpg,0,0.12268817
Betty_Williams/Betty_Williams_0001.jpg,Mary_Catherine_Correll/Mary_Catherine_Correll_0001.jpg,0,0.27498892
Bianca_Jagger/Bianca_Jagger_0001.jpg,Dario_Camuffo/Dario_Camuffo_0001.jpg,0,0.01379313
Bianca_Jagger/Bianca_Jagger_0001.jpg,Fabricio_Oberto/Fabricio_Oberto_0001.jpg,0,0.02220700
Bill_Callahan/Bill_Callahan_0001.jpg,Gina_Gershon/Gina_Gershon_0001.jpg,0,0.09861477
Bill_Kollar/Bill_Kollar_0001.jpg,Gina_Gershon/Gina_Gershon_0001.jpg,0,0.04519510
Bill_Kollar/Bill_Kollar_0001.jpg,Jose_Miguel_Aleman/Jose_Miguel_Aleman_0001.jpg,0,0.10502709
Bill_Kollar/Bill_Kollar_0001.jpg,Mae_Jemison/Mae_Jemison_0001.jpg,0,-0.00990034
Bill_Kollar/Bill_Kollar_0001.jpg,Mohammed_Ashraf_Hafiz/Mohammed_Ashraf_Hafiz_0001.jpg,0,0.13171364
Bill_Kollar/Bill_Kollar_0001.jpg,Patty_Sheehan/Patty_Sheehan_0001.jpg,0,-0.15713160
Bill_Parsons/Bill_Parsons_0001.jpg,Donna_Barrera/Donna_Barrera_0001.jpg,0,0.08827358
Bill_Stein/Bill_Stein_0001.jpg,Vanessa_Incontrada/Vanessa_Incontrada_0004.jpg,0,-0.02433714
Blythe_Hartley/Blythe_Hartley_0001.jpg,Jackie_Dennis/Jackie_Dennis_0001.jpg,0,0.16726872
Blythe_Hartley/Blythe_Hartley_0002.jpg,Gil_de_Ferran/Gil_de_Ferran_0002.jpg,0,-0.06423126
Bob_Curtis/Bob_Curtis_0001.jpg,Helen_Clark/Helen_Clark_0001.jpg,0,0.15743759
Bob_Huggins/Bob_Huggins_0003.jpg,Sylvester_Stallone/Sylvester_Stallone_0002.jpg,0,0.05068942
Bobby_Goldwater/Bobby_Goldwater_0001.jpg,John_Moxley/John_Moxley_0001.jpg,0,0.20636669
Bobby_Goldwater/Bobby_Goldwater_0001.jpg,Ulrich_Kueperkoch/Ulrich_Kueperkoch_0001.jpg,0,-0.00041475
Bono/Bono_0003.jpg,Ian_Huntley/Ian_Huntley_0001.jpg,0,0.14430200
Brad_Garrett/Brad_Garrett_0001.jpg,Hoda_Asfor/Hoda_Asfor_0001.jpg,0,0.23901957
Brad_Garrett/Brad_Garrett_0004.jpg,Wang_Nan/Wang_Nan_0001.jpg,0,-0.21518587
Brandon_Hammond/Brandon_Hammond_0001.jpg,Thomas_Kelly/Thomas_Kelly_0001.jpg,0,0.01520686
Brandon_Robinson/Brandon_Robinson_0001.jpg,Giovanny_Cordoba/Giovanny_Cordoba_0001.jpg,0,0.18017429
Brandon_Robinson/Brandon_Robinson_0001.jpg,Michael_Linscott/Michael_Linscott_0001.jpg,0,0.08683190
Brandon_Robinson/Brandon_Robinson_0001.jpg,Shi_Guangsheng/Shi_Guangsheng_0001.jpg,0,-0.02913933
Brendan_Stai/Brendan_Stai_0001.jpg,Dan_Guerrero/Dan_Guerrero_0001.jpg,0,0.11415965
Brett_Boone/Brett_Boone_0001.jpg,Jean-Marc_de_La_Sabliere/Jean-Marc_de_La_Sabliere_0001.jpg,0,0.29815751
Brett_Boone/Brett_Boone_0001.jpg,Teresa_Worbis/Teresa_Worbis_0001.jpg,0,0.02550134
Brian_Billick/Brian_Billick_0001.jpg,Ian_Huntley/Ian_Huntley_0001.jpg,0,-0.03082886
Brian_Billick/Brian_Billick_0001.jpg,John_Wayne/John_Wayne_0001.jpg,0,0.25098076
Brian_Billick/Brian_Billick_0001.jpg,Stephanie_Moore/Stephanie_Moore_0001.jpg,0,0.13228756
Brian_Olson/Brian_Olson_0001.jpg,Roberto_Tovar/Roberto_Tovar_0001.jpg,0,0.04470932
Bud_Selig/Bud_Selig_0001.jpg,Franz_Fischler/Franz_Fischler_0001.jpg,0,0.08082972
Bud_Selig/Bud_Selig_0003.jpg,John_Duprey/John_Duprey_0001.jpg,0,0.08098912
Carla_Moreno/Carla_Moreno_0001.jpg,Suzanne_Torrance/Suzanne_Torrance_0001.jpg,0,0.21859112
Carla_Moreno/Carla_Moreno_0001.jpg,Tang_Jiaxuan/Tang_Jiaxuan_0003.jpg,0,0.05729337
Carlos_Beltran/Carlos_Beltran_0001.jpg,Ulrich_Kueperkoch/Ulrich_Kueperkoch_0001.jpg,0,0.25120449
Carlos_Ghosn/Carlos_Ghosn_0001.jpg,Jim_Paxson/Jim_Paxson_0001.jpg,0,0.03521889
Carlos_Ghosn/Carlos_Ghosn_0002.jpg,Ray_Allen/Ray_Allen_0003.jpg,0,0.11054076
Carlton_Dotson/Carlton_Dotson_0001.jpg,Jim_Paxson/Jim_Paxson_0001.jpg,0,0.09584870
Carlton_Dotson/Carlton_Dotson_0001.jpg,Patrick_Bourrat/Patrick_Bourrat_0001.jpg,0,0.16371521
Carlton_Dotson/Carlton_Dotson_0001.jpg,Porter_Goss/Porter_Goss_0001.jpg,0,0.10692494
Carlton_Dotson/Carlton_Dotson_0001.jpg,Vyacheslav_Fetisov/Vyacheslav_Fetisov_0001.jpg,0,0.15392211
Cass_Ballenger/Cass_Ballenger_0001.jpg,Norio_Ohga/Norio_Ohga_0001.jpg,0,0.14323126
Cecile_de_France/Cecile_de_France_0001.jpg,Dyab_Abou_Jahjah/Dyab_Abou_Jahjah_0001.jpg,0,-0.00387644
Cecile_de_France/Cecile_de_France_0001.jpg,Terrence_Kiel/Terrence_Kiel_0001.jpg,0,0.10227371
Charles_Bell/Charles_Bell_0001.jpg,Tatjana_Gsell/Tatjana_Gsell_0001.jpg,0,0.01731165
Charlotte_Rampling/Charlotte_Rampling_0001.jpg,Lana_Clarkson/Lana_Clarkson_0002.jpg,0,0.04350975
Chick_Hearn/Chick_Hearn_0001.jpg,Mohammed_Salmane/Mohammed_Salmane_0001.jpg,0,0.14178976
Christopher_Reeve/Christopher_Reeve_0004.jpg,Pauline_Landers/Pauline_Landers_0001.jpg,0,0.18394014
Christopher_Reeve/Christopher_Reeve_0004.jpg,Scott_OGrady/Scott_OGrady_0001.jpg,0,0.01309459
Cindy_Margolis/Cindy_Margolis_0001.jpg,Mark_Cuban/Mark_Cuban_0002.jpg,0,-0.15374801
Claire_Danes/Claire_Danes_0002.jpg,Nadine_Vinzens/Nadine_Vinzens_0001.jpg,0,0.14677045
Claudio_Lopez/Claudio_Lopez_0001.jpg,Gabrielle_Rose/Gabrielle_Rose_0001.jpg,0,0.02182668
Collis_Temple_III/Collis_Temple_III_0001.jpg,Eva_Amurri/Eva_Amurri_0001.jpg,0,-0.11259916
Collis_Temple_III/Collis_Temple_III_0001.jpg,Rob_Niedermayer/Rob_Niedermayer_0001.jpg,0,0.08453590
Collis_Temple_III/Collis_Temple_III_0001.jpg,Santiago_Botero/Santiago_Botero_0001.jpg,0,0.03428070
Collis_Temple_III/Collis_Temple_III_0001.jpg,Simon_Chalk/Simon_Chalk_0001.jpg,0,0.08744543
Conan_OBrien/Conan_OBrien_0001.jpg,Liliana_Cavani/Liliana_Cavani_0001.jpg,0,0.16868737
Corinna_Harfouch/Corinna_Harfouch_0001.jpg,Ivo_Dubs/Ivo_Dubs_0001.jpg,0,0.16137250
Corinna_Harfouch/Corinna_Harfouch_0001.jpg,Tim_Curry/Tim_Curry_0001.jpg,0,0.09826092
Cristina_Kirchner/Cristina_Kirchner_0001.jpg,Stefanie_De_Roux/Stefanie_De_Roux_0001.jpg,0,0.07096217
Dan_Boyle/Dan_Boyle_0001.jpg,Paul_Clark/Paul_Clark_0001.jpg,0,-0.07160224
Dan_Boyle/Dan_Boyle_0001.jpg,Thabo_Mbeki/Thabo_Mbeki_0003.jpg,0,0.01978166
Daniel_Chin/Daniel_Chin_0001.jpg,Ian_Huntley/Ian_Huntley_0001.jpg,0,0.00458345
Daniel_Chin/Daniel_Chin_0001.jpg,Jim_Letten/Jim_Letten_0001.jpg,0,0.12567566
Daniel_Chin/Daniel_Chin_0001.jpg,Julia_Glass/Julia_Glass_0001.jpg,0,0.02665148
Daniel_Scioli/Daniel_Scioli_0001.jpg,Lena_Katina/Lena_Katina_0001.jpg,0,0.05078623
Daniel_Scioli/Daniel_Scioli_0001.jpg,Lindsay_Lohan/Lindsay_Lohan_0001.jpg,0,0.08669050
Dario_Camuffo/Dario_Camuffo_0001.jpg,Eli_Stutsman/Eli_Stutsman_0001.jpg,0,0.08134445
David_Brinkley/David_Brinkley_0001.jpg,Jeff_Bridges/Jeff_Bridges_0001.jpg,0,0.15990311
David_Brinkley/David_Brinkley_0001.jpg,Stephen_Arigbabu/Stephen_Arigbabu_0001.jpg,0,0.03353079
David_Montoya/David_Montoya_0001.jpg,Mary_Elizabeth_Mastrantonio/Mary_Elizabeth_Mastrantonio_0001.jpg,0,0.12950985
David_Siegel/David_Siegel_0001.jpg,Francis_Mer/Francis_Mer_0001.jpg,0,0.08603582
Dennis_Johnson/Dennis_Johnson_0001.jpg,Satnarine_Sharma/Satnarine_Sharma_0001.jpg,0,0.30415028
Denys_Arcand/Denys_Arcand_0001.jpg,Nadine_Vinzens/Nadine_Vinzens_0002.jpg,0,0.01411856
Derek_Jeter/Derek_Jeter_0001.jpg,Tian_Zhuang_Zhuang/Tian_Zhuang_Zhuang_0001.jpg,0,0.09313504
Derek_Jeter/Derek_Jeter_0003.jpg,Jolanta_Kwasniewski/Jolanta_Kwasniewski_0002.jpg,0,0.17088009
Derek_King/Derek_King_0001.jpg,Yasein_Taher/Yasein_Taher_0001.jpg,0,0.02221359
Derrick_Battie/Derrick_Battie_0001.jpg,Ian_Huntley/Ian_Huntley_0001.jpg,0,0.13421929
Diego_Armando_Maradona/Diego_Armando_Maradona_0001.jpg,Robert_Gordon_Card/Robert_Gordon_Card_0001.jpg,0,0.07885070
Don_King/Don_King_0001.jpg,Thomas_Kelly/Thomas_Kelly_0001.jpg,0,0.21915798
Don_King/Don_King_0001.jpg,Zurab_Tsereteli/Zurab_Tsereteli_0001.jpg,0,0.10201760
Donna_Barrera/Donna_Barrera_0001.jpg,Francis_Mer/Francis_Mer_0002.jpg,0,-0.06727697
Donna_Shalala/Donna_Shalala_0002.jpg,Sereyvuth_Kem/Sereyvuth_Kem_0001.jpg,0,0.13190171
Duncan_Fletcher/Duncan_Fletcher_0001.jpg,John_Cusack/John_Cusack_0002.jpg,0,0.07908715
Duncan_Fletcher/Duncan_Fletcher_0001.jpg,Mike_Alden/Mike_Alden_0001.jpg,0,0.19315930
Dustin_Brown/Dustin_Brown_0001.jpg,Jose_Cevallos/Jose_Cevallos_0001.jpg,0,0.07179645
Dyab_Abou_Jahjah/Dyab_Abou_Jahjah_0001.jpg,John_Cornyn/John_Cornyn_0001.jpg,0,0.01483190
Ed_Mekertichian/Ed_Mekertichian_0001.jpg,Paul_Clark/Paul_Clark_0001.jpg,0,0.28561023
Edmund_Hillary/Edmund_Hillary_0002.jpg,Miguel_Cotto/Miguel_Cotto_0001.jpg,0,0.15278181
Elena_Likhovtseva/Elena_Likhovtseva_0001.jpg,Marty_Mornhinweg/Marty_Mornhinweg_0002.jpg,0,0.14258106
Eli_Stutsman/Eli_Stutsman_0001.jpg,Kalpana_Chawla/Kalpana_Chawla_0004.jpg,0,0.07975253
Eli_Stutsman/Eli_Stutsman_0001.jpg,Marcio_de_Souza/Marcio_de_Souza_0001.jpg,0,0.14850646
Eli_Stutsman/Eli_Stutsman_0001.jpg,Michael_Phelps/Michael_Phelps_0001.jpg,0,0.07404444
Elizabeth_Regan/Elizabeth_Regan_0001.jpg,Eugene_Teslovic/Eugene_Teslovic_0001.jpg,0,-0.00739669
Emmanuel_Milingo/Emmanuel_Milingo_0001.jpg,Enrica_Fico/Enrica_Fico_0001.jpg,0,0.02079239
Enola_Rice/Enola_Rice_0001.jpg,Lana_Clarkson/Lana_Clarkson_0002.jpg,0,0.25682580
Erin_Runnion/Erin_Runnion_0003.jpg,Rob_Lowe/Rob_Lowe_0002.jpg,0,0.02134898
Eugene_Teslovic/Eugene_Teslovic_0001.jpg,Goh_Kun/Goh_Kun_0001.jpg,0,-0.00579783
Eugene_Teslovic/Eugene_Teslovic_0001.jpg,Jean-Marc_de_La_Sabliere/Jean-Marc_de_La_Sabliere_0002.jpg,0,-0.00331639
Eva_Amurri/Eva_Amurri_0001.jpg,Tanya_Holyk/Tanya_Holyk_0001.jpg,0,0.10527973
Fabricio_Oberto/Fabricio_Oberto_0001.jpg,Rudi_Voeller/Rudi_Voeller_0001.jpg,0,0.10067256
Felix_Sanchez/Felix_Sanchez_0001.jpg,Ian_Moran/Ian_Moran_0001.jpg,0,0.08484664
Fernando_Henrique_Cardoso/Fernando_Henrique_Cardoso_0001.jpg,Michael_Phelps/Michael_Phelps_0001.jpg,0,-0.02024171
Fernando_Henrique_Cardoso/Fernando_Henrique_Cardoso_0008.jpg,Sherry_Fisher/Sherry_Fisher_0001.jpg,0,-0.01323121
Francis_Mer/Francis_Mer_0002.jpg,Patrick_Bourrat/Patrick_Bourrat_0001.jpg,0,0.21479712
Franz_Fischler/Franz_Fischler_0002.jpg,Robert_Lange/Robert_Lange_0001.jpg,0,0.15261202
Frederick_Madden/Frederick_Madden_0001.jpg,Gary_Condit/Gary_Condit_0001.jpg,0,-0.00719378
Gary_Bauer/Gary_Bauer_0001.jpg,Greg_Hodge/Greg_Hodge_0001.jpg,0,0.26923305
Gary_Condit/Gary_Condit_0001.jpg,Nathan_Lane/Nathan_Lane_0002.jpg,0,0.10054164
Gary_Locke/Gary_Locke_0001.jpg,Marcio_de_Souza/Marcio_de_Souza_0001.jpg,0,0.01834645
Gen_Meredith/Gen_Meredith_0001.jpg,Matthew_Vaughan/Matthew_Vaughan_0001.jpg,0,-0.05638014
Gerry_Adams/Gerry_Adams_0008.jpg,Jamir_Miller/Jamir_Miller_0001.jpg,0,-0.03009082
Gilles_Panizzi/Gilles_Panizzi_0001.jpg,Jim_Piper/Jim_Piper_0001.jpg,0,0.27919447
Gina_Gershon/Gina_Gershon_0001.jpg,Patricia_Garone/Patricia_Garone_0001.jpg,0,0.00524078
Gina_Gershon/Gina_Gershon_0001.jpg,Zhang_Ziyi/Zhang_Ziyi_0002.jpg,0,0.09132460
Giovanny_Cordoba/Giovanny_Cordoba_0001.jpg,Jackie_Sherrill/Jackie_Sherrill_0001.jpg,0,0.00084439
Giovanny_Cordoba/Giovanny_Cordoba_0001.jpg,Keith_Olbermann/Keith_Olbermann_0001.jpg,0,0.02249510
Grady_Irvin_Jr/Grady_Irvin_Jr_0002.jpg,Oracene_Williams/Oracene_Williams_0001.jpg,0,0.12228194
Graeme_Smith/Graeme_Smith_0001.jpg,John_Salazar/John_Salazar_0001.jpg,0,0.38346276
Graham_Bentley/Graham_Bentley_0001.jpg,Jason_Clermont/Jason_Clermont_0001.jpg,0,0.17161678
Guillaume_Depardieu/Guillaume_Depardieu_0001.jpg,Manuel_Llorente/Manuel_Llorente_0001.jpg,0,0.01064336
Gunter_Pleuger/Gunter_Pleuger_0001.jpg,Nicole_Kidman/Nicole_Kidman_0002.jpg,0,-0.00290092
Gunter_Pleuger/Gunter_Pleuger_0002.jpg,Robby_Ginepri/Robby_Ginepri_0001.jpg,0,0.00203968
Gunter_Pleuger/Gunter_Pleuger_0003.jpg,Vaclav_Klaus/Vaclav_Klaus_0001.jpg,0,0.07270361
Hanns_Schumacher/Hanns_Schumacher_0001.jpg,Martin_Gecht/Martin_Gecht_0001.jpg,0,0.23812434
Henri_Proglio/Henri_Proglio_0001.jpg,Ibrahim_Haddad/Ibrahim_Haddad_0001.jpg,0,0.39303762
Henri_Proglio/Henri_Proglio_0001.jpg,Jeffery_Hendren/Jeffery_Hendren_0001.jpg,0,0.22739378
Hermann_Maier/Hermann_Maier_0001.jpg,Phan_Van_Khai/Phan_Van_Khai_0001.jpg,0,0.03651246
Hermann_Maier/Hermann_Maier_0002.jpg,Stephen_Arigbabu/Stephen_Arigbabu_0001.jpg,0,0.15985364
Hideki_Sato/Hideki_Sato_0001.jpg,Peter_Mugyeni/Peter_Mugyeni_0001.jpg,0,0.10072777
Hideki_Sato/Hideki_Sato_0001.jpg,Troy_Aikman/Troy_Aikman_0001.jpg,0,0.01954675
Hoda_Asfor/Hoda_Asfor_0001.jpg,Juergen_Peters/Juergen_Peters_0001.jpg,0,0.28600475
Hoda_Asfor/Hoda_Asfor_0001.jpg,Lindsay_Lohan/Lindsay_Lohan_0001.jpg,0,0.36713970
Horace_Donovan_Reid/Horace_Donovan_Reid_0001.jpg,Rob_Lowe/Rob_Lowe_0001.jpg,0,0.20598161
Hunter_Kemper/Hunter_Kemper_0001.jpg,Marsha_Thomason/Marsha_Thomason_0001.jpg,0,-0.02258927
Ian_Campbell/Ian_Campbell_0001.jpg,Mike_Alden/Mike_Alden_0001.jpg,0,-0.04253855
Ian_Huntley/Ian_Huntley_0001.jpg,Jalen_Rose/Jalen_Rose_0001.jpg,0,0.15041161
Ian_Huntley/Ian_Huntley_0001.jpg,Sebastian_Saja/Sebastian_Saja_0002.jpg,0,0.13208424
Ian_Moran/Ian_Moran_0001.jpg,Stephanie_Cohen_Aloro/Stephanie_Cohen_Aloro_0001.jpg,0,0.05525172
Ian_Thorpe/Ian_Thorpe_0005.jpg,Mickey_Gilley/Mickey_Gilley_0001.jpg,0,0.15804118
Ignacio_Antonio_Velasco/Ignacio_Antonio_Velasco_0001.jpg,Rich_Brooks/Rich_Brooks_0001.jpg,0,0.09641460
Iran_Brown/Iran_Brown_0001.jpg,Margaret_Caruso/Margaret_Caruso_0001.jpg,0,-0.01620580
Isabelle_Huppert/Isabelle_Huppert_0001.jpg,Marcio_de_Souza/Marcio_de_Souza_0001.jpg,0,-0.03234324
Isabelle_Huppert/Isabelle_Huppert_0002.jpg,Phan_Van_Khai/Phan_Van_Khai_0003.jpg,0,0.08809003
Ivan_Shvedoff/Ivan_Shvedoff_0001.jpg,Josh_Childress/Josh_Childress_0001.jpg,0,0.20354356
Ivan_Shvedoff/Ivan_Shvedoff_0001.jpg,Miguel_Estrada/Miguel_Estrada_0002.jpg,0,0.04552805
Ivan_Shvedoff/Ivan_Shvedoff_0001.jpg,Vojislav_Seselj/Vojislav_Seselj_0001.jpg,0,0.35928634
Izzat_Ibrahim/Izzat_Ibrahim_0001.jpg,Jerry_Rice/Jerry_Rice_0001.jpg,0,-0.03359516
Jacques_Villeneuve/Jacques_Villeneuve_0001.jpg,Wim_Duisenberg/Wim_Duisenberg_0001.jpg,0,0.15652904
Jalen_Rose/Jalen_Rose_0001.jpg,Suzanne_Torrance/Suzanne_Torrance_0001.jpg,0,0.07175071
James_Butts/James_Butts_0001.jpg,Nicole_Kidman/Nicole_Kidman_0002.jpg,0,0.06303056
James_Butts/James_Butts_0002.jpg,Jerry_Colangelo/Jerry_Colangelo_0001.jpg,0,-0.00152904
James_Butts/James_Butts_0002.jpg,Sherry_Fisher/Sherry_Fisher_0001.jpg,0,-0.00638186
James_May/James_May_0001.jpg,Trevor_McDonald/Trevor_McDonald_0001.jpg,0,0.31443730
James_May/James_May_0001.jpg,Vaclav_Klaus/Vaclav_Klaus_0002.jpg,0,0.12319164
Jamie_Cooke/Jamie_Cooke_0001.jpg,Kalpana_Chawla/Kalpana_Chawla_0005.jpg,0,0.00190758
Jamie_Cooke/Jamie_Cooke_0001.jpg,Mickey_Rooney/Mickey_Rooney_0001.jpg,0,0.09621885
Jamir_Miller/Jamir_Miller_0001.jpg,Laura_Hernandez/Laura_Hernandez_0001.jpg,0,0.14142193
Jana_Pittman/Jana_Pittman_0001.jpg,Liv_Tyler/Liv_Tyler_0001.jpg,0,0.12222514
Jason_Clermont/Jason_Clermont_0001.jpg,Jose_Carlo_Fernandez/Jose_Carlo_Fernandez_0001.jpg,0,0.17120032
Jason_Clermont/Jason_Clermont_0001.jpg,Patty_Duke/Patty_Duke_0001.jpg,0,-0.00972012
Jeff_Bridges/Jeff_Bridges_0001.jpg,Landon_Donovan/Landon_Donovan_0001.jpg,0,0.05746411
Jeff_Bridges/Jeff_Bridges_0001.jpg,Patty_Duke/Patty_Duke_0001.jpg,0,0.14393036
Jeffery_Hendren/Jeffery_Hendren_0001.jpg,Jeremy_Wotherspoon/Jeremy_Wotherspoon_0001.jpg,0,-0.00929714
Jennifer_McCoy/Jennifer_McCoy_0001.jpg,Manuel_Llorente/Manuel_Llorente_0001.jpg,0,-0.07645954
Jennifer_McCoy/Jennifer_McCoy_0001.jpg,William_Cocksedge/William_Cocksedge_0001.jpg,0,0.27598780
Jerry_Colangelo/Jerry_Colangelo_0001.jpg,Vin_Diesel/Vin_Diesel_0002.jpg,0,0.13853326
Jerry_Rice/Jerry_Rice_0001.jpg,Joe_Gatti/Joe_Gatti_0002.jpg,0,0.12373984
Jessica_Brungo/Jessica_Brungo_0001.jpg,Landon_Donovan/Landon_Donovan_0001.jpg,0,-0.14680806
Jim_OBrien/Jim_OBrien_0001.jpg,Nadine_Vinzens/Nadine_Vinzens_0001.jpg,0,0.00589621
Jim_Paxson/Jim_Paxson_0001.jpg,Robert_Gordon_Card/Robert_Gordon_Card_0001.jpg,0,0.03454271
Joe_Gatti/Joe_Gatti_0002.jpg,Mike_Samp/Mike_Samp_0001.jpg,0,0.00524958
Joel_Todd/Joel_Todd_0001.jpg,John_Fox/John_Fox_0001.jpg,0,0.25449806
Joel_Todd/Joel_Todd_0001.jpg,Momir_Nikolic/Momir_Nikolic_0001.jpg,0,0.17543989
John_Cornyn/John_Cornyn_0001.jpg,Jose_Mourinho/Jose_Mourinho_0002.jpg,0,0.00142838
John_Cornyn/John_Cornyn_0001.jpg,Robert_Weitzel/Robert_Weitzel_0001.jpg,0,0.08745273
John_Cornyn/John_Cornyn_0001.jpg,Toshihiko_Fukui/Toshihiko_Fukui_0002.jpg,0,0.16211708
John_Dallager/John_Dallager_0001.jpg,Jose_Canseco_Sr/Jose_Canseco_Sr_0001.jpg,0,0.05858505
John_Spencer/John_Spencer_0002.jpg,Stephanie_Moore/Stephanie_Moore_0001.jpg,0,0.18654452
John_Walsh/John_Walsh_0001.jpg,Kalpana_Chawla/Kalpana_Chawla_0001.jpg,0,-0.00231276
John_Wright/John_Wright_0001.jpg,Sandra_Milo/Sandra_Milo_0001.jpg,0,0.02105227
John_Wright/John_Wright_0001.jpg,Trevor_McDonald/Trevor_McDonald_0001.jpg,0,0.21371187
Johnny_Benson/Johnny_Benson_0001.jpg,Lana_Clarkson/Lana_Clarkson_0002.jpg,0,0.15665364
Johnny_Benson/Johnny_Benson_0001.jpg,Teresa_Worbis/Teresa_Worbis_0001.jpg,0,0.20871162
Jolanta_Kwasniewski/Jolanta_Kwasniewski_0002.jpg,Martin_Howard/Martin_Howard_0001.jpg,0,-0.09559900
Jose_Canseco_Sr/Jose_Canseco_Sr_0001.jpg,Julia_Glass/Julia_Glass_0001.jpg,0,-0.04860567
Jose_Mourinho/Jose_Mourinho_0001.jpg,Joseph_LePore/Joseph_LePore_0001.jpg,0,-0.01376509
Jose_Mourinho/Jose_Mourinho_0002.jpg,LeRoy_Millette_Jr/LeRoy_Millette_Jr_0001.jpg,0,0.14510468
Jose_Vicente_Rangel/Jose_Vicente_Rangel_0001.jpg,Leuris_Pupo/Leuris_Pupo_0001.jpg,0,0.19902945
Jose_Vicente_Rangel/Jose_Vicente_Rangel_0001.jpg,Scott_OGrady/Scott_OGrady_0001.jpg,0,0.10578376
Joy_Lee_Sadler/Joy_Lee_Sadler_0001.jpg,Laurie_Chan/Laurie_Chan_0001.jpg,0,0.10678149
Joy_Lee_Sadler/Joy_Lee_Sadler_0001.jpg,Norio_Ohga/Norio_Ohga_0001.jpg,0,0.17036584
Joy_Lee_Sadler/Joy_Lee_Sadler_0001.jpg,Stephanie_Moore/Stephanie_Moore_0001.jpg,0,0.14215457
Karen_Pereiras/Karen_Pereiras_0001.jpg,Michael_Phelps/Michael_Phelps_0002.jpg,0,0.15374172
Keith_Brown/Keith_Brown_0001.jpg,Nicole_Kidman/Nicole_Kidman_0017.jpg,0,0.07648484
Keith_Brown/Keith_Brown_0001.jpg,William_Harrison/William_Harrison_0001.jpg,0,0.14807995
Keith_Van_Horn/Keith_Van_Horn_0001.jpg,Sherry_Fisher/Sherry_Fisher_0001.jpg,0,0.08388063
Kelli_White/Kelli_White_0001.jpg,Rudi_Voeller/Rudi_Voeller_0001.jpg,0,0.01097825
King_Gyanendra/King_Gyanendra_0001.jpg,Otto_Reich/Otto_Reich_0001.jpg,0,0.28204906
Lana_Clarkson/Lana_Clarkson_0001.jpg,Mike_Samp/Mike_Samp_0001.jpg,0,0.20741683
Landon_Donovan/Landon_Donovan_0001.jpg,Robby_Ginepri/Robby_Ginepri_0001.jpg,0,0.08519089
Larry_Tanenbaum/Larry_Tanenbaum_0001.jpg,Mike_Samp/Mike_Samp_0001.jpg,0,0.04280905
Laura_Ziskin/Laura_Ziskin_0001.jpg,Reyyan_Uzuner/Reyyan_Uzuner_0001.jpg,0,0.00452900
Laura_Ziskin/Laura_Ziskin_0001.jpg,Robert_Gordon_Card/Robert_Gordon_Card_0001.jpg,0,-0.16893849
LeRoy_Millette_Jr/LeRoy_Millette_Jr_0001.jpg,Leuris_Pupo/Leuris_Pupo_0001.jpg,0,0.27558848
Lee_Chang-dong/Lee_Chang-dong_0001.jpg,Phil_Bredesen/Phil_Bredesen_0001.jpg,0,0.14441690
Liliana_Cavani/Liliana_Cavani_0001.jpg,Richard_Pennington/Richard_Pennington_0001.jpg,0,0.17106333
Lindsay_Lohan/Lindsay_Lohan_0001.jpg,Mireya_Elisa_Moscoso_Rodriguez/Mireya_Elisa_Moscoso_Rodriguez_0001.jpg,0,0.10592303
Lloyd_Ward/Lloyd_Ward_0002.jpg,Tina_Andrews/Tina_Andrews_0001.jpg,0,0.13101435
Mark_Heller/Mark_Heller_0001.jpg,Nicolas_Kiefer/Nicolas_Kiefer_0001.jpg,0,0.11611128
Mark_Heller/Mark_Heller_0001.jpg,Parris_Glendening/Parris_Glendening_0001.jpg,0,-0.04343764
Mark_Heller/Mark_Heller_0001.jpg,Peter_Hillary/Peter_Hillary_0002.jpg,0,-0.06588596
Martin_Gecht/Martin_Gecht_0001.jpg,Peter_Hillary/Peter_Hillary_0001.jpg,0,0.17040953
Mary_Elizabeth_Mastrantonio/Mary_Elizabeth_Mastrantonio_0001.jpg,Vaclav_Klaus/Vaclav_Klaus_0001.jpg,0,0.05650657
Michael_Arif/Michael_Arif_0001.jpg,Sean_Patrick_OMalley/Sean_Patrick_OMalley_0003.jpg,0,0.20182735
Michael_Linscott/Michael_Linscott_0001.jpg,Tom_Brady/Tom_Brady_0002.jpg,0,0.19209079
Mick_Jagger/Mick_Jagger_0003.jpg,Oracene_Williams/Oracene_Williams_0001.jpg,0,-0.00757747
Mo_Elleithee/Mo_Elleithee_0001.jpg,Tanya_Holyk/Tanya_Holyk_0001.jpg,0,0.11343252
Mohammed_Ashraf_Hafiz/Mohammed_Ashraf_Hafiz_0001.jpg,Rod_Bryden/Rod_Bryden_0001.jpg,0,0.02311214
Mukhtar_Alytnbayev/Mukhtar_Alytnbayev_0001.jpg,Oracene_Williams/Oracene_Williams_0001.jpg,0,0.17055970
Patricia_Garone/Patricia_Garone_0001.jpg,Sean_Patrick_OMalley/Sean_Patrick_OMalley_0002.jpg,0,0.29933828
Patricia_Hearst/Patricia_Hearst_0001.jpg,Scott_Dickson/Scott_Dickson_0001.jpg,0,-0.05368173
Patty_Duke/Patty_Duke_0001.jpg,Simon_Chalk/Simon_Chalk_0001.jpg,0,0.22537956
Paul_Bettany/Paul_Bettany_0001.jpg,Ulrich_Kueperkoch/Ulrich_Kueperkoch_0001.jpg,0,0.07907539
Paul_Gascoigne/Paul_Gascoigne_0003.jpg,Tian_Liang/Tian_Liang_0001.jpg,0,0.07268771
Paul_Greengrass/Paul_Greengrass_0001.jpg,Tim_Pawlenty/Tim_Pawlenty_0001.jpg,0,0.07613512
Perry_Compton/Perry_Compton_0001.jpg,William_Shatner/William_Shatner_0001.jpg,0,0.26506770
Peter_Camejo/Peter_Camejo_0001.jpg,Ruth_Christofferson/Ruth_Christofferson_0001.jpg,0,0.27438432
Porter_Goss/Porter_Goss_0001.jpg,Tara_Kirk/Tara_Kirk_0001.jpg,0,0.04169806
Rand_Miller/Rand_Miller_0001.jpg,Robert_Nillson/Robert_Nillson_0001.jpg,0,-0.13560984
Rich_Brooks/Rich_Brooks_0001.jpg,Sharess_Harrell/Sharess_Harrell_0001.jpg,0,0.13777454
Richard_Pennington/Richard_Pennington_0001.jpg,Robby_Ginepri/Robby_Ginepri_0002.jpg,0,0.07039197
Robert_Gordon_Card/Robert_Gordon_Card_0001.jpg,William_Shatner/William_Shatner_0001.jpg,0,0.11328912
Robert_Kipkoech_Cheruiyot/Robert_Kipkoech_Cheruiyot_0001.jpg,Sally_Kirkland/Sally_Kirkland_0003.jpg,0,0.09705235
Robert_Kipkoech_Cheruiyot/Robert_Kipkoech_Cheruiyot_0001.jpg,Steve_Park/Steve_Park_0001.jpg,0,0.00775723
Russell_Coutts/Russell_Coutts_0001.jpg,Tian_Liang/Tian_Liang_0001.jpg,0,0.06851089
Sandra_Milo/Sandra_Milo_0001.jpg,Satnarine_Sharma/Satnarine_Sharma_0001.jpg,0,0.09919819
Steve_Nesbitt/Steve_Nesbitt_0001.jpg,Win_Aung/Win_Aung_0004.jpg,0,0.18655053
Sylvester_Stallone/Sylvester_Stallone_0007.jpg,TJ_Ford/TJ_Ford_0001.jpg,0,0.22533405
Sylvie_Guillem/Sylvie_Guillem_0001.jpg,Vadim_Devyatovskiy/Vadim_Devyatovskiy_0001.jpg,0,0.12717564
Tara_Kirk/Tara_Kirk_0001.jpg,Win_Aung/Win_Aung_0001.jpg,0,0.17824259
Aaron_Guiel/Aaron_Guiel_0001.jpg,Pascal_Rheaume/Pascal_Rheaume_0001.jpg,0,0.06510613
Aaron_Guiel/Aaron_Guiel_0001.jpg,Steve_Zahn/Steve_Zahn_0001.jpg,0,0.12701656
Adrian_Nastase/Adrian_Nastase_0002.jpg,Princess_Victoria/Princess_Victoria_0001.jpg,0,0.15895823
Ahmed_Chalabi/Ahmed_Chalabi_0001.jpg,Rosario_Dawson/Rosario_Dawson_0001.jpg,0,0.04590881
Ahmed_Ghazi/Ahmed_Ghazi_0001.jpg,Julia_Tymoshenko/Julia_Tymoshenko_0003.jpg,0,0.05109897
Ahmet_Demir/Ahmet_Demir_0001.jpg,Wally_Szczerbiak/Wally_Szczerbiak_0001.jpg,0,0.13751103
Ain_Seppik/Ain_Seppik_0001.jpg,Gerhard_Schroeder/Gerhard_Schroeder_0055.jpg,0,0.12533435
Ain_Seppik/Ain_Seppik_0001.jpg,Misty_Dawn_Clymer/Misty_Dawn_Clymer_0001.jpg,0,0.20969304
Ain_Seppik/Ain_Seppik_0001.jpg,Raoul_Ruiz/Raoul_Ruiz_0001.jpg,0,0.07110369
Ain_Seppik/Ain_Seppik_0001.jpg,Susan_Whelan/Susan_Whelan_0001.jpg,0,0.11880946
Aishwarya_Rai/Aishwarya_Rai_0001.jpg,Chloe_Sevigny/Chloe_Sevigny_0001.jpg,0,-0.07773684
Aishwarya_Rai/Aishwarya_Rai_0001.jpg,Dinah_Turner/Dinah_Turner_0001.jpg,0,0.23453632
Aishwarya_Rai/Aishwarya_Rai_0001.jpg,Rosario_Dawson/Rosario_Dawson_0001.jpg,0,0.28811163
Alan_Zemaitis/Alan_Zemaitis_0001.jpg,Lauren_Killian/Lauren_Killian_0001.jpg,0,0.10470441
Alex_Cejka/Alex_Cejka_0001.jpg,Taufik_Hidayat/Taufik_Hidayat_0002.jpg,0,-0.10509445
Alexandre_Daigle/Alexandre_Daigle_0001.jpg,Brent_Coles/Brent_Coles_0001.jpg,0,-0.12060076
Ali_Bin_Hussein/Ali_Bin_Hussein_0001.jpg,Ben_Cahoon/Ben_Cahoon_0001.jpg,0,0.08096209
Ali_Bin_Hussein/Ali_Bin_Hussein_0001.jpg,Oswald_Gruebel/Oswald_Gruebel_0001.jpg,0,0.20881158
Ali_Bin_Hussein/Ali_Bin_Hussein_0001.jpg,Raf_Vallone/Raf_Vallone_0001.jpg,0,0.10666894
Alimzhan_Tokhtakhounov/Alimzhan_Tokhtakhounov_0001.jpg,Jeane_Kirkpatrick/Jeane_Kirkpatrick_0001.jpg,0,0.04235201
Alimzhan_Tokhtakhounov/Alimzhan_Tokhtakhounov_0002.jpg,Butch_Davis/Butch_Davis_0001.jpg,0,0.23260272
Alisha_Richman/Alisha_Richman_0001.jpg,Camille_Lewis/Camille_Lewis_0001.jpg,0,-0.01807494
Alisha_Richman/Alisha_Richman_0001.jpg,Katerina_Smrzova/Katerina_Smrzova_0001.jpg,0,0.31123883
Alisha_Richman/Alisha_Richman_0001.jpg,Miguel_Rosseto/Miguel_Rosseto_0001.jpg,0,0.10910562
Amelie_Mauresmo/Amelie_Mauresmo_0003.jpg,Laura_Flessel/Laura_Flessel_0001.jpg,0,-0.05307852
Amelie_Mauresmo/Amelie_Mauresmo_0018.jpg,Bob_Colvin/Bob_Colvin_0001.jpg,0,0.26387551
Ana_Claudia_Talancon/Ana_Claudia_Talancon_0001.jpg,Piers_Sellers/Piers_Sellers_0001.jpg,0,0.02145310
Andrea_Kiser/Andrea_Kiser_0001.jpg,Ellen_Barkin/Ellen_Barkin_0001.jpg,0,0.07344620
Andrea_Kiser/Andrea_Kiser_0001.jpg,Imre_Kertasz/Imre_Kertasz_0001.jpg,0,0.01173670
Andrea_Kiser/Andrea_Kiser_0001.jpg,Matt_Dillon/Matt_Dillon_0001.jpg,0,0.09716753
Andrea_Kiser/Andrea_Kiser_0001.jpg,Yann_Martel/Yann_Martel_0002.jpg,0,0.01206949
Andres_DAlessandro/Andres_DAlessandro_0001.jpg,Leticia_Van_de_Putte/Leticia_Van_de_Putte_0001.jpg,0,-0.00989249
Andres_DAlessandro/Andres_DAlessandro_0001.jpg,Ronaldo_Luis_Nazario_de_Lima/Ronaldo_Luis_Nazario_de_Lima_0001.jpg,0,0.21303327
Anette_Hosoi/Anette_Hosoi_0001.jpg,Rolf_Zimmermann/Rolf_Zimmermann_0001.jpg,0,0.09716297
Anette_Hosoi/Anette_Hosoi_0001.jpg,Sheila_Taormina/Sheila_Taormina_0001.jpg,0,0.33824837
Anette_Hosoi/Anette_Hosoi_0001.jpg,Tora_Takagi/Tora_Takagi_0001.jpg,0,0.11470933
Angelo_Reyes/Angelo_Reyes_0001.jpg,Chip_Knight/Chip_Knight_0001.jpg,0,0.07761364
Angelo_Reyes/Angelo_Reyes_0001.jpg,Oliver_Neuville/Oliver_Neuville_0001.jpg,0,0.02490071
Anne_Heche/Anne_Heche_0001.jpg,Sasha_Alexander/Sasha_Alexander_0001.jpg,0,0.05425099
Anne_Heche/Anne_Heche_0001.jpg,Tanya_Lindenmuth/Tanya_Lindenmuth_0001.jpg,0,0.22359231
Antje_Buschschulte/Antje_Buschschulte_0001.jpg,Jerry_Angelo/Jerry_Angelo_0001.jpg,0,0.21934918
Anton_Balasingham/Anton_Balasingham_0001.jpg,Matt_Siebrandt/Matt_Siebrandt_0001.jpg,0,0.00042875
Anton_Balasingham/Anton_Balasingham_0001.jpg,Will_Ferrell/Will_Ferrell_0001.jpg,0,0.22984770
Armando_Avila_Panchame/Armando_Avila_Panchame_0001.jpg,Monica_Gabrielle/Monica_Gabrielle_0001.jpg,0,0.12645020
Armando_Avila_Panchame/Armando_Avila_Panchame_0001.jpg,Retief_Goosen/Retief_Goosen_0001.jpg,0,0.22206642
BJ_Habibie/BJ_Habibie_0001.jpg,Craig_MacTavish/Craig_MacTavish_0001.jpg,0,0.26875907
Baz_Luhrmann/Baz_Luhrmann_0001.jpg,Danny_Avalon/Danny_Avalon_0001.jpg,0,0.16631320
Begum_Khaleda_Zia/Begum_Khaleda_Zia_0001.jpg,Eric_Idle/Eric_Idle_0001.jpg,0,0.00510678
Begum_Khaleda_Zia/Begum_Khaleda_Zia_0001.jpg,Michael_Andretti/Michael_Andretti_0001.jpg,0,0.01123305
Begum_Khaleda_Zia/Begum_Khaleda_Zia_0001.jpg,Picabo_Street/Picabo_Street_0001.jpg,0,0.24840936
Ben_Cahoon/Ben_Cahoon_0001.jpg,Nate_Blackwell/Nate_Blackwell_0001.jpg,0,-0.07885008
Ben_Cahoon/Ben_Cahoon_0001.jpg,Roy_Williams/Roy_Williams_0003.jpg,0,-0.00653016
Ben_Curtis/Ben_Curtis_0003.jpg,Jim_Calhoun/Jim_Calhoun_0001.jpg,0,0.08704700
Benicio_Del_Toro/Benicio_Del_Toro_0001.jpg,Elizabeth_Taylor/Elizabeth_Taylor_0001.jpg,0,0.12860790
Benicio_Del_Toro/Benicio_Del_Toro_0001.jpg,Ismail_Khan/Ismail_Khan_0001.jpg,0,0.15783714
Benicio_Del_Toro/Benicio_Del_Toro_0001.jpg,Tonya_Payne/Tonya_Payne_0001.jpg,0,0.02786323
Bijan_Namdar_Zangeneh/Bijan_Namdar_Zangeneh_0001.jpg,Petro_Symonenko/Petro_Symonenko_0001.jpg,0,0.01076657
Billy_Graham/Billy_Graham_0001.jpg,Karin_Pilsaeter/Karin_Pilsaeter_0001.jpg,0,0.06410667
Billy_Graham/Billy_Graham_0001.jpg,Piers_Sellers/Piers_Sellers_0001.jpg,0,0.03713098
Billy_Graham/Billy_Graham_0002.jpg,Howard_Wilkinson/Howard_Wilkinson_0001.jpg,0,0.35983628
Bob_Colvin/Bob_Colvin_0002.jpg,Janet_Napolitano/Janet_Napolitano_0001.jpg,0,0.05619352
Boris_Henry/Boris_Henry_0001.jpg,John_Reid/John_Reid_0002.jpg,0,0.15191807
Brandon_Boyd/Brandon_Boyd_0001.jpg,James_Brosnahan/James_Brosnahan_0001.jpg,0,0.06567907
Brandon_Boyd/Brandon_Boyd_0001.jpg,Neil_Moritz/Neil_Moritz_0001.jpg,0,0.02578910
Brent_Coles/Brent_Coles_0001.jpg,Zoe_Ball/Zoe_Ball_0001.jpg,0,0.04020971
Brett_Hull/Brett_Hull_0001.jpg,Gregorio_Rosal/Gregorio_Rosal_0001.jpg,0,0.05157904
Brett_Hull/Brett_Hull_0001.jpg,Kirsten_Clark/Kirsten_Clark_0001.jpg,0,0.02414773
Brett_Hull/Brett_Hull_0001.jpg,Ralph_Nader/Ralph_Nader_0001.jpg,0,0.26138109
Brett_Perry/Brett_Perry_0001.jpg,Neri_Marcore/Neri_Marcore_0001.jpg,0,0.03092233
Bruce_Willis/Bruce_Willis_0001.jpg,Carlos_Juarez/Carlos_Juarez_0001.jpg,0,0.08246152
Bruce_Willis/Bruce_Willis_0001.jpg,Jim_Carrey/Jim_Carrey_0001.jpg,0,0.02002915
Bruce_Willis/Bruce_Willis_0001.jpg,Petria_Thomas/Petria_Thomas_0002.jpg,0,-0.25820720
Bryant_Young/Bryant_Young_0001.jpg,Jim_Bollman/Jim_Bollman_0001.jpg,0,0.04606485
Bryant_Young/Bryant_Young_0001.jpg,Maurice_Cheeks/Maurice_Cheeks_0001.jpg,0,0.14488807
Buddy_Ryan/Buddy_Ryan_0001.jpg,James_Brosnahan/James_Brosnahan_0001.jpg,0,0.28795719
Buddy_Ryan/Buddy_Ryan_0001.jpg,Nancy_Reagan/Nancy_Reagan_0002.jpg,0,0.12519413
Butch_Davis/Butch_Davis_0002.jpg,Herta_Daeubler-Gmelin/Herta_Daeubler-Gmelin_0002.jpg,0,0.35198462
Byron_Scott/Byron_Scott_0001.jpg,Jane_Clayson/Jane_Clayson_0001.jpg,0,0.09764612
Camille_Lewis/Camille_Lewis_0001.jpg,Lincoln_Chafee/Lincoln_Chafee_0001.jpg,0,0.05882636
Camille_Lewis/Camille_Lewis_0001.jpg,Nathirah_Hussein/Nathirah_Hussein_0001.jpg,0,-0.06885346
Carol_Burnett/Carol_Burnett_0001.jpg,Raf_Vallone/Raf_Vallone_0001.jpg,0,0.12375427
Carol_Niedermayer/Carol_Niedermayer_0001.jpg,Kristin_Scott/Kristin_Scott_0001.jpg,0,0.06849504
Catherine_Ndereba/Catherine_Ndereba_0001.jpg,Janet_Napolitano/Janet_Napolitano_0004.jpg,0,-0.02554544
Chandrika_Kumaratunga/Chandrika_Kumaratunga_0001.jpg,Kevin_Satterfield/Kevin_Satterfield_0001.jpg,0,-0.13188131
Charles_Mathews/Charles_Mathews_0001.jpg,Will_Ferrell/Will_Ferrell_0001.jpg,0,-0.00514247
Charles_Mathews/Charles_Mathews_0002.jpg,Kristin_Scott/Kristin_Scott_0001.jpg,0,0.04280493
Charlie_Garner/Charlie_Garner_0001.jpg,Luo_Linquan/Luo_Linquan_0001.jpg,0,0.13612758
Charlie_Williams/Charlie_Williams_0001.jpg,Julia_Tymoshenko/Julia_Tymoshenko_0001.jpg,0,-0.00859259
Cheryl_Ford/Cheryl_Ford_0001.jpg,Chris_Cookson/Chris_Cookson_0001.jpg,0,-0.08316939
Chip_Knight/Chip_Knight_0001.jpg,Ronald_Post/Ronald_Post_0001.jpg,0,-0.00783416
Chloe_Sevigny/Chloe_Sevigny_0001.jpg,Emyr_Jones_Parry/Emyr_Jones_Parry_0001.jpg,0,-0.00995375
Chloe_Sevigny/Chloe_Sevigny_0001.jpg,Petria_Thomas/Petria_Thomas_0003.jpg,0,-0.14956538
Chris_Cornell/Chris_Cornell_0001.jpg,Desmon_Farmer/Desmon_Farmer_0001.jpg,0,-0.04538558
Christine_Ebersole/Christine_Ebersole_0002.jpg,Paul_Walker/Paul_Walker_0001.jpg,0,0.04640876
Christoph_Daum/Christoph_Daum_0001.jpg,Scott_Hubbard/Scott_Hubbard_0001.jpg,0,-0.05101346
Christopher_Conyers/Christopher_Conyers_0001.jpg,Michael_Milton/Michael_Milton_0001.jpg,0,0.37438095
Christopher_Conyers/Christopher_Conyers_0001.jpg,Raoul_Ruiz/Raoul_Ruiz_0001.jpg,0,0.05437096
Chuck_Bednarik/Chuck_Bednarik_0001.jpg,Mario_Jardel/Mario_Jardel_0001.jpg,0,0.18553679
Cindy_Zagorski/Cindy_Zagorski_0001.jpg,Rosie_Perez/Rosie_Perez_0001.jpg,0,0.19431415
Claudia_Schiffer/Claudia_Schiffer_0001.jpg,Lynn_Abraham/Lynn_Abraham_0002.jpg,0,0.04259174
Claudia_Schiffer/Claudia_Schiffer_0003.jpg,Lin_Yung_Hsi/Lin_Yung_Hsi_0001.jpg,0,-0.11898507
Colin_Cowie/Colin_Cowie_0001.jpg,Mstislav_Rostropovich/Mstislav_Rostropovich_0001.jpg,0,-0.09205031
Condoleezza_Rice/Condoleezza_Rice_0002.jpg,Mehmet_Okur/Mehmet_Okur_0001.jpg,0,0.01917845
Condoleezza_Rice/Condoleezza_Rice_0007.jpg,Ryan_Nyquist/Ryan_Nyquist_0001.jpg,0,-0.09180678
Costas_Simitis/Costas_Simitis_0002.jpg,Lorraine_Fenton/Lorraine_Fenton_0001.jpg,0,0.01738506
Craig_MacTavish/Craig_MacTavish_0001.jpg,Vince_Dooley/Vince_Dooley_0001.jpg,0,0.04935237
Cristina_Saralegui/Cristina_Saralegui_0001.jpg,Dave_Robertson/Dave_Robertson_0001.jpg,0,0.05599483
Cruz_Bustamante/Cruz_Bustamante_0002.jpg,Dean_Barkley/Dean_Barkley_0003.jpg,0,0.06541424
Cyndi_Thompson/Cyndi_Thompson_0001.jpg,Nicolas_Escude/Nicolas_Escude_0002.jpg,0,-0.09534767
Cyndi_Thompson/Cyndi_Thompson_0002.jpg,Owen_Nolan/Owen_Nolan_0001.jpg,0,0.10361056
Dalia_Rabin-Pelosoff/Dalia_Rabin-Pelosoff_0001.jpg,Sean_Combs/Sean_Combs_0001.jpg,0,-0.18076736
Daniel_Darnell/Daniel_Darnell_0001.jpg,Malcolm_Jamal_Warner/Malcolm_Jamal_Warner_0001.jpg,0,0.04350920
Danny_Avalon/Danny_Avalon_0001.jpg,Sean_Penn/Sean_Penn_0002.jpg,0,0.01138292
David_Blaine/David_Blaine_0001.jpg,Nicholas_Tse/Nicholas_Tse_0002.jpg,0,0.16255422
David_Blaine/David_Blaine_0001.jpg,Ramon_Delgado/Ramon_Delgado_0001.jpg,0,0.02269182
David_Heymann/David_Heymann_0003.jpg,Norm_Macdonald/Norm_Macdonald_0001.jpg,0,0.03308167
David_Surrett/David_Surrett_0001.jpg,Michael_Taylor/Michael_Taylor_0001.jpg,0,0.23458734
David_Tornberg/David_Tornberg_0001.jpg,Ricky_Ponting/Ricky_Ponting_0001.jpg,0,0.10177302
Deece_Eckstein/Deece_Eckstein_0001.jpg,Diana_Munz/Diana_Munz_0001.jpg,0,0.18763888
Deece_Eckstein/Deece_Eckstein_0001.jpg,Tommy_Lewis/Tommy_Lewis_0001.jpg,0,0.09340143
Denis_Coderre/Denis_Coderre_0001.jpg,Don_Siegelman/Don_Siegelman_0001.jpg,0,0.20304239
Denis_Coderre/Denis_Coderre_0001.jpg,John_Eder/John_Eder_0001.jpg,0,0.33398432
Desmon_Farmer/Desmon_Farmer_0001.jpg,Lin_Yung_Hsi/Lin_Yung_Hsi_0001.jpg,0,0.19149089
Diana_Krall/Diana_Krall_0004.jpg,Ramon_Delgado/Ramon_Delgado_0001.jpg,0,0.06661510
Dick_Armey/Dick_Armey_0001.jpg,Mehmet_Okur/Mehmet_Okur_0001.jpg,0,0.03113247
Dinah_Turner/Dinah_Turner_0001.jpg,Mekhi_Phifer/Mekhi_Phifer_0001.jpg,0,0.16202557
Dinah_Turner/Dinah_Turner_0001.jpg,Tammy_Helm/Tammy_Helm_0001.jpg,0,0.16528508
Don_Boudria/Don_Boudria_0001.jpg,Roy_Chaderton/Roy_Chaderton_0001.jpg,0,0.24594717
Don_Boudria/Don_Boudria_0001.jpg,Sananda_Maitreya/Sananda_Maitreya_0001.jpg,0,-0.01053736
Don_Matthews/Don_Matthews_0001.jpg,Kirsten_Clark/Kirsten_Clark_0001.jpg,0,0.11068693
Don_Matthews/Don_Matthews_0001.jpg,Pa_Kou_Hang/Pa_Kou_Hang_0001.jpg,0,0.09199283
Don_Matthews/Don_Matthews_0001.jpg,Peter_Arnett/Peter_Arnett_0002.jpg,0,0.17924112
Don_Siegelman/Don_Siegelman_0002.jpg,Elizabeth_Taylor/Elizabeth_Taylor_0002.jpg,0,0.10168452
Donald_Pettit/Donald_Pettit_0001.jpg,Edward_James_Olmos/Edward_James_Olmos_0002.jpg,0,0.05589484
Doug_Collins/Doug_Collins_0001.jpg,Kristanna_Loken/Kristanna_Loken_0005.jpg,0,0.01277735
Dyana_Calub/Dyana_Calub_0001.jpg,Ronald_Post/Ronald_Post_0001.jpg,0,0.10555311
Earl_Counter/Earl_Counter_0001.jpg,Joe_Friedberg/Joe_Friedberg_0001.jpg,0,0.02915913
Edward_Albee/Edward_Albee_0001.jpg,Nicola_Bono/Nicola_Bono_0001.jpg,0,0.10355982
Edward_Belvin/Edward_Belvin_0001.jpg,Jacqueline_Gold/Jacqueline_Gold_0001.jpg,0,0.11651096
Edward_James_Olmos/Edward_James_Olmos_0002.jpg,Mariano_Zabaleta/Mariano_Zabaleta_0001.jpg,0,0.16952175
Elin_Nordegren/Elin_Nordegren_0001.jpg,George_Brumley_III/George_Brumley_III_0001.jpg,0,0.09414468
Elin_Nordegren/Elin_Nordegren_0001.jpg,Samantha_Daniels/Samantha_Daniels_0001.jpg,0,-0.04950990
Elin_Nordegren/Elin_Nordegren_0002.jpg,Leszek_Miller/Leszek_Miller_0003.jpg,0,0.11355802
Elisabeth_Welch/Elisabeth_Welch_0001.jpg,Piers_Sellers/Piers_Sellers_0001.jpg,0,0.17169991
Elizabeth_Taylor/Elizabeth_Taylor_0001.jpg,Olympia_Dukakis/Olympia_Dukakis_0001.jpg,0,0.18843086
Ellen_DeGeneres/Ellen_DeGeneres_0002.jpg,Lorraine_Fenton/Lorraine_Fenton_0001.jpg,0,0.11307292
Elva_Hsiao/Elva_Hsiao_0001.jpg,Samantha_Daniels/Samantha_Daniels_0001.jpg,0,0.16252002
Emma_Watson/Emma_Watson_0002.jpg,Henry_Hyde/Henry_Hyde_0001.jpg,0,0.05536393
Emyr_Jones_Parry/Emyr_Jones_Parry_0001.jpg,Sally_Clark/Sally_Clark_0001.jpg,0,0.19140115
Eric_Ryan_Donnelly/Eric_Ryan_Donnelly_0001.jpg,Iain_Duncan_Smith/Iain_Duncan_Smith_0001.jpg,0,0.18958148
Ernesto_Zedillo/Ernesto_Zedillo_0001.jpg,Lenny_Kravitz/Lenny_Kravitz_0001.jpg,0,-0.08311838
Ernesto_Zedillo/Ernesto_Zedillo_0001.jpg,Megan_Mullally/Megan_Mullally_0002.jpg,0,-0.00724780
Erwin_Mapasseng/Erwin_Mapasseng_0001.jpg,Hilary_Duff/Hilary_Duff_0003.jpg,0,0.10305028
Evelyn_Lauder/Evelyn_Lauder_0001.jpg,Nathan_Powell/Nathan_Powell_0001.jpg,0,0.03691214
Fernando_Hierro/Fernando_Hierro_0001.jpg,Prince_Charles/Prince_Charles_0002.jpg,0,0.11829446
Flavia_Delaroli/Flavia_Delaroli_0002.jpg,John_Warner/John_Warner_0004.jpg,0,0.06282632
Flavia_Delaroli/Flavia_Delaroli_0002.jpg,Vanessa_Laine/Vanessa_Laine_0001.jpg,0,0.19065224
Fran_Drescher/Fran_Drescher_0001.jpg,Warren_Truss/Warren_Truss_0001.jpg,0,-0.03787469
Fran_Drescher/Fran_Drescher_0002.jpg,Jay_Leno/Jay_Leno_0003.jpg,0,-0.11481517
Frank_Murkowski/Frank_Murkowski_0001.jpg,James_Brosnahan/James_Brosnahan_0001.jpg,0,0.17008887
Frank_Stallone/Frank_Stallone_0001.jpg,Tommy_Lewis/Tommy_Lewis_0001.jpg,0,0.28781995
Frank_Stallone/Frank_Stallone_0002.jpg,Toni_Braxton/Toni_Braxton_0002.jpg,0,0.10945461
Gary_Coleman/Gary_Coleman_0001.jpg,Koichi_Tanaka/Koichi_Tanaka_0001.jpg,0,0.02317681
Gary_Coleman/Gary_Coleman_0001.jpg,Uri_Lopolianski/Uri_Lopolianski_0001.jpg,0,0.12722380
Gary_Sayler/Gary_Sayler_0001.jpg,Ralph_Sampson/Ralph_Sampson_0001.jpg,0,0.11793946
George_Brumley_III/George_Brumley_III_0001.jpg,Will_Ferrell/Will_Ferrell_0001.jpg,0,-0.01409921
George_Lopez/George_Lopez_0005.jpg,Iain_Duncan_Smith/Iain_Duncan_Smith_0001.jpg,0,0.15113626
Georgina_Bardach/Georgina_Bardach_0001.jpg,Henry_Hilow/Henry_Hilow_0001.jpg,0,0.07551576
Gilberto_Rodriguez_Orejuela/Gilberto_Rodriguez_Orejuela_0003.jpg,Lennox_Lewis/Lennox_Lewis_0001.jpg,0,-0.08177638
Gilberto_Rodriguez_Orejuela/Gilberto_Rodriguez_Orejuela_0003.jpg,Nancy_Demme/Nancy_Demme_0001.jpg,0,-0.12751839
Gordon_Lightfoot/Gordon_Lightfoot_0001.jpg,Lima_Azimi/Lima_Azimi_0001.jpg,0,-0.18945564
Gordon_Lightfoot/Gordon_Lightfoot_0001.jpg,Robert_Nardelli/Robert_Nardelli_0001.jpg,0,0.28208932
Gracia_Burnham/Gracia_Burnham_0001.jpg,Jim_Calhoun/Jim_Calhoun_0001.jpg,0,0.18199697
Gregorio_Rosal/Gregorio_Rosal_0001.jpg,Richard_Greenberg/Richard_Greenberg_0001.jpg,0,0.13197212
Guenter_Verheugen/Guenter_Verheugen_0001.jpg,Kaspar_Villiger/Kaspar_Villiger_0001.jpg,0,0.10436900
Guillermo_Canas/Guillermo_Canas_0001.jpg,Tim_Duncan/Tim_Duncan_0002.jpg,0,0.16443227
Guillermo_Canas/Guillermo_Canas_0002.jpg,Michalis_Chrisohoides/Michalis_Chrisohoides_0001.jpg,0,0.03451875
Hal_McCoy/Hal_McCoy_0001.jpg,Rudolph_Holton/Rudolph_Holton_0001.jpg,0,0.16154444
Hank_Aaron/Hank_Aaron_0001.jpg,Steve_Valentine/Steve_Valentine_0001.jpg,0,0.12395395
Hans_Eichel/Hans_Eichel_0001.jpg,Jimmy_Iovine/Jimmy_Iovine_0001.jpg,0,0.29137611
Hashan_Tillakaratne/Hashan_Tillakaratne_0001.jpg,John_Warner/John_Warner_0003.jpg,0,-0.08713332
Heath_Ledger/Heath_Ledger_0002.jpg,Melissa_Stark/Melissa_Stark_0001.jpg,0,0.10976576
Henry_Hilow/Henry_Hilow_0001.jpg,Monica_Gabrielle/Monica_Gabrielle_0001.jpg,0,-0.08085367
Herta_Daeubler-Gmelin/Herta_Daeubler-Gmelin_0002.jpg,Koichi_Tanaka/Koichi_Tanaka_0001.jpg,0,0.20167910
Hilary_Duff/Hilary_Duff_0001.jpg,Luther_Htu/Luther_Htu_0001.jpg,0,0.06659301
Hun_Sen/Hun_Sen_0002.jpg,John_Rigas/John_Rigas_0002.jpg,0,0.21627644
Idi_Amin/Idi_Amin_0001.jpg,Stephen_Silas/Stephen_Silas_0001.jpg,0,0.04028395
Isabel_Orellana/Isabel_Orellana_0001.jpg,Spike_Helmick/Spike_Helmick_0001.jpg,0,0.13270204
Ismael_Miranda/Ismael_Miranda_0001.jpg,Janela_Jara/Janela_Jara_0001.jpg,0,0.11964098
Ismael_Miranda/Ismael_Miranda_0001.jpg,Peter_Greenspun/Peter_Greenspun_0001.jpg,0,0.02051752
Ismail_Khan/Ismail_Khan_0001.jpg,Malcolm_Jamal_Warner/Malcolm_Jamal_Warner_0001.jpg,0,0.09762622
JK_Rowling/JK_Rowling_0005.jpg,Sasha_Alexander/Sasha_Alexander_0001.jpg,0,0.24229777
Jackie_Chan/Jackie_Chan_0003.jpg,Jennifer_Gratz/Jennifer_Gratz_0001.jpg,0,-0.11750574
Jacqueline_Edwards/Jacqueline_Edwards_0001.jpg,Meg_Wakeman/Meg_Wakeman_0001.jpg,0,0.06267312
Jacqueline_Edwards/Jacqueline_Edwards_0001.jpg,Noor_Mohammed/Noor_Mohammed_0001.jpg,0,0.12421823
James_Baker/James_Baker_0001.jpg,Mike_Tice/Mike_Tice_0001.jpg,0,0.02729006
James_Harris/James_Harris_0001.jpg,Keith_Bogans/Keith_Bogans_0002.jpg,0,0.09870514
James_Layug/James_Layug_0001.jpg,Ralph_Sampson/Ralph_Sampson_0001.jpg,0,-0.06685939
Jane_Clayson/Jane_Clayson_0001.jpg,Rene_Antonio_Leon_Rodriguez/Rene_Antonio_Leon_Rodriguez_0001.jpg,0,-0.03277137
Jane_Kaczmarek/Jane_Kaczmarek_0002.jpg,Morris_Watts/Morris_Watts_0001.jpg,0,0.16828732
Jane_Russell/Jane_Russell_0001.jpg,Martin_ONeill/Martin_ONeill_0001.jpg,0,0.22479974
Janela_Jara/Janela_Jara_0001.jpg,Kirsten_Clark/Kirsten_Clark_0001.jpg,0,-0.07796738
Janela_Jara/Janela_Jara_0001.jpg,Pa_Kou_Hang/Pa_Kou_Hang_0001.jpg,0,0.30977967
Janela_Jara/Janela_Jara_0001.jpg,Ricky_Cottrill/Ricky_Cottrill_0001.jpg,0,0.07640415
Janet_Napolitano/Janet_Napolitano_0002.jpg,Laurie_Laychak/Laurie_Laychak_0001.jpg,0,0.29179454
Javier_Camara/Javier_Camara_0001.jpg,Nate_Blackwell/Nate_Blackwell_0001.jpg,0,0.08266270
Jeane_Kirkpatrick/Jeane_Kirkpatrick_0001.jpg,Jeff_Van_Gundy/Jeff_Van_Gundy_0003.jpg,0,-0.11471444
Jeane_Kirkpatrick/Jeane_Kirkpatrick_0001.jpg,Richard_Greenberg/Richard_Greenberg_0001.jpg,0,0.02946954
Jeff_Van_Gundy/Jeff_Van_Gundy_0001.jpg,Richard_Naughton/Richard_Naughton_0001.jpg,0,0.23621289
Jeffrey_Katzenberg/Jeffrey_Katzenberg_0001.jpg,Susan_Whelan/Susan_Whelan_0001.jpg,0,-0.08519597
Jennette_Bradley/Jennette_Bradley_0001.jpg,Tammy_Helm/Tammy_Helm_0001.jpg,0,0.03142313
Jim_Furyk/Jim_Furyk_0006.jpg,Linn_Thornton/Linn_Thornton_0001.jpg,0,0.10323936
John_Eastman/John_Eastman_0001.jpg,Ricky_Ponting/Ricky_Ponting_0001.jpg,0,0.16708396
John_F_Kennedy_Jr/John_F_Kennedy_Jr_0002.jpg,Nathan_Powell/Nathan_Powell_0001.jpg,0,0.02277402
John_Garamendi/John_Garamendi_0001.jpg,Petro_Symonenko/Petro_Symonenko_0002.jpg,0,0.00508793
John_Madden/John_Madden_0001.jpg,Sara_Silverman/Sara_Silverman_0001.jpg,0,0.05403803
Jose_Luis_Rodriguez_Zapatero/Jose_Luis_Rodriguez_Zapatero_0001.jpg,Rene_Antonio_Leon_Rodriguez/Rene_Antonio_Leon_Rodriguez_0001.jpg,0,0.18544436
Jose_Luis_Rodriguez_Zapatero/Jose_Luis_Rodriguez_Zapatero_0001.jpg,Steve_Lenard/Steve_Lenard_0001.jpg,0,0.20182025
Jose_Santos/Jose_Santos_0001.jpg,Michael_Boyce/Michael_Boyce_0001.jpg,0,0.18671227
Joseph_Kabila/Joseph_Kabila_0001.jpg,Rose_Linkins/Rose_Linkins_0001.jpg,0,-0.11257699
Juan_Francisco_Palencia/Juan_Francisco_Palencia_0001.jpg,Kristanna_Loken/Kristanna_Loken_0002.jpg,0,-0.10368024
Juan_Francisco_Palencia/Juan_Francisco_Palencia_0001.jpg,Warren_Truss/Warren_Truss_0001.jpg,0,0.10780521
Juan_Roman_Riquelme/Juan_Roman_Riquelme_0001.jpg,Ralph_Sampson/Ralph_Sampson_0001.jpg,0,0.31710243
Julia_Tymoshenko/Julia_Tymoshenko_0002.jpg,Luis_Sanchez/Luis_Sanchez_0001.jpg,0,-0.01923917
Karin_Pilsaeter/Karin_Pilsaeter_0001.jpg,Mike_Flanagan/Mike_Flanagan_0001.jpg,0,-0.08206618
Karin_Pilsaeter/Karin_Pilsaeter_0001.jpg,Petria_Thomas/Petria_Thomas_0003.jpg,0,-0.05309980
Keith_Bogans/Keith_Bogans_0002.jpg,Martin_ONeill/Martin_ONeill_0001.jpg,0,-0.03045820
Kelly_Leigh/Kelly_Leigh_0001.jpg,Spike_Helmick/Spike_Helmick_0001.jpg,0,0.19308007
Ken_Macha/Ken_Macha_0003.jpg,Tommy_Lewis/Tommy_Lewis_0001.jpg,0,0.09201235
Kenneth_Carlsen/Kenneth_Carlsen_0001.jpg,Robin_Cook/Robin_Cook_0001.jpg,0,-0.01721603
Kevin_Borseth/Kevin_Borseth_0001.jpg,Michael_Caine/Michael_Caine_0004.jpg,0,-0.03560652
Koichi_Tanaka/Koichi_Tanaka_0001.jpg,Ricardo_Lopez_Murphy/Ricardo_Lopez_Murphy_0001.jpg,0,0.00415859
Kristin_Scott/Kristin_Scott_0001.jpg,Max_Mayfield/Max_Mayfield_0002.jpg,0,0.05022229
Laura_Flessel/Laura_Flessel_0001.jpg,Owen_Nolan/Owen_Nolan_0001.jpg,0,-0.06262570
Lauren_Killian/Lauren_Killian_0002.jpg,Tommy_Lewis/Tommy_Lewis_0001.jpg,0,0.10545228
Laurie_Laychak/Laurie_Laychak_0001.jpg,Pa_Kou_Hang/Pa_Kou_Hang_0001.jpg,0,0.02844273
Lawrence_Di_Rita/Lawrence_Di_Rita_0001.jpg,Mekhi_Phifer/Mekhi_Phifer_0001.jpg,0,0.09754787
Lennox_Lewis/Lennox_Lewis_0003.jpg,Monte_Kiffin/Monte_Kiffin_0001.jpg,0,0.14439195
Leon_Lai/Leon_Lai_0001.jpg,Monica_Lewinsky/Monica_Lewinsky_0001.jpg,0,-0.03298504
Leon_Lai/Leon_Lai_0001.jpg,Sun_Myung_Moon/Sun_Myung_Moon_0001.jpg,0,0.10727604
Lily_Tomlin/Lily_Tomlin_0001.jpg,Marcos_Daniel_Jimenez/Marcos_Daniel_Jimenez_0001.jpg,0,0.05234265
Lily_Tomlin/Lily_Tomlin_0002.jpg,Sim_Yong/Sim_Yong_0001.jpg,0,0.08495881
Linn_Thornton/Linn_Thornton_0001.jpg,Sherri_Coale/Sherri_Coale_0001.jpg,0,0.01830380
Linn_Thornton/Linn_Thornton_0001.jpg,Tom_Cruise/Tom_Cruise_0002.jpg,0,0.21279201
Lloyd_Mudiwa/Lloyd_Mudiwa_0001.jpg,Sebastien_Grosjean/Sebastien_Grosjean_0001.jpg,0,0.15189341
Lois_Smart/Lois_Smart_0001.jpg,Tavis_Smiley/Tavis_Smiley_0001.jpg,0,0.34559539
Luis_Sanchez/Luis_Sanchez_0001.jpg,Petro_Symonenko/Petro_Symonenko_0001.jpg,0,-0.04414078
Luo_Linquan/Luo_Linquan_0001.jpg,Martin_ONeill/Martin_ONeill_0001.jpg,0,-0.01830149
Luther_Htu/Luther_Htu_0001.jpg,Steve_Karsay/Steve_Karsay_0001.jpg,0,-0.15735099
Lynn_Abraham/Lynn_Abraham_0001.jpg,Michael_Keaton/Michael_Keaton_0002.jpg,0,0.03532712
Lynn_Abraham/Lynn_Abraham_0002.jpg,Mariano_Zabaleta/Mariano_Zabaleta_0001.jpg,0,0.06292340
Mark_Richt/Mark_Richt_0003.jpg,Wilton_Gregory/Wilton_Gregory_0001.jpg,0,0.07314798
Martha_Smith/Martha_Smith_0001.jpg,Ray_Sherman/Ray_Sherman_0001.jpg,0,0.25797832
Martin_ONeill/Martin_ONeill_0001.jpg,Mike_Weir/Mike_Weir_0011.jpg,0,0.08909516
Mary-Kate_Olsen/Mary-Kate_Olsen_0001.jpg,Sim_Yong/Sim_Yong_0001.jpg,0,0.02912862
Matt_Siebrandt/Matt_Siebrandt_0001.jpg,Rodney_Dangerfield/Rodney_Dangerfield_0001.jpg,0,0.05489763
Maurice_Cheeks/Maurice_Cheeks_0001.jpg,Steve_Austin/Steve_Austin_0001.jpg,0,0.24440399
Mehmet_Okur/Mehmet_Okur_0001.jpg,Randy_Travis/Randy_Travis_0001.jpg,0,0.08608074
Michael_McNeely/Michael_McNeely_0001.jpg,Sean_Combs/Sean_Combs_0001.jpg,0,-0.00619844
Michael_Milton/Michael_Milton_0001.jpg,Wilfredo_Moreno/Wilfredo_Moreno_0001.jpg,0,-0.00502884
Michael_Powell/Michael_Powell_0001.jpg,Scott_Weiland/Scott_Weiland_0001.jpg,0,0.24760918
Miguel_Rosseto/Miguel_Rosseto_0001.jpg,Pascal_Rheaume/Pascal_Rheaume_0001.jpg,0,0.16068549
Miguel_Rosseto/Miguel_Rosseto_0001.jpg,Ricky_Ponting/Ricky_Ponting_0002.jpg,0,0.10969102
Mike_Flanagan/Mike_Flanagan_0001.jpg,Mohammed_Baqir_al-Hakim/Mohammed_Baqir_al-Hakim_0002.jpg,0,0.13417751
Mike_Tice/Mike_Tice_0001.jpg,Patti_Smith/Patti_Smith_0001.jpg,0,-0.00735413
Mohammed_Baqir_al-Hakim/Mohammed_Baqir_al-Hakim_0002.jpg,Tatyana_Tomashova/Tatyana_Tomashova_0001.jpg,0,0.05774183
Mufti_Mohammad_Syed/Mufti_Mohammad_Syed_0001.jpg,Raoul_Ruiz/Raoul_Ruiz_0004.jpg,0,0.02689519
Nancy_Demme/Nancy_Demme_0001.jpg,Roger_Mahony/Roger_Mahony_0001.jpg,0,0.13941267
Nancy_Reagan/Nancy_Reagan_0001.jpg,Rafael_Bielsa/Rafael_Bielsa_0001.jpg,0,-0.00156983
Natasha_McElhone/Natasha_McElhone_0002.jpg,Robert_Nardelli/Robert_Nardelli_0001.jpg,0,0.05147927
Nathirah_Hussein/Nathirah_Hussein_0001.jpg,Susan_Whelan/Susan_Whelan_0001.jpg,0,0.38191625
Neil_Moritz/Neil_Moritz_0001.jpg,Roy_Williams/Roy_Williams_0002.jpg,0,0.21716164
Neil_Moritz/Neil_Moritz_0001.jpg,Xanana_Gusmao/Xanana_Gusmao_0005.jpg,0,0.12340980
Nelson_Shanks/Nelson_Shanks_0001.jpg,Pedro_Martinez/Pedro_Martinez_0001.jpg,0,0.05080172
Nelson_Shanks/Nelson_Shanks_0001.jpg,Ren_Qingjin/Ren_Qingjin_0001.jpg,0,0.40160349
Noor_Mohammed/Noor_Mohammed_0001.jpg,Scott_Weiland/Scott_Weiland_0001.jpg,0,0.22971420
Oswald_Gruebel/Oswald_Gruebel_0001.jpg,Richard_Penniman/Richard_Penniman_0001.jpg,0,0.03370590
Parthiv_Patel/Parthiv_Patel_0001.jpg,Tonya_Payne/Tonya_Payne_0001.jpg,0,0.02378489
Pauley_Perrette/Pauley_Perrette_0001.jpg,Roy_Williams/Roy_Williams_0004.jpg,0,0.00355048
Peter_Arnett/Peter_Arnett_0002.jpg,Rodney_Dangerfield/Rodney_Dangerfield_0001.jpg,0,0.14992522
Peter_Greenspun/Peter_Greenspun_0001.jpg,Rod_Thorn/Rod_Thorn_0001.jpg,0,0.14976341
Peter_Harvey/Peter_Harvey_0001.jpg,Warren_Truss/Warren_Truss_0001.jpg,0,0.06725864
Raja_Ramani/Raja_Ramani_0001.jpg,Richard_Greenberg/Richard_Greenberg_0001.jpg,0,-0.03995049
Raja_Ramani/Raja_Ramani_0001.jpg,Will_Young/Will_Young_0001.jpg,0,0.08388109
Ralph_Sampson/Ralph_Sampson_0001.jpg,Samantha_Daniels/Samantha_Daniels_0001.jpg,0,0.02448354
Raoul_Ruiz/Raoul_Ruiz_0003.jpg,Tirunesh_Dibaba/Tirunesh_Dibaba_0001.jpg,0,0.07700312
Ren_Qingjin/Ren_Qingjin_0001.jpg,Wilton_Gregory/Wilton_Gregory_0001.jpg,0,0.15697092
Ricardo_Lopez_Murphy/Ricardo_Lopez_Murphy_0002.jpg,Roberto_Robaina/Roberto_Robaina_0001.jpg,0,0.23446457
Ricky_Ponting/Ricky_Ponting_0001.jpg,Ronaldo_Luis_Nazario_de_Lima/Ronaldo_Luis_Nazario_de_Lima_0004.jpg,0,0.08245173
Robin_Cook/Robin_Cook_0001.jpg,Wilton_Gregory/Wilton_Gregory_0001.jpg,0,0.25299013
Roger_Federer/Roger_Federer_0004.jpg,Steve_Backley/Steve_Backley_0002.jpg,0,0.10995115
Ronald_Post/Ronald_Post_0001.jpg,Steve_Karsay/Steve_Karsay_0001.jpg,0,0.09524804
Ryan_Nyquist/Ryan_Nyquist_0001.jpg,Winona_Ryder/Winona_Ryder_0022.jpg,0,0.14131379
Sally_Clark/Sally_Clark_0001.jpg,Scott_Ritter/Scott_Ritter_0002.jpg,0,-0.05256084
Samantha_Daniels/Samantha_Daniels_0001.jpg,Taufik_Hidayat/Taufik_Hidayat_0003.jpg,0,0.03449757
Sherri_Coale/Sherri_Coale_0001.jpg,Troy_Garity/Troy_Garity_0001.jpg,0,0.08616786
Steve_Valentine/Steve_Valentine_0001.jpg,Toni_Braxton/Toni_Braxton_0002.jpg,0,0.05658379
Tammy_Helm/Tammy_Helm_0001.jpg,Tom_Smothers/Tom_Smothers_0001.jpg,0,0.12155109
Tanya_Lindenmuth/Tanya_Lindenmuth_0001.jpg,Tora_Takagi/Tora_Takagi_0001.jpg,0,0.02561476
Toni_Braxton/Toni_Braxton_0003.jpg,Yann_Martel/Yann_Martel_0002.jpg,0,0.11298455
AJ_Lamas/AJ_Lamas_0001.jpg,Chris_Penn/Chris_Penn_0001.jpg,0,0.26061717
Ahmed_Qureia/Ahmed_Qureia_0001.jpg,Stanley_McChrystal/Stanley_McChrystal_0003.jpg,0,0.31527248
Ahmet_Necdet_Sezer/Ahmet_Necdet_Sezer_0001.jpg,John_Rowe/John_Rowe_0001.jpg,0,0.20917493
Alan_Dreher/Alan_Dreher_0001.jpg,Emily_Mason/Emily_Mason_0001.jpg,0,0.21423879
Alan_Dreher/Alan_Dreher_0001.jpg,Francisco_Santos/Francisco_Santos_0001.jpg,0,0.27818859
Alan_Dreher/Alan_Dreher_0001.jpg,Robert_Bullock/Robert_Bullock_0002.jpg,0,0.10753971
Alan_Mulally/Alan_Mulally_0002.jpg,Tomomi_Morita/Tomomi_Morita_0001.jpg,0,0.08761691
Alan_Stonecipher/Alan_Stonecipher_0001.jpg,Luis_Gonzalez/Luis_Gonzalez_0001.jpg,0,0.10461897
Alberto_Ruiz_Gallardon/Alberto_Ruiz_Gallardon_0001.jpg,James_Smith/James_Smith_0002.jpg,0,0.02498271
Alessandra_Cerna/Alessandra_Cerna_0001.jpg,John_Darby/John_Darby_0001.jpg,0,-0.12801093
Alessandra_Cerna/Alessandra_Cerna_0001.jpg,John_Rowland/John_Rowland_0002.jpg,0,0.06804252
Alessandra_Cerna/Alessandra_Cerna_0001.jpg,Marina_Canetti/Marina_Canetti_0001.jpg,0,0.23008108
Alessandra_Cerna/Alessandra_Cerna_0001.jpg,Randy_Jackson/Randy_Jackson_0001.jpg,0,0.04300251
Alessandra_Cerna/Alessandra_Cerna_0001.jpg,Richard_Jewell/Richard_Jewell_0001.jpg,0,0.06127555
Alex_Cabrera/Alex_Cabrera_0001.jpg,Fred_Huff/Fred_Huff_0001.jpg,0,-0.01521868
Alex_Cabrera/Alex_Cabrera_0001.jpg,Tommy_Franks/Tommy_Franks_0009.jpg,0,-0.04022716
Alex_Corretja/Alex_Corretja_0001.jpg,Jacky_Cheung/Jacky_Cheung_0001.jpg,0,-0.13979274
Alexandra_Spann/Alexandra_Spann_0001.jpg,Beth_Blough/Beth_Blough_0001.jpg,0,0.14222884
Ali_Hammoud/Ali_Hammoud_0001.jpg,Randy_Jackson/Randy_Jackson_0001.jpg,0,-0.05766444
Almeida_Baptista/Almeida_Baptista_0001.jpg,Jan_Peter_Balkenende/Jan_Peter_Balkenende_0001.jpg,0,-0.05797005
Almeida_Baptista/Almeida_Baptista_0001.jpg,Jason_Mewes/Jason_Mewes_0001.jpg,0,0.18763888
Almeida_Baptista/Almeida_Baptista_0001.jpg,Taoufik_Mathlouthi/Taoufik_Mathlouthi_0001.jpg,0,0.05426415
Amanda_Bynes/Amanda_Bynes_0002.jpg,Grant_Rossenmeyer/Grant_Rossenmeyer_0001.jpg,0,0.10925331
Amy_Cotton/Amy_Cotton_0001.jpg,Matt_Walters/Matt_Walters_0001.jpg,0,0.16170788
Amy_Cotton/Amy_Cotton_0001.jpg,Roberto_Guaterroma/Roberto_Guaterroma_0001.jpg,0,0.03951332
Andrew_Jarecki/Andrew_Jarecki_0001.jpg,Barbara_Boxer/Barbara_Boxer_0001.jpg,0,0.17514661
Andrew_Jarecki/Andrew_Jarecki_0001.jpg,Tessa_Jowell/Tessa_Jowell_0001.jpg,0,0.13758203
Andy_North/Andy_North_0001.jpg,Eric_Hinske/Eric_Hinske_0001.jpg,0,0.04709296
Andy_North/Andy_North_0001.jpg,Marina_Kuptsova/Marina_Kuptsova_0001.jpg,0,0.40817434
Andy_North/Andy_North_0001.jpg,Phil_Bennett/Phil_Bennett_0001.jpg,0,0.15771720
Angela_Merkel/Angela_Merkel_0002.jpg,Hal_Gehman/Hal_Gehman_0001.jpg,0,0.28706127
Angela_Merkel/Angela_Merkel_0003.jpg,Anna_Jones/Anna_Jones_0001.jpg,0,-0.01274245
Angela_Merkel/Angela_Merkel_0003.jpg,Frank_Griswold/Frank_Griswold_0001.jpg,0,0.15288380
Anna_Jones/Anna_Jones_0001.jpg,Ray_Romano/Ray_Romano_0008.jpg,0,0.03116825
Anthony_LaPaglia/Anthony_LaPaglia_0001.jpg,Roberto_Guaterroma/Roberto_Guaterroma_0001.jpg,0,0.24086586
Arlen_Specter/Arlen_Specter_0001.jpg,Bill_Butler/Bill_Butler_0001.jpg,0,0.20215495
Arlen_Specter/Arlen_Specter_0002.jpg,Barbara_Boxer/Barbara_Boxer_0001.jpg,0,0.10168269
Atal_Bihari_Vajpayee/Atal_Bihari_Vajpayee_0003.jpg,Ruben_Sierra/Ruben_Sierra_0001.jpg,0,0.26103291
Atsushi_Sato/Atsushi_Sato_0001.jpg,Monica_Serra/Monica_Serra_0001.jpg,0,0.14610070
Baburam_Bhattari/Baburam_Bhattari_0001.jpg,Muhammad_Saeed_al-Sahhaf/Muhammad_Saeed_al-Sahhaf_0004.jpg,0,0.23247114
Barry_Alvarez/Barry_Alvarez_0001.jpg,John_Jones/John_Jones_0001.jpg,0,0.30503392
Bill_Belichick/Bill_Belichick_0001.jpg,John_Petty/John_Petty_0001.jpg,0,0.18577605
Bill_Belichick/Bill_Belichick_0001.jpg,Phillipe_Comtois/Phillipe_Comtois_0001.jpg,0,0.01192373
Bill_Belichick/Bill_Belichick_0002.jpg,Roger_Machado/Roger_Machado_0001.jpg,0,0.08866862
Bill_Byrne/Bill_Byrne_0001.jpg,Bill_Sizemore/Bill_Sizemore_0001.jpg,0,0.36193043
Bill_Curry/Bill_Curry_0001.jpg,Ellen_Martin/Ellen_Martin_0001.jpg,0,0.08801387
Bill_Curry/Bill_Curry_0001.jpg,Richard_Langille/Richard_Langille_0001.jpg,0,0.09059782
Bill_Curry/Bill_Curry_0001.jpg,Roberto_Guaterroma/Roberto_Guaterroma_0001.jpg,0,0.07677721
Billy_Beane/Billy_Beane_0001.jpg,Tom_Welch/Tom_Welch_0001.jpg,0,0.17896074
Boris_Trajkovski/Boris_Trajkovski_0001.jpg,Laurent_Gbagbo/Laurent_Gbagbo_0002.jpg,0,0.17282897
Brad_Brownell/Brad_Brownell_0001.jpg,Hussam_Mohammed_Amin/Hussam_Mohammed_Amin_0001.jpg,0,-0.05401029
Brandon_Fails/Brandon_Fails_0001.jpg,Christian_Lirette/Christian_Lirette_0001.jpg,0,0.20239028
Brandon_Fails/Brandon_Fails_0001.jpg,Ellen_Engleman/Ellen_Engleman_0002.jpg,0,-0.00403459
Brandon_Inge/Brandon_Inge_0001.jpg,Eric_Lloyd/Eric_Lloyd_0001.jpg,0,0.00864361
Brenda_Magana/Brenda_Magana_0001.jpg,Nikolay_Davydenko/Nikolay_Davydenko_0001.jpg,0,-0.05977426
Brian_Jordan/Brian_Jordan_0001.jpg,Joe_Cravens/Joe_Cravens_0001.jpg,0,-0.04516366
Brian_Lara/Brian_Lara_0001.jpg,John_Darby/John_Darby_0001.jpg,0,0.08339426
Brian_Lara/Brian_Lara_0001.jpg,Stanley_Nelson/Stanley_Nelson_0001.jpg,0,0.19745646
Calvin_Harrison/Calvin_Harrison_0001.jpg,Luis_Gonzalez_Macchi/Luis_Gonzalez_Macchi_0003.jpg,0,0.18772779
Calvin_Harrison/Calvin_Harrison_0001.jpg,Richard_Gephardt/Richard_Gephardt_0009.jpg,0,0.09043789
Calvin_Harrison/Calvin_Harrison_0001.jpg,Suzanne_Fox/Suzanne_Fox_0001.jpg,0,-0.12137970
Camilla_Parker_Bowles/Camilla_Parker_Bowles_0002.jpg,Gustavo_Franco/Gustavo_Franco_0001.jpg,0,-0.01390463
Carina_Lau_Ka-ling/Carina_Lau_Ka-ling_0001.jpg,Lin_Yi-fu/Lin_Yi-fu_0001.jpg,0,0.14273545
Carlos_Ortega/Carlos_Ortega_0003.jpg,Lionel_Hampton/Lionel_Hampton_0001.jpg,0,0.06736252
Carolina_Kluft/Carolina_Kluft_0003.jpg,Gwen_Stefani/Gwen_Stefani_0001.jpg,0,0.20948219
Carson_Palmer/Carson_Palmer_0003.jpg,Richard_Jewell/Richard_Jewell_0001.jpg,0,0.17031738
Catherine_Deneuve/Catherine_Deneuve_0004.jpg,Jade_Jagger/Jade_Jagger_0001.jpg,0,0.09151877
Catriona_Le_May_Doan/Catriona_Le_May_Doan_0001.jpg,Craig_Burley/Craig_Burley_0001.jpg,0,0.25375003
Catriona_Le_May_Doan/Catriona_Le_May_Doan_0001.jpg,Phil_Mickelson/Phil_Mickelson_0001.jpg,0,0.07654971
Charlie_Deane/Charlie_Deane_0001.jpg,Queen_Silvia/Queen_Silvia_0001.jpg,0,-0.06057942
Charlotte_Church/Charlotte_Church_0001.jpg,Kaoru_Hasuike/Kaoru_Hasuike_0001.jpg,0,-0.01366620
Charlotte_Church/Charlotte_Church_0001.jpg,Sourav_Ganguly/Sourav_Ganguly_0001.jpg,0,0.11395351
Cheryl_Hines/Cheryl_Hines_0001.jpg,Du_Qinglin/Du_Qinglin_0001.jpg,0,0.00100223
Cheryl_Hines/Cheryl_Hines_0001.jpg,Lane_Odom/Lane_Odom_0001.jpg,0,0.00263018
Chin-Hui_Tsao/Chin-Hui_Tsao_0001.jpg,Rosemarie_Stack/Rosemarie_Stack_0001.jpg,0,0.08197505
Choi_Sung-hong/Choi_Sung-hong_0004.jpg,Debra_Messing/Debra_Messing_0001.jpg,0,-0.00038697
Choi_Sung-hong/Choi_Sung-hong_0004.jpg,Frederique_van_der_Wal/Frederique_van_der_Wal_0001.jpg,0,-0.00493299
Chris_Penn/Chris_Penn_0001.jpg,Phil_Bennett/Phil_Bennett_0001.jpg,0,0.19470081
Chris_Penn/Chris_Penn_0001.jpg,Taoufik_Mathlouthi/Taoufik_Mathlouthi_0001.jpg,0,-0.01136936
Christian_Lirette/Christian_Lirette_0001.jpg,Sargis_Sargsian/Sargis_Sargsian_0001.jpg,0,0.22706875
Christina_Aguilera/Christina_Aguilera_0002.jpg,Joshua_Harapko/Joshua_Harapko_0001.jpg,0,0.02118741
Christina_Aguilera/Christina_Aguilera_0004.jpg,Jerry_Falwell/Jerry_Falwell_0002.jpg,0,-0.07056546
Christopher_Amolsch/Christopher_Amolsch_0001.jpg,Steve_Pagliuca/Steve_Pagliuca_0001.jpg,0,0.13498336
Christopher_Matero/Christopher_Matero_0001.jpg,Valery_Giscard_dEstaing/Valery_Giscard_dEstaing_0001.jpg,0,0.00076722
Claudine_Farrell/Claudine_Farrell_0001.jpg,Mike_Miller/Mike_Miller_0002.jpg,0,0.01422603
Clive_Woodward/Clive_Woodward_0001.jpg,Douglas_Faneuil/Douglas_Faneuil_0001.jpg,0,0.10342089
Clive_Woodward/Clive_Woodward_0001.jpg,Jose_Sarney/Jose_Sarney_0002.jpg,0,0.29683009
Coretta_Scott_King/Coretta_Scott_King_0001.jpg,Robert_Torricelli/Robert_Torricelli_0001.jpg,0,-0.01433094
Cori_Enghusen/Cori_Enghusen_0001.jpg,Ernie_Stewart/Ernie_Stewart_0001.jpg,0,0.12939358
Courtney_Love/Courtney_Love_0001.jpg,Jennifer_Aniston/Jennifer_Aniston_0003.jpg,0,-0.05629141
Courtney_Love/Courtney_Love_0001.jpg,Ruben_Sierra/Ruben_Sierra_0001.jpg,0,0.05647966
Craig_Burley/Craig_Burley_0001.jpg,Stanley_McChrystal/Stanley_McChrystal_0003.jpg,0,0.24775305
Daniel_Coats/Daniel_Coats_0001.jpg,Kathryn_Grayson/Kathryn_Grayson_0001.jpg,0,0.04223204
Daniel_Day-Lewis/Daniel_Day-Lewis_0003.jpg,Scott_Yates/Scott_Yates_0001.jpg,0,0.17177880
Daniela_Hantuchova/Daniela_Hantuchova_0001.jpg,Jan_Peter_Balkenende/Jan_Peter_Balkenende_0001.jpg,0,0.15804362
Danny_Green/Danny_Green_0001.jpg,Rodrigo_Rato/Rodrigo_Rato_0001.jpg,0,0.25211200
Darin_Erstad/Darin_Erstad_0001.jpg,Steve_Fehr/Steve_Fehr_0001.jpg,0,0.14447200
Daryl_Smith/Daryl_Smith_0001.jpg,Reese_Witherspoon/Reese_Witherspoon_0004.jpg,0,0.09755301
David_Hanson/David_Hanson_0001.jpg,Richard_Norton-Taylor/Richard_Norton-Taylor_0001.jpg,0,0.11736473
David_Hilt/David_Hilt_0001.jpg,Hipolito_Mejia/Hipolito_Mejia_0003.jpg,0,0.11686002
Dennis_Franchione/Dennis_Franchione_0001.jpg,Hugh_Miller/Hugh_Miller_0001.jpg,0,0.00546479
Dennis_Kucinich/Dennis_Kucinich_0003.jpg,Sam_Torrance/Sam_Torrance_0002.jpg,0,0.00437561
Dennis_Kucinich/Dennis_Kucinich_0004.jpg,Radovan_Karadzic/Radovan_Karadzic_0001.jpg,0,-0.09413328
Dennis_Kucinich/Dennis_Kucinich_0006.jpg,Iain_Anderson/Iain_Anderson_0001.jpg,0,0.26433733
Derek_Bond/Derek_Bond_0001.jpg,John_Jumper/John_Jumper_0001.jpg,0,0.15519863
Diane_Ladd/Diane_Ladd_0001.jpg,Trevor_Watson/Trevor_Watson_0001.jpg,0,-0.11123316
Dick_Latessa/Dick_Latessa_0001.jpg,John_Burnett/John_Burnett_0001.jpg,0,0.06027824
Dick_Latessa/Dick_Latessa_0002.jpg,Martha_Beatriz_Roque/Martha_Beatriz_Roque_0001.jpg,0,0.15664539
Didier_Defago/Didier_Defago_0001.jpg,Jerry_Falwell/Jerry_Falwell_0002.jpg,0,0.12827477
Don_Hewitt/Don_Hewitt_0001.jpg,Guennadi_Chipouline/Guennadi_Chipouline_0001.jpg,0,0.05935340
Donald_Carty/Donald_Carty_0001.jpg,Ernie_Stewart/Ernie_Stewart_0001.jpg,0,0.25148666
Donald_Carty/Donald_Carty_0001.jpg,Jeffrey_Immelt/Jeffrey_Immelt_0002.jpg,0,0.25885013
Donald_Carty/Donald_Carty_0001.jpg,Vladimir_Putin/Vladimir_Putin_0034.jpg,0,0.25278139
Du_Qinglin/Du_Qinglin_0001.jpg,Meryl_Streep/Meryl_Streep_0007.jpg,0,-0.00584194
Dustan_Mohr/Dustan_Mohr_0001.jpg,Edward_Flynn/Edward_Flynn_0001.jpg,0,0.05145989
Dustan_Mohr/Dustan_Mohr_0001.jpg,Enrik_Vendt/Enrik_Vendt_0001.jpg,0,0.10974681
Dustan_Mohr/Dustan_Mohr_0001.jpg,Nikolay_Davydenko/Nikolay_Davydenko_0001.jpg,0,0.18251228
Dustan_Mohr/Dustan_Mohr_0001.jpg,Sourav_Ganguly/Sourav_Ganguly_0005.jpg,0,0.15376993
Dustan_Mohr/Dustan_Mohr_0001.jpg,Theo_Angelopoulos/Theo_Angelopoulos_0001.jpg,0,0.12983668
E_Clay_Shaw/E_Clay_Shaw_0001.jpg,Jerry_Jones/Jerry_Jones_0001.jpg,0,0.25963366
Eduard_Shevardnadze/Eduard_Shevardnadze_0003.jpg,Martha_Lucia_Ramirez/Martha_Lucia_Ramirez_0001.jpg,0,0.07101825
Edward_Flynn/Edward_Flynn_0001.jpg,Madeleine_Albright/Madeleine_Albright_0002.jpg,0,0.10838182
Edward_Lu/Edward_Lu_0001.jpg,Robert_Zoellick/Robert_Zoellick_0007.jpg,0,0.03396430
Edwina_Currie/Edwina_Currie_0004.jpg,Eric_Hinske/Eric_Hinske_0002.jpg,0,0.04066040
Elena_de_Chavez/Elena_de_Chavez_0001.jpg,Jack_Goodman/Jack_Goodman_0001.jpg,0,0.07542026
Elizabeth_Shue/Elizabeth_Shue_0001.jpg,Odai_Hussein/Odai_Hussein_0001.jpg,0,0.03395905
Elizabeth_Shue/Elizabeth_Shue_0002.jpg,Princess_Hisako/Princess_Hisako_0001.jpg,0,-0.00046546
Elizabeth_Shue/Elizabeth_Shue_0002.jpg,Terry_Stotts/Terry_Stotts_0001.jpg,0,-0.07477860
Ellen_Engleman/Ellen_Engleman_0001.jpg,Guennadi_Chipouline/Guennadi_Chipouline_0001.jpg,0,0.07813264
Ellen_Saracini/Ellen_Saracini_0001.jpg,Ray_Romano/Ray_Romano_0006.jpg,0,0.03641357
Elsa_Zylberstein/Elsa_Zylberstein_0002.jpg,Matt_Braker/Matt_Braker_0001.jpg,0,0.00741314
Elvis_Stojko/Elvis_Stojko_0001.jpg,Jerry_Falwell/Jerry_Falwell_0001.jpg,0,0.08898583
Elvis_Stojko/Elvis_Stojko_0001.jpg,Robert_Mueller/Robert_Mueller_0005.jpg,0,0.11319537
Emma_Thompson/Emma_Thompson_0003.jpg,Nathan_Doudney/Nathan_Doudney_0001.jpg,0,0.12667929
Emmit_Smith/Emmit_Smith_0002.jpg,Rafael_Ramirez/Rafael_Ramirez_0004.jpg,0,0.21038823
Enrik_Vendt/Enrik_Vendt_0001.jpg,Lane_Odom/Lane_Odom_0001.jpg,0,0.16913484
Enrique_Oliu/Enrique_Oliu_0001.jpg,Markus_Naslund/Markus_Naslund_0001.jpg,0,0.00887316
Enrique_Oliu/Enrique_Oliu_0001.jpg,William_McDonough/William_McDonough_0001.jpg,0,0.04987229
Eric_Hinske/Eric_Hinske_0001.jpg,Juan_Antonio_Samaranch/Juan_Antonio_Samaranch_0001.jpg,0,-0.04892085
Eric_Lloyd/Eric_Lloyd_0001.jpg,Jessica_Alba/Jessica_Alba_0002.jpg,0,0.17221969
Eric_Lloyd/Eric_Lloyd_0001.jpg,Valery_Giscard_dEstaing/Valery_Giscard_dEstaing_0001.jpg,0,0.13896585
Ernie_Harwell/Ernie_Harwell_0001.jpg,Queen_Beatrix/Queen_Beatrix_0003.jpg,0,0.11781750
Felipe_Perez_Roque/Felipe_Perez_Roque_0002.jpg,MC_Hammer/MC_Hammer_0001.jpg,0,0.20556134
Frank_Griswold/Frank_Griswold_0001.jpg,Yana_Klochkova/Yana_Klochkova_0001.jpg,0,0.15491289
Frank_Zappa/Frank_Zappa_0001.jpg,Markus_Naslund/Markus_Naslund_0001.jpg,0,-0.00969455
Frederique_van_der_Wal/Frederique_van_der_Wal_0001.jpg,Pedro_Mahecha/Pedro_Mahecha_0001.jpg,0,-0.03078259
Frederique_van_der_Wal/Frederique_van_der_Wal_0001.jpg,Raja_Zafar-ul-Haq/Raja_Zafar-ul-Haq_0001.jpg,0,0.08118713
Gary_Leon_Ridgway/Gary_Leon_Ridgway_0001.jpg,Robert_Wagner/Robert_Wagner_0001.jpg,0,0.10248931
Gary_Leon_Ridgway/Gary_Leon_Ridgway_0001.jpg,Scott_Yates/Scott_Yates_0001.jpg,0,0.22239168
Gary_Leon_Ridgway/Gary_Leon_Ridgway_0001.jpg,Yana_Klochkova/Yana_Klochkova_0001.jpg,0,0.06339574
Gene_Keady/Gene_Keady_0001.jpg,Mark_Sacco/Mark_Sacco_0001.jpg,0,0.16119635
George_Gregan/George_Gregan_0001.jpg,John_Negroponte/John_Negroponte_0027.jpg,0,0.18203078
Glen_DaSilva/Glen_DaSilva_0001.jpg,Rachel_Hunter/Rachel_Hunter_0004.jpg,0,-0.00288296
Glen_DaSilva/Glen_DaSilva_0001.jpg,Robert_Mugabe/Robert_Mugabe_0002.jpg,0,0.01859679
Glen_Sather/Glen_Sather_0001.jpg,Leslie_Caldwell/Leslie_Caldwell_0003.jpg,0,0.19710152
Glen_Sather/Glen_Sather_0001.jpg,Trevor_Watson/Trevor_Watson_0001.jpg,0,0.06939359
Goran_Zivkovic/Goran_Zivkovic_0001.jpg,Lee_Soo-hyuck/Lee_Soo-hyuck_0002.jpg,0,0.23855597
Goran_Zivkovic/Goran_Zivkovic_0001.jpg,Martha_Sahagun_de_Fox/Martha_Sahagun_de_Fox_0001.jpg,0,0.11042197
Goran_Zivkovic/Goran_Zivkovic_0001.jpg,Shane_Reynolds/Shane_Reynolds_0001.jpg,0,0.09036824
Grant_Rossenmeyer/Grant_Rossenmeyer_0001.jpg,Trevor_Watson/Trevor_Watson_0001.jpg,0,-0.05621788
Gregory_Hines/Gregory_Hines_0001.jpg,Marcus_Gronholm/Marcus_Gronholm_0002.jpg,0,-0.17555027
Guennadi_Chipouline/Guennadi_Chipouline_0001.jpg,Tom_Lantos/Tom_Lantos_0001.jpg,0,0.13477474
Guillermo_Ortiz/Guillermo_Ortiz_0001.jpg,Nestor_Santillan/Nestor_Santillan_0001.jpg,0,-0.01385514
Guillermo_Ortiz/Guillermo_Ortiz_0002.jpg,Strom_Thurmond/Strom_Thurmond_0002.jpg,0,0.17474321
Gus_Van_Sant/Gus_Van_Sant_0003.jpg,Natalie_Stewart/Natalie_Stewart_0001.jpg,0,0.08124243
Gwen_Stefani/Gwen_Stefani_0001.jpg,Hugh_Miller/Hugh_Miller_0001.jpg,0,-0.01358585
Gwendal_Peizerat/Gwendal_Peizerat_0003.jpg,Turner_Stevenson/Turner_Stevenson_0001.jpg,0,0.31858027
Hal_Gehman/Hal_Gehman_0001.jpg,Scott_Yates/Scott_Yates_0001.jpg,0,-0.09066067
Hamad_Bin_Isa_al-Khalifa/Hamad_Bin_Isa_al-Khalifa_0001.jpg,Marta_Dominguz/Marta_Dominguz_0001.jpg,0,0.00479029
Harrison_Ford/Harrison_Ford_0002.jpg,Marcus_Gronholm/Marcus_Gronholm_0001.jpg,0,0.20656404
Harvey_Wachsman/Harvey_Wachsman_0001.jpg,Narayan_Singh_Pun/Narayan_Singh_Pun_0001.jpg,0,0.03448894
Heather_Locklear/Heather_Locklear_0001.jpg,John_Mayer/John_Mayer_0003.jpg,0,-0.08549125
Heather_Locklear/Heather_Locklear_0001.jpg,Pablo_Khulental/Pablo_Khulental_0001.jpg,0,0.08983110
Hichiro_Naemura/Hichiro_Naemura_0002.jpg,Richard_Jewell/Richard_Jewell_0001.jpg,0,0.29767746
Hipolito_Mejia/Hipolito_Mejia_0003.jpg,Jim_Ahern/Jim_Ahern_0001.jpg,0,0.15541980
Holly_Hunter/Holly_Hunter_0003.jpg,Joshua_Perper/Joshua_Perper_0001.jpg,0,0.01635818
Hugh_Hefner/Hugh_Hefner_0001.jpg,Sam_Mendes/Sam_Mendes_0001.jpg,0,0.11374949
Iain_Anderson/Iain_Anderson_0001.jpg,James_Kopp/James_Kopp_0002.jpg,0,0.15037054
Iain_Anderson/Iain_Anderson_0001.jpg,Recep_Tayyip_Erdogan/Recep_Tayyip_Erdogan_0012.jpg,0,0.07669201
Ilan_Goldfajn/Ilan_Goldfajn_0001.jpg,Jennifer_Aniston/Jennifer_Aniston_0017.jpg,0,0.04676796
Ilie_Nastase/Ilie_Nastase_0001.jpg,Michael_Lopez-Alegria/Michael_Lopez-Alegria_0001.jpg,0,0.17896944
Intisar_Ajouri/Intisar_Ajouri_0003.jpg,Lin_Yi-fu/Lin_Yi-fu_0001.jpg,0,-0.04729057
Itamar_Franco/Itamar_Franco_0001.jpg,Jessica_Alba/Jessica_Alba_0001.jpg,0,-0.05559471
Jack_Goodman/Jack_Goodman_0001.jpg,Kirsten_Dunst/Kirsten_Dunst_0001.jpg,0,0.14899001
Jack_Goodman/Jack_Goodman_0001.jpg,Saburo_Kawabuchi/Saburo_Kawabuchi_0002.jpg,0,0.19757953
Jack_Nicholson/Jack_Nicholson_0001.jpg,Pat_Wharton/Pat_Wharton_0001.jpg,0,0.19448358
Jack_Valenti/Jack_Valenti_0001.jpg,Shinzo_Abe/Shinzo_Abe_0001.jpg,0,0.06441545
Jake_Plummer/Jake_Plummer_0001.jpg,Jose_Dirceu/Jose_Dirceu_0002.jpg,0,0.16699430
Jakob_Kellenberger/Jakob_Kellenberger_0001.jpg,Lara_Logan/Lara_Logan_0001.jpg,0,-0.09132957
Jakob_Kellenberger/Jakob_Kellenberger_0001.jpg,Pedro_Mahecha/Pedro_Mahecha_0001.jpg,0,0.06258923
James_Maguire/James_Maguire_0001.jpg,Ronald_Reagan/Ronald_Reagan_0001.jpg,0,0.09243096
James_Smith/James_Smith_0002.jpg,Kyra_Sedgwick/Kyra_Sedgwick_0001.jpg,0,-0.03181924
Jason_Statham/Jason_Statham_0001.jpg,Kwame_Kilpatrick/Kwame_Kilpatrick_0001.jpg,0,-0.08538500
Jawad_Boulus/Jawad_Boulus_0001.jpg,Narayan_Singh_Pun/Narayan_Singh_Pun_0001.jpg,0,-0.01371548
Jean-Rene_Fourtou/Jean-Rene_Fourtou_0001.jpg,Roh_Moo-hyun/Roh_Moo-hyun_0028.jpg,0,0.06174541
Jeannette_Biedermann/Jeannette_Biedermann_0001.jpg,Kenny_Brack/Kenny_Brack_0001.jpg,0,-0.11649559
Jennifer_Granholm/Jennifer_Granholm_0001.jpg,Trudi_Lacey/Trudi_Lacey_0001.jpg,0,0.07363310
Jerelle_Kraus/Jerelle_Kraus_0001.jpg,Warren_Beatty/Warren_Beatty_0001.jpg,0,0.16364872
Jesus_Cardenal/Jesus_Cardenal_0001.jpg,Pablo_Khulental/Pablo_Khulental_0001.jpg,0,0.00277331
Jim_Hendry/Jim_Hendry_0001.jpg,Larry_Beinfest/Larry_Beinfest_0001.jpg,0,0.34946927
Joan_Claybrook/Joan_Claybrook_0002.jpg,Pablo_Latras/Pablo_Latras_0001.jpg,0,0.16752125
Joaquin_Sanchez/Joaquin_Sanchez_0001.jpg,Richard_Armitage/Richard_Armitage_0001.jpg,0,0.13055708
Joe_Cocker/Joe_Cocker_0001.jpg,Martha_Beatriz_Roque/Martha_Beatriz_Roque_0001.jpg,0,0.16308713
Joe_Cocker/Joe_Cocker_0001.jpg,Randy_Jackson/Randy_Jackson_0001.jpg,0,0.23516577
Joe_Cravens/Joe_Cravens_0001.jpg,Sam_Mendes/Sam_Mendes_0001.jpg,0,-0.04669479
John_Barnett/John_Barnett_0001.jpg,Kathryn_Grayson/Kathryn_Grayson_0001.jpg,0,-0.04544420
John_Darby/John_Darby_0001.jpg,Masum_Turker/Masum_Turker_0003.jpg,0,0.10288833
John_Ferguson/John_Ferguson_0001.jpg,Paul_Schrader/Paul_Schrader_0001.jpg,0,0.09161019
John_Paul_DeJoria/John_Paul_DeJoria_0001.jpg,Paul_Pierce/Paul_Pierce_0001.jpg,0,0.06275059
John_Reilly/John_Reilly_0002.jpg,Princess_Hisako/Princess_Hisako_0001.jpg,0,0.01912472
John_Rowland/John_Rowland_0002.jpg,Steve_Kerr/Steve_Kerr_0001.jpg,0,0.24112201
Johnny_Depp/Johnny_Depp_0001.jpg,Leo_Mullin/Leo_Mullin_0001.jpg,0,0.03220602
Johnny_Depp/Johnny_Depp_0001.jpg,Trudi_Lacey/Trudi_Lacey_0001.jpg,0,0.00072517
Johnny_Htu/Johnny_Htu_0001.jpg,Roger_Machado/Roger_Machado_0001.jpg,0,0.04663079
Jose_Dirceu/Jose_Dirceu_0001.jpg,Robert_Torricelli/Robert_Torricelli_0003.jpg,0,0.21557884
Juan_Antonio_Samaranch/Juan_Antonio_Samaranch_0001.jpg,Stefan_Koubek/Stefan_Koubek_0001.jpg,0,0.05405781
Juergen_Braehmer/Juergen_Braehmer_0001.jpg,Shawn_Bradley/Shawn_Bradley_0001.jpg,0,-0.00177909
Juergen_Braehmer/Juergen_Braehmer_0001.jpg,Travis_Rudolph/Travis_Rudolph_0001.jpg,0,-0.00295179
Kathryn_Grayson/Kathryn_Grayson_0001.jpg,Queen_Beatrix/Queen_Beatrix_0004.jpg,0,0.17756772
Kathryn_Grayson/Kathryn_Grayson_0001.jpg,Ruben_Sierra/Ruben_Sierra_0001.jpg,0,-0.08421194
Kathryn_Grayson/Kathryn_Grayson_0001.jpg,Shannon_OBrien/Shannon_OBrien_0002.jpg,0,0.30434516
Katie_Holmes/Katie_Holmes_0001.jpg,Park_Jung_Sung/Park_Jung_Sung_0001.jpg,0,0.11053750
Kenny_Brack/Kenny_Brack_0001.jpg,Lin_Yi-fu/Lin_Yi-fu_0001.jpg,0,0.04612371
Kwame_Kilpatrick/Kwame_Kilpatrick_0001.jpg,Shannon_OBrien/Shannon_OBrien_0002.jpg,0,-0.00438210
Kyra_Sedgwick/Kyra_Sedgwick_0001.jpg,Reese_Witherspoon/Reese_Witherspoon_0003.jpg,0,0.20667890
Kyra_Sedgwick/Kyra_Sedgwick_0001.jpg,Richard_Hellfant/Richard_Hellfant_0001.jpg,0,0.22240606
Kyra_Sedgwick/Kyra_Sedgwick_0001.jpg,Wilbert_Elki_Meza_Majino/Wilbert_Elki_Meza_Majino_0001.jpg,0,0.07015336
Lance_Bass/Lance_Bass_0003.jpg,Queen_Rania/Queen_Rania_0005.jpg,0,0.23851857
Lara_Logan/Lara_Logan_0001.jpg,Turner_Stevenson/Turner_Stevenson_0001.jpg,0,0.10172158
Laszlo_Kovacs/Laszlo_Kovacs_0001.jpg,Luke_Ridnour/Luke_Ridnour_0001.jpg,0,0.10000277
Laszlo_Kovacs/Laszlo_Kovacs_0001.jpg,Olesya_Bonabarenko/Olesya_Bonabarenko_0002.jpg,0,0.06820241
Lee_Byung-woong/Lee_Byung-woong_0001.jpg,William_Hochul/William_Hochul_0002.jpg,0,0.11164736
Lee_Soo-hyuck/Lee_Soo-hyuck_0001.jpg,Robert_Bullock/Robert_Bullock_0001.jpg,0,0.19330937
Leslie_Caldwell/Leslie_Caldwell_0001.jpg,Shane_Reynolds/Shane_Reynolds_0001.jpg,0,-0.02570523
Leslie_Caldwell/Leslie_Caldwell_0002.jpg,Turner_Stevenson/Turner_Stevenson_0001.jpg,0,0.07196851
Li_Zhaoxing/Li_Zhaoxing_0004.jpg,Susan_Sarandon/Susan_Sarandon_0004.jpg,0,0.02944019
Linda_Mason/Linda_Mason_0001.jpg,Rupert_Murdoch/Rupert_Murdoch_0002.jpg,0,0.11865054
Liu_Mingkang/Liu_Mingkang_0002.jpg,Pedro_Pauleta/Pedro_Pauleta_0001.jpg,0,0.07423455
Liu_Ye/Liu_Ye_0001.jpg,Ruben_Sierra/Ruben_Sierra_0001.jpg,0,-0.09344238
Liu_Ye/Liu_Ye_0001.jpg,Steve_Alford/Steve_Alford_0001.jpg,0,0.02007113
Loretta_Lynn_Harper/Loretta_Lynn_Harper_0001.jpg,Michel_Temer/Michel_Temer_0002.jpg,0,0.15151390
Luis_Gonzalez/Luis_Gonzalez_0001.jpg,Warren_Beatty/Warren_Beatty_0001.jpg,0,0.13691804
Madeleine_Albright/Madeleine_Albright_0002.jpg,Martha_Lucia_Ramirez/Martha_Lucia_Ramirez_0002.jpg,0,0.21223871
Maha_Habib/Maha_Habib_0001.jpg,Princess_Elisabeth/Princess_Elisabeth_0001.jpg,0,0.09573836
Marc_Anthony/Marc_Anthony_0001.jpg,Michael_Pfleger/Michael_Pfleger_0001.jpg,0,0.25088465
Marcus_Gronholm/Marcus_Gronholm_0001.jpg,Teresa_Graves/Teresa_Graves_0001.jpg,0,-0.12881795
Marcus_Gronholm/Marcus_Gronholm_0001.jpg,Tommy_Franks/Tommy_Franks_0008.jpg,0,0.18628156
Marina_Canetti/Marina_Canetti_0001.jpg,Saied_Hadi_al_Mudarissi/Saied_Hadi_al_Mudarissi_0001.jpg,0,0.02671968
Mario_Alfaro-Lopez/Mario_Alfaro-Lopez_0001.jpg,Richard_Armitage/Richard_Armitage_0006.jpg,0,0.07515423
Mario_Alfaro-Lopez/Mario_Alfaro-Lopez_0001.jpg,Tom_Lantos/Tom_Lantos_0001.jpg,0,-0.05782400
Mark_Dacey/Mark_Dacey_0001.jpg,Turner_Stevenson/Turner_Stevenson_0001.jpg,0,0.12981990
Mark_Dacey/Mark_Dacey_0002.jpg,Steve_Cox/Steve_Cox_0001.jpg,0,0.28293508
Mark_Kelly/Mark_Kelly_0001.jpg,Mark_Lazarus/Mark_Lazarus_0001.jpg,0,0.29621920
Mark_Lazarus/Mark_Lazarus_0001.jpg,Ronnie_Jagday/Ronnie_Jagday_0001.jpg,0,0.06459678
Mark_Sacco/Mark_Sacco_0001.jpg,Tono_Suratman/Tono_Suratman_0001.jpg,0,0.15211475
Markus_Naslund/Markus_Naslund_0001.jpg,Robert_Wagner/Robert_Wagner_0001.jpg,0,0.02549863
Martin_Kristof/Martin_Kristof_0001.jpg,Taia_Balk/Taia_Balk_0001.jpg,0,0.11740258
Matt_Anderson/Matt_Anderson_0001.jpg,Seth_Gorney/Seth_Gorney_0001.jpg,0,-0.01323601
Matt_Braker/Matt_Braker_0001.jpg,Surakait_Sathirathai/Surakait_Sathirathai_0001.jpg,0,0.05486597
Matt_Roney/Matt_Roney_0001.jpg,Wilbert_Elki_Meza_Majino/Wilbert_Elki_Meza_Majino_0001.jpg,0,-0.01703587
Michael_Bolton/Michael_Bolton_0001.jpg,Robert_Bullock/Robert_Bullock_0002.jpg,0,0.19259197
Michael_Pfleger/Michael_Pfleger_0001.jpg,Robert_Ehrlich/Robert_Ehrlich_0002.jpg,0,0.17942202
Michael_Schumacher/Michael_Schumacher_0017.jpg,Natalie_Imbruglia/Natalie_Imbruglia_0001.jpg,0,0.11801542
Michael_Shane_Jolly/Michael_Shane_Jolly_0001.jpg,Trudi_Lacey/Trudi_Lacey_0001.jpg,0,-0.01393120
Michel_Temer/Michel_Temer_0001.jpg,Paul_Shanley/Paul_Shanley_0001.jpg,0,0.15053831
Michelle_Yeoh/Michelle_Yeoh_0005.jpg,Saburo_Kawabuchi/Saburo_Kawabuchi_0001.jpg,0,0.17517717
Mike_Helton/Mike_Helton_0001.jpg,Octavio_Lara/Octavio_Lara_0001.jpg,0,-0.00096589
Mike_Miller/Mike_Miller_0002.jpg,Toby_Keith/Toby_Keith_0001.jpg,0,0.16709349
Monica_Seles/Monica_Seles_0002.jpg,Queen_Beatrix/Queen_Beatrix_0004.jpg,0,0.10604952
Nancy_Sinatra/Nancy_Sinatra_0001.jpg,Sargis_Sargsian/Sargis_Sargsian_0001.jpg,0,0.04606241
Pablo_Khulental/Pablo_Khulental_0001.jpg,Rosemarie_Stack/Rosemarie_Stack_0002.jpg,0,0.03229799
Park_Jung_Sung/Park_Jung_Sung_0001.jpg,Robert_Bullock/Robert_Bullock_0002.jpg,0,0.25911248
Paul_Pierce/Paul_Pierce_0002.jpg,Robert_Bullock/Robert_Bullock_0002.jpg,0,0.26804447
Pedro_Pauleta/Pedro_Pauleta_0001.jpg,Robert_Tyrrell/Robert_Tyrrell_0001.jpg,0,-0.01690065
Pedro_Pauleta/Pedro_Pauleta_0001.jpg,Tommy_Franks/Tommy_Franks_0014.jpg,0,0.11526886
Phil_Morris/Phil_Morris_0001.jpg,Priscilla_Owen/Priscilla_Owen_0002.jpg,0,0.17882434
Phil_Morris/Phil_Morris_0001.jpg,Roberto_Guaterroma/Roberto_Guaterroma_0001.jpg,0,0.13047099
Phil_Morris/Phil_Morris_0001.jpg,Yuri_Luzhkov/Yuri_Luzhkov_0001.jpg,0,0.23954342
Queen_Rania/Queen_Rania_0003.jpg,Ronnie_Jagday/Ronnie_Jagday_0001.jpg,0,0.01660735
Radovan_Karadzic/Radovan_Karadzic_0001.jpg,Richard_Langille/Richard_Langille_0001.jpg,0,0.12204257
Randy_Jackson/Randy_Jackson_0001.jpg,Steve_Alford/Steve_Alford_0001.jpg,0,0.05032584
Reese_Witherspoon/Reese_Witherspoon_0001.jpg,Sam_Torrance/Sam_Torrance_0001.jpg,0,-0.05492753
Reese_Witherspoon/Reese_Witherspoon_0002.jpg,Toni_Jennings/Toni_Jennings_0001.jpg,0,-0.04329053
Rina_Lazo/Rina_Lazo_0001.jpg,Ronald_Reagan/Ronald_Reagan_0001.jpg,0,0.19491492
Robert_Ehrlich/Robert_Ehrlich_0002.jpg,Ron_Lantz/Ron_Lantz_0001.jpg,0,0.05256276
Robert_Mugabe/Robert_Mugabe_0001.jpg,Tessa_Jowell/Tessa_Jowell_0001.jpg,0,0.12146640
Robert_Torricelli/Robert_Torricelli_0003.jpg,Taoufik_Mathlouthi/Taoufik_Mathlouthi_0001.jpg,0,0.08277561
Robert_Tyrrell/Robert_Tyrrell_0001.jpg,Yuri_Luzhkov/Yuri_Luzhkov_0001.jpg,0,0.37968606
Robert_Wagner/Robert_Wagner_0001.jpg,Tommy_Franks/Tommy_Franks_0011.jpg,0,0.27005985
Robin_Wright_Penn/Robin_Wright_Penn_0001.jpg,Sam_Torrance/Sam_Torrance_0003.jpg,0,0.16107991
Robin_Wright_Penn/Robin_Wright_Penn_0001.jpg,Yoko_Ono/Yoko_Ono_0006.jpg,0,-0.01477289
Rogelio_Ramos/Rogelio_Ramos_0001.jpg,Ryan_Newman/Ryan_Newman_0001.jpg,0,0.00993342
Roman_Polanski/Roman_Polanski_0004.jpg,Toby_Keith/Toby_Keith_0001.jpg,0,0.10052234
Ronnie_Jagday/Ronnie_Jagday_0001.jpg,Sidney_Kimmel/Sidney_Kimmel_0001.jpg,0,0.14330760
Scott_Yates/Scott_Yates_0001.jpg,Steve_Cox/Steve_Cox_0001.jpg,0,0.19622955
Sean_Patrick_Thomas/Sean_Patrick_Thomas_0001.jpg,William_Hochul/William_Hochul_0001.jpg,0,0.15134135
Sharon_Osbourne/Sharon_Osbourne_0002.jpg,Shimon_Peres/Shimon_Peres_0006.jpg,0,0.05554331
Stefan_Koubek/Stefan_Koubek_0001.jpg,Steve_Alford/Steve_Alford_0001.jpg,0,-0.17345724
Teri_Garr/Teri_Garr_0001.jpg,Yana_Klochkova/Yana_Klochkova_0001.jpg,0,0.26293662
Warren_Beatty/Warren_Beatty_0002.jpg,William_McDonough/William_McDonough_0001.jpg,0,0.31596965
Aaron_Eckhart/Aaron_Eckhart_0001.jpg,Akiko_Morigami/Akiko_Morigami_0001.jpg,0,0.07918181
Aaron_Eckhart/Aaron_Eckhart_0001.jpg,AnFernce_Negron/AnFernce_Negron_0001.jpg,0,0.18077771
Aaron_Eckhart/Aaron_Eckhart_0001.jpg,Sadie_Frost/Sadie_Frost_0001.jpg,0,0.08046332
Abdel_Aziz_Al-Hakim/Abdel_Aziz_Al-Hakim_0001.jpg,Joe_Darrell/Joe_Darrell_0001.jpg,0,0.19368818
Abdullah_al-Attiyah/Abdullah_al-Attiyah_0001.jpg,Rachel_Wadsworth/Rachel_Wadsworth_0001.jpg,0,0.08801107
Abdullah_al-Attiyah/Abdullah_al-Attiyah_0002.jpg,John_Lisowski/John_Lisowski_0001.jpg,0,0.00735164
Abraham_Foxman/Abraham_Foxman_0001.jpg,Doug_Melvin/Doug_Melvin_0002.jpg,0,0.32995838
Abraham_Foxman/Abraham_Foxman_0001.jpg,Nikki_Reed/Nikki_Reed_0001.jpg,0,0.11669478
Adam_Rich/Adam_Rich_0001.jpg,Jean-Claude_Trichet/Jean-Claude_Trichet_0001.jpg,0,0.02552841
Adam_Rich/Adam_Rich_0001.jpg,John_Goold/John_Goold_0001.jpg,0,0.02932131
Adam_Rich/Adam_Rich_0001.jpg,Lisa_Girman/Lisa_Girman_0001.jpg,0,0.10625602
Adam_Rich/Adam_Rich_0001.jpg,Roger_Clemens/Roger_Clemens_0001.jpg,0,0.02058510
Adam_Rich/Adam_Rich_0001.jpg,Suzanne_Somers/Suzanne_Somers_0001.jpg,0,-0.03916125
Adrian_Fernandez/Adrian_Fernandez_0001.jpg,Nicolas_Massu/Nicolas_Massu_0001.jpg,0,-0.08395776
Aiysha_Smith/Aiysha_Smith_0001.jpg,Yossi_Beilin/Yossi_Beilin_0001.jpg,0,0.06106985
Akiko_Morigami/Akiko_Morigami_0001.jpg,Shane_Mosley/Shane_Mosley_0001.jpg,0,-0.03614040
Alastair_Johnston/Alastair_Johnston_0001.jpg,Aleksander_Kwasniewski/Aleksander_Kwasniewski_0004.jpg,0,0.13700056
Alastair_Johnston/Alastair_Johnston_0001.jpg,Bill_Duffey/Bill_Duffey_0001.jpg,0,0.24190068
Albert_Brooks/Albert_Brooks_0001.jpg,Robinson_Stevenin/Robinson_Stevenin_0001.jpg,0,-0.05371967
Albert_Brooks/Albert_Brooks_0001.jpg,Sheila_Copps/Sheila_Copps_0003.jpg,0,0.14546770
Aleksander_Kwasniewski/Aleksander_Kwasniewski_0001.jpg,Guangdong_Ou_Guangyuan/Guangdong_Ou_Guangyuan_0001.jpg,0,0.01194653
Aleksander_Kwasniewski/Aleksander_Kwasniewski_0002.jpg,George_Plimpton/George_Plimpton_0001.jpg,0,0.31185022
Aleksander_Kwasniewski/Aleksander_Kwasniewski_0002.jpg,Juan_Jose_Lucas/Juan_Jose_Lucas_0001.jpg,0,0.12259385
Aleksander_Kwasniewski/Aleksander_Kwasniewski_0003.jpg,Billy_Crawford/Billy_Crawford_0001.jpg,0,0.14544980
Aleksander_Voloshin/Aleksander_Voloshin_0001.jpg,Kristen_Rivera/Kristen_Rivera_0001.jpg,0,-0.09137468
Alessandro_Nesta/Alessandro_Nesta_0001.jpg,Paul_Kelleher/Paul_Kelleher_0001.jpg,0,0.03566030
Alfredo_di_Stefano/Alfredo_di_Stefano_0001.jpg,Chris_Moore/Chris_Moore_0001.jpg,0,-0.19717178
Alfredo_di_Stefano/Alfredo_di_Stefano_0001.jpg,Maryn_McKenna/Maryn_McKenna_0001.jpg,0,0.22494426
Alfredo_di_Stefano/Alfredo_di_Stefano_0001.jpg,Shamai_Leibowitz/Shamai_Leibowitz_0001.jpg,0,-0.07517593
Ali_Naimi/Ali_Naimi_0005.jpg,Morris_Dees/Morris_Dees_0001.jpg,0,0.04596340
Aline_Chretien/Aline_Chretien_0001.jpg,Guillermo_Coria/Guillermo_Coria_0017.jpg,0,0.06712906
Amy_Yasbeck/Amy_Yasbeck_0001.jpg,Chawki_Armali/Chawki_Armali_0001.jpg,0,-0.05822325
AnFernce_Negron/AnFernce_Negron_0001.jpg,Kristen_Rivera/Kristen_Rivera_0001.jpg,0,0.27726510
Andrew_Cuomo/Andrew_Cuomo_0002.jpg,Todd_Petit/Todd_Petit_0001.jpg,0,-0.05940102
Anil_Ramsook/Anil_Ramsook_0001.jpg,Takeo_Hiranuma/Takeo_Hiranuma_0001.jpg,0,0.02071326
Annie_Chaplin/Annie_Chaplin_0001.jpg,Charles_Tannok/Charles_Tannok_0001.jpg,0,0.00114081
Antanas_Valionis/Antanas_Valionis_0001.jpg,William_Rehnquist/William_Rehnquist_0001.jpg,0,0.10618836
Avril_Lavigne/Avril_Lavigne_0001.jpg,Shia_LaBeouf/Shia_LaBeouf_0002.jpg,0,-0.10059208
Barbara_Becker/Barbara_Becker_0001.jpg,Chris_Noth/Chris_Noth_0001.jpg,0,-0.00059973
Barbara_Becker/Barbara_Becker_0001.jpg,Franz_Beckenbauer/Franz_Beckenbauer_0002.jpg,0,0.00857556
Barbora_Strycova/Barbora_Strycova_0001.jpg,Christiane_Wulff/Christiane_Wulff_0001.jpg,0,0.20333013
Barry_Diller/Barry_Diller_0001.jpg,Meles_Zenawi/Meles_Zenawi_0001.jpg,0,0.11228821
Bartosz_Kizierowski/Bartosz_Kizierowski_0001.jpg,Faye_Wong/Faye_Wong_0001.jpg,0,0.10010366
Ben_Wallace/Ben_Wallace_0001.jpg,Nia_Vardalos/Nia_Vardalos_0005.jpg,0,0.09805804
Bernard_Lord/Bernard_Lord_0001.jpg,Joxel_Garcia/Joxel_Garcia_0001.jpg,0,0.13489452
Bernard_Lord/Bernard_Lord_0002.jpg,Bing_Crosby/Bing_Crosby_0001.jpg,0,0.09720249
Beyonce_Knowles/Beyonce_Knowles_0001.jpg,Maurice_Papon/Maurice_Papon_0001.jpg,0,-0.11269743
Bill_Duffey/Bill_Duffey_0001.jpg,Jong_Wook_Lee/Jong_Wook_Lee_0001.jpg,0,0.09474178
Bill_Guerin/Bill_Guerin_0001.jpg,Julie_Goodenough/Julie_Goodenough_0001.jpg,0,-0.06383651
Bill_Herrion/Bill_Herrion_0001.jpg,Fernando_Valenzuela/Fernando_Valenzuela_0001.jpg,0,0.08176444
Bill_Herrion/Bill_Herrion_0001.jpg,Johnny_Unitas/Johnny_Unitas_0002.jpg,0,0.01448826
Bill_Richardson/Bill_Richardson_0001.jpg,George_McCloud/George_McCloud_0001.jpg,0,-0.08572184
Billy_Andrade/Billy_Andrade_0001.jpg,Kellie_Coffey/Kellie_Coffey_0001.jpg,0,-0.07868840
Billy_Crawford/Billy_Crawford_0001.jpg,Jim_Edmonds/Jim_Edmonds_0002.jpg,0,0.00989119
Billy_Edelin/Billy_Edelin_0001.jpg,Himmler_Rebu/Himmler_Rebu_0001.jpg,0,0.08946867
Bing_Crosby/Bing_Crosby_0001.jpg,Stephen_Webster/Stephen_Webster_0001.jpg,0,0.13606019
Bixente_LIzarazu/Bixente_LIzarazu_0001.jpg,Chris_Bell/Chris_Bell_0002.jpg,0,-0.07103827
Bixente_LIzarazu/Bixente_LIzarazu_0001.jpg,Todd_Wike/Todd_Wike_0001.jpg,0,0.04798255
Blythe_Danner/Blythe_Danner_0002.jpg,Hank_McKinnell/Hank_McKinnell_0001.jpg,0,0.15413475
Bob_Eskridge/Bob_Eskridge_0001.jpg,Marco_Pantani/Marco_Pantani_0001.jpg,0,0.03972544
Bob_Hartley/Bob_Hartley_0001.jpg,Lou_Piniella/Lou_Piniella_0003.jpg,0,0.20662305
Bob_Krueger/Bob_Krueger_0001.jpg,Gordana_Grubin/Gordana_Grubin_0001.jpg,0,0.04363694
Bob_Krueger/Bob_Krueger_0001.jpg,Mariana_Pollack/Mariana_Pollack_0001.jpg,0,0.06977268
Bob_Sulkin/Bob_Sulkin_0001.jpg,Branko_Crvenkovski/Branko_Crvenkovski_0003.jpg,0,0.01632112
Bobby_Kielty/Bobby_Kielty_0001.jpg,Robert_Horan/Robert_Horan_0002.jpg,0,0.18191499
Brajesh_Mishra/Brajesh_Mishra_0001.jpg,Mark_Podlesny/Mark_Podlesny_0001.jpg,0,0.03059395
Brandon_Knight/Brandon_Knight_0001.jpg,Claudia_Cardinale/Claudia_Cardinale_0001.jpg,0,0.12318572
Brandon_Knight/Brandon_Knight_0001.jpg,Phil_Donahue/Phil_Donahue_0001.jpg,0,-0.15968198
Brandon_Lloyd/Brandon_Lloyd_0001.jpg,Cha_Yung-gu/Cha_Yung-gu_0001.jpg,0,0.14342043
Brandon_Lloyd/Brandon_Lloyd_0001.jpg,James_Coburn/James_Coburn_0001.jpg,0,0.00157662
Brian_Schneider/Brian_Schneider_0001.jpg,Michael_Rolinee/Michael_Rolinee_0001.jpg,0,0.00655017
Bruce_Springsteen/Bruce_Springsteen_0004.jpg,Ion_Tiriac/Ion_Tiriac_0001.jpg,0,0.28903687
Cameron_Diaz/Cameron_Diaz_0002.jpg,Shia_LaBeouf/Shia_LaBeouf_0001.jpg,0,-0.05774289
Cameron_Diaz/Cameron_Diaz_0005.jpg,Nadia_Petrova/Nadia_Petrova_0002.jpg,0,0.13937895
Carla_Gugino/Carla_Gugino_0001.jpg,Kelly_Osbourne/Kelly_Osbourne_0001.jpg,0,0.12331529
Carla_Gugino/Carla_Gugino_0001.jpg,Kenny_Chesney/Kenny_Chesney_0001.jpg,0,0.00996676
Carla_Gugino/Carla_Gugino_0001.jpg,Michael_Douglas/Michael_Douglas_0003.jpg,0,-0.05377868
Carla_Gugino/Carla_Gugino_0001.jpg,Miguel_Aldana_Ibarra/Miguel_Aldana_Ibarra_0001.jpg,0,0.08337499
Carlos_Fasciolo/Carlos_Fasciolo_0001.jpg,Debbie_Allen/Debbie_Allen_0001.jpg,0,0.16123544
Carol_Williams/Carol_Williams_0001.jpg,Gorden_Tallis/Gorden_Tallis_0001.jpg,0,0.00900414
Carrie-Anne_Moss/Carrie-Anne_Moss_0002.jpg,Horacio_Julio_Pina/Horacio_Julio_Pina_0001.jpg,0,-0.06492705
Carrie-Anne_Moss/Carrie-Anne_Moss_0004.jpg,Michael_Goldrich/Michael_Goldrich_0001.jpg,0,0.18059054
Casey_Crowder/Casey_Crowder_0001.jpg,Keiko_Sofia_Fujimori/Keiko_Sofia_Fujimori_0001.jpg,0,0.02029284
Casey_Crowder/Casey_Crowder_0001.jpg,Phoenix_Chang/Phoenix_Chang_0001.jpg,0,0.08944118
Cha_Yung-gu/Cha_Yung-gu_0001.jpg,Takeo_Hiranuma/Takeo_Hiranuma_0001.jpg,0,0.50018507
Charlene_Barshefsky/Charlene_Barshefsky_0001.jpg,James_Coburn/James_Coburn_0001.jpg,0,-0.06977979
Charles_Tannok/Charles_Tannok_0001.jpg,Larry_Coker/Larry_Coker_0004.jpg,0,0.14560267
Charlie_Hunnam/Charlie_Hunnam_0001.jpg,Hestrie_Cloette/Hestrie_Cloette_0001.jpg,0,0.15591720
Charlie_Hunnam/Charlie_Hunnam_0001.jpg,Veronica_Lake/Veronica_Lake_0001.jpg,0,0.07200303
Charlton_Heston/Charlton_Heston_0004.jpg,Desiree_Lemosi/Desiree_Lemosi_0001.jpg,0,0.09078068
Chawki_Armali/Chawki_Armali_0001.jpg,Shoshannah_Stern/Shoshannah_Stern_0001.jpg,0,0.09226735
Chris_Bell/Chris_Bell_0002.jpg,Pharrell_Williams/Pharrell_Williams_0001.jpg,0,0.11990962
Chris_Forsyth/Chris_Forsyth_0001.jpg,Nikki_Reed/Nikki_Reed_0002.jpg,0,0.03373989
Chris_Neil/Chris_Neil_0001.jpg,John_Kerry/John_Kerry_0014.jpg,0,0.03296158
Chris_Noth/Chris_Noth_0001.jpg,Takeshi_Kitano/Takeshi_Kitano_0001.jpg,0,-0.10718110
Christine_Arron/Christine_Arron_0001.jpg,Robert_Duvall/Robert_Duvall_0005.jpg,0,0.06795741
Christine_Arron/Christine_Arron_0001.jpg,Steve_McManaman/Steve_McManaman_0001.jpg,0,0.20064437
Chuck_Hagel/Chuck_Hagel_0001.jpg,Jeff_Roehm/Jeff_Roehm_0001.jpg,0,0.06658446
Chuck_Hagel/Chuck_Hagel_0001.jpg,Margaret_Hasley/Margaret_Hasley_0001.jpg,0,0.04670197
Chuck_Hagel/Chuck_Hagel_0001.jpg,Sebastian_Porto/Sebastian_Porto_0001.jpg,0,0.19372638
Cliff_Ellis/Cliff_Ellis_0001.jpg,John_Lisowski/John_Lisowski_0001.jpg,0,0.11329128
Clifford_Etienne/Clifford_Etienne_0001.jpg,Pharrell_Williams/Pharrell_Williams_0001.jpg,0,0.36594048
Clifford_Etienne/Clifford_Etienne_0001.jpg,Ray_Lewis/Ray_Lewis_0001.jpg,0,0.26636633
Clive_Lloyd/Clive_Lloyd_0001.jpg,Harland_Braun/Harland_Braun_0001.jpg,0,0.16091475
Colin_Montgomerie/Colin_Montgomerie_0001.jpg,Horacio_Julio_Pina/Horacio_Julio_Pina_0001.jpg,0,0.26018685
Daniel_Montenegro/Daniel_Montenegro_0001.jpg,Gustavo_Cisneros/Gustavo_Cisneros_0001.jpg,0,-0.01199518
Daniel_Montenegro/Daniel_Montenegro_0001.jpg,Nadia_Petrova/Nadia_Petrova_0004.jpg,0,0.03387897
Daniel_Montenegro/Daniel_Montenegro_0001.jpg,Omar_Khan_Sharif/Omar_Khan_Sharif_0001.jpg,0,0.12161875
Daniel_Montenegro/Daniel_Montenegro_0001.jpg,Rick_Santorum/Rick_Santorum_0001.jpg,0,0.07238224
Danny_Glover/Danny_Glover_0001.jpg,Morris_Dees/Morris_Dees_0001.jpg,0,0.21663207
Danny_Glover/Danny_Glover_0001.jpg,Patrice_Chereau/Patrice_Chereau_0002.jpg,0,0.06555790
David_Trimble/David_Trimble_0004.jpg,John_Elway/John_Elway_0001.jpg,0,0.01281996
David_Wolf/David_Wolf_0002.jpg,Emanuel_Ginobili/Emanuel_Ginobili_0004.jpg,0,-0.00416668
David_Wolf/David_Wolf_0002.jpg,Kathleen_Glynn/Kathleen_Glynn_0002.jpg,0,-0.05577481
David_Wolf/David_Wolf_0002.jpg,Venus_Williams/Venus_Williams_0006.jpg,0,-0.08380074
Debbie_Allen/Debbie_Allen_0001.jpg,Sebastian_Cuattrin/Sebastian_Cuattrin_0001.jpg,0,-0.00639957
Demetrius_Ferraciu/Demetrius_Ferraciu_0002.jpg,Edward_Seaga/Edward_Seaga_0001.jpg,0,0.26566648
Denise_Johnson/Denise_Johnson_0001.jpg,Nikki_Cascone/Nikki_Cascone_0001.jpg,0,0.01206899
Denise_Johnson/Denise_Johnson_0002.jpg,Emanuel_Ginobili/Emanuel_Ginobili_0003.jpg,0,0.05537317
Denise_Johnson/Denise_Johnson_0002.jpg,Filippo_Inzaghi/Filippo_Inzaghi_0002.jpg,0,0.13945135
Dennis_Powell/Dennis_Powell_0001.jpg,Horst_Koehler/Horst_Koehler_0003.jpg,0,0.12265500
Dennis_Powell/Dennis_Powell_0001.jpg,Michael_Chiklis/Michael_Chiklis_0002.jpg,0,0.16238600
Desiree_Lemosi/Desiree_Lemosi_0002.jpg,Dion_Glover/Dion_Glover_0001.jpg,0,-0.05953152
Dion_Glover/Dion_Glover_0001.jpg,Michael_Weiss/Michael_Weiss_0001.jpg,0,-0.11001547
Doug_Melvin/Doug_Melvin_0001.jpg,Gustavo_Cisneros/Gustavo_Cisneros_0001.jpg,0,0.13546178
Doug_Melvin/Doug_Melvin_0003.jpg,Emma_Nicholson/Emma_Nicholson_0001.jpg,0,0.09864538
Doug_Racine/Doug_Racine_0001.jpg,Marisol_Breton/Marisol_Breton_0001.jpg,0,0.08515737
Ed_Book/Ed_Book_0001.jpg,Nur_Jaafar/Nur_Jaafar_0001.jpg,0,-0.11705718
Ed_Case/Ed_Case_0001.jpg,Sadam_Hassan/Sadam_Hassan_0001.jpg,0,0.13940459
Edward_Seaga/Edward_Seaga_0001.jpg,George_Roy_Hill/George_Roy_Hill_0001.jpg,0,0.17335558
Edward_Seaga/Edward_Seaga_0001.jpg,Sarah_Price/Sarah_Price_0001.jpg,0,-0.01470874
Eileen_Spina/Eileen_Spina_0001.jpg,Jeff_Bzdelik/Jeff_Bzdelik_0001.jpg,0,0.00338307
Ekke_Hard_Forberg/Ekke_Hard_Forberg_0001.jpg,Nikki_Reed/Nikki_Reed_0001.jpg,0,-0.10572283
Elena_Bereznaya/Elena_Bereznaya_0001.jpg,Lene_Espersen/Lene_Espersen_0001.jpg,0,0.17556760
Elena_Bereznaya/Elena_Bereznaya_0001.jpg,Mario_Lobo_Zagallo/Mario_Lobo_Zagallo_0001.jpg,0,0.11123182
Elena_Bereznaya/Elena_Bereznaya_0001.jpg,Rick_Stansbury/Rick_Stansbury_0002.jpg,0,0.01056904
Elisha_Cuthbert/Elisha_Cuthbert_0001.jpg,Mariana_Pollack/Mariana_Pollack_0002.jpg,0,0.02427583
Eliza_Manningham-Buller/Eliza_Manningham-Buller_0001.jpg,Lawrence_MacAulay/Lawrence_MacAulay_0002.jpg,0,0.04494363
Eric_Clapton/Eric_Clapton_0002.jpg,Niall_Connolly/Niall_Connolly_0001.jpg,0,0.06274968
Eric_Taino/Eric_Taino_0001.jpg,Michael_Goldrich/Michael_Goldrich_0001.jpg,0,0.22216812
Farida_Ragoonanan/Farida_Ragoonanan_0001.jpg,Jorge_Enrique_Jimenez/Jorge_Enrique_Jimenez_0001.jpg,0,0.03775888
Felix_Trinidad/Felix_Trinidad_0001.jpg,Joe_Darrell/Joe_Darrell_0001.jpg,0,0.08558840
Felix_Trinidad/Felix_Trinidad_0001.jpg,Justine_Pasek/Justine_Pasek_0004.jpg,0,0.05933394
Fernando_Valenzuela/Fernando_Valenzuela_0001.jpg,Luis_Figo/Luis_Figo_0003.jpg,0,0.14887279
Fernando_Valenzuela/Fernando_Valenzuela_0001.jpg,Nicolas_Macrozonaris/Nicolas_Macrozonaris_0001.jpg,0,0.22110856
Filippo_Inzaghi/Filippo_Inzaghi_0001.jpg,Mohammed_Al_Hindi/Mohammed_Al_Hindi_0001.jpg,0,-0.04204908
Filippo_Inzaghi/Filippo_Inzaghi_0001.jpg,Shanna_Zolman/Shanna_Zolman_0001.jpg,0,0.08601230
Francis_Ricciardone/Francis_Ricciardone_0001.jpg,Sven_Goran_Eriksson/Sven_Goran_Eriksson_0001.jpg,0,0.14894676
Franz_Beckenbauer/Franz_Beckenbauer_0001.jpg,Gerald_Ford/Gerald_Ford_0001.jpg,0,0.13591143
Franz_Beckenbauer/Franz_Beckenbauer_0002.jpg,Rick_Bragg/Rick_Bragg_0001.jpg,0,0.26430571
George_Foreman/George_Foreman_0002.jpg,Ralph_Goodale/Ralph_Goodale_0001.jpg,0,0.05611917
George_Pataki/George_Pataki_0001.jpg,James_Dingemans/James_Dingemans_0001.jpg,0,0.13682628
George_Pataki/George_Pataki_0002.jpg,Masahiko_Nagasawa/Masahiko_Nagasawa_0002.jpg,0,0.18950506
George_Plimpton/George_Plimpton_0001.jpg,Ximena_Bohorquez/Ximena_Bohorquez_0001.jpg,0,-0.09851222
Gerald_Ford/Gerald_Ford_0001.jpg,Kurt_Budke/Kurt_Budke_0001.jpg,0,0.13932721
Gerald_Ford/Gerald_Ford_0001.jpg,Li_Peng/Li_Peng_0001.jpg,0,0.09004982
Giselle_Estefania_Tavarelli/Giselle_Estefania_Tavarelli_0001.jpg,John_Sununu/John_Sununu_0001.jpg,0,0.04362566
Giulio_Andreotti/Giulio_Andreotti_0001.jpg,Kurt_Russell/Kurt_Russell_0002.jpg,0,0.20117959
Giulio_Andreotti/Giulio_Andreotti_0001.jpg,Michael_Denzel/Michael_Denzel_0001.jpg,0,-0.06973654
Gonzalo_Sanchez_de_Lozada/Gonzalo_Sanchez_de_Lozada_0003.jpg,Shannyn_Sossamon/Shannyn_Sossamon_0001.jpg,0,0.09473658
Graciano_Rocchigiani/Graciano_Rocchigiani_0001.jpg,Juan_Jose_Lucas/Juan_Jose_Lucas_0001.jpg,0,0.06435709
Gregory_Geoffroy/Gregory_Geoffroy_0001.jpg,Sybille_Schmid/Sybille_Schmid_0001.jpg,0,0.10414832
Gregory_Geoffroy/Gregory_Geoffroy_0002.jpg,Kosuke_Kitajima/Kosuke_Kitajima_0001.jpg,0,-0.01103671
Gregory_Geoffroy/Gregory_Geoffroy_0002.jpg,Wycliffe_Grousbeck/Wycliffe_Grousbeck_0001.jpg,0,0.19779181
Guangdong_Ou_Guangyuan/Guangdong_Ou_Guangyuan_0001.jpg,Li_Ruihuan/Li_Ruihuan_0001.jpg,0,0.30565101
Guangdong_Ou_Guangyuan/Guangdong_Ou_Guangyuan_0001.jpg,Nicole/Nicole_0001.jpg,0,0.19542269
Gustavo_Cisneros/Gustavo_Cisneros_0001.jpg,Steve_Blake/Steve_Blake_0001.jpg,0,-0.04493955
Gustavo_Noboa/Gustavo_Noboa_0001.jpg,Lea_Fastow/Lea_Fastow_0002.jpg,0,-0.10664055
Habib_Hisham/Habib_Hisham_0001.jpg,Pat_Rochester/Pat_Rochester_0001.jpg,0,0.15647700
Habib_Hisham/Habib_Hisham_0001.jpg,Paul_Wilson/Paul_Wilson_0001.jpg,0,-0.01432819
Habib_Rizieq/Habib_Rizieq_0001.jpg,Olivia_Newton-John/Olivia_Newton-John_0002.jpg,0,0.07538909
Habib_Rizieq/Habib_Rizieq_0003.jpg,Kenny_Chesney/Kenny_Chesney_0001.jpg,0,0.12760559
Hal_Sutton/Hal_Sutton_0002.jpg,Kellie_Coffey/Kellie_Coffey_0001.jpg,0,0.15601063
Harland_Braun/Harland_Braun_0001.jpg,Kathryn_Tucker/Kathryn_Tucker_0001.jpg,0,-0.09373870
Hassanal_Bolkiah/Hassanal_Bolkiah_0001.jpg,Michael_Leavitt/Michael_Leavitt_0001.jpg,0,0.07678536
Hestrie_Cloette/Hestrie_Cloette_0001.jpg,Nicholas_Byron/Nicholas_Byron_0002.jpg,0,0.14699429
Hitoshi_Tanaka/Hitoshi_Tanaka_0001.jpg,Ramon_Ponce_de_Leon/Ramon_Ponce_de_Leon_0001.jpg,0,0.18182072
Horacio_Julio_Pina/Horacio_Julio_Pina_0001.jpg,Zaini_Abdullah/Zaini_Abdullah_0001.jpg,0,0.17632353
Huang_Suey-Sheng/Huang_Suey-Sheng_0001.jpg,Lucrecia_Orozco/Lucrecia_Orozco_0001.jpg,0,0.22514604
Huang_Suey-Sheng/Huang_Suey-Sheng_0001.jpg,Paul_Cerjan/Paul_Cerjan_0001.jpg,0,0.17760038
Huang_Suey-Sheng/Huang_Suey-Sheng_0001.jpg,Robinson_Stevenin/Robinson_Stevenin_0001.jpg,0,-0.03622283
Ian_Knop/Ian_Knop_0001.jpg,Michel_Minard/Michel_Minard_0001.jpg,0,0.00971655
Ilan_Ramon/Ilan_Ramon_0003.jpg,Tatiana_Kennedy_Schlossberg/Tatiana_Kennedy_Schlossberg_0001.jpg,0,0.10181466
Ion_Tiriac/Ion_Tiriac_0001.jpg,Lawrence_MacAulay/Lawrence_MacAulay_0001.jpg,0,0.13960782
Ismail_Abu_Shanab/Ismail_Abu_Shanab_0001.jpg,Michael_Denzel/Michael_Denzel_0001.jpg,0,0.19003808
Ismail_Abu_Shanab/Ismail_Abu_Shanab_0001.jpg,Rebecca_Romijn-Stamos/Rebecca_Romijn-Stamos_0001.jpg,0,-0.08005624
Jack_Welch/Jack_Welch_0001.jpg,Keizo_Yamada/Keizo_Yamada_0001.jpg,0,0.31642786
James_Dingemans/James_Dingemans_0001.jpg,Robert_Duvall/Robert_Duvall_0005.jpg,0,0.32237893
James_Dingemans/James_Dingemans_0001.jpg,William_Morrow/William_Morrow_0001.jpg,0,0.16015072
Jamie_Lee_Curtis/Jamie_Lee_Curtis_0001.jpg,William_Joppy/William_Joppy_0001.jpg,0,0.01553774
Jamie_Martin/Jamie_Martin_0001.jpg,Patrick_Ewing/Patrick_Ewing_0001.jpg,0,-0.03648084
Jan_Bjoerklund/Jan_Bjoerklund_0001.jpg,Li_Ruihuan/Li_Ruihuan_0001.jpg,0,0.14174901
Jan_Paul_Miller/Jan_Paul_Miller_0001.jpg,Paradorn_Srichaphan/Paradorn_Srichaphan_0008.jpg,0,-0.09678347
Jay_Garner/Jay_Garner_0003.jpg,Reggie_Sanders/Reggie_Sanders_0001.jpg,0,-0.08164404
Jeff_Bzdelik/Jeff_Bzdelik_0001.jpg,Zach_Parise/Zach_Parise_0001.jpg,0,0.19131854
Jerry_Oliver/Jerry_Oliver_0001.jpg,Rudolf_Schuster/Rudolf_Schuster_0001.jpg,0,0.09258366
Jerry_Oliver/Jerry_Oliver_0001.jpg,Stefaan_Declerk/Stefaan_Declerk_0001.jpg,0,0.12030409
Jerry_Sloan/Jerry_Sloan_0001.jpg,Julianne_Moore/Julianne_Moore_0009.jpg,0,0.16043526
Jerry_Sloan/Jerry_Sloan_0001.jpg,Keiko_Sofia_Fujimori/Keiko_Sofia_Fujimori_0001.jpg,0,0.07471846
Jerry_Sloan/Jerry_Sloan_0001.jpg,Nikki_Cascone/Nikki_Cascone_0001.jpg,0,0.08074752
Jim_Anderson/Jim_Anderson_0001.jpg,Jose_Luis_Santiago_Vasconcelos/Jose_Luis_Santiago_Vasconcelos_0001.jpg,0,-0.03256641
Jim_Anderson/Jim_Anderson_0001.jpg,Mikhail_Wehbe/Mikhail_Wehbe_0001.jpg,0,0.13163319
Joaquim_Levy/Joaquim_Levy_0001.jpg,Judy_Vassar/Judy_Vassar_0001.jpg,0,0.22983427
Joe_Leonard/Joe_Leonard_0001.jpg,Kristen_Rivera/Kristen_Rivera_0001.jpg,0,0.19358906
John_Baldacci/John_Baldacci_0001.jpg,Nona_Gaye/Nona_Gaye_0001.jpg,0,0.07253867
John_Baldacci/John_Baldacci_0001.jpg,Shia_LaBeouf/Shia_LaBeouf_0001.jpg,0,0.09115541
John_Elway/John_Elway_0001.jpg,Mahmoud_Diyab_al-Ahmed/Mahmoud_Diyab_al-Ahmed_0001.jpg,0,0.13335153
John_Kerry/John_Kerry_0009.jpg,Raja_Ibrahim/Raja_Ibrahim_0001.jpg,0,0.15967141
John_Kerry/John_Kerry_0014.jpg,Pat_Rochester/Pat_Rochester_0001.jpg,0,0.21101502
John_Lisowski/John_Lisowski_0001.jpg,Michelle_Kwan/Michelle_Kwan_0001.jpg,0,-0.06151747
John_Malkovich/John_Malkovich_0002.jpg,Paradorn_Srichaphan/Paradorn_Srichaphan_0007.jpg,0,0.13859634
John_Malkovich/John_Malkovich_0003.jpg,Mona_Locke/Mona_Locke_0001.jpg,0,-0.03895620
John_Malkovich/John_Malkovich_0003.jpg,Richard_Palmer/Richard_Palmer_0001.jpg,0,-0.03802779
John_McCallum/John_McCallum_0001.jpg,Oliver_Phelps/Oliver_Phelps_0001.jpg,0,0.05221346
John_McCallum/John_McCallum_0002.jpg,Rick_Bragg/Rick_Bragg_0001.jpg,0,0.21979222
John_McEnroe/John_McEnroe_0002.jpg,Shane_Mosley/Shane_Mosley_0001.jpg,0,-0.01114350
John_Prescott/John_Prescott_0001.jpg,Will_Ofenheusle/Will_Ofenheusle_0001.jpg,0,0.01996555
Johnnie_Lynn/Johnnie_Lynn_0001.jpg,Larry_Coker/Larry_Coker_0004.jpg,0,0.04589362
Johnnie_Lynn/Johnnie_Lynn_0001.jpg,Richard_Palmer/Richard_Palmer_0001.jpg,0,-0.03863017
Johnny_Unitas/Johnny_Unitas_0001.jpg,Mark_Foley/Mark_Foley_0001.jpg,0,0.26571032
Jonathan_Karsh/Jonathan_Karsh_0001.jpg,Samantha_Ledster/Samantha_Ledster_0001.jpg,0,-0.04183811
Joxel_Garcia/Joxel_Garcia_0001.jpg,Lena_Olin/Lena_Olin_0001.jpg,0,0.02229850
Joy_Bryant/Joy_Bryant_0001.jpg,Richard_Chamberlain/Richard_Chamberlain_0001.jpg,0,0.26853609
Julianne_Moore/Julianne_Moore_0004.jpg,Shia_LaBeouf/Shia_LaBeouf_0001.jpg,0,-0.00516753
Julio_Iglesias_Jr/Julio_Iglesias_Jr_0001.jpg,Ramon_Ponce_de_Leon/Ramon_Ponce_de_Leon_0001.jpg,0,0.13975731
Justin_Timberlake/Justin_Timberlake_0001.jpg,Suzanne_Somers/Suzanne_Somers_0001.jpg,0,-0.04443651
Kathleen_Glynn/Kathleen_Glynn_0002.jpg,Susilo_Bambang_Yudhoyono/Susilo_Bambang_Yudhoyono_0001.jpg,0,-0.06036833
Kathryn_Morris/Kathryn_Morris_0001.jpg,Minnie_Driver/Minnie_Driver_0002.jpg,0,-0.02662195
Kathryn_Tucker/Kathryn_Tucker_0001.jpg,Stella_McCartney/Stella_McCartney_0001.jpg,0,-0.01928419
Katie_Couric/Katie_Couric_0001.jpg,Sanjay_Gupta/Sanjay_Gupta_0001.jpg,0,0.22997588
Keiko_Sofia_Fujimori/Keiko_Sofia_Fujimori_0001.jpg,Sureyya_Ayhan/Sureyya_Ayhan_0001.jpg,0,0.13371128
Kellie_Coffey/Kellie_Coffey_0001.jpg,Todd_Petit/Todd_Petit_0001.jpg,0,0.04759323
Kenny_Chesney/Kenny_Chesney_0001.jpg,Steve_Coogan/Steve_Coogan_0001.jpg,0,0.07008468
Kevin_Tarrant/Kevin_Tarrant_0001.jpg,Marisol_Breton/Marisol_Breton_0001.jpg,0,0.13606732
Kristen_Rivera/Kristen_Rivera_0001.jpg,Valdas_Adamkus/Valdas_Adamkus_0002.jpg,0,0.01569674
Kurt_Russell/Kurt_Russell_0002.jpg,Mahmoud_Diyab_al-Ahmed/Mahmoud_Diyab_al-Ahmed_0001.jpg,0,0.14414789
Kurt_Tanabe/Kurt_Tanabe_0001.jpg,William_Jackson/William_Jackson_0001.jpg,0,-0.04171334
Kyle_McLaren/Kyle_McLaren_0001.jpg,Sofia_Milos/Sofia_Milos_0001.jpg,0,0.16503730
Kyle_McLaren/Kyle_McLaren_0001.jpg,Will_Ofenheusle/Will_Ofenheusle_0001.jpg,0,-0.03267950
Kyle_Shewfelt/Kyle_Shewfelt_0001.jpg,Larry_Coker/Larry_Coker_0002.jpg,0,0.28534532
Lawrence_Foley/Lawrence_Foley_0001.jpg,Rachel_Wadsworth/Rachel_Wadsworth_0001.jpg,0,0.16270369
Lea_Fastow/Lea_Fastow_0001.jpg,Uday_Hussein/Uday_Hussein_0001.jpg,0,0.23494717
Lesia_Burlak/Lesia_Burlak_0001.jpg,Nur_Jaafar/Nur_Jaafar_0001.jpg,0,-0.02339322
Lori_Berenson/Lori_Berenson_0001.jpg,Rudolf_Schuster/Rudolf_Schuster_0001.jpg,0,0.26819944
Lucio_Angulo/Lucio_Angulo_0001.jpg,Sarah_Price/Sarah_Price_0001.jpg,0,0.05513831
Lucio_Gutierrez/Lucio_Gutierrez_0010.jpg,Pedro_Malan/Pedro_Malan_0005.jpg,0,0.07469370
Margaret_Hasley/Margaret_Hasley_0001.jpg,Michael_Denzel/Michael_Denzel_0001.jpg,0,-0.02796097
Mark_Redman/Mark_Redman_0001.jpg,Stephen_Funk/Stephen_Funk_0001.jpg,0,0.04380143
Mark_Salter/Mark_Salter_0001.jpg,Shanna_Zolman/Shanna_Zolman_0001.jpg,0,-0.00836799
Martin_Luther_King_III/Martin_Luther_King_III_0001.jpg,Maryn_McKenna/Maryn_McKenna_0001.jpg,0,-0.04706806
Mary_Bono/Mary_Bono_0001.jpg,Todd_Wike/Todd_Wike_0001.jpg,0,0.08341217
Matt_LeBlanc/Matt_LeBlanc_0001.jpg,Robert_Redford/Robert_Redford_0002.jpg,0,0.17638399
Mauro_Viza/Mauro_Viza_0001.jpg,William_Jackson/William_Jackson_0001.jpg,0,0.08285334
Max_Baucus/Max_Baucus_0001.jpg,Paradorn_Srichaphan/Paradorn_Srichaphan_0005.jpg,0,0.17514750
Max_Baucus/Max_Baucus_0001.jpg,Yossi_Beilin/Yossi_Beilin_0002.jpg,0,0.14650357
Meles_Zenawi/Meles_Zenawi_0001.jpg,Nawabzada_Nasrullah_Khan/Nawabzada_Nasrullah_Khan_0001.jpg,0,0.12876570
Melissa_Mulloy/Melissa_Mulloy_0001.jpg,Paula_Abdul/Paula_Abdul_0001.jpg,0,0.13082942
Melissa_Mulloy/Melissa_Mulloy_0001.jpg,Roger_Lyons/Roger_Lyons_0001.jpg,0,0.03742801
Michael_Chiklis/Michael_Chiklis_0001.jpg,Mohammed_Al_Hindi/Mohammed_Al_Hindi_0001.jpg,0,0.12788124
Michael_Chiklis/Michael_Chiklis_0001.jpg,Steve_Rush/Steve_Rush_0001.jpg,0,0.25568521
Michael_Doleac/Michael_Doleac_0001.jpg,Nur_Jaafar/Nur_Jaafar_0001.jpg,0,0.14737090
Michael_Goldrich/Michael_Goldrich_0001.jpg,Suzanne_Somers/Suzanne_Somers_0001.jpg,0,0.18813857
Michael_Kahn/Michael_Kahn_0001.jpg,Rick_Caruso/Rick_Caruso_0001.jpg,0,0.21501693
Michel_Minard/Michel_Minard_0001.jpg,Suzanne_Gaudet/Suzanne_Gaudet_0001.jpg,0,0.15203628
Michelle_Bachelet/Michelle_Bachelet_0001.jpg,Sami_Al-Arian/Sami_Al-Arian_0001.jpg,0,0.19139484
Miguel_Angel_Rodriguez/Miguel_Angel_Rodriguez_0001.jpg,Sasha_Cohen/Sasha_Cohen_0001.jpg,0,0.14069954
Mike_Bryan/Mike_Bryan_0001.jpg,Shanna_Zolman/Shanna_Zolman_0001.jpg,0,0.12624656
Mike_Montgomery/Mike_Montgomery_0001.jpg,Ray_Lewis/Ray_Lewis_0001.jpg,0,-0.01273035
Milton_Wynants/Milton_Wynants_0001.jpg,Stuart_Townsend/Stuart_Townsend_0001.jpg,0,0.07369471
Miyako_Miyazaki/Miyako_Miyazaki_0002.jpg,Munir_Akram/Munir_Akram_0002.jpg,0,0.19884692
Morris_Dees/Morris_Dees_0001.jpg,Shamai_Leibowitz/Shamai_Leibowitz_0001.jpg,0,-0.03270075
Morris_Dees/Morris_Dees_0001.jpg,Suzie_McConnell_Serio/Suzie_McConnell_Serio_0001.jpg,0,-0.10905147
Nathalie_Gagnon/Nathalie_Gagnon_0001.jpg,Richard_Reid/Richard_Reid_0001.jpg,0,-0.01557367
Nicklas_Lidstrom/Nicklas_Lidstrom_0001.jpg,Norman_Jewison/Norman_Jewison_0001.jpg,0,0.02520694
Nicklas_Lidstrom/Nicklas_Lidstrom_0001.jpg,Sadie_Frost/Sadie_Frost_0003.jpg,0,0.07666497
Nicole_Hiltz/Nicole_Hiltz_0001.jpg,Zaini_Abdullah/Zaini_Abdullah_0001.jpg,0,0.19908133
Nona_Gaye/Nona_Gaye_0001.jpg,Paul_Cerjan/Paul_Cerjan_0001.jpg,0,0.10850424
Oscar_Bolanos/Oscar_Bolanos_0001.jpg,Phil_Donahue/Phil_Donahue_0001.jpg,0,0.09547126
Oscar_Bolanos/Oscar_Bolanos_0001.jpg,Tatiana_Kennedy_Schlossberg/Tatiana_Kennedy_Schlossberg_0001.jpg,0,-0.02479788
Pascal_Quignard/Pascal_Quignard_0003.jpg,Patrick_Ewing/Patrick_Ewing_0002.jpg,0,0.09309696
Pat_Rochester/Pat_Rochester_0001.jpg,Phoenix_Chang/Phoenix_Chang_0001.jpg,0,0.15041113
Pat_Rochester/Pat_Rochester_0001.jpg,Will_Ofenheusle/Will_Ofenheusle_0001.jpg,0,0.08929230
Paul_Farley/Paul_Farley_0001.jpg,Platon_Lebedev/Platon_Lebedev_0001.jpg,0,0.16837534
Paula_Abdul/Paula_Abdul_0001.jpg,Robert_Vowler/Robert_Vowler_0001.jpg,0,0.07245092
Pharrell_Williams/Pharrell_Williams_0001.jpg,Tyrone_Medley/Tyrone_Medley_0001.jpg,0,0.08933415
Phoenix_Chang/Phoenix_Chang_0001.jpg,Platon_Lebedev/Platon_Lebedev_0001.jpg,0,0.04288742
Rachel_Wadsworth/Rachel_Wadsworth_0001.jpg,Richard_Palmer/Richard_Palmer_0001.jpg,0,0.01381753
Raymond_Odierno/Raymond_Odierno_0001.jpg,Richard_Reid/Richard_Reid_0001.jpg,0,0.11411514
Reggie_Sanders/Reggie_Sanders_0001.jpg,Rick_Santorum/Rick_Santorum_0002.jpg,0,-0.07748665
Richard_Chamberlain/Richard_Chamberlain_0001.jpg,Steve_Patterson/Steve_Patterson_0001.jpg,0,0.21693771
Richard_Ward/Richard_Ward_0001.jpg,Steve_Redgrave/Steve_Redgrave_0001.jpg,0,0.06975975
Robert_Vowler/Robert_Vowler_0001.jpg,Tab_Baldwin/Tab_Baldwin_0001.jpg,0,0.25420386
Roy_Rogers/Roy_Rogers_0001.jpg,Steven_Feldman/Steven_Feldman_0001.jpg,0,0.04868454
Scott_Rolen/Scott_Rolen_0001.jpg,William_Murabito/William_Murabito_0001.jpg,0,0.24222493
Sofia_Milos/Sofia_Milos_0001.jpg,Steve_Nash/Steve_Nash_0003.jpg,0,0.20561236
Sofia_Milos/Sofia_Milos_0001.jpg,Will_Ofenheusle/Will_Ofenheusle_0001.jpg,0,-0.02043204
Sonja_Kesselschlager/Sonja_Kesselschlager_0001.jpg,Tim_Robbins/Tim_Robbins_0003.jpg,0,-0.02613848
Takeo_Hiranuma/Takeo_Hiranuma_0001.jpg,Ty_Votaw/Ty_Votaw_0001.jpg,0,0.15834099
Ted_Washington/Ted_Washington_0001.jpg,Ximena_Bohorquez/Ximena_Bohorquez_0001.jpg,0,0.03321831
Ty_Votaw/Ty_Votaw_0001.jpg,William_Webster/William_Webster_0001.jpg,0,0.18894312
Abdullah_Nasseef/Abdullah_Nasseef_0001.jpg,Bruce_Paltrow/Bruce_Paltrow_0001.jpg,0,0.18906030
Abdullah_Nasseef/Abdullah_Nasseef_0001.jpg,Howard_Smith/Howard_Smith_0002.jpg,0,0.19075057
Abdullah_Nasseef/Abdullah_Nasseef_0001.jpg,Jan_De_Bont/Jan_De_Bont_0001.jpg,0,0.21633084
Abdullah_Nasseef/Abdullah_Nasseef_0001.jpg,Jim_Nochols/Jim_Nochols_0001.jpg,0,0.18161541
Abdullah_Nasseef/Abdullah_Nasseef_0001.jpg,Oleg_Romantsev/Oleg_Romantsev_0001.jpg,0,0.09833787
Adam_Kennedy/Adam_Kennedy_0001.jpg,Charlie_Sheen/Charlie_Sheen_0001.jpg,0,-0.02100725
Adrian_McPherson/Adrian_McPherson_0002.jpg,Eduardo_Chillida/Eduardo_Chillida_0001.jpg,0,-0.03375334
Al_Davis/Al_Davis_0001.jpg,Julian_Fantino/Julian_Fantino_0001.jpg,0,0.19300902
Alan_Greenspan/Alan_Greenspan_0004.jpg,Kent_McCord/Kent_McCord_0001.jpg,0,0.06964389
Alastair_Campbell/Alastair_Campbell_0004.jpg,Li_Ka-shing/Li_Ka-shing_0001.jpg,0,0.05151757
Alexa_Vega/Alexa_Vega_0001.jpg,Tony_Shalhoub/Tony_Shalhoub_0001.jpg,0,-0.05601593
Alexander_Downer/Alexander_Downer_0002.jpg,Zeljko_Rebraca/Zeljko_Rebraca_0001.jpg,0,0.27346268
Alexander_Downer/Alexander_Downer_0003.jpg,Luis_Berrondo/Luis_Berrondo_0001.jpg,0,0.03251941
Alexandra_Pelosi/Alexandra_Pelosi_0001.jpg,Ken_Kutaragi/Ken_Kutaragi_0001.jpg,0,0.20352745
Alexandre_Herchcovitch/Alexandre_Herchcovitch_0001.jpg,Karen_Clarkson/Karen_Clarkson_0001.jpg,0,0.15617691
Alice_Fisher/Alice_Fisher_0001.jpg,Gene_Sauers/Gene_Sauers_0001.jpg,0,0.08352503
Alicia_Witt/Alicia_Witt_0001.jpg,Jorge_Moreno/Jorge_Moreno_0001.jpg,0,0.06513833
Alicia_Witt/Alicia_Witt_0001.jpg,Lino_Oviedo/Lino_Oviedo_0001.jpg,0,0.00171762
Allan_Wagner/Allan_Wagner_0001.jpg,Larry_Campbell/Larry_Campbell_0001.jpg,0,0.25036281
Allan_Wagner/Allan_Wagner_0001.jpg,Rita_Moreno/Rita_Moreno_0001.jpg,0,0.20769843
Alvaro_Silva_Calderon/Alvaro_Silva_Calderon_0002.jpg,Stepan_Demirchian/Stepan_Demirchian_0001.jpg,0,0.35207683
Alvaro_Uribe/Alvaro_Uribe_0014.jpg,Patricia_Clarkson/Patricia_Clarkson_0001.jpg,0,-0.07349905
Ana_Sebastiao/Ana_Sebastiao_0001.jpg,Marcos_Cafu/Marcos_Cafu_0001.jpg,0,0.27623749
Ana_Sebastiao/Ana_Sebastiao_0001.jpg,Raza_Rabbani/Raza_Rabbani_0001.jpg,0,-0.04737454
Andrea_De_Cruz/Andrea_De_Cruz_0001.jpg,Dionne_Warwick/Dionne_Warwick_0001.jpg,0,0.23382896
Andrea_De_Cruz/Andrea_De_Cruz_0001.jpg,Ismail_Cem/Ismail_Cem_0001.jpg,0,-0.04052958
Andrea_De_Cruz/Andrea_De_Cruz_0001.jpg,Natalya_Sazanovich/Natalya_Sazanovich_0001.jpg,0,0.13384908
Andrea_De_Cruz/Andrea_De_Cruz_0001.jpg,Yoon_Young-kwan/Yoon_Young-kwan_0001.jpg,0,0.25452819
Andres_Manuel_Lopez_Obrador/Andres_Manuel_Lopez_Obrador_0001.jpg,Jim_Parque/Jim_Parque_0001.jpg,0,0.04302793
Andres_Manuel_Lopez_Obrador/Andres_Manuel_Lopez_Obrador_0001.jpg,Norman_Mineta/Norman_Mineta_0001.jpg,0,0.15210153
Andrew_Bunner/Andrew_Bunner_0002.jpg,Oscar_Elias_Biscet/Oscar_Elias_Biscet_0002.jpg,0,0.19636482
Andrew_Weissmann/Andrew_Weissmann_0001.jpg,Ernie_Els/Ernie_Els_0002.jpg,0,0.07528706
Andy_Warhol/Andy_Warhol_0001.jpg,Edith_Masai/Edith_Masai_0001.jpg,0,0.09359834
Andy_Warhol/Andy_Warhol_0001.jpg,Paul-Henri_Mathieu/Paul-Henri_Mathieu_0002.jpg,0,0.05535955
Anibal_Ibarra/Anibal_Ibarra_0002.jpg,David_Przybyszewski/David_Przybyszewski_0001.jpg,0,0.10444017
Anthony_Ervin/Anthony_Ervin_0001.jpg,Juan_Roman_Carrasco/Juan_Roman_Carrasco_0001.jpg,0,-0.01278873
Antonio_Elias_Saca/Antonio_Elias_Saca_0001.jpg,Peter_Holmberg/Peter_Holmberg_0001.jpg,0,0.18216908
Antonio_Elias_Saca/Antonio_Elias_Saca_0001.jpg,Thomas_Fargo/Thomas_Fargo_0004.jpg,0,0.10700928
Antonio_Trillanes/Antonio_Trillanes_0001.jpg,Katrin_Cartlidge/Katrin_Cartlidge_0001.jpg,0,0.04860499
Antonio_Trillanes/Antonio_Trillanes_0003.jpg,Terry_Gilliam/Terry_Gilliam_0001.jpg,0,0.01583139
Asa_Hutchinson/Asa_Hutchinson_0002.jpg,Gary_Sinise/Gary_Sinise_0001.jpg,0,0.11186849
Ascencion_Barajas/Ascencion_Barajas_0001.jpg,Chris_Hernandez/Chris_Hernandez_0001.jpg,0,0.04032090
Ashley_Judd/Ashley_Judd_0001.jpg,Joan_Jett/Joan_Jett_0001.jpg,0,0.08153468
Ashley_Postell/Ashley_Postell_0001.jpg,Cassandra_Heise/Cassandra_Heise_0001.jpg,0,0.04289058
Ashley_Postell/Ashley_Postell_0001.jpg,Tony_Clement/Tony_Clement_0001.jpg,0,0.03587435
Ashraf_Ghani/Ashraf_Ghani_0001.jpg,Boris_Berezovsky/Boris_Berezovsky_0001.jpg,0,0.17444995
Ashraf_Ghani/Ashraf_Ghani_0001.jpg,Qian_Qichen/Qian_Qichen_0001.jpg,0,0.18822464
Asif_Ali_Zardari/Asif_Ali_Zardari_0001.jpg,Steny_Hoyer/Steny_Hoyer_0001.jpg,0,-0.05891457
Assad_Ahmadi/Assad_Ahmadi_0001.jpg,Percy_Gibson/Percy_Gibson_0001.jpg,0,-0.06164631
Barbara_Walters/Barbara_Walters_0001.jpg,Jewel_Howard-Taylor/Jewel_Howard-Taylor_0001.jpg,0,0.26565662
Barbara_Walters/Barbara_Walters_0001.jpg,Peter_Greenaway/Peter_Greenaway_0001.jpg,0,0.02899613
Barry_Williams/Barry_Williams_0001.jpg,Wang_Fei/Wang_Fei_0001.jpg,0,0.15879050
Benazir_Bhutto/Benazir_Bhutto_0004.jpg,Jane_Pauley/Jane_Pauley_0002.jpg,0,0.10692732
Benazir_Bhutto/Benazir_Bhutto_0005.jpg,Karen_Clarkson/Karen_Clarkson_0001.jpg,0,0.27126998
Bijan_Darvish/Bijan_Darvish_0001.jpg,Franco_Dragone/Franco_Dragone_0001.jpg,0,0.08483453
Bijan_Darvish/Bijan_Darvish_0002.jpg,Frank_Taylor/Frank_Taylor_0001.jpg,0,-0.05888264
Bilal_Erdogan/Bilal_Erdogan_0001.jpg,Lubomir_Zaoralek/Lubomir_Zaoralek_0001.jpg,0,0.07387853
Bill_Self/Bill_Self_0001.jpg,Yang_Jianli/Yang_Jianli_0001.jpg,0,0.19051644
Bill_Simon/Bill_Simon_0001.jpg,Edward_Said/Edward_Said_0002.jpg,0,0.17402215
Billy_Gilman/Billy_Gilman_0001.jpg,Howard_Smith/Howard_Smith_0002.jpg,0,0.10476549
Billy_Sollie/Billy_Sollie_0001.jpg,Mark_Swartz/Mark_Swartz_0001.jpg,0,0.02850220
Billy_Sollie/Billy_Sollie_0002.jpg,Hussein_Malik/Hussein_Malik_0001.jpg,0,0.04278282
Blas_Ople/Blas_Ople_0001.jpg,Evan_Marriott/Evan_Marriott_0001.jpg,0,0.00757349
Blas_Ople/Blas_Ople_0001.jpg,Felipe_Fernandez/Felipe_Fernandez_0001.jpg,0,-0.00402703
Blas_Ople/Blas_Ople_0001.jpg,Peter_Costello/Peter_Costello_0001.jpg,0,0.11324747
Bob_Cantrell/Bob_Cantrell_0001.jpg,Gerard_Kleisterlee/Gerard_Kleisterlee_0001.jpg,0,0.15057653
Bob_Cantrell/Bob_Cantrell_0001.jpg,Mary_Landrieu/Mary_Landrieu_0003.jpg,0,0.12743598
Bob_Goldman/Bob_Goldman_0001.jpg,Leigh_Winchell/Leigh_Winchell_0001.jpg,0,0.28754973
Bob_Goldman/Bob_Goldman_0001.jpg,Maggie_Smith/Maggie_Smith_0001.jpg,0,0.17607485
Boris_Berezovsky/Boris_Berezovsky_0002.jpg,Leander_Paes/Leander_Paes_0001.jpg,0,0.16718027
Brad_Gushue/Brad_Gushue_0001.jpg,Johannes_Rau/Johannes_Rau_0001.jpg,0,0.13558644
Brad_Miller/Brad_Miller_0001.jpg,Irina_Lobacheva/Irina_Lobacheva_0001.jpg,0,-0.03100765
Brad_Miller/Brad_Miller_0001.jpg,Percy_Gibson/Percy_Gibson_0001.jpg,0,-0.02750647
Brenda_van_Dam/Brenda_van_Dam_0001.jpg,Norbert_van_Heyst/Norbert_van_Heyst_0001.jpg,0,0.18312347
Brian_Cashman/Brian_Cashman_0001.jpg,Delphine_Chuillot/Delphine_Chuillot_0001.jpg,0,0.04388594
Brian_Cashman/Brian_Cashman_0001.jpg,Russell_Simmons/Russell_Simmons_0003.jpg,0,0.08729600
Brian_Cook/Brian_Cook_0001.jpg,Matt_Welsh/Matt_Welsh_0001.jpg,0,0.14831719
Bruno_Junquiera/Bruno_Junquiera_0001.jpg,Oscar_DLeon/Oscar_DLeon_0001.jpg,0,0.15531074
Bulent_Ecevit/Bulent_Ecevit_0006.jpg,Eduardo_Romero/Eduardo_Romero_0001.jpg,0,0.13325849
Bulent_Ecevit/Bulent_Ecevit_0006.jpg,Gilberto_Simoni/Gilberto_Simoni_0001.jpg,0,0.10314940
Candie_Kung/Candie_Kung_0001.jpg,Steve_Allan/Steve_Allan_0001.jpg,0,0.21783572
Carlo_Ancelotti/Carlo_Ancelotti_0001.jpg,John_Tyson/John_Tyson_0001.jpg,0,0.02430624
Carlos_Vives/Carlos_Vives_0002.jpg,Randy_Johnson/Randy_Johnson_0001.jpg,0,0.22922042
Caroline_Dhavernas/Caroline_Dhavernas_0001.jpg,Evgeni_Plushenko/Evgeni_Plushenko_0001.jpg,0,0.01927201
Caroline_Dhavernas/Caroline_Dhavernas_0001.jpg,Jeremy_Fogel/Jeremy_Fogel_0001.jpg,0,0.07037072
Carson_Daly/Carson_Daly_0001.jpg,John_Moe/John_Moe_0001.jpg,0,0.04955930
Carson_Daly/Carson_Daly_0001.jpg,Tracy_Wyle/Tracy_Wyle_0001.jpg,0,-0.03369349
Cassandra_Heise/Cassandra_Heise_0001.jpg,Shaukat_Aziz/Shaukat_Aziz_0002.jpg,0,0.05528685
Cate_Blanchett/Cate_Blanchett_0003.jpg,Gina_Centrello/Gina_Centrello_0001.jpg,0,0.09062516
Cate_Blanchett/Cate_Blanchett_0003.jpg,Ryan_Goodman/Ryan_Goodman_0001.jpg,0,0.05621389
Catherine_Donkers/Catherine_Donkers_0001.jpg,Eminem/Eminem_0001.jpg,0,0.08416773
Cedric_Benson/Cedric_Benson_0001.jpg,Marcus_Allen/Marcus_Allen_0001.jpg,0,0.17682165
Cedric_Benson/Cedric_Benson_0001.jpg,Robert_Lee_Yates_Jr/Robert_Lee_Yates_Jr_0001.jpg,0,-0.03064882
Cedric_Benson/Cedric_Benson_0001.jpg,Stacy_Nelson/Stacy_Nelson_0001.jpg,0,-0.03023311
Chistian_Stahl/Chistian_Stahl_0001.jpg,Eliane_Karp/Eliane_Karp_0001.jpg,0,-0.01175975
Chris_Cooper/Chris_Cooper_0002.jpg,Irfan_Ahmed/Irfan_Ahmed_0001.jpg,0,-0.02129591
Chris_Cooper/Chris_Cooper_0002.jpg,Rick_Bland/Rick_Bland_0001.jpg,0,0.34455895
Chris_Hernandez/Chris_Hernandez_0001.jpg,Mauricio_Pochetino/Mauricio_Pochetino_0001.jpg,0,0.29860258
Chris_Hernandez/Chris_Hernandez_0001.jpg,Tonga/Tonga_0001.jpg,0,-0.21501550
Chris_Hernandez/Chris_Hernandez_0001.jpg,Wolfgang_Schuessel/Wolfgang_Schuessel_0001.jpg,0,0.01719133
Chris_Tucker/Chris_Tucker_0002.jpg,Jennifer_Pena/Jennifer_Pena_0001.jpg,0,0.00487993
Chris_Tucker/Chris_Tucker_0002.jpg,Takuma_Sato/Takuma_Sato_0001.jpg,0,0.02999243
Chris_Whitney/Chris_Whitney_0001.jpg,Tom_Scully/Tom_Scully_0001.jpg,0,-0.05005673
Christine_Gregoire/Christine_Gregoire_0004.jpg,Robert_Lee_Yates_Jr/Robert_Lee_Yates_Jr_0001.jpg,0,-0.02113645
Christine_Gregoire/Christine_Gregoire_0004.jpg,Wang_Hailan/Wang_Hailan_0001.jpg,0,-0.07382450
Christine_Rau/Christine_Rau_0001.jpg,Jerry_Hall/Jerry_Hall_0001.jpg,0,0.01674635
Christine_Rau/Christine_Rau_0001.jpg,Mel_Brooks/Mel_Brooks_0001.jpg,0,0.03880076
Christopher_Russell/Christopher_Russell_0001.jpg,Colleen_OClair/Colleen_OClair_0001.jpg,0,0.04867017
Christopher_Whittle/Christopher_Whittle_0001.jpg,Felipe_Fernandez/Felipe_Fernandez_0001.jpg,0,0.30391896
Colleen_OClair/Colleen_OClair_0001.jpg,Tom_Hanusik/Tom_Hanusik_0001.jpg,0,0.02773128
Curtis_Rodriguez/Curtis_Rodriguez_0001.jpg,John_Blaney/John_Blaney_0002.jpg,0,0.09552630
Curtis_Rodriguez/Curtis_Rodriguez_0001.jpg,Kathleen_Kennedy_Townsend/Kathleen_Kennedy_Townsend_0003.jpg,0,0.08201303
Dale_Bosworth/Dale_Bosworth_0001.jpg,Frank_Taylor/Frank_Taylor_0001.jpg,0,0.04250219
Dale_Bosworth/Dale_Bosworth_0001.jpg,Vladimir_Golovlyov/Vladimir_Golovlyov_0001.jpg,0,0.07342767
Dan_Quayle/Dan_Quayle_0001.jpg,Jim_Ryan/Jim_Ryan_0001.jpg,0,0.15907964
Dan_Quayle/Dan_Quayle_0001.jpg,Nick_Turner/Nick_Turner_0001.jpg,0,0.06964951
Dan_Quayle/Dan_Quayle_0001.jpg,William_Umbach/William_Umbach_0001.jpg,0,0.13069767
Danny_Morgan/Danny_Morgan_0001.jpg,Jeff_George/Jeff_George_0001.jpg,0,-0.05231427
Danny_Morgan/Danny_Morgan_0001.jpg,John_Allen_Muhammad/John_Allen_Muhammad_0010.jpg,0,-0.04515200
Darla_Moore/Darla_Moore_0001.jpg,Paul_Johnson/Paul_Johnson_0001.jpg,0,0.16287841
Darrell_Royal/Darrell_Royal_0001.jpg,Louis_Van_Gaal/Louis_Van_Gaal_0001.jpg,0,0.30871695
Dave_McGinnis/Dave_McGinnis_0001.jpg,Michel_Therrien/Michel_Therrien_0001.jpg,0,0.17114703
David_Przybyszewski/David_Przybyszewski_0001.jpg,Elena_Bovina/Elena_Bovina_0002.jpg,0,0.09995349
Delphine_Chuillot/Delphine_Chuillot_0001.jpg,Jim_Parque/Jim_Parque_0001.jpg,0,0.05697966
Demetrin_Veal/Demetrin_Veal_0001.jpg,Robert_Hanssen/Robert_Hanssen_0001.jpg,0,0.03926352
Dennis_Hastert/Dennis_Hastert_0005.jpg,Lubomir_Zaoralek/Lubomir_Zaoralek_0001.jpg,0,-0.03719861
Dewayne_White/Dewayne_White_0001.jpg,Joe_DeLamielleure/Joe_DeLamielleure_0001.jpg,0,0.01679798
Dick_Posthumus/Dick_Posthumus_0001.jpg,Jeff_George/Jeff_George_0001.jpg,0,0.01900056
Dick_Posthumus/Dick_Posthumus_0001.jpg,Jim_Wong/Jim_Wong_0001.jpg,0,0.10269503
Din_Samsudin/Din_Samsudin_0001.jpg,Pupi_Avati/Pupi_Avati_0002.jpg,0,0.22923723
Dionne_Warwick/Dionne_Warwick_0001.jpg,Janine_Pietsch/Janine_Pietsch_0001.jpg,0,0.05627909
Dominique_Perben/Dominique_Perben_0001.jpg,Osmond_Smith/Osmond_Smith_0001.jpg,0,0.23367888
Doug_Duncan/Doug_Duncan_0001.jpg,Kevin_Spacey/Kevin_Spacey_0002.jpg,0,0.05779791
Doug_Duncan/Doug_Duncan_0002.jpg,John_Allen_Muhammad/John_Allen_Muhammad_0002.jpg,0,0.38436878
Eddy_Hartenstein/Eddy_Hartenstein_0001.jpg,Lyudmila_Putin/Lyudmila_Putin_0001.jpg,0,0.05615751
Eddy_Hartenstein/Eddy_Hartenstein_0001.jpg,Matthias_Sammer/Matthias_Sammer_0001.jpg,0,0.00972377
Eddy_Hartenstein/Eddy_Hartenstein_0001.jpg,Sabah_Al-Ahmad_Al-Jaber_Al-Sabah/Sabah_Al-Ahmad_Al-Jaber_Al-Sabah_0001.jpg,0,0.11372721
Eduardo_Chillida/Eduardo_Chillida_0001.jpg,Stephen_Crampton/Stephen_Crampton_0001.jpg,0,0.01738254
Eduardo_Romero/Eduardo_Romero_0001.jpg,Robert_Kocharian/Robert_Kocharian_0005.jpg,0,-0.03355898
Edward_Greenspan/Edward_Greenspan_0001.jpg,Roy_Halladay/Roy_Halladay_0001.jpg,0,0.00547446
Edward_Greenspan/Edward_Greenspan_0001.jpg,Sidney_Poitier/Sidney_Poitier_0001.jpg,0,0.05532437
Edward_Kennedy/Edward_Kennedy_0001.jpg,Mathilda_Karel_Spak/Mathilda_Karel_Spak_0001.jpg,0,0.06730726
Edward_Kennedy/Edward_Kennedy_0002.jpg,Jennifer_Pena/Jennifer_Pena_0001.jpg,0,0.07664245
Edward_Said/Edward_Said_0001.jpg,Frank_Abagnale_Jr/Frank_Abagnale_Jr_0001.jpg,0,0.06860748
Eminem/Eminem_0001.jpg,Wolfgang_Clement/Wolfgang_Clement_0001.jpg,0,0.23752204
Enrique_Bolanos/Enrique_Bolanos_0004.jpg,Janine_Pietsch/Janine_Pietsch_0001.jpg,0,0.09167038
Enrique_Bolanos/Enrique_Bolanos_0004.jpg,Liam_Neeson/Liam_Neeson_0002.jpg,0,0.16258410
Ernie_Els/Ernie_Els_0002.jpg,Marcus_Allen/Marcus_Allen_0001.jpg,0,-0.04158631
Evgeni_Plushenko/Evgeni_Plushenko_0001.jpg,Queen_Sofia/Queen_Sofia_0001.jpg,0,-0.03117662
Evgeni_Plushenko/Evgeni_Plushenko_0001.jpg,Riek_Blanjaar/Riek_Blanjaar_0001.jpg,0,0.01601277
Franco_Dragone/Franco_Dragone_0002.jpg,Louis_Van_Gaal/Louis_Van_Gaal_0001.jpg,0,0.10659888
Franco_Frattini/Franco_Frattini_0001.jpg,Irina_Lobacheva/Irina_Lobacheva_0001.jpg,0,0.01180784
Frank_Abagnale_Jr/Frank_Abagnale_Jr_0001.jpg,Nate_Hybl/Nate_Hybl_0001.jpg,0,0.20538136
Frank_Shea/Frank_Shea_0001.jpg,Rob_Moore/Rob_Moore_0001.jpg,0,0.17685686
Frank_Taylor/Frank_Taylor_0001.jpg,Jason_Jennings/Jason_Jennings_0001.jpg,0,-0.02076048
Gabriel_Batistuta/Gabriel_Batistuta_0001.jpg,Peter_Costello/Peter_Costello_0001.jpg,0,0.06144741
Gabriel_Jorge_Ferreia/Gabriel_Jorge_Ferreia_0001.jpg,Zulfiqar_Ahmed/Zulfiqar_Ahmed_0001.jpg,0,0.00458087
Gary_Doer/Gary_Doer_0003.jpg,Wang_Hailan/Wang_Hailan_0001.jpg,0,-0.03293716
Gary_Sinise/Gary_Sinise_0001.jpg,Roy_Halladay/Roy_Halladay_0001.jpg,0,0.13260940
Gene_Hackman/Gene_Hackman_0001.jpg,Queen_Noor/Queen_Noor_0001.jpg,0,0.01193911
Gene_Sauers/Gene_Sauers_0001.jpg,Gina_Centrello/Gina_Centrello_0001.jpg,0,-0.06662123
Geoff_Dixon/Geoff_Dixon_0001.jpg,Jean_Todt/Jean_Todt_0001.jpg,0,0.17850366
George_Allen/George_Allen_0001.jpg,Roy_Halladay/Roy_Halladay_0001.jpg,0,0.06964985
George_Allen/George_Allen_0001.jpg,Wan_Yanhai/Wan_Yanhai_0001.jpg,0,0.22098604
George_Harrison/George_Harrison_0001.jpg,Robert_Lee_Yates_Jr/Robert_Lee_Yates_Jr_0001.jpg,0,0.07293251
Georgi_Parvanov/Georgi_Parvanov_0001.jpg,Luis_Fonsi/Luis_Fonsi_0001.jpg,0,0.00385158
Gianni_Agnelli/Gianni_Agnelli_0001.jpg,Marco_Irizarry/Marco_Irizarry_0001.jpg,0,0.09043932
Gilberto_Simoni/Gilberto_Simoni_0001.jpg,Julio_Cesar_Chavez/Julio_Cesar_Chavez_0001.jpg,0,0.23057491
Gong_Ruina/Gong_Ruina_0001.jpg,Hong_Myung/Hong_Myung_0001.jpg,0,-0.02247450
Gong_Ruina/Gong_Ruina_0001.jpg,Qian_Qichen/Qian_Qichen_0001.jpg,0,0.12383621
Gro_Harlem_Brundtland/Gro_Harlem_Brundtland_0002.jpg,Turner_Gill/Turner_Gill_0001.jpg,0,0.08107173
Hector_Grullon/Hector_Grullon_0001.jpg,Jeong_Se-hyun/Jeong_Se-hyun_0009.jpg,0,0.40503025
Henk_Bekedam/Henk_Bekedam_0001.jpg,Koichi_Haraguchi/Koichi_Haraguchi_0001.jpg,0,0.22993410
Henk_Bekedam/Henk_Bekedam_0001.jpg,Manuel_Gehring/Manuel_Gehring_0001.jpg,0,0.11037809
Henk_Bekedam/Henk_Bekedam_0001.jpg,Michael_Kirby/Michael_Kirby_0001.jpg,0,0.12276533
Hiroki_Gomi/Hiroki_Gomi_0001.jpg,Kenneth_Cooper/Kenneth_Cooper_0001.jpg,0,0.13116318
Hiroki_Gomi/Hiroki_Gomi_0001.jpg,Sophia_Loren/Sophia_Loren_0002.jpg,0,0.18043113
Irina_Lobacheva/Irina_Lobacheva_0001.jpg,Steve_Allan/Steve_Allan_0001.jpg,0,0.04345576
Ismail_Cem/Ismail_Cem_0001.jpg,Linda_Amicangioli/Linda_Amicangioli_0001.jpg,0,-0.02830864
Jack_Osbourne/Jack_Osbourne_0001.jpg,Kent_McCord/Kent_McCord_0001.jpg,0,0.00235639
Jack_Straw/Jack_Straw_0001.jpg,Manuel_Gehring/Manuel_Gehring_0001.jpg,0,0.27270830
Jack_Straw/Jack_Straw_0003.jpg,Norman_Mineta/Norman_Mineta_0001.jpg,0,0.11183985
James_Ballenger/James_Ballenger_0001.jpg,Raza_Rabbani/Raza_Rabbani_0001.jpg,0,0.06226087
James_Coviello/James_Coviello_0001.jpg,Judith_Nathan/Judith_Nathan_0001.jpg,0,-0.10689440
James_Coviello/James_Coviello_0001.jpg,Robert_F_Kennedy_Jr/Robert_F_Kennedy_Jr_0001.jpg,0,0.13852881
James_Morris/James_Morris_0002.jpg,Silvio_Fernandez/Silvio_Fernandez_0002.jpg,0,0.05257245
James_Schultz/James_Schultz_0001.jpg,Tim_Curley/Tim_Curley_0001.jpg,0,0.22995369
James_W_Kennedy/James_W_Kennedy_0001.jpg,John_Connolly/John_Connolly_0001.jpg,0,0.23156223
James_W_Kennedy/James_W_Kennedy_0001.jpg,Toutai_Kefu/Toutai_Kefu_0001.jpg,0,0.07516472
James_Williams/James_Williams_0001.jpg,Phillip_Seymor_Hoffmann/Phillip_Seymor_Hoffmann_0001.jpg,0,0.31219205
James_Williams/James_Williams_0001.jpg,Shaun_Pollock/Shaun_Pollock_0001.jpg,0,0.12658243
Jan_Ullrich/Jan_Ullrich_0003.jpg,Javier_Weber/Javier_Weber_0001.jpg,0,0.03879051
Jane_Menelaus/Jane_Menelaus_0001.jpg,Junichiro_Koizumi/Junichiro_Koizumi_0042.jpg,0,-0.00999942
Jane_Menelaus/Jane_Menelaus_0001.jpg,Sophia_Loren/Sophia_Loren_0001.jpg,0,0.16353616
Jason_Petty/Jason_Petty_0001.jpg,Mayumi_Moriyama/Mayumi_Moriyama_0001.jpg,0,-0.11508295
Jean_Todt/Jean_Todt_0001.jpg,Roger_Etchegaray/Roger_Etchegaray_0001.jpg,0,0.03202450
Jennifer_Pena/Jennifer_Pena_0001.jpg,Sonia_Lopez/Sonia_Lopez_0001.jpg,0,0.24966182
Jennifer_Pena/Jennifer_Pena_0001.jpg,Tony_LaRussa/Tony_LaRussa_0001.jpg,0,0.07352756
Jennifer_Rodriguez/Jennifer_Rodriguez_0001.jpg,Terry_Gilliam/Terry_Gilliam_0001.jpg,0,-0.00901675
Jennifer_Rodriguez/Jennifer_Rodriguez_0002.jpg,Joanna_Poitier/Joanna_Poitier_0001.jpg,0,0.10960612
Jennifer_Rodriguez/Jennifer_Rodriguez_0002.jpg,Tony_Fernandes/Tony_Fernandes_0001.jpg,0,-0.03351710
Jerome_Golmard/Jerome_Golmard_0001.jpg,Kristin_Chenoweth/Kristin_Chenoweth_0001.jpg,0,0.03127694
Jewel_Howard-Taylor/Jewel_Howard-Taylor_0001.jpg,Ken_Kutaragi/Ken_Kutaragi_0001.jpg,0,0.27266991
Jim_Parque/Jim_Parque_0001.jpg,Michael_Adams/Michael_Adams_0001.jpg,0,0.06734605
Jim_Parque/Jim_Parque_0001.jpg,Rachel_Leigh_Cook/Rachel_Leigh_Cook_0001.jpg,0,0.09562524
Jim_Ryan/Jim_Ryan_0001.jpg,Luis_Berrondo/Luis_Berrondo_0001.jpg,0,0.09084247
Jimmy_Gobble/Jimmy_Gobble_0001.jpg,Robert_De_Niro/Robert_De_Niro_0005.jpg,0,0.09709871
Joan_Collins/Joan_Collins_0001.jpg,Zydrunas_Ilgauskas/Zydrunas_Ilgauskas_0001.jpg,0,-0.05210825
Joan_Jett/Joan_Jett_0001.jpg,Kevin_James/Kevin_James_0001.jpg,0,-0.10916120
Joanna_Poitier/Joanna_Poitier_0001.jpg,Michael_Moore/Michael_Moore_0001.jpg,0,0.04636278
Joe_Lieberman/Joe_Lieberman_0010.jpg,Joe_Mantello/Joe_Mantello_0001.jpg,0,0.00029277
Johannes_Rau/Johannes_Rau_0001.jpg,Oleksandr_Moroz/Oleksandr_Moroz_0001.jpg,0,0.20092304
John_Connolly/John_Connolly_0001.jpg,Mel_Gibson/Mel_Gibson_0001.jpg,0,0.13797069
John_Connolly/John_Connolly_0001.jpg,Michael_Moore/Michael_Moore_0003.jpg,0,0.15018895
John_Connolly/John_Connolly_0001.jpg,Norman_Mineta/Norman_Mineta_0001.jpg,0,0.24929190
John_Connolly/John_Connolly_0001.jpg,Uzi_Even/Uzi_Even_0001.jpg,0,0.25805387
John_Cruz/John_Cruz_0001.jpg,Sean_Astin/Sean_Astin_0003.jpg,0,0.10005852
John_Cruz/John_Cruz_0001.jpg,Steven_Briggs/Steven_Briggs_0001.jpg,0,0.16637394
John_Hartson/John_Hartson_0001.jpg,Oscar_Elias_Biscet/Oscar_Elias_Biscet_0002.jpg,0,0.06835364
Joseph_Deiss/Joseph_Deiss_0001.jpg,Tony_Fernandes/Tony_Fernandes_0001.jpg,0,0.03221894
Joseph_Lopez/Joseph_Lopez_0001.jpg,Rick_Pitino/Rick_Pitino_0001.jpg,0,0.15119588
Julian_Fantino/Julian_Fantino_0001.jpg,Quin_Snyder/Quin_Snyder_0001.jpg,0,-0.06984119
Julio_Cesar_Chavez/Julio_Cesar_Chavez_0001.jpg,Tom_Brennan/Tom_Brennan_0001.jpg,0,0.02749432
Junichi_Inamoto/Junichi_Inamoto_0001.jpg,Oleg_Romantsev/Oleg_Romantsev_0001.jpg,0,0.14607389
Junichiro_Koizumi/Junichiro_Koizumi_0020.jpg,Tony_Fernandes/Tony_Fernandes_0001.jpg,0,0.05740780
Karen_Clarkson/Karen_Clarkson_0001.jpg,Kristen_Breitweiser/Kristen_Breitweiser_0003.jpg,0,0.10574570
Karol_Kucera/Karol_Kucera_0001.jpg,Qian_Qichen/Qian_Qichen_0001.jpg,0,-0.03449000
Karol_Kucera/Karol_Kucera_0001.jpg,Turner_Gill/Turner_Gill_0001.jpg,0,0.06234299
Katrin_Cartlidge/Katrin_Cartlidge_0001.jpg,Tony_LaRussa/Tony_LaRussa_0001.jpg,0,0.15803120
Keith_Osik/Keith_Osik_0001.jpg,Pupi_Avati/Pupi_Avati_0001.jpg,0,-0.00051490
Kenneth_Cooper/Kenneth_Cooper_0001.jpg,Norman_Mineta/Norman_Mineta_0001.jpg,0,0.01337311
Kent_McCord/Kent_McCord_0001.jpg,Natasha_Henstridge/Natasha_Henstridge_0001.jpg,0,0.03755065
Kevin_James/Kevin_James_0001.jpg,Roy_Halladay/Roy_Halladay_0001.jpg,0,0.24553490
Kevin_James/Kevin_James_0001.jpg,Suzanne_Haik_Terrell/Suzanne_Haik_Terrell_0001.jpg,0,0.09365115
Kevin_James/Kevin_James_0001.jpg,Yang_Jianli/Yang_Jianli_0001.jpg,0,0.15990560
Kevin_Spacey/Kevin_Spacey_0002.jpg,Ray_Evernham/Ray_Evernham_0001.jpg,0,0.21986845
Koji_Uehara/Koji_Uehara_0001.jpg,Rob_Moore/Rob_Moore_0001.jpg,0,0.08118348
Krishna_Bhadur_Mahara/Krishna_Bhadur_Mahara_0001.jpg,Peter_Holmberg/Peter_Holmberg_0001.jpg,0,0.23308666
Krishna_Bhadur_Mahara/Krishna_Bhadur_Mahara_0001.jpg,Silvio_Fernandez/Silvio_Fernandez_0002.jpg,0,0.22290325
Kristen_Breitweiser/Kristen_Breitweiser_0001.jpg,Tatiana_Shchegoleva/Tatiana_Shchegoleva_0001.jpg,0,0.30126107
Laila_Ali/Laila_Ali_0003.jpg,Tony_Fernandes/Tony_Fernandes_0001.jpg,0,0.26775485
Larry_Johnson/Larry_Johnson_0001.jpg,Terry_Gilliam/Terry_Gilliam_0001.jpg,0,0.04806210
Larry_Johnson/Larry_Johnson_0002.jpg,Marc_Racicot/Marc_Racicot_0001.jpg,0,0.22279662
Larry_Johnson/Larry_Johnson_0002.jpg,Tom_Hanusik/Tom_Hanusik_0001.jpg,0,0.23271057
Lars_Von_Trier/Lars_Von_Trier_0001.jpg,Zhang_Wenkang/Zhang_Wenkang_0002.jpg,0,0.20165019
Leander_Paes/Leander_Paes_0001.jpg,Ralph_Firman/Ralph_Firman_0001.jpg,0,0.14511582
Leo_Ramirez/Leo_Ramirez_0001.jpg,Sabah_Al-Ahmad_Al-Jaber_Al-Sabah/Sabah_Al-Ahmad_Al-Jaber_Al-Sabah_0001.jpg,0,0.06896660
Leonardo_Del_Vecchio/Leonardo_Del_Vecchio_0001.jpg,Maggie_Smith/Maggie_Smith_0001.jpg,0,0.06383851
Leonardo_Del_Vecchio/Leonardo_Del_Vecchio_0001.jpg,Tatiana_Shchegoleva/Tatiana_Shchegoleva_0001.jpg,0,0.05200042
Liam_Neeson/Liam_Neeson_0001.jpg,Paul_Kagame/Paul_Kagame_0002.jpg,0,0.12277351
Lokendra_Bahadur_Chand/Lokendra_Bahadur_Chand_0001.jpg,Steffeny_Holtz/Steffeny_Holtz_0001.jpg,0,-0.01627990
Louis_Van_Gaal/Louis_Van_Gaal_0001.jpg,Natasha_Henstridge/Natasha_Henstridge_0001.jpg,0,-0.01789059
Lubomir_Zaoralek/Lubomir_Zaoralek_0001.jpg,Luis_Berrondo/Luis_Berrondo_0001.jpg,0,-0.05012158
Lubomir_Zaoralek/Lubomir_Zaoralek_0001.jpg,William_Umbach/William_Umbach_0001.jpg,0,0.06385538
Luis_Berrondo/Luis_Berrondo_0001.jpg,Rita_Moreno/Rita_Moreno_0002.jpg,0,-0.02065480
Luis_Fonsi/Luis_Fonsi_0001.jpg,Oscar_DLeon/Oscar_DLeon_0001.jpg,0,0.01257137
Luis_Fonsi/Luis_Fonsi_0001.jpg,Steven_Briggs/Steven_Briggs_0001.jpg,0,0.09448367
Luis_Rosario_Huertas/Luis_Rosario_Huertas_0001.jpg,Mary_Steenburgen/Mary_Steenburgen_0002.jpg,0,0.03812566
Makiko_Tanaka/Makiko_Tanaka_0001.jpg,Peter_Greenaway/Peter_Greenaway_0001.jpg,0,0.05722751
Manijeh_Hekmat/Manijeh_Hekmat_0001.jpg,Roger_Winter/Roger_Winter_0001.jpg,0,0.09376340
Manijeh_Hekmat/Manijeh_Hekmat_0001.jpg,T_Boone_Pickens/T_Boone_Pickens_0001.jpg,0,-0.06565244
Marcelo_Salas/Marcelo_Salas_0002.jpg,Tara_VanDerveer/Tara_VanDerveer_0001.jpg,0,0.12951756
Marco_Irizarry/Marco_Irizarry_0001.jpg,Yang_Jianli/Yang_Jianli_0001.jpg,0,0.06057995
Mariangel_Ruiz_Torrealba/Mariangel_Ruiz_Torrealba_0003.jpg,Pupi_Avati/Pupi_Avati_0001.jpg,0,-0.04852942
Marisa_Tomei/Marisa_Tomei_0002.jpg,Peter_Costello/Peter_Costello_0002.jpg,0,-0.03287444
Mark_Polansky/Mark_Polansky_0001.jpg,Miranda_Gaddis/Miranda_Gaddis_0001.jpg,0,0.16207542
Mary_Landrieu/Mary_Landrieu_0003.jpg,Percy_Gibson/Percy_Gibson_0001.jpg,0,0.03087510
Mathilda_Karel_Spak/Mathilda_Karel_Spak_0001.jpg,Mauricio_Macri/Mauricio_Macri_0001.jpg,0,0.01097868
Mathilda_Karel_Spak/Mathilda_Karel_Spak_0001.jpg,Tamara_Brooks/Tamara_Brooks_0002.jpg,0,-0.00204486
Matt_Welsh/Matt_Welsh_0001.jpg,Randy_Johnson/Randy_Johnson_0001.jpg,0,0.20809048
Mel_Brooks/Mel_Brooks_0002.jpg,Shoshana_Johnson/Shoshana_Johnson_0001.jpg,0,-0.06950291
Michael_Kirby/Michael_Kirby_0001.jpg,Ranil_Wickremasinghe/Ranil_Wickremasinghe_0002.jpg,0,-0.01343060
Michael_Sheehan/Michael_Sheehan_0001.jpg,Robert_Hanssen/Robert_Hanssen_0001.jpg,0,0.05525560
Michel_Duclos/Michel_Duclos_0001.jpg,Quin_Snyder/Quin_Snyder_0001.jpg,0,0.06929499
Michel_Duclos/Michel_Duclos_0001.jpg,Suh_Young-hoon/Suh_Young-hoon_0001.jpg,0,0.15504584
Mike_Gable/Mike_Gable_0001.jpg,Mohamed_Hammam/Mohamed_Hammam_0001.jpg,0,-0.10617322
Mikhail_Khodorkovsky/Mikhail_Khodorkovsky_0001.jpg,Rita_Moreno/Rita_Moreno_0002.jpg,0,0.14084241
Mireya_Moscoso/Mireya_Moscoso_0004.jpg,San_Lan/San_Lan_0001.jpg,0,-0.05010346
Mohamed_Hammam/Mohamed_Hammam_0001.jpg,Roger_Moore/Roger_Moore_0004.jpg,0,0.08267228
Nabil_Shaath/Nabil_Shaath_0003.jpg,Silvie_Cabero/Silvie_Cabero_0001.jpg,0,0.09830665
Naomi_Hayashi/Naomi_Hayashi_0001.jpg,Prakash_Hinduja/Prakash_Hinduja_0001.jpg,0,0.06854793
Natalya_Sazanovich/Natalya_Sazanovich_0001.jpg,Pupi_Avati/Pupi_Avati_0004.jpg,0,-0.11451923
Nikki_Teasley/Nikki_Teasley_0001.jpg,Ryan_Goodman/Ryan_Goodman_0001.jpg,0,0.01321150
Oleksandr_Moroz/Oleksandr_Moroz_0001.jpg,Robert_De_Niro/Robert_De_Niro_0001.jpg,0,-0.00498971
Oscar_DLeon/Oscar_DLeon_0001.jpg,Steven_Curtis_Chapman/Steven_Curtis_Chapman_0001.jpg,0,-0.01172551
Paul_Byrd/Paul_Byrd_0001.jpg,Wolfgang_Schwarz/Wolfgang_Schwarz_0001.jpg,0,0.08991510
Paul_Wollnough/Paul_Wollnough_0001.jpg,Philip_Cummings/Philip_Cummings_0001.jpg,0,0.15336046
Paul_Wollnough/Paul_Wollnough_0001.jpg,Yuvraj_Singh/Yuvraj_Singh_0001.jpg,0,0.13997424
Penelope_Taylor/Penelope_Taylor_0001.jpg,Wang_Fei/Wang_Fei_0001.jpg,0,0.08278856
Peter_Caruana/Peter_Caruana_0001.jpg,Philip_Cummings/Philip_Cummings_0001.jpg,0,0.11601462
Phillip_Seymor_Hoffmann/Phillip_Seymor_Hoffmann_0001.jpg,Silvio_Fernandez/Silvio_Fernandez_0001.jpg,0,-0.10050372
Phillips_Idowu/Phillips_Idowu_0001.jpg,Prince_Naruhito/Prince_Naruhito_0002.jpg,0,0.06339580
Princess_Masako/Princess_Masako_0002.jpg,Thomas_Wilkens/Thomas_Wilkens_0001.jpg,0,-0.10412160
Quin_Snyder/Quin_Snyder_0001.jpg,Vagit_Alekperov/Vagit_Alekperov_0001.jpg,0,-0.02126355
Ranil_Wickremasinghe/Ranil_Wickremasinghe_0003.jpg,Stacy_Nelson/Stacy_Nelson_0001.jpg,0,0.17614523
Reina_Hayes/Reina_Hayes_0001.jpg,Steffeny_Holtz/Steffeny_Holtz_0001.jpg,0,0.13269961
Rick_Pitino/Rick_Pitino_0003.jpg,Tony_Clement/Tony_Clement_0001.jpg,0,-0.00281848
Ricky_Martin/Ricky_Martin_0002.jpg,Roger_Etchegaray/Roger_Etchegaray_0001.jpg,0,0.01229782
Robert_F_Kennedy_Jr/Robert_F_Kennedy_Jr_0001.jpg,Ron_Dittemore/Ron_Dittemore_0001.jpg,0,0.00526004
Sidney_Poitier/Sidney_Poitier_0001.jpg,Svend_Aage_Jensby/Svend_Aage_Jensby_0001.jpg,0,0.05389163
Aaron_Tippin/Aaron_Tippin_0001.jpg,Enos_Slaughter/Enos_Slaughter_0001.jpg,0,0.04490408
Aaron_Tippin/Aaron_Tippin_0001.jpg,Juan_Carlos_Ortega/Juan_Carlos_Ortega_0001.jpg,0,0.16294473
Aaron_Tippin/Aaron_Tippin_0001.jpg,Marlon_Devonish/Marlon_Devonish_0001.jpg,0,0.14465687
Adam_Ant/Adam_Ant_0001.jpg,John_Perrota/John_Perrota_0001.jpg,0,-0.02147584
Adam_Ant/Adam_Ant_0001.jpg,Noel_Forgeard/Noel_Forgeard_0001.jpg,0,0.09540395
Adam_Ant/Adam_Ant_0001.jpg,Richard_Regenhard/Richard_Regenhard_0001.jpg,0,0.06428747
Adam_Mair/Adam_Mair_0001.jpg,Daniel_Osorno/Daniel_Osorno_0001.jpg,0,0.17246041
Adoor_Gopalakarishnan/Adoor_Gopalakarishnan_0001.jpg,Nathalia_Gillot/Nathalia_Gillot_0001.jpg,0,0.08029506
Alain_Ducasse/Alain_Ducasse_0001.jpg,Paul_ONeill/Paul_ONeill_0002.jpg,0,-0.03331627
Alan_Greer/Alan_Greer_0001.jpg,Alan_Trammell/Alan_Trammell_0001.jpg,0,-0.04224743
Alan_Greer/Alan_Greer_0001.jpg,Bob_Hayes/Bob_Hayes_0001.jpg,0,-0.13711408
Alan_Trammell/Alan_Trammell_0001.jpg,Heidi_Fleiss/Heidi_Fleiss_0002.jpg,0,0.07287887
Alan_Trammell/Alan_Trammell_0001.jpg,Julie_Taymor/Julie_Taymor_0002.jpg,0,0.00677522
Aldo_Paredes/Aldo_Paredes_0001.jpg,Suzanne_Mubarak/Suzanne_Mubarak_0001.jpg,0,0.24592198
Aldo_Paredes/Aldo_Paredes_0002.jpg,Zafarullah_Khan_Jamali/Zafarullah_Khan_Jamali_0001.jpg,0,0.04440264
Alecos_Markides/Alecos_Markides_0001.jpg,Darryl_Stingley/Darryl_Stingley_0001.jpg,0,0.16323835
Alecos_Markides/Alecos_Markides_0001.jpg,Wolfgang_Schneiderhan/Wolfgang_Schneiderhan_0001.jpg,0,0.25318921
Alejandro_Avila/Alejandro_Avila_0003.jpg,Benjamin_Franklin/Benjamin_Franklin_0001.jpg,0,0.06548052
Alejandro_Avila/Alejandro_Avila_0003.jpg,Darrell_Porter/Darrell_Porter_0001.jpg,0,0.19240910
Alek_Wek/Alek_Wek_0001.jpg,Barbara_Bodine/Barbara_Bodine_0001.jpg,0,0.02780912
Alek_Wek/Alek_Wek_0001.jpg,Nasser_al-Kidwa/Nasser_al-Kidwa_0001.jpg,0,0.02245920
Alek_Wek/Alek_Wek_0001.jpg,Ray_Bradbury/Ray_Bradbury_0001.jpg,0,-0.11242195
Alina_Kabaeva/Alina_Kabaeva_0001.jpg,Donald_Trump/Donald_Trump_0001.jpg,0,0.09170315
Alina_Kabaeva/Alina_Kabaeva_0001.jpg,Jayson_Williams/Jayson_Williams_0002.jpg,0,0.03838715
Alyse_Beaupre/Alyse_Beaupre_0001.jpg,Elmar_Brok/Elmar_Brok_0001.jpg,0,0.20437762
Alyse_Beaupre/Alyse_Beaupre_0001.jpg,Helo_Pinheiro/Helo_Pinheiro_0001.jpg,0,-0.03199920
Alyse_Beaupre/Alyse_Beaupre_0001.jpg,Hunter_Bates/Hunter_Bates_0001.jpg,0,0.13494210
Ambrose_Lee/Ambrose_Lee_0001.jpg,Ben_Chandler/Ben_Chandler_0001.jpg,0,-0.03927124
Amy_Gale/Amy_Gale_0001.jpg,Herman_Edwards/Herman_Edwards_0001.jpg,0,-0.07295082
Anastasia_Kelesidou/Anastasia_Kelesidou_0001.jpg,Brendan_Hansen/Brendan_Hansen_0002.jpg,0,0.30201828
Anastasia_Kelesidou/Anastasia_Kelesidou_0001.jpg,Thomas_Wyman/Thomas_Wyman_0002.jpg,0,0.09506716
Andrew_Niccol/Andrew_Niccol_0001.jpg,Prince_Felipe/Prince_Felipe_0001.jpg,0,0.11306565
Andrew_Sabey/Andrew_Sabey_0001.jpg,Federico_Castelan_Sayre/Federico_Castelan_Sayre_0001.jpg,0,-0.06138017
Andrew_Sabey/Andrew_Sabey_0001.jpg,Greg_Rusedski/Greg_Rusedski_0001.jpg,0,0.28532580
Andy_Madikians/Andy_Madikians_0001.jpg,Jon_Gruden/Jon_Gruden_0001.jpg,0,0.10322871
Andy_Madikians/Andy_Madikians_0001.jpg,Pedro_Alvarez/Pedro_Alvarez_0001.jpg,0,0.07763575
Andy_Madikians/Andy_Madikians_0001.jpg,Pierce_Brosnan/Pierce_Brosnan_0001.jpg,0,0.11285092
Andy_Perez/Andy_Perez_0001.jpg,Elena_Dementieva/Elena_Dementieva_0001.jpg,0,0.14395761
Andy_Perez/Andy_Perez_0001.jpg,Stephen_Joseph/Stephen_Joseph_0001.jpg,0,0.06359966
Angie_Martinez/Angie_Martinez_0001.jpg,Ruth_Pearce/Ruth_Pearce_0001.jpg,0,0.08024540
Ann_Godbehere/Ann_Godbehere_0001.jpg,Tom_Watson/Tom_Watson_0001.jpg,0,0.07177646
Anne_McLellan/Anne_McLellan_0001.jpg,Tim_Howard/Tim_Howard_0001.jpg,0,-0.16696896
Annette_Bening/Annette_Bening_0001.jpg,Ross_Verba/Ross_Verba_0001.jpg,0,-0.03208043
Anthony_Hopkins/Anthony_Hopkins_0002.jpg,Orlando_Bloom/Orlando_Bloom_0001.jpg,0,0.00206735
Antonio_Bernardo/Antonio_Bernardo_0001.jpg,Billy_Donovan/Billy_Donovan_0001.jpg,0,0.13321528
Antonio_Bernardo/Antonio_Bernardo_0001.jpg,Dwain_Kyles/Dwain_Kyles_0001.jpg,0,0.19543901
Antonio_Bernardo/Antonio_Bernardo_0001.jpg,Elizabeth_Hill/Elizabeth_Hill_0001.jpg,0,0.01333484
Antonio_Bernardo/Antonio_Bernardo_0001.jpg,Guy_Hemmings/Guy_Hemmings_0001.jpg,0,0.20137072
Antonio_Bernardo/Antonio_Bernardo_0001.jpg,Kareena_Kapoor/Kareena_Kapoor_0001.jpg,0,-0.07826365
Anzori_Kikalishvili/Anzori_Kikalishvili_0001.jpg,Carlos_Quintanilla_Schmidt/Carlos_Quintanilla_Schmidt_0002.jpg,0,0.18848856
Anzori_Kikalishvili/Anzori_Kikalishvili_0001.jpg,Earl_Fritts/Earl_Fritts_0001.jpg,0,0.30430353
Anzori_Kikalishvili/Anzori_Kikalishvili_0001.jpg,Salman_Rushdie/Salman_Rushdie_0001.jpg,0,0.00295145
Aram_Adler/Aram_Adler_0001.jpg,Cesar_Gaviria/Cesar_Gaviria_0003.jpg,0,0.08199652
Aram_Adler/Aram_Adler_0001.jpg,Deepa_Mehta/Deepa_Mehta_0001.jpg,0,0.08029019
Arie_Haan/Arie_Haan_0001.jpg,Tony_Parker/Tony_Parker_0002.jpg,0,0.02174235
Ariel_Sharon/Ariel_Sharon_0030.jpg,David_Ballantyne/David_Ballantyne_0001.jpg,0,0.23993529
Art_Hoffmann/Art_Hoffmann_0002.jpg,Juan_Carlos_Ortega/Juan_Carlos_Ortega_0001.jpg,0,-0.11747891
Atiabet_Ijan_Amabel/Atiabet_Ijan_Amabel_0001.jpg,John_Perrota/John_Perrota_0001.jpg,0,-0.03995842
Augustin_Calleri/Augustin_Calleri_0003.jpg,Lee_Jun/Lee_Jun_0002.jpg,0,-0.08371811
Barry_Nakell/Barry_Nakell_0001.jpg,Maria_Simon/Maria_Simon_0001.jpg,0,-0.05941501
Basdeo_Panday/Basdeo_Panday_0001.jpg,Filippo_Volandri/Filippo_Volandri_0001.jpg,0,0.11570597
Ben_Betts/Ben_Betts_0001.jpg,Kimi_Raikkonen/Kimi_Raikkonen_0003.jpg,0,0.24209167
Ben_Braun/Ben_Braun_0001.jpg,Cecilia_Chang/Cecilia_Chang_0001.jpg,0,-0.09582800
Ben_Braun/Ben_Braun_0001.jpg,Horace_Newcomb/Horace_Newcomb_0001.jpg,0,0.11101340
Ben_Chandler/Ben_Chandler_0001.jpg,Larry_Hagman/Larry_Hagman_0001.jpg,0,-0.03187849
Ben_Lee/Ben_Lee_0001.jpg,Horace_Newcomb/Horace_Newcomb_0001.jpg,0,0.06252892
Ben_Stein/Ben_Stein_0001.jpg,David_Canary/David_Canary_0001.jpg,0,0.11391538
Ben_Stein/Ben_Stein_0001.jpg,Lionel_Richie/Lionel_Richie_0002.jpg,0,0.05922890
Bernadette_Peters/Bernadette_Peters_0001.jpg,Ed_Smart/Ed_Smart_0001.jpg,0,0.06453986
Bertie_Ahern/Bertie_Ahern_0004.jpg,Jim_Leach/Jim_Leach_0001.jpg,0,0.09494282
Bill_OReilly/Bill_OReilly_0001.jpg,Jim_Wessling/Jim_Wessling_0001.jpg,0,0.19370821
Billy_Boyd/Billy_Boyd_0001.jpg,Sid_Caesar/Sid_Caesar_0001.jpg,0,0.23818621
Billy_Donovan/Billy_Donovan_0001.jpg,Brandon_Spann/Brandon_Spann_0001.jpg,0,0.07684477
Billy_Donovan/Billy_Donovan_0001.jpg,Cabas/Cabas_0001.jpg,0,0.33726606
Billy_Donovan/Billy_Donovan_0001.jpg,William_Nessen/William_Nessen_0001.jpg,0,-0.03348104
Binyamin_Ben-Eliezer/Binyamin_Ben-Eliezer_0001.jpg,Jenny_Romero/Jenny_Romero_0001.jpg,0,0.02607668
Bo_Ryan/Bo_Ryan_0002.jpg,Heidi_Fleiss/Heidi_Fleiss_0003.jpg,0,0.00879788
Bob_Beauprez/Bob_Beauprez_0002.jpg,Hedayat_Amin_Arsala/Hedayat_Amin_Arsala_0001.jpg,0,0.08175989
Bob_Beauprez/Bob_Beauprez_0002.jpg,John_Norquist/John_Norquist_0001.jpg,0,0.21889268
Bob_Hayes/Bob_Hayes_0001.jpg,Zhu_Rongji/Zhu_Rongji_0008.jpg,0,0.16193339
Brady_Rodgers/Brady_Rodgers_0001.jpg,Jenna_Elfman/Jenna_Elfman_0001.jpg,0,0.02318524
Brandon_Larson/Brandon_Larson_0001.jpg,Chita_Rivera/Chita_Rivera_0001.jpg,0,0.09512718
Brendan_Hansen/Brendan_Hansen_0002.jpg,Dorothy_Wilson/Dorothy_Wilson_0001.jpg,0,0.08046055
Caio_Blat/Caio_Blat_0001.jpg,Sanja_Papic/Sanja_Papic_0001.jpg,0,0.11701423
Carlos_Quintanilla_Schmidt/Carlos_Quintanilla_Schmidt_0001.jpg,Nova_Esther_Guthrie/Nova_Esther_Guthrie_0001.jpg,0,0.12587711
Carlos_Quintanilla_Schmidt/Carlos_Quintanilla_Schmidt_0002.jpg,Chris_Thomas/Chris_Thomas_0001.jpg,0,-0.13020176
Carroll_Weimer/Carroll_Weimer_0001.jpg,Chris_Pronger/Chris_Pronger_0001.jpg,0,-0.03502804
Carroll_Weimer/Carroll_Weimer_0001.jpg,Debbie_Reynolds/Debbie_Reynolds_0002.jpg,0,-0.05328424
Cecilia_Bolocco/Cecilia_Bolocco_0001.jpg,John_Perrota/John_Perrota_0001.jpg,0,0.08328128
Cecilia_Bolocco/Cecilia_Bolocco_0001.jpg,Kurt_Schottenheimer/Kurt_Schottenheimer_0001.jpg,0,0.07839473
Celia_Cruz/Celia_Cruz_0001.jpg,Rob_Ramsay/Rob_Ramsay_0001.jpg,0,0.10898764
Charlie_Zaa/Charlie_Zaa_0002.jpg,Theo_Epstein/Theo_Epstein_0002.jpg,0,0.16499752
Chris_Pronger/Chris_Pronger_0001.jpg,Edgar_Savisaar/Edgar_Savisaar_0001.jpg,0,0.24401987
Christian_Longo/Christian_Longo_0002.jpg,David_Carradine/David_Carradine_0001.jpg,0,0.03468382
Christian_Wulff/Christian_Wulff_0002.jpg,Kjell_Magne_Bondevik/Kjell_Magne_Bondevik_0003.jpg,0,0.30649364
Cindy_Klassen/Cindy_Klassen_0001.jpg,Val_Ackerman/Val_Ackerman_0001.jpg,0,0.19998799
Cindy_Taylor/Cindy_Taylor_0001.jpg,Fabian_Vargas/Fabian_Vargas_0001.jpg,0,0.15356719
Claudette_Robinson/Claudette_Robinson_0001.jpg,Eric_Fehr/Eric_Fehr_0001.jpg,0,0.23568127
Clifford_Robinson/Clifford_Robinson_0001.jpg,Magdalena_Maleeva/Magdalena_Maleeva_0002.jpg,0,-0.02570217
Clifford_Robinson/Clifford_Robinson_0001.jpg,Shirley_Jones/Shirley_Jones_0001.jpg,0,0.06130549
Clifford_Robinson/Clifford_Robinson_0001.jpg,Tim_Howard/Tim_Howard_0001.jpg,0,-0.01898679
Colin_Jackson/Colin_Jackson_0001.jpg,Marcelo_Ebrard/Marcelo_Ebrard_0003.jpg,0,0.09686440
Colin_Jackson/Colin_Jackson_0002.jpg,Hunter_Bates/Hunter_Bates_0001.jpg,0,-0.06603555
Columba_Bush/Columba_Bush_0001.jpg,Larry_Anderson/Larry_Anderson_0001.jpg,0,0.19814125
Columba_Bush/Columba_Bush_0001.jpg,Neil_Goldman/Neil_Goldman_0001.jpg,0,-0.08942159
Craig_Fitzgibbon/Craig_Fitzgibbon_0001.jpg,Joe_Dumars/Joe_Dumars_0001.jpg,0,0.09703278
Cristian_Barros/Cristian_Barros_0001.jpg,Steve_Largent/Steve_Largent_0001.jpg,0,-0.08625773
Curtis_Strange/Curtis_Strange_0001.jpg,Kurt_Schottenheimer/Kurt_Schottenheimer_0001.jpg,0,0.04163815
Curtis_Strange/Curtis_Strange_0001.jpg,Raul_Chacon/Raul_Chacon_0001.jpg,0,0.26202196
Dan_Kellner/Dan_Kellner_0001.jpg,Freda_Black/Freda_Black_0001.jpg,0,0.07036258
Dan_LaCoutre/Dan_LaCoutre_0001.jpg,Gustavo_Kuerten/Gustavo_Kuerten_0002.jpg,0,0.28148311
Dan_Monson/Dan_Monson_0001.jpg,Jim_Flaherty/Jim_Flaherty_0001.jpg,0,0.11680319
Dan_Monson/Dan_Monson_0001.jpg,Rafael_Vinoly/Rafael_Vinoly_0001.jpg,0,0.06933054
Darrell_Porter/Darrell_Porter_0002.jpg,Robert_Towne/Robert_Towne_0001.jpg,0,0.15363695
Dave_Campo/Dave_Campo_0002.jpg,Jenny_Romero/Jenny_Romero_0001.jpg,0,0.04278798
David_Ballantyne/David_Ballantyne_0001.jpg,Diana_Taurasi/Diana_Taurasi_0002.jpg,0,-0.03653335
David_Carradine/David_Carradine_0001.jpg,Kobe_Bryant/Kobe_Bryant_0001.jpg,0,0.06419349
David_Dodge/David_Dodge_0001.jpg,Francois_Botha/Francois_Botha_0001.jpg,0,0.23127854
David_Dodge/David_Dodge_0001.jpg,Larry_Anderson/Larry_Anderson_0001.jpg,0,0.15957092
David_Dodge/David_Dodge_0002.jpg,Thomas_Wyman/Thomas_Wyman_0002.jpg,0,0.45560417
David_Heyman/David_Heyman_0001.jpg,Rod_Paige/Rod_Paige_0001.jpg,0,0.16835257
David_Oh/David_Oh_0001.jpg,Desiree_McKenzie/Desiree_McKenzie_0001.jpg,0,0.08635823
David_Oh/David_Oh_0001.jpg,Joe_Garner/Joe_Garner_0001.jpg,0,0.11588812
David_Spade/David_Spade_0002.jpg,Denise_Locke/Denise_Locke_0001.jpg,0,0.08340794
David_Suazo/David_Suazo_0001.jpg,Jane_Krakowski/Jane_Krakowski_0001.jpg,0,0.06754580
David_Wells/David_Wells_0001.jpg,Mary_Hill/Mary_Hill_0001.jpg,0,0.00156199
David_Wells/David_Wells_0001.jpg,Yannos_Papantoniou/Yannos_Papantoniou_0001.jpg,0,0.03727551
Dawna_LoPiccolo/Dawna_LoPiccolo_0001.jpg,Jean-Claude_Juncker/Jean-Claude_Juncker_0002.jpg,0,0.10119461
Debbie_Reynolds/Debbie_Reynolds_0001.jpg,Nick_Nolte/Nick_Nolte_0001.jpg,0,-0.03768796
Deniz_Baykal/Deniz_Baykal_0001.jpg,Kathy_Bates/Kathy_Bates_0001.jpg,0,0.18765351
Deniz_Baykal/Deniz_Baykal_0001.jpg,Robin_Wagner/Robin_Wagner_0001.jpg,0,-0.00986955
Desiree_McKenzie/Desiree_McKenzie_0001.jpg,John_Danforth/John_Danforth_0001.jpg,0,-0.14777109
Dick_Devine/Dick_Devine_0001.jpg,Michael_Jackson/Michael_Jackson_0009.jpg,0,0.14186621
Dinora_Rosales/Dinora_Rosales_0001.jpg,Robbie_Fowler/Robbie_Fowler_0001.jpg,0,-0.20702508
Dirk_Kempthorne/Dirk_Kempthorne_0001.jpg,Janusz_Kaminski/Janusz_Kaminski_0001.jpg,0,-0.13363297
Donald_Evans/Donald_Evans_0002.jpg,Fred_Funk/Fred_Funk_0002.jpg,0,0.23702830
Dorothy_Wilson/Dorothy_Wilson_0001.jpg,Jim_Thome/Jim_Thome_0001.jpg,0,0.09303547
Drew_Gooden/Drew_Gooden_0001.jpg,Kimi_Raikkonen/Kimi_Raikkonen_0003.jpg,0,0.07696908
Dwain_Kyles/Dwain_Kyles_0001.jpg,Gregory_Peck/Gregory_Peck_0001.jpg,0,0.09029774
Ed_Smart/Ed_Smart_0003.jpg,Jason_Gardner/Jason_Gardner_0001.jpg,0,0.02366657
Edgar_Savisaar/Edgar_Savisaar_0001.jpg,Kirk_Doerger/Kirk_Doerger_0001.jpg,0,0.14409876
Edward_Burns/Edward_Burns_0001.jpg,Paul_ONeill/Paul_ONeill_0001.jpg,0,0.05587690
Elmar_Brok/Elmar_Brok_0001.jpg,Jose_Jose/Jose_Jose_0001.jpg,0,0.06875791
Emily_Mortimer/Emily_Mortimer_0001.jpg,Maria_Simon/Maria_Simon_0001.jpg,0,0.14228579
Enos_Slaughter/Enos_Slaughter_0001.jpg,Qais_al-Kazali/Qais_al-Kazali_0001.jpg,0,0.00856547
Eric_Fehr/Eric_Fehr_0001.jpg,Lee_Jun/Lee_Jun_0002.jpg,0,-0.01005623
Eric_Fehr/Eric_Fehr_0001.jpg,Tamara_Mowry/Tamara_Mowry_0001.jpg,0,0.00496705
Faisal_Saleh_Hayat/Faisal_Saleh_Hayat_0001.jpg,Marwan_Barghouthi/Marwan_Barghouthi_0001.jpg,0,0.23606738
Federico_Castelan_Sayre/Federico_Castelan_Sayre_0001.jpg,Jimmy_Jimenez/Jimmy_Jimenez_0001.jpg,0,0.13366985
Fiona_Milne/Fiona_Milne_0001.jpg,Hartmut_Mehdorn/Hartmut_Mehdorn_0001.jpg,0,0.10505281
Fiona_Milne/Fiona_Milne_0001.jpg,Josh_Kronfeld/Josh_Kronfeld_0001.jpg,0,0.06316575
Floyd_Keith/Floyd_Keith_0001.jpg,Halle_Berry/Halle_Berry_0001.jpg,0,0.03898088
Franklin_Brown/Franklin_Brown_0001.jpg,Michael_Jackson/Michael_Jackson_0010.jpg,0,0.33188677
Franklin_Brown/Franklin_Brown_0001.jpg,Tamara_Mowry/Tamara_Mowry_0001.jpg,0,-0.09780137
Franklin_Brown/Franklin_Brown_0001.jpg,Yolanda_King/Yolanda_King_0001.jpg,0,0.20410562
Freda_Black/Freda_Black_0001.jpg,Rod_Paige/Rod_Paige_0001.jpg,0,0.06960262
Fruit_Chan/Fruit_Chan_0001.jpg,Kjell_Magne_Bondevik/Kjell_Magne_Bondevik_0003.jpg,0,0.16218638
Gary_Winnick/Gary_Winnick_0001.jpg,Michael_Patrick_King/Michael_Patrick_King_0002.jpg,0,0.15129653
George_Robertson/George_Robertson_0005.jpg,Robbie_Mc_Ewen/Robbie_Mc_Ewen_0001.jpg,0,0.09029429
Gloria_Trevi/Gloria_Trevi_0004.jpg,William_Ragland/William_Ragland_0001.jpg,0,0.19712897
Grace_Dodd/Grace_Dodd_0001.jpg,Henrique_Meirelles/Henrique_Meirelles_0001.jpg,0,0.03543188
Graeme_Lloyd/Graeme_Lloyd_0001.jpg,Humberto_Coelho/Humberto_Coelho_0001.jpg,0,-0.00774208
Graeme_Lloyd/Graeme_Lloyd_0001.jpg,Laura_Pausini/Laura_Pausini_0001.jpg,0,0.16019981
Greg_Rusedski/Greg_Rusedski_0002.jpg,Horace_Newcomb/Horace_Newcomb_0001.jpg,0,0.07901904
Greg_Rusedski/Greg_Rusedski_0003.jpg,Javier_Bardem/Javier_Bardem_0001.jpg,0,0.02081187
Greg_Rusedski/Greg_Rusedski_0003.jpg,Marcos_Milinkovic/Marcos_Milinkovic_0001.jpg,0,0.05305724
Gregory_Peck/Gregory_Peck_0001.jpg,Jacqueline_Obradors/Jacqueline_Obradors_0001.jpg,0,0.07688913
Guillermo_Ruiz_Polanco/Guillermo_Ruiz_Polanco_0001.jpg,Jon_Constance/Jon_Constance_0001.jpg,0,0.01882949
Gustavo_Kuerten/Gustavo_Kuerten_0001.jpg,Rani_Mukherjee/Rani_Mukherjee_0001.jpg,0,-0.06547195
Halle_Berry/Halle_Berry_0012.jpg,Janet_Chandler/Janet_Chandler_0001.jpg,0,0.09070620
Hartmut_Mehdorn/Hartmut_Mehdorn_0001.jpg,Natanaela_Barnova/Natanaela_Barnova_0001.jpg,0,0.15333553
Hartmut_Mehdorn/Hartmut_Mehdorn_0001.jpg,Sanja_Papic/Sanja_Papic_0001.jpg,0,-0.02968158
Hartmut_Mehdorn/Hartmut_Mehdorn_0001.jpg,Svetlana_Belousova/Svetlana_Belousova_0001.jpg,0,-0.00464088
Haydar_Aliyev/Haydar_Aliyev_0001.jpg,Nuon_Chea/Nuon_Chea_0001.jpg,0,0.31460851
Heather_Willson/Heather_Willson_0001.jpg,Lynn_Redgrave/Lynn_Redgrave_0003.jpg,0,0.02448773
Hector_Mitelman/Hector_Mitelman_0001.jpg,Jon_Gruden/Jon_Gruden_0002.jpg,0,0.13938990
Helo_Pinheiro/Helo_Pinheiro_0001.jpg,Robert_Durst/Robert_Durst_0001.jpg,0,0.07569029
Herman_Edwards/Herman_Edwards_0001.jpg,Patrick_Eaves/Patrick_Eaves_0001.jpg,0,0.06445292
Hermogenes_Ebdane_Jr/Hermogenes_Ebdane_Jr_0001.jpg,Sanja_Papic/Sanja_Papic_0001.jpg,0,-0.04545557
Horace_Newcomb/Horace_Newcomb_0001.jpg,Stephan_Eberharter/Stephan_Eberharter_0001.jpg,0,0.11458033
Hugo_Colace/Hugo_Colace_0001.jpg,Kim_Yun-kyu/Kim_Yun-kyu_0001.jpg,0,0.02876060
Humberto_Coelho/Humberto_Coelho_0001.jpg,Sue_Wicks/Sue_Wicks_0002.jpg,0,-0.03653318
Hunter_Bates/Hunter_Bates_0001.jpg,Pedro_Alvarez/Pedro_Alvarez_0001.jpg,0,0.08789480
Hunter_Bates/Hunter_Bates_0001.jpg,William_Rosenberg/William_Rosenberg_0001.jpg,0,-0.09201087
Igor_Trunov/Igor_Trunov_0001.jpg,Peter_Sejna/Peter_Sejna_0001.jpg,0,0.11110377
Ivan_Stambolic/Ivan_Stambolic_0001.jpg,Michael_Bloomberg/Michael_Bloomberg_0018.jpg,0,0.14056067
Jack_LaLanne/Jack_LaLanne_0001.jpg,Yves_Brodeur/Yves_Brodeur_0001.jpg,0,0.02424929
Jacqueline_Obradors/Jacqueline_Obradors_0001.jpg,Julie_Taymor/Julie_Taymor_0001.jpg,0,0.16048670
Jada_Pinkett_Smith/Jada_Pinkett_Smith_0002.jpg,Jenny_Romero/Jenny_Romero_0001.jpg,0,0.11231259
James_Cunningham/James_Cunningham_0003.jpg,Stephen_Daldry/Stephen_Daldry_0001.jpg,0,0.12381506
James_Gibson/James_Gibson_0001.jpg,Roger_Corbett/Roger_Corbett_0001.jpg,0,0.10452951
James_Parker/James_Parker_0001.jpg,Saeed_Mortazavi/Saeed_Mortazavi_0001.jpg,0,0.07381745
Jane_Krakowski/Jane_Krakowski_0001.jpg,Shingo_Suetsugu/Shingo_Suetsugu_0001.jpg,0,0.07255240
Janice_Goldfinger/Janice_Goldfinger_0001.jpg,Pyar_Jung_Thapa/Pyar_Jung_Thapa_0001.jpg,0,-0.03103470
Janusz_Kaminski/Janusz_Kaminski_0001.jpg,Lisa_Stone/Lisa_Stone_0001.jpg,0,0.02883645
Jason_Lezak/Jason_Lezak_0001.jpg,John_Bolton/John_Bolton_0004.jpg,0,-0.02267242
Jason_Lezak/Jason_Lezak_0001.jpg,Simon_Cowell/Simon_Cowell_0001.jpg,0,0.13968579
Javier_Vazquez/Javier_Vazquez_0001.jpg,Karin_Stoiber/Karin_Stoiber_0002.jpg,0,-0.06009159
Jay_Rasulo/Jay_Rasulo_0001.jpg,Nova_Esther_Guthrie/Nova_Esther_Guthrie_0001.jpg,0,0.26730359
Jean-Marc_Olive/Jean-Marc_Olive_0001.jpg,John_Timoney/John_Timoney_0001.jpg,0,0.25078222
Jean-Marc_Olive/Jean-Marc_Olive_0001.jpg,Tino_Martinez/Tino_Martinez_0001.jpg,0,0.12391868
Jeri_Ryan/Jeri_Ryan_0001.jpg,Nova_Esther_Guthrie/Nova_Esther_Guthrie_0001.jpg,0,0.06908139
Jeri_Ryan/Jeri_Ryan_0001.jpg,Peter_Goldmark/Peter_Goldmark_0001.jpg,0,0.16503504
Jeri_Ryan/Jeri_Ryan_0001.jpg,Scott_Sullivan/Scott_Sullivan_0002.jpg,0,-0.01069197
Jeri_Ryan/Jeri_Ryan_0001.jpg,Skip_Prosser/Skip_Prosser_0001.jpg,0,0.06690017
Jesse_James_Leija/Jesse_James_Leija_0002.jpg,Joaquin_Phoenix/Joaquin_Phoenix_0001.jpg,0,0.33243868
Jesse_James_Leija/Jesse_James_Leija_0002.jpg,Nick_Nolte/Nick_Nolte_0004.jpg,0,0.08545099
Jesse_Ventura/Jesse_Ventura_0002.jpg,Lela_Rochon/Lela_Rochon_0001.jpg,0,0.04284147
Jessica_Biel/Jessica_Biel_0001.jpg,Jim_Fassel/Jim_Fassel_0001.jpg,0,0.03102681
Jim_Flaherty/Jim_Flaherty_0001.jpg,Mark_Andrew/Mark_Andrew_0001.jpg,0,0.08773603
Jim_Tressel/Jim_Tressel_0003.jpg,Ralf_Schumacher/Ralf_Schumacher_0003.jpg,0,0.19242230
Jimmy_Jimenez/Jimmy_Jimenez_0001.jpg,Miles_Stewart/Miles_Stewart_0001.jpg,0,-0.05928842
Jimmy_Lee/Jimmy_Lee_0001.jpg,Nova_Esther_Guthrie/Nova_Esther_Guthrie_0001.jpg,0,0.11534257
Joan_Laporta/Joan_Laporta_0003.jpg,Roy_Romanow/Roy_Romanow_0001.jpg,0,0.07928918
Joaquin_Phoenix/Joaquin_Phoenix_0001.jpg,Rainer_Geulen/Rainer_Geulen_0001.jpg,0,-0.02988146
Joe_Dumars/Joe_Dumars_0002.jpg,Timothy_McVeigh/Timothy_McVeigh_0001.jpg,0,0.09727815
John_Bolton/John_Bolton_0014.jpg,Kim_Yun-kyu/Kim_Yun-kyu_0001.jpg,0,0.19287416
John_Kerr/John_Kerr_0001.jpg,Li_Changchun/Li_Changchun_0001.jpg,0,-0.01535970
John_Swofford/John_Swofford_0002.jpg,Sok_An/Sok_An_0001.jpg,0,0.11230759
Juan_Fernandez/Juan_Fernandez_0001.jpg,Paul_Krueger/Paul_Krueger_0001.jpg,0,-0.05431980
Juan_Fernandez/Juan_Fernandez_0001.jpg,Suzanne_Mubarak/Suzanne_Mubarak_0001.jpg,0,0.12237325
Justin_Wilson/Justin_Wilson_0001.jpg,Larry_Hagman/Larry_Hagman_0001.jpg,0,-0.15193750
Justin_Wilson/Justin_Wilson_0001.jpg,Ray_Bradbury/Ray_Bradbury_0001.jpg,0,0.09784941
Kara_Lynn_Joyce/Kara_Lynn_Joyce_0001.jpg,Zach_Pillar/Zach_Pillar_0001.jpg,0,-0.09221342
Kim_Chinn/Kim_Chinn_0001.jpg,Robert_Flodquist/Robert_Flodquist_0001.jpg,0,-0.09594949
Kim_Chinn/Kim_Chinn_0001.jpg,Ruth_Harlow/Ruth_Harlow_0002.jpg,0,0.25656164
Kim_Yong-il/Kim_Yong-il_0002.jpg,Linda_Ham/Linda_Ham_0001.jpg,0,0.08152296
Kwon_Yang-sook/Kwon_Yang-sook_0003.jpg,Tommy_Robredo/Tommy_Robredo_0001.jpg,0,-0.04463606
Lane_Bryant/Lane_Bryant_0001.jpg,Yannos_Papantoniou/Yannos_Papantoniou_0001.jpg,0,0.06589118
Larry_Hagman/Larry_Hagman_0001.jpg,Teddy_Kollek/Teddy_Kollek_0001.jpg,0,0.23554480
Larry_Hagman/Larry_Hagman_0001.jpg,Val_Ackerman/Val_Ackerman_0001.jpg,0,0.21422346
Laura_Gobai/Laura_Gobai_0001.jpg,Robin_Wagner/Robin_Wagner_0001.jpg,0,0.08764528
Laura_Pausini/Laura_Pausini_0001.jpg,Thad_Matta/Thad_Matta_0001.jpg,0,-0.12215015
Laura_Romero/Laura_Romero_0001.jpg,Paula_Zahn/Paula_Zahn_0002.jpg,0,-0.07181869
Lee_Jun/Lee_Jun_0001.jpg,Ruth_Pearce/Ruth_Pearce_0001.jpg,0,0.18365461
Lee_Jun/Lee_Jun_0002.jpg,Stephen_Friedman/Stephen_Friedman_0001.jpg,0,-0.05076860
Lela_Rochon/Lela_Rochon_0001.jpg,Michael_Haneke/Michael_Haneke_0001.jpg,0,0.11115193
Lela_Rochon/Lela_Rochon_0001.jpg,Yannos_Papantoniou/Yannos_Papantoniou_0001.jpg,0,0.10187829
Lesley_Flood/Lesley_Flood_0001.jpg,Peter_Goldmark/Peter_Goldmark_0001.jpg,0,0.09402362
Li_Changchun/Li_Changchun_0001.jpg,Pieter_Bouw/Pieter_Bouw_0001.jpg,0,0.18704067
Lina_Krasnoroutskaya/Lina_Krasnoroutskaya_0001.jpg,Troy_Polamalu/Troy_Polamalu_0001.jpg,0,0.02795013
Linda_Lingle/Linda_Lingle_0001.jpg,Victor_Hanescu/Victor_Hanescu_0001.jpg,0,0.16317576
Lisa_Stone/Lisa_Stone_0001.jpg,Rod_Paige/Rod_Paige_0001.jpg,0,0.06832826
Lisa_Stone/Lisa_Stone_0001.jpg,Scott_Sullivan/Scott_Sullivan_0002.jpg,0,-0.04175224
Lou_Lang/Lou_Lang_0001.jpg,Nova_Esther_Guthrie/Nova_Esther_Guthrie_0001.jpg,0,0.24251834
Luc_Montagnier/Luc_Montagnier_0001.jpg,Paul_Krueger/Paul_Krueger_0001.jpg,0,0.16086063
Luc_Montagnier/Luc_Montagnier_0001.jpg,Pedro_Alvarez/Pedro_Alvarez_0001.jpg,0,0.28741765
Luc_Montagnier/Luc_Montagnier_0001.jpg,Pierre_Pettigrew/Pierre_Pettigrew_0002.jpg,0,0.12530006
Luis_Guzman/Luis_Guzman_0001.jpg,Patsy_Kensit/Patsy_Kensit_0001.jpg,0,-0.00502055
Marcelo_Ebrard/Marcelo_Ebrard_0002.jpg,Mike_Scioscia/Mike_Scioscia_0002.jpg,0,0.35568848
Marcelo_Rios/Marcelo_Rios_0004.jpg,Maria_Shriver/Maria_Shriver_0003.jpg,0,0.12843092
Marcelo_Rios/Marcelo_Rios_0004.jpg,Pierre_Pettigrew/Pierre_Pettigrew_0001.jpg,0,-0.05871354
Marcelo_Rios/Marcelo_Rios_0004.jpg,Saeed_Mortazavi/Saeed_Mortazavi_0001.jpg,0,-0.05630275
Margaret_Thatcher/Margaret_Thatcher_0001.jpg,Pedro_Alvarez/Pedro_Alvarez_0001.jpg,0,0.20843208
Margaret_Thatcher/Margaret_Thatcher_0001.jpg,Salman_Rushdie/Salman_Rushdie_0002.jpg,0,0.13478303
Maria_Simon/Maria_Simon_0001.jpg,Mona_Rishmawi/Mona_Rishmawi_0001.jpg,0,0.09560471
Maria_Simon/Maria_Simon_0001.jpg,Robert_Durst/Robert_Durst_0001.jpg,0,0.06456001
Marlon_Devonish/Marlon_Devonish_0001.jpg,Patrick_Clawsen/Patrick_Clawsen_0001.jpg,0,0.16351116
Max_von_Sydow/Max_von_Sydow_0001.jpg,Zhu_Rongji/Zhu_Rongji_0001.jpg,0,0.12190003
Mel_Karmazin/Mel_Karmazin_0001.jpg,Pierre_Pettigrew/Pierre_Pettigrew_0001.jpg,0,0.31117624
Melana_Scantlin/Melana_Scantlin_0001.jpg,William_Ragland/William_Ragland_0001.jpg,0,0.08371859
Michael_Bloomberg/Michael_Bloomberg_0015.jpg,Ozzy_Osbourne/Ozzy_Osbourne_0002.jpg,0,0.26433551
Michael_J_Fox/Michael_J_Fox_0001.jpg,Ricky_Barnes/Ricky_Barnes_0001.jpg,0,0.10006450
Michael_J_Fox/Michael_J_Fox_0001.jpg,Thomas_Daily/Thomas_Daily_0001.jpg,0,0.14715211
Micky_Ward/Micky_Ward_0001.jpg,Takenori_Kanzaki/Takenori_Kanzaki_0001.jpg,0,0.09613600
Mike_Babcock/Mike_Babcock_0001.jpg,Tony_Parker/Tony_Parker_0002.jpg,0,-0.06998389
Mike_Martz/Mike_Martz_0005.jpg,William_Burns/William_Burns_0001.jpg,0,0.23648959
Mira_Sorvino/Mira_Sorvino_0001.jpg,Simon_Cowell/Simon_Cowell_0002.jpg,0,0.17943531
Mira_Sorvino/Mira_Sorvino_0001.jpg,Tom_Tunney/Tom_Tunney_0001.jpg,0,0.10141016
Miroljub/Miroljub_0002.jpg,Theo_Epstein/Theo_Epstein_0001.jpg,0,0.09638006
Mitzi_Gaynor/Mitzi_Gaynor_0001.jpg,Ruth_Harlow/Ruth_Harlow_0001.jpg,0,0.11247389
Mohammed_Dahlan/Mohammed_Dahlan_0001.jpg,Ronald_White/Ronald_White_0001.jpg,0,0.26941550
Natanaela_Barnova/Natanaela_Barnova_0001.jpg,Nuon_Chea/Nuon_Chea_0001.jpg,0,0.21118304
Noel_Forgeard/Noel_Forgeard_0001.jpg,Zach_Pillar/Zach_Pillar_0001.jpg,0,-0.00327531
Normand_Legault/Normand_Legault_0001.jpg,Omar_Vizquel/Omar_Vizquel_0001.jpg,0,-0.03910332
Normand_Legault/Normand_Legault_0001.jpg,Rupert_Grint/Rupert_Grint_0003.jpg,0,0.08909720
Nova_Esther_Guthrie/Nova_Esther_Guthrie_0001.jpg,Stephen_Joseph/Stephen_Joseph_0001.jpg,0,-0.06669518
Ontario_Lett/Ontario_Lett_0001.jpg,Wallace_Capel/Wallace_Capel_0001.jpg,0,-0.02826405
Orlando_Bloom/Orlando_Bloom_0001.jpg,Ray_Liotta/Ray_Liotta_0001.jpg,0,0.16902265
Patrick_Clawsen/Patrick_Clawsen_0001.jpg,Sandra_Banning/Sandra_Banning_0001.jpg,0,0.22056547
Paul_Coppin/Paul_Coppin_0002.jpg,Rick_Husband/Rick_Husband_0001.jpg,0,0.05275357
Paul_Murphy/Paul_Murphy_0001.jpg,Qazi_Hussain_Ahmed/Qazi_Hussain_Ahmed_0001.jpg,0,0.24515480
Paul_Newman/Paul_Newman_0001.jpg,Robert_Blake/Robert_Blake_0003.jpg,0,0.09241723
Paula_Zahn/Paula_Zahn_0001.jpg,Tamara_Mowry/Tamara_Mowry_0001.jpg,0,-0.02028846
Peter_Ahearn/Peter_Ahearn_0001.jpg,Romain_Duris/Romain_Duris_0001.jpg,0,0.05053260
Peter_Gabriel/Peter_Gabriel_0001.jpg,Peter_OToole/Peter_OToole_0001.jpg,0,0.01594902
Peter_Lundgren/Peter_Lundgren_0001.jpg,William_Rosenberg/William_Rosenberg_0001.jpg,0,0.17652148
Peter_OToole/Peter_OToole_0001.jpg,Qazi_Afzal/Qazi_Afzal_0001.jpg,0,0.07049759
Qais_al-Kazali/Qais_al-Kazali_0001.jpg,Ringo_Starr/Ringo_Starr_0001.jpg,0,0.10504217
Randy_Brown/Randy_Brown_0001.jpg,Val_Ackerman/Val_Ackerman_0001.jpg,0,0.07345503
Rani_Mukherjee/Rani_Mukherjee_0001.jpg,Timothy_McVeigh/Timothy_McVeigh_0001.jpg,0,0.10708991
Ringo_Starr/Ringo_Starr_0001.jpg,Zach_Pillar/Zach_Pillar_0001.jpg,0,0.17369482
Roger_Corbett/Roger_Corbett_0001.jpg,Tocker_Pudwill/Tocker_Pudwill_0001.jpg,0,-0.02449129
Ruth_Harlow/Ruth_Harlow_0001.jpg,Virgina_Ruano_Pascal/Virgina_Ruano_Pascal_0001.jpg,0,0.27158180
Sandra_Banning/Sandra_Banning_0001.jpg,Wolfgang_Schneiderhan/Wolfgang_Schneiderhan_0001.jpg,0,0.10797031
Scott_Wolf/Scott_Wolf_0002.jpg,Troy_Polamalu/Troy_Polamalu_0001.jpg,0,0.11735971
Sergei_Alexandrovitch_Ordzhonikidze/Sergei_Alexandrovitch_Ordzhonikidze_0001.jpg,Yolanda_King/Yolanda_King_0001.jpg,0,0.11830826
Shane_Loux/Shane_Loux_0001.jpg,Val_Ackerman/Val_Ackerman_0001.jpg,0,0.03083862
Shawn_Marion/Shawn_Marion_0001.jpg,Shirley_Jones/Shirley_Jones_0001.jpg,0,-0.06197074
Slobodan_Milosevic/Slobodan_Milosevic_0002.jpg,Sok_An/Sok_An_0001.jpg,0,0.30509940
