image_a,image_b,label,cosine_score
Abel_Pacheco/Abel_Pacheco_0001.jpg,Abel_Pacheco/Abel_Pacheco_0004.jpg,1,0.98773730
Akhmed_Zakayev/Akhmed_Zakayev_0001.jpg,Akhmed_Zakayev/Akhmed_Zakayev_0003.jpg,1,0.99669552
Akhmed_Zakayev/Akhmed_Zakayev_0002.jpg,Akhmed_Zakayev/Akhmed_Zakayev_0003.jpg,1,0.98566020
Amber_Tamblyn/Amber_Tamblyn_0001.jpg,Amber_Tamblyn/Amber_Tamblyn_0002.jpg,1,0.99167228
Anders_Fogh_Rasmussen/Anders_Fogh_Rasmussen_0001.jpg,Anders_Fogh_Rasmussen/Anders_Fogh_Rasmussen_0003.jpg,1,0.99362767
Anders_Fogh_Rasmussen/Anders_Fogh_Rasmussen_0001.jpg,Anders_Fogh_Rasmussen/Anders_Fogh_Rasmussen_0004.jpg,1,0.99250484
Angela_Bassett/Angela_Bassett_0001.jpg,Angela_Bassett/Angela_Bassett_0005.jpg,1,0.99863434
Angela_Bassett/Angela_Bassett_0002.jpg,Angela_Bassett/Angela_Bassett_0005.jpg,1,0.99929595
Angela_Bassett/Angela_Bassett_0003.jpg,Angela_Bassett/Angela_Bassett_0004.jpg,1,0.98304081
Ann_Veneman/Ann_Veneman_0003.jpg,Ann_Veneman/Ann_Veneman_0005.jpg,1,0.99482000
Ann_Veneman/Ann_Veneman_0006.jpg,Ann_Veneman/Ann_Veneman_0010.jpg,1,0.98458821
Ann_Veneman/Ann_Veneman_0010.jpg,Ann_Veneman/Ann_Veneman_0011.jpg,1,0.98347235
Anthony_Fauci/Anthony_Fauci_0001.jpg,Anthony_Fauci/Anthony_Fauci_0002.jpg,1,0.99140286
Antony_Leung/Antony_Leung_0001.jpg,Antony_Leung/Antony_Leung_0002.jpg,1,0.99067295
Antony_Leung/Antony_Leung_0002.jpg,Antony_Leung/Antony_Leung_0003.jpg,1,0.98992956
Anwar_Ibrahim/Anwar_Ibrahim_0001.jpg,Anwar_Ibrahim/Anwar_Ibrahim_0002.jpg,1,0.99507576
Augusto_Pinochet/Augusto_Pinochet_0001.jpg,Augusto_Pinochet/Augusto_Pinochet_0002.jpg,1,0.99741161
Barbara_Brezigar/Barbara_Brezigar_0001.jpg,Barbara_Brezigar/Barbara_Brezigar_0002.jpg,1,0.98743582
Benjamin_Netanyahu/Benjamin_Netanyahu_0001.jpg,Benjamin_Netanyahu/Benjamin_Netanyahu_0004.jpg,1,0.99427330
Benjamin_Netanyahu/Benjamin_Netanyahu_0004.jpg,Benjamin_Netanyahu/Benjamin_Netanyahu_0005.jpg,1,0.98712409
Bernard_Law/Bernard_Law_0002.jpg,Bernard_Law/Bernard_Law_0003.jpg,1,0.98918867
Bernard_Law/Bernard_Law_0003.jpg,Bernard_Law/Bernard_Law_0004.jpg,1,0.99537647
Bertrand_Bonello/Bertrand_Bonello_0001.jpg,Bertrand_Bonello/Bertrand_Bonello_0002.jpg,1,0.99179786
Bill_Frist/Bill_Frist_0002.jpg,Bill_Frist/Bill_Frist_0009.jpg,1,0.99025869
Bill_Frist/Bill_Frist_0004.jpg,Bill_Frist/Bill_Frist_0005.jpg,1,0.97909409
Bob_Graham/Bob_Graham_0002.jpg,Bob_Graham/Bob_Graham_0004.jpg,1,0.99726307
Bob_Graham/Bob_Graham_0003.jpg,Bob_Graham/Bob_Graham_0006.jpg,1,0.99805611
Bob_Graham/Bob_Graham_0004.jpg,Bob_Graham/Bob_Graham_0006.jpg,1,0.99475002
Bob_Graham/Bob_Graham_0005.jpg,Bob_Graham/Bob_Graham_0006.jpg,1,0.99761319
Boris_Becker/Boris_Becker_0002.jpg,Boris_Becker/Boris_Becker_0006.jpg,1,0.99224734
Brad_Johnson/Brad_Johnson_0001.jpg,Brad_Johnson/Brad_Johnson_0003.jpg,1,0.98758936
Brad_Johnson/Brad_Johnson_0002.jpg,Brad_Johnson/Brad_Johnson_0003.jpg,1,0.99592316
Brad_Johnson/Brad_Johnson_0002.jpg,Brad_Johnson/Brad_Johnson_0004.jpg,1,0.99293137
Brian_Griese/Brian_Griese_0001.jpg,Brian_Griese/Brian_Griese_0002.jpg,1,0.99403346
Candice_Bergen/Candice_Bergen_0001.jpg,Candice_Bergen/Candice_Bergen_0002.jpg,1,0.97394913
Candice_Bergen/Candice_Bergen_0002.jpg,Candice_Bergen/Candice_Bergen_0003.jpg,1,0.99827373
Carla_Myers/Carla_Myers_0001.jpg,Carla_Myers/Carla_Myers_0002.jpg,1,0.99289680
Cathy_Freeman/Cathy_Freeman_0001.jpg,Cathy_Freeman/Cathy_Freeman_0002.jpg,1,0.98679513
Chang_Dae-whan/Chang_Dae-whan_0001.jpg,Chang_Dae-whan/Chang_Dae-whan_0002.jpg,1,0.99190277
Charles_Grassley/Charles_Grassley_0001.jpg,Charles_Grassley/Charles_Grassley_0002.jpg,1,0.99474812
Clare_Short/Clare_Short_0001.jpg,Clare_Short/Clare_Short_0003.jpg,1,0.98890400
Clare_Short/Clare_Short_0001.jpg,Clare_Short/Clare_Short_0004.jpg,1,0.98421794
Corinne_Coman/Corinne_Coman_0001.jpg,Corinne_Coman/Corinne_Coman_0002.jpg,1,0.99744833
Dai_Bachtiar/Dai_Bachtiar_0001.jpg,Dai_Bachtiar/Dai_Bachtiar_0002.jpg,1,0.98308736
Dale_Earnhardt_Jr/Dale_Earnhardt_Jr_0001.jpg,Dale_Earnhardt_Jr/Dale_Earnhardt_Jr_0003.jpg,1,0.98153508
David_Caruso/David_Caruso_0001.jpg,David_Caruso/David_Caruso_0002.jpg,1,0.99722302
Demi_Moore/Demi_Moore_0001.jpg,Demi_Moore/Demi_Moore_0003.jpg,1,0.99816203
Dick_Vermeil/Dick_Vermeil_0001.jpg,Dick_Vermeil/Dick_Vermeil_0002.jpg,1,0.97597629
Doris_Roberts/Doris_Roberts_0001.jpg,Doris_Roberts/Doris_Roberts_0002.jpg,1,0.99491870
Doris_Roberts/Doris_Roberts_0001.jpg,Doris_Roberts/Doris_Roberts_0003.jpg,1,0.99533427
Drew_Barrymore/Drew_Barrymore_0001.jpg,Drew_Barrymore/Drew_Barrymore_0002.jpg,1,0.98973608
Edmund_Stoiber/Edmund_Stoiber_0004.jpg,Edmund_Stoiber/Edmund_Stoiber_0007.jpg,1,0.99662453
Edmund_Stoiber/Edmund_Stoiber_0005.jpg,Edmund_Stoiber/Edmund_Stoiber_0007.jpg,1,0.99744856
Edmund_Stoiber/Edmund_Stoiber_0007.jpg,Edmund_Stoiber/Edmund_Stoiber_0012.jpg,1,0.98961055
Edmund_Stoiber/Edmund_Stoiber_0009.jpg,Edmund_Stoiber/Edmund_Stoiber_0011.jpg,1,0.99084270
Elinor_Caplan/Elinor_Caplan_0001.jpg,Elinor_Caplan/Elinor_Caplan_0002.jpg,1,0.97682762
Emmanuelle_Beart/Emmanuelle_Beart_0001.jpg,Emmanuelle_Beart/Emmanuelle_Beart_0002.jpg,1,0.99607146
Emmanuelle_Beart/Emmanuelle_Beart_0001.jpg,Emmanuelle_Beart/Emmanuelle_Beart_0003.jpg,1,0.99786365
Federico_Trillo/Federico_Trillo_0001.jpg,Federico_Trillo/Federico_Trillo_0002.jpg,1,0.97657621
Federico_Trillo/Federico_Trillo_0001.jpg,Federico_Trillo/Federico_Trillo_0003.jpg,1,0.97094572
Federico_Trillo/Federico_Trillo_0002.jpg,Federico_Trillo/Federico_Trillo_0003.jpg,1,0.99658561
Francis_Ford_Coppola/Francis_Ford_Coppola_0001.jpg,Francis_Ford_Coppola/Francis_Ford_Coppola_0002.jpg,1,0.98888052
Fred_Thompson/Fred_Thompson_0001.jpg,Fred_Thompson/Fred_Thompson_0002.jpg,1,0.99722666
Fred_Thompson/Fred_Thompson_0001.jpg,Fred_Thompson/Fred_Thompson_0003.jpg,1,0.99753475
Fred_Thompson/Fred_Thompson_0002.jpg,Fred_Thompson/Fred_Thompson_0003.jpg,1,0.99856454
Garry_Trudeau/Garry_Trudeau_0001.jpg,Garry_Trudeau/Garry_Trudeau_0002.jpg,1,0.99726492
Gary_Williams/Gary_Williams_0001.jpg,Gary_Williams/Gary_Williams_0002.jpg,1,0.98257631
Gene_Robinson/Gene_Robinson_0001.jpg,Gene_Robinson/Gene_Robinson_0002.jpg,1,0.99729484
Gene_Robinson/Gene_Robinson_0001.jpg,Gene_Robinson/Gene_Robinson_0003.jpg,1,0.99218041
Gene_Robinson/Gene_Robinson_0002.jpg,Gene_Robinson/Gene_Robinson_0003.jpg,1,0.99272352
George_Galloway/George_Galloway_0001.jpg,George_Galloway/George_Galloway_0003.jpg,1,0.98584247
George_Galloway/George_Galloway_0002.jpg,George_Galloway/George_Galloway_0003.jpg,1,0.99396169
George_Galloway/George_Galloway_0002.jpg,George_Galloway/George_Galloway_0004.jpg,1,0.98209774
Geraldine_Chaplin/Geraldine_Chaplin_0001.jpg,Geraldine_Chaplin/Geraldine_Chaplin_0002.jpg,1,0.98972940
Geraldine_Chaplin/Geraldine_Chaplin_0001.jpg,Geraldine_Chaplin/Geraldine_Chaplin_0004.jpg,1,0.98714310
Geraldine_Chaplin/Geraldine_Chaplin_0003.jpg,Geraldine_Chaplin/Geraldine_Chaplin_0004.jpg,1,0.98867685
Gerardo_Gambala/Gerardo_Gambala_0001.jpg,Gerardo_Gambala/Gerardo_Gambala_0002.jpg,1,0.99822032
Gian_Marco/Gian_Marco_0001.jpg,Gian_Marco/Gian_Marco_0002.jpg,1,0.99462497
Gian_Marco/Gian_Marco_0002.jpg,Gian_Marco/Gian_Marco_0003.jpg,1,0.99605930
Gillian_Anderson/Gillian_Anderson_0001.jpg,Gillian_Anderson/Gillian_Anderson_0002.jpg,1,0.99552816
Gordon_Brown/Gordon_Brown_0006.jpg,Gordon_Brown/Gordon_Brown_0009.jpg,1,0.98848152
Gordon_Brown/Gordon_Brown_0010.jpg,Gordon_Brown/Gordon_Brown_0013.jpg,1,0.99294513
Grant_Hackett/Grant_Hackett_0001.jpg,Grant_Hackett/Grant_Hackett_0002.jpg,1,0.99278021
Grant_Hackett/Grant_Hackett_0001.jpg,Grant_Hackett/Grant_Hackett_0003.jpg,1,0.99726373
Grant_Hackett/Grant_Hackett_0001.jpg,Grant_Hackett/Grant_Hackett_0005.jpg,1,0.99070174
Gray_Davis/Gray_Davis_0007.jpg,Gray_Davis/Gray_Davis_0022.jpg,1,0.99262702
Gray_Davis/Gray_Davis_0021.jpg,Gray_Davis/Gray_Davis_0026.jpg,1,0.99625760
Gregg_Popovich/Gregg_Popovich_0001.jpg,Gregg_Popovich/Gregg_Popovich_0005.jpg,1,0.98607552
Gregg_Popovich/Gregg_Popovich_0003.jpg,Gregg_Popovich/Gregg_Popovich_0004.jpg,1,0.99482715
Guy_Ritchie/Guy_Ritchie_0001.jpg,Guy_Ritchie/Guy_Ritchie_0002.jpg,1,0.97734368
Hamzah_Haz/Hamzah_Haz_0001.jpg,Hamzah_Haz/Hamzah_Haz_0002.jpg,1,0.99627662
Harbhajan_Singh/Harbhajan_Singh_0001.jpg,Harbhajan_Singh/Harbhajan_Singh_0002.jpg,1,0.99590117
Hootie_Johnson/Hootie_Johnson_0001.jpg,Hootie_Johnson/Hootie_Johnson_0002.jpg,1,0.98874271
Hugo_Chavez/Hugo_Chavez_0002.jpg,Hugo_Chavez/Hugo_Chavez_0027.jpg,1,0.99621993
Hugo_Chavez/Hugo_Chavez_0027.jpg,Hugo_Chavez/Hugo_Chavez_0053.jpg,1,0.99669862
Hugo_Chavez/Hugo_Chavez_0036.jpg,Hugo_Chavez/Hugo_Chavez_0051.jpg,1,0.99643058
Hugo_Chavez/Hugo_Chavez_0041.jpg,Hugo_Chavez/Hugo_Chavez_0050.jpg,1,0.99563992
Hugo_Chavez/Hugo_Chavez_0045.jpg,Hugo_Chavez/Hugo_Chavez_0056.jpg,1,0.99244654
Isaiah_Washington/Isaiah_Washington_0001.jpg,Isaiah_Washington/Isaiah_Washington_0002.jpg,1,0.99672204
Jack_Grubman/Jack_Grubman_0001.jpg,Jack_Grubman/Jack_Grubman_0002.jpg,1,0.99353480
Jacques_Rogge/Jacques_Rogge_0001.jpg,Jacques_Rogge/Jacques_Rogge_0009.jpg,1,0.99179298
Jacques_Rogge/Jacques_Rogge_0003.jpg,Jacques_Rogge/Jacques_Rogge_0007.jpg,1,0.99663067
Jacques_Rogge/Jacques_Rogge_0003.jpg,Jacques_Rogge/Jacques_Rogge_0010.jpg,1,0.99546474
Jacques_Rogge/Jacques_Rogge_0004.jpg,Jacques_Rogge/Jacques_Rogge_0006.jpg,1,0.99371380
Jacques_Rogge/Jacques_Rogge_0004.jpg,Jacques_Rogge/Jacques_Rogge_0009.jpg,1,0.99037158
Jacques_Rogge/Jacques_Rogge_0005.jpg,Jacques_Rogge/Jacques_Rogge_0008.jpg,1,0.99469298
Jacques_Rogge/Jacques_Rogge_0006.jpg,Jacques_Rogge/Jacques_Rogge_0008.jpg,1,0.98801684
James_Caan/James_Caan_0001.jpg,James_Caan/James_Caan_0002.jpg,1,0.99450648
James_Caan/James_Caan_0001.jpg,James_Caan/James_Caan_0003.jpg,1,0.99582177
James_Caan/James_Caan_0002.jpg,James_Caan/James_Caan_0003.jpg,1,0.99823093
James_Jones/James_Jones_0001.jpg,James_Jones/James_Jones_0002.jpg,1,0.97839618
Jamling_Norgay/Jamling_Norgay_0001.jpg,Jamling_Norgay/Jamling_Norgay_0002.jpg,1,0.99291223
Janica_Kostelic/Janica_Kostelic_0001.jpg,Janica_Kostelic/Janica_Kostelic_0002.jpg,1,0.98081338
Jeanne_Moreau/Jeanne_Moreau_0001.jpg,Jeanne_Moreau/Jeanne_Moreau_0002.jpg,1,0.99801141
Jeffrey_Archer/Jeffrey_Archer_0001.jpg,Jeffrey_Archer/Jeffrey_Archer_0002.jpg,1,0.99288452
Jennifer_Garner/Jennifer_Garner_0001.jpg,Jennifer_Garner/Jennifer_Garner_0003.jpg,1,0.99581587
Jennifer_Garner/Jennifer_Garner_0004.jpg,Jennifer_Garner/Jennifer_Garner_0009.jpg,1,0.98202652
Jennifer_Garner/Jennifer_Garner_0005.jpg,Jennifer_Garner/Jennifer_Garner_0006.jpg,1,0.98726189
Jennifer_Garner/Jennifer_Garner_0005.jpg,Jennifer_Garner/Jennifer_Garner_0009.jpg,1,0.99079204
Jennifer_Garner/Jennifer_Garner_0007.jpg,Jennifer_Garner/Jennifer_Garner_0012.jpg,1,0.99593878
Jennifer_Garner/Jennifer_Garner_0008.jpg,Jennifer_Garner/Jennifer_Garner_0011.jpg,1,0.98942578
Jeremy_Greenstock/Jeremy_Greenstock_0002.jpg,Jeremy_Greenstock/Jeremy_Greenstock_0024.jpg,1,0.98171669
Jeremy_Greenstock/Jeremy_Greenstock_0003.jpg,Jeremy_Greenstock/Jeremy_Greenstock_0022.jpg,1,0.99105388
Jeremy_Greenstock/Jeremy_Greenstock_0005.jpg,Jeremy_Greenstock/Jeremy_Greenstock_0011.jpg,1,0.99523234
Jeremy_Greenstock/Jeremy_Greenstock_0010.jpg,Jeremy_Greenstock/Jeremy_Greenstock_0014.jpg,1,0.99522835
Jeremy_Greenstock/Jeremy_Greenstock_0017.jpg,Jeremy_Greenstock/Jeremy_Greenstock_0021.jpg,1,0.99039912
Jessica_Lange/Jessica_Lange_0001.jpg,Jessica_Lange/Jessica_Lange_0002.jpg,1,0.98386317
Jimmy_Carter/Jimmy_Carter_0001.jpg,Jimmy_Carter/Jimmy_Carter_0007.jpg,1,0.98999596
Jimmy_Carter/Jimmy_Carter_0004.jpg,Jimmy_Carter/Jimmy_Carter_0006.jpg,1,0.99868655
Jimmy_Carter/Jimmy_Carter_0005.jpg,Jimmy_Carter/Jimmy_Carter_0008.jpg,1,0.99107558
Jimmy_Carter/Jimmy_Carter_0006.jpg,Jimmy_Carter/Jimmy_Carter_0007.jpg,1,0.99376279
Jodie_Foster/Jodie_Foster_0001.jpg,Jodie_Foster/Jodie_Foster_0002.jpg,1,0.99205458
John_Manley/John_Manley_0001.jpg,John_Manley/John_Manley_0006.jpg,1,0.98872304
John_Manley/John_Manley_0002.jpg,John_Manley/John_Manley_0005.jpg,1,0.99645978
John_McCain/John_McCain_0002.jpg,John_McCain/John_McCain_0003.jpg,1,0.98666584
John_McCain/John_McCain_0003.jpg,John_McCain/John_McCain_0007.jpg,1,0.98489094
John_McCain/John_McCain_0006.jpg,John_McCain/John_McCain_0007.jpg,1,0.99630904
John_Snow/John_Snow_0003.jpg,John_Snow/John_Snow_0015.jpg,1,0.99245298
John_Snow/John_Snow_0004.jpg,John_Snow/John_Snow_0016.jpg,1,0.99682862
John_Snow/John_Snow_0009.jpg,John_Snow/John_Snow_0011.jpg,1,0.99453497
Johnson_Panjaitan/Johnson_Panjaitan_0001.jpg,Johnson_Panjaitan/Johnson_Panjaitan_0002.jpg,1,0.99603933
Jorge_Castaneda/Jorge_Castaneda_0001.jpg,Jorge_Castaneda/Jorge_Castaneda_0002.jpg,1,0.97368491
Jose_Serra/Jose_Serra_0001.jpg,Jose_Serra/Jose_Serra_0009.jpg,1,0.99850893
Jose_Serra/Jose_Serra_0002.jpg,Jose_Serra/Jose_Serra_0008.jpg,1,0.99005306
Jose_Serra/Jose_Serra_0003.jpg,Jose_Serra/Jose_Serra_0005.jpg,1,0.99372929
Jose_Serra/Jose_Serra_0003.jpg,Jose_Serra/Jose_Serra_0007.jpg,1,0.98322666
Jose_Serra/Jose_Serra_0006.jpg,Jose_Serra/Jose_Serra_0009.jpg,1,0.99873704
Jose_Theodore/Jose_Theodore_0001.jpg,Jose_Theodore/Jose_Theodore_0002.jpg,1,0.99530357
Joseph_Blatter/Joseph_Blatter_0001.jpg,Joseph_Blatter/Joseph_Blatter_0002.jpg,1,0.99058354
Joseph_Ralston/Joseph_Ralston_0001.jpg,Joseph_Ralston/Joseph_Ralston_0002.jpg,1,0.99142087
Juan_Pablo_Montoya/Juan_Pablo_Montoya_0001.jpg,Juan_Pablo_Montoya/Juan_Pablo_Montoya_0008.jpg,1,0.99594313
Juan_Pablo_Montoya/Juan_Pablo_Montoya_0002.jpg,Juan_Pablo_Montoya/Juan_Pablo_Montoya_0004.jpg,1,0.99504566
Juan_Pablo_Montoya/Juan_Pablo_Montoya_0004.jpg,Juan_Pablo_Montoya/Juan_Pablo_Montoya_0005.jpg,1,0.97593307
Julianna_Margulies/Julianna_Margulies_0001.jpg,Julianna_Margulies/Julianna_Margulies_0002.jpg,1,0.96964014
Justin_Guarini/Justin_Guarini_0001.jpg,Justin_Guarini/Justin_Guarini_0002.jpg,1,0.97317529
Justin_Guarini/Justin_Guarini_0002.jpg,Justin_Guarini/Justin_Guarini_0003.jpg,1,0.99148107
Justine_Henin/Justine_Henin_0002.jpg,Justine_Henin/Justine_Henin_0003.jpg,1,0.99218798
Kate_Winslet/Kate_Winslet_0001.jpg,Kate_Winslet/Kate_Winslet_0002.jpg,1,0.99555635
Kate_Winslet/Kate_Winslet_0001.jpg,Kate_Winslet/Kate_Winslet_0004.jpg,1,0.99379277
Kate_Winslet/Kate_Winslet_0002.jpg,Kate_Winslet/Kate_Winslet_0003.jpg,1,0.99877548
Kate_Winslet/Kate_Winslet_0002.jpg,Kate_Winslet/Kate_Winslet_0004.jpg,1,0.99370307
Kathy_Winters/Kathy_Winters_0001.jpg,Kathy_Winters/Kathy_Winters_0002.jpg,1,0.99750924
Kelvin_Sampson/Kelvin_Sampson_0001.jpg,Kelvin_Sampson/Kelvin_Sampson_0002.jpg,1,0.99098265
Kevin_Stallings/Kevin_Stallings_0001.jpg,Kevin_Stallings/Kevin_Stallings_0002.jpg,1,0.99138695
Kim_Jong-Il/Kim_Jong-Il_0002.jpg,Kim_Jong-Il/Kim_Jong-Il_0003.jpg,1,0.99538738
Kristin_Davis/Kristin_Davis_0001.jpg,Kristin_Davis/Kristin_Davis_0002.jpg,1,0.99324799
Kristin_Davis/Kristin_Davis_0002.jpg,Kristin_Davis/Kristin_Davis_0003.jpg,1,0.98935962
Lance_Armstrong/Lance_Armstrong_0001.jpg,Lance_Armstrong/Lance_Armstrong_0017.jpg,1,0.99338520
Lance_Armstrong/Lance_Armstrong_0005.jpg,Lance_Armstrong/Lance_Armstrong_0010.jpg,1,0.99011445
Lance_Armstrong/Lance_Armstrong_0007.jpg,Lance_Armstrong/Lance_Armstrong_0011.jpg,1,0.98367357
Lance_Armstrong/Lance_Armstrong_0010.jpg,Lance_Armstrong/Lance_Armstrong_0018.jpg,1,0.99365383
Lance_Armstrong/Lance_Armstrong_0014.jpg,Lance_Armstrong/Lance_Armstrong_0017.jpg,1,0.97102445
Laurent_Jalabert/Laurent_Jalabert_0001.jpg,Laurent_Jalabert/Laurent_Jalabert_0002.jpg,1,0.99145019
Lindsey_Graham/Lindsey_Graham_0001.jpg,Lindsey_Graham/Lindsey_Graham_0002.jpg,1,0.99348140
Lisa_Gottsegen/Lisa_Gottsegen_0001.jpg,Lisa_Gottsegen/Lisa_Gottsegen_0002.jpg,1,0.99499929
Lleyton_Hewitt/Lleyton_Hewitt_0001.jpg,Lleyton_Hewitt/Lleyton_Hewitt_0013.jpg,1,0.98736334
Lleyton_Hewitt/Lleyton_Hewitt_0016.jpg,Lleyton_Hewitt/Lleyton_Hewitt_0027.jpg,1,0.99531114
Lleyton_Hewitt/Lleyton_Hewitt_0018.jpg,Lleyton_Hewitt/Lleyton_Hewitt_0037.jpg,1,0.98945493
Lleyton_Hewitt/Lleyton_Hewitt_0024.jpg,Lleyton_Hewitt/Lleyton_Hewitt_0036.jpg,1,0.97786474
Luis_Ernesto_Derbez_Bautista/Luis_Ernesto_Derbez_Bautista_0003.jpg,Luis_Ernesto_Derbez_Bautista/Luis_Ernesto_Derbez_Bautista_0006.jpg,1,0.98704523
Mario_Dumont/Mario_Dumont_0001.jpg,Mario_Dumont/Mario_Dumont_0002.jpg,1,0.99454516
Mark_Wahlberg/Mark_Wahlberg_0001.jpg,Mark_Wahlberg/Mark_Wahlberg_0003.jpg,1,0.97526693
Mark_Wahlberg/Mark_Wahlberg_0002.jpg,Mark_Wahlberg/Mark_Wahlberg_0003.jpg,1,0.98994452
Mark_Wahlberg/Mark_Wahlberg_0002.jpg,Mark_Wahlberg/Mark_Wahlberg_0004.jpg,1,0.99387324
Marlene_Weingartner/Marlene_Weingartner_0001.jpg,Marlene_Weingartner/Marlene_Weingartner_0002.jpg,1,0.96925890
Martha_Bowen/Martha_Bowen_0001.jpg,Martha_Bowen/Martha_Bowen_0002.jpg,1,0.99226505
Martin_Cauchon/Martin_Cauchon_0001.jpg,Martin_Cauchon/Martin_Cauchon_0002.jpg,1,0.99622667
Martin_Hoellwarth/Martin_Hoellwarth_0001.jpg,Martin_Hoellwarth/Martin_Hoellwarth_0002.jpg,1,0.97696316
Martin_Sheen/Martin_Sheen_0001.jpg,Martin_Sheen/Martin_Sheen_0002.jpg,1,0.99689448
Matthew_Broderick/Matthew_Broderick_0001.jpg,Matthew_Broderick/Matthew_Broderick_0004.jpg,1,0.98008418
Matthew_Broderick/Matthew_Broderick_0002.jpg,Matthew_Broderick/Matthew_Broderick_0003.jpg,1,0.99464685
Mike_Krzyzewski/Mike_Krzyzewski_0001.jpg,Mike_Krzyzewski/Mike_Krzyzewski_0006.jpg,1,0.99518925
Mikhail_Gorbachev/Mikhail_Gorbachev_0001.jpg,Mikhail_Gorbachev/Mikhail_Gorbachev_0002.jpg,1,0.97949535
Monica_Bellucci/Monica_Bellucci_0001.jpg,Monica_Bellucci/Monica_Bellucci_0004.jpg,1,0.98890710
Monica_Bellucci/Monica_Bellucci_0002.jpg,Monica_Bellucci/Monica_Bellucci_0004.jpg,1,0.99500436
Naomi_Campbell/Naomi_Campbell_0001.jpg,Naomi_Campbell/Naomi_Campbell_0002.jpg,1,0.99956232
Nestor_Kirchner/Nestor_Kirchner_0003.jpg,Nestor_Kirchner/Nestor_Kirchner_0030.jpg,1,0.98976898
Nestor_Kirchner/Nestor_Kirchner_0012.jpg,Nestor_Kirchner/Nestor_Kirchner_0021.jpg,1,0.99028802
Nestor_Kirchner/Nestor_Kirchner_0017.jpg,Nestor_Kirchner/Nestor_Kirchner_0025.jpg,1,0.98987597
Nicolas_Lapentti/Nicolas_Lapentti_0001.jpg,Nicolas_Lapentti/Nicolas_Lapentti_0002.jpg,1,0.98755431
Noah_Wyle/Noah_Wyle_0002.jpg,Noah_Wyle/Noah_Wyle_0003.jpg,1,0.99781048
Nora_Bendijo/Nora_Bendijo_0001.jpg,Nora_Bendijo/Nora_Bendijo_0002.jpg,1,0.97252464
Nursultan_Nazarbayev/Nursultan_Nazarbayev_0001.jpg,Nursultan_Nazarbayev/Nursultan_Nazarbayev_0002.jpg,1,0.97398609
Pamela_Anderson/Pamela_Anderson_0001.jpg,Pamela_Anderson/Pamela_Anderson_0002.jpg,1,0.99836469
Pamela_Anderson/Pamela_Anderson_0001.jpg,Pamela_Anderson/Pamela_Anderson_0005.jpg,1,0.95973504
Patricia_Heaton/Patricia_Heaton_0001.jpg,Patricia_Heaton/Patricia_Heaton_0002.jpg,1,0.99540573
Patty_Schnyder/Patty_Schnyder_0001.jpg,Patty_Schnyder/Patty_Schnyder_0002.jpg,1,0.98502809
Patty_Schnyder/Patty_Schnyder_0002.jpg,Patty_Schnyder/Patty_Schnyder_0003.jpg,1,0.97822380
Patty_Schnyder/Patty_Schnyder_0002.jpg,Patty_Schnyder/Patty_Schnyder_0004.jpg,1,0.98266768
Patty_Schnyder/Patty_Schnyder_0003.jpg,Patty_Schnyder/Patty_Schnyder_0004.jpg,1,0.99633932
Paul_Bremer/Paul_Bremer_0006.jpg,Paul_Bremer/Paul_Bremer_0017.jpg,1,0.99258208
Paul_Bremer/Paul_Bremer_0007.jpg,Paul_Bremer/Paul_Bremer_0010.jpg,1,0.99668813
Paul_Bremer/Paul_Bremer_0009.jpg,Paul_Bremer/Paul_Bremer_0015.jpg,1,0.98425180
Paul_Bremer/Paul_Bremer_0014.jpg,Paul_Bremer/Paul_Bremer_0016.jpg,1,0.99411142
Paul_Sarbanes/Paul_Sarbanes_0001.jpg,Paul_Sarbanes/Paul_Sarbanes_0003.jpg,1,0.99207085
Paul_Sarbanes/Paul_Sarbanes_0002.jpg,Paul_Sarbanes/Paul_Sarbanes_0003.jpg,1,0.99516094
Paul_William_Hurley/Paul_William_Hurley_0001.jpg,Paul_William_Hurley/Paul_William_Hurley_0002.jpg,1,0.99756610
Pervez_Musharraf/Pervez_Musharraf_0001.jpg,Pervez_Musharraf/Pervez_Musharraf_0006.jpg,1,0.98655909
Pervez_Musharraf/Pervez_Musharraf_0002.jpg,Pervez_Musharraf/Pervez_Musharraf_0016.jpg,1,0.98804343
Pervez_Musharraf/Pervez_Musharraf_0003.jpg,Pervez_Musharraf/Pervez_Musharraf_0010.jpg,1,0.99070835
Pervez_Musharraf/Pervez_Musharraf_0004.jpg,Pervez_Musharraf/Pervez_Musharraf_0014.jpg,1,0.99176526
Pervez_Musharraf/Pervez_Musharraf_0005.jpg,Pervez_Musharraf/Pervez_Musharraf_0007.jpg,1,0.97133124
Pervez_Musharraf/Pervez_Musharraf_0005.jpg,Pervez_Musharraf/Pervez_Musharraf_0015.jpg,1,0.97967362
Phil_Gramm/Phil_Gramm_0001.jpg,Phil_Gramm/Phil_Gramm_0002.jpg,1,0.98869610
Prince_Edward/Prince_Edward_0001.jpg,Prince_Edward/Prince_Edward_0002.jpg,1,0.97933257
Ricardo_Lagos/Ricardo_Lagos_0003.jpg,Ricardo_Lagos/Ricardo_Lagos_0012.jpg,1,0.99720919
Ricardo_Lagos/Ricardo_Lagos_0023.jpg,Ricardo_Lagos/Ricardo_Lagos_0027.jpg,1,0.99875557
Ricardo_Monasterio/Ricardo_Monasterio_0001.jpg,Ricardo_Monasterio/Ricardo_Monasterio_0002.jpg,1,0.98776752
Rich_Gannon/Rich_Gannon_0001.jpg,Rich_Gannon/Rich_Gannon_0002.jpg,1,0.99531823
Rick_Perry/Rick_Perry_0001.jpg,Rick_Perry/Rick_Perry_0004.jpg,1,0.99851537
Rick_Perry/Rick_Perry_0001.jpg,Rick_Perry/Rick_Perry_0005.jpg,1,0.99773765
Rick_Perry/Rick_Perry_0002.jpg,Rick_Perry/Rick_Perry_0004.jpg,1,0.99074388
Rick_Perry/Rick_Perry_0003.jpg,Rick_Perry/Rick_Perry_0004.jpg,1,0.99685818
Robert_Bonner/Robert_Bonner_0002.jpg,Robert_Bonner/Robert_Bonner_0003.jpg,1,0.99732840
Robert_Evans/Robert_Evans_0002.jpg,Robert_Evans/Robert_Evans_0003.jpg,1,0.98771966
Robert_Fico/Robert_Fico_0001.jpg,Robert_Fico/Robert_Fico_0002.jpg,1,0.99076951
Romano_Prodi/Romano_Prodi_0003.jpg,Romano_Prodi/Romano_Prodi_0005.jpg,1,0.98380542
Roy_Moore/Roy_Moore_0002.jpg,Roy_Moore/Roy_Moore_0005.jpg,1,0.99040967
Roy_Moore/Roy_Moore_0003.jpg,Roy_Moore/Roy_Moore_0006.jpg,1,0.96902794
Sachiko_Yamada/Sachiko_Yamada_0001.jpg,Sachiko_Yamada/Sachiko_Yamada_0002.jpg,1,0.99781412
Sachiko_Yamada/Sachiko_Yamada_0001.jpg,Sachiko_Yamada/Sachiko_Yamada_0004.jpg,1,0.98771787
Sachiko_Yamada/Sachiko_Yamada_0002.jpg,Sachiko_Yamada/Sachiko_Yamada_0003.jpg,1,0.99632442
Sachiko_Yamada/Sachiko_Yamada_0002.jpg,Sachiko_Yamada/Sachiko_Yamada_0004.jpg,1,0.98722190
Saeb_Erekat/Saeb_Erekat_0001.jpg,Saeb_Erekat/Saeb_Erekat_0002.jpg,1,0.99299788
Sam_Bith/Sam_Bith_0001.jpg,Sam_Bith/Sam_Bith_0002.jpg,1,0.99342275
Sam_Bith/Sam_Bith_0001.jpg,Sam_Bith/Sam_Bith_0003.jpg,1,0.99315816
Sam_Bith/Sam_Bith_0002.jpg,Sam_Bith/Sam_Bith_0003.jpg,1,0.99345624
Sean_Hayes/Sean_Hayes_0001.jpg,Sean_Hayes/Sean_Hayes_0002.jpg,1,0.99693465
Sergio_Garcia/Sergio_Garcia_0001.jpg,Sergio_Garcia/Sergio_Garcia_0002.jpg,1,0.99648714
Silvia_Farina_Elia/Silvia_Farina_Elia_0001.jpg,Silvia_Farina_Elia/Silvia_Farina_Elia_0002.jpg,1,0.96618533
Steve_Ballmer/Steve_Ballmer_0001.jpg,Steve_Ballmer/Steve_Ballmer_0002.jpg,1,0.99435413
Steve_Ballmer/Steve_Ballmer_0001.jpg,Steve_Ballmer/Steve_Ballmer_0003.jpg,1,0.99468100
Stockard_Channing/Stockard_Channing_0001.jpg,Stockard_Channing/Stockard_Channing_0003.jpg,1,0.99757504
Stockard_Channing/Stockard_Channing_0002.jpg,Stockard_Channing/Stockard_Channing_0003.jpg,1,0.99563503
Terry_McAuliffe/Terry_McAuliffe_0001.jpg,Terry_McAuliffe/Terry_McAuliffe_0002.jpg,1,0.99442697
Terry_McAuliffe/Terry_McAuliffe_0001.jpg,Terry_McAuliffe/Terry_McAuliffe_0003.jpg,1,0.98956990
Thomas_Rupprath/Thomas_Rupprath_0001.jpg,Thomas_Rupprath/Thomas_Rupprath_0003.jpg,1,0.99018294
Thomas_Rupprath/Thomas_Rupprath_0002.jpg,Thomas_Rupprath/Thomas_Rupprath_0003.jpg,1,0.98522627
Tom_Ridge/Tom_Ridge_0006.jpg,Tom_Ridge/Tom_Ridge_0016.jpg,1,0.99809945
Tom_Ridge/Tom_Ridge_0008.jpg,Tom_Ridge/Tom_Ridge_0025.jpg,1,0.99449718
Tom_Ridge/Tom_Ridge_0009.jpg,Tom_Ridge/Tom_Ridge_0026.jpg,1,0.99075353
Tom_Ridge/Tom_Ridge_0018.jpg,Tom_Ridge/Tom_Ridge_0022.jpg,1,0.99461794
Tommy_Haas/Tommy_Haas_0004.jpg,Tommy_Haas/Tommy_Haas_0005.jpg,1,0.97705758
Tommy_Thompson/Tommy_Thompson_0001.jpg,Tommy_Thompson/Tommy_Thompson_0002.jpg,1,0.98934460
Tommy_Thompson/Tommy_Thompson_0001.jpg,Tommy_Thompson/Tommy_Thompson_0007.jpg,1,0.99098992
Tommy_Thompson/Tommy_Thompson_0002.jpg,Tommy_Thompson/Tommy_Thompson_0008.jpg,1,0.99376309
Tommy_Thompson/Tommy_Thompson_0004.jpg,Tommy_Thompson/Tommy_Thompson_0008.jpg,1,0.99349678
Tommy_Thompson/Tommy_Thompson_0006.jpg,Tommy_Thompson/Tommy_Thompson_0009.jpg,1,0.99571490
Tomoko_Hagiwara/Tomoko_Hagiwara_0001.jpg,Tomoko_Hagiwara/Tomoko_Hagiwara_0002.jpg,1,0.97594929
Trent_Lott/Trent_Lott_0001.jpg,Trent_Lott/Trent_Lott_0002.jpg,1,0.99275100
Trent_Lott/Trent_Lott_0002.jpg,Trent_Lott/Trent_Lott_0003.jpg,1,0.99571878
Trent_Lott/Trent_Lott_0002.jpg,Trent_Lott/Trent_Lott_0008.jpg,1,0.99055672
Trent_Lott/Trent_Lott_0006.jpg,Trent_Lott/Trent_Lott_0011.jpg,1,0.99563098
Trent_Lott/Trent_Lott_0007.jpg,Trent_Lott/Trent_Lott_0010.jpg,1,0.98325390
Trent_Lott/Trent_Lott_0008.jpg,Trent_Lott/Trent_Lott_0016.jpg,1,0.98000157
Tsutomu_Takebe/Tsutomu_Takebe_0001.jpg,Tsutomu_Takebe/Tsutomu_Takebe_0002.jpg,1,0.99704438
Tyler_Hamilton/Tyler_Hamilton_0001.jpg,Tyler_Hamilton/Tyler_Hamilton_0002.jpg,1,0.99059188
Tyra_Banks/Tyra_Banks_0001.jpg,Tyra_Banks/Tyra_Banks_0002.jpg,1,0.99928433
Vaclav_Havel/Vaclav_Havel_0002.jpg,Vaclav_Havel/Vaclav_Havel_0004.jpg,1,0.99564201
Vaclav_Havel/Vaclav_Havel_0002.jpg,Vaclav_Havel/Vaclav_Havel_0005.jpg,1,0.99284887
Vaclav_Havel/Vaclav_Havel_0002.jpg,Vaclav_Havel/Vaclav_Havel_0006.jpg,1,0.99462152
Vaclav_Havel/Vaclav_Havel_0004.jpg,Vaclav_Havel/Vaclav_Havel_0009.jpg,1,0.99798506
Vaclav_Havel/Vaclav_Havel_0005.jpg,Vaclav_Havel/Vaclav_Havel_0007.jpg,1,0.99690270
Valerie_Harper/Valerie_Harper_0001.jpg,Valerie_Harper/Valerie_Harper_0002.jpg,1,0.98714900
Vince_Carter/Vince_Carter_0003.jpg,Vince_Carter/Vince_Carter_0004.jpg,1,0.99754184
Vincent_Brooks/Vincent_Brooks_0002.jpg,Vincent_Brooks/Vincent_Brooks_0003.jpg,1,0.99861759
Vincent_Brooks/Vincent_Brooks_0002.jpg,Vincent_Brooks/Vincent_Brooks_0007.jpg,1,0.99624920
Vincent_Brooks/Vincent_Brooks_0004.jpg,Vincent_Brooks/Vincent_Brooks_0005.jpg,1,0.99358797
Vincent_Brooks/Vincent_Brooks_0004.jpg,Vincent_Brooks/Vincent_Brooks_0007.jpg,1,0.99115604
Vincent_Gallo/Vincent_Gallo_0001.jpg,Vincent_Gallo/Vincent_Gallo_0002.jpg,1,0.99492812
Vitali_Klitschko/Vitali_Klitschko_0001.jpg,Vitali_Klitschko/Vitali_Klitschko_0002.jpg,1,0.99139237
Vitali_Klitschko/Vitali_Klitschko_0003.jpg,Vitali_Klitschko/Vitali_Klitschko_0004.jpg,1,0.98192036
William_Macy/William_Macy_0001.jpg,William_Macy/William_Macy_0004.jpg,1,0.99838591
William_Macy/William_Macy_0002.jpg,William_Macy/William_Macy_0004.jpg,1,0.98606050
William_Macy/William_Macy_0003.jpg,William_Macy/William_Macy_0004.jpg,1,0.99921894
Woody_Allen/Woody_Allen_0002.jpg,Woody_Allen/Woody_Allen_0004.jpg,1,0.97906172
Woody_Allen/Woody_Allen_0003.jpg,Woody_Allen/Woody_Allen_0005.jpg,1,0.99609196
Yukiko_Okudo/Yukiko_Okudo_0001.jpg,Yukiko_Okudo/Yukiko_Okudo_0002.jpg,1,0.99265814
Zico/Zico_0001.jpg,Zico/Zico_0002.jpg,1,0.99810398
Zico/Zico_0002.jpg,Zico/Zico_0003.jpg,1,0.99828011
Abdullah_Gul/Abdullah_Gul_0001.jpg,Abdullah_Gul/Abdullah_Gul_0006.jpg,1,0.98894298
Abdullah_Gul/Abdullah_Gul_0001.jpg,Abdullah_Gul/Abdullah_Gul_0008.jpg,1,0.98659521
Abdullah_Gul/Abdullah_Gul_0007.jpg,Abdullah_Gul/Abdullah_Gul_0014.jpg,1,0.99625659
Abdullah_Gul/Abdullah_Gul_0009.jpg,Abdullah_Gul/Abdullah_Gul_0012.jpg,1,0.99550653
Abdullah_Gul/Abdullah_Gul_0009.jpg,Abdullah_Gul/Abdullah_Gul_0015.jpg,1,0.99028432
Adolfo_Rodriguez_Saa/Adolfo_Rodriguez_Saa_0001.jpg,Adolfo_Rodriguez_Saa/Adolfo_Rodriguez_Saa_0002.jpg,1,0.97267711
Adrien_Brody/Adrien_Brody_0002.jpg,Adrien_Brody/Adrien_Brody_0003.jpg,1,0.99598598
Adrien_Brody/Adrien_Brody_0002.jpg,Adrien_Brody/Adrien_Brody_0012.jpg,1,0.98770082
Adrien_Brody/Adrien_Brody_0005.jpg,Adrien_Brody/Adrien_Brody_0010.jpg,1,0.99194247
Adrien_Brody/Adrien_Brody_0007.jpg,Adrien_Brody/Adrien_Brody_0008.jpg,1,0.99306667
Al_Sharpton/Al_Sharpton_0001.jpg,Al_Sharpton/Al_Sharpton_0004.jpg,1,0.98530161
Al_Sharpton/Al_Sharpton_0002.jpg,Al_Sharpton/Al_Sharpton_0004.jpg,1,0.98907232
Al_Sharpton/Al_Sharpton_0002.jpg,Al_Sharpton/Al_Sharpton_0007.jpg,1,0.99651796
Al_Sharpton/Al_Sharpton_0003.jpg,Al_Sharpton/Al_Sharpton_0004.jpg,1,0.99055803
Alexandra_Stevenson/Alexandra_Stevenson_0001.jpg,Alexandra_Stevenson/Alexandra_Stevenson_0002.jpg,1,0.99194562
Alexandra_Stevenson/Alexandra_Stevenson_0001.jpg,Alexandra_Stevenson/Alexandra_Stevenson_0003.jpg,1,0.98993623
Alexandra_Vodjanikova/Alexandra_Vodjanikova_0001.jpg,Alexandra_Vodjanikova/Alexandra_Vodjanikova_0002.jpg,1,0.99092710
Alicia_Silverstone/Alicia_Silverstone_0001.jpg,Alicia_Silverstone/Alicia_Silverstone_0002.jpg,1,0.99612832
Ana_Palacio/Ana_Palacio_0003.jpg,Ana_Palacio/Ana_Palacio_0007.jpg,1,0.99600744
Ana_Palacio/Ana_Palacio_0006.jpg,Ana_Palacio/Ana_Palacio_0008.jpg,1,0.99696159
Andre_Agassi/Andre_Agassi_0001.jpg,Andre_Agassi/Andre_Agassi_0005.jpg,1,0.98990273
Andre_Agassi/Andre_Agassi_0002.jpg,Andre_Agassi/Andre_Agassi_0016.jpg,1,0.99869025
Andre_Agassi/Andre_Agassi_0004.jpg,Andre_Agassi/Andre_Agassi_0033.jpg,1,0.99668676
Andre_Agassi/Andre_Agassi_0009.jpg,Andre_Agassi/Andre_Agassi_0025.jpg,1,0.98626959
Andre_Agassi/Andre_Agassi_0017.jpg,Andre_Agassi/Andre_Agassi_0025.jpg,1,0.99491125
Anna_Kournikova/Anna_Kournikova_0002.jpg,Anna_Kournikova/Anna_Kournikova_0003.jpg,1,0.99526823
Anna_Kournikova/Anna_Kournikova_0002.jpg,Anna_Kournikova/Anna_Kournikova_0012.jpg,1,0.99256849
Anna_Kournikova/Anna_Kournikova_0003.jpg,Anna_Kournikova/Anna_Kournikova_0008.jpg,1,0.98921388
Anna_Kournikova/Anna_Kournikova_0007.jpg,Anna_Kournikova/Anna_Kournikova_0008.jpg,1,0.98959112
Anna_Kournikova/Anna_Kournikova_0007.jpg,Anna_Kournikova/Anna_Kournikova_0011.jpg,1,0.98659170
Annette_Lu/Annette_Lu_0001.jpg,Annette_Lu/Annette_Lu_0002.jpg,1,0.99467492
Arnold_Palmer/Arnold_Palmer_0001.jpg,Arnold_Palmer/Arnold_Palmer_0003.jpg,1,0.99619001
Arnold_Palmer/Arnold_Palmer_0002.jpg,Arnold_Palmer/Arnold_Palmer_0003.jpg,1,0.99756992
Aron_Ralston/Aron_Ralston_0001.jpg,Aron_Ralston/Aron_Ralston_0002.jpg,1,0.98751950
Arturo_Gatti/Arturo_Gatti_0002.jpg,Arturo_Gatti/Arturo_Gatti_0003.jpg,1,0.98412716
Bashar_Assad/Bashar_Assad_0001.jpg,Bashar_Assad/Bashar_Assad_0003.jpg,1,0.98347050
Bashar_Assad/Bashar_Assad_0002.jpg,Bashar_Assad/Bashar_Assad_0004.jpg,1,0.98790586
Bernardo_Segura/Bernardo_Segura_0001.jpg,Bernardo_Segura/Bernardo_Segura_0002.jpg,1,0.99558985
Bill_Gates/Bill_Gates_0003.jpg,Bill_Gates/Bill_Gates_0016.jpg,1,0.99333036
Bill_Gates/Bill_Gates_0007.jpg,Bill_Gates/Bill_Gates_0015.jpg,1,0.99529743
Bill_Gates/Bill_Gates_0011.jpg,Bill_Gates/Bill_Gates_0013.jpg,1,0.99282336
Bill_Gates/Bill_Gates_0013.jpg,Bill_Gates/Bill_Gates_0017.jpg,1,0.98308074
Bo_Pelini/Bo_Pelini_0001.jpg,Bo_Pelini/Bo_Pelini_0002.jpg,1,0.99342203
Bob_Stoops/Bob_Stoops_0002.jpg,Bob_Stoops/Bob_Stoops_0004.jpg,1,0.98911786
Bob_Stoops/Bob_Stoops_0002.jpg,Bob_Stoops/Bob_Stoops_0005.jpg,1,0.99244350
Bobby_Robson/Bobby_Robson_0001.jpg,Bobby_Robson/Bobby_Robson_0002.jpg,1,0.99392807
Bode_Miller/Bode_Miller_0001.jpg,Bode_Miller/Bode_Miller_0002.jpg,1,0.98698860
Caroline_Kennedy/Caroline_Kennedy_0001.jpg,Caroline_Kennedy/Caroline_Kennedy_0003.jpg,1,0.99862945
Caroline_Kennedy/Caroline_Kennedy_0002.jpg,Caroline_Kennedy/Caroline_Kennedy_0003.jpg,1,0.99636805
Catherine_Zeta-Jones/Catherine_Zeta-Jones_0001.jpg,Catherine_Zeta-Jones/Catherine_Zeta-Jones_0011.jpg,1,0.96269161
Catherine_Zeta-Jones/Catherine_Zeta-Jones_0004.jpg,Catherine_Zeta-Jones/Catherine_Zeta-Jones_0009.jpg,1,0.97841269
Celso_Amorim/Celso_Amorim_0001.jpg,Celso_Amorim/Celso_Amorim_0002.jpg,1,0.98603475
Chan_Gailey/Chan_Gailey_0001.jpg,Chan_Gailey/Chan_Gailey_0002.jpg,1,0.98860574
Chanda_Rubin/Chanda_Rubin_0002.jpg,Chanda_Rubin/Chanda_Rubin_0005.jpg,1,0.99748474
Chanda_Rubin/Chanda_Rubin_0004.jpg,Chanda_Rubin/Chanda_Rubin_0005.jpg,1,0.99610060
Charles_Bronson/Charles_Bronson_0001.jpg,Charles_Bronson/Charles_Bronson_0002.jpg,1,0.97512090
Charles_Kartman/Charles_Kartman_0001.jpg,Charles_Kartman/Charles_Kartman_0002.jpg,1,0.98680937
Charles_Schumer/Charles_Schumer_0001.jpg,Charles_Schumer/Charles_Schumer_0002.jpg,1,0.98393697
Chris_Rock/Chris_Rock_0001.jpg,Chris_Rock/Chris_Rock_0002.jpg,1,0.99897510
Christine_Baumgartner/Christine_Baumgartner_0001.jpg,Christine_Baumgartner/Christine_Baumgartner_0002.jpg,1,0.99853617
Christine_Baumgartner/Christine_Baumgartner_0002.jpg,Christine_Baumgartner/Christine_Baumgartner_0004.jpg,1,0.98953086
Colin_Farrell/Colin_Farrell_0001.jpg,Colin_Farrell/Colin_Farrell_0007.jpg,1,0.99544561
Colin_Farrell/Colin_Farrell_0002.jpg,Colin_Farrell/Colin_Farrell_0007.jpg,1,0.99609959
Colin_Farrell/Colin_Farrell_0003.jpg,Colin_Farrell/Colin_Farrell_0006.jpg,1,0.97095692
Colin_Farrell/Colin_Farrell_0004.jpg,Colin_Farrell/Colin_Farrell_0008.jpg,1,0.99648070
Dalai_Lama/Dalai_Lama_0001.jpg,Dalai_Lama/Dalai_Lama_0002.jpg,1,0.99450749
Daniel_Radcliffe/Daniel_Radcliffe_0001.jpg,Daniel_Radcliffe/Daniel_Radcliffe_0004.jpg,1,0.99372512
Daryl_Hannah/Daryl_Hannah_0001.jpg,Daryl_Hannah/Daryl_Hannah_0002.jpg,1,0.99125606
David_Anderson/David_Anderson_0001.jpg,David_Anderson/David_Anderson_0002.jpg,1,0.99226910
David_Anderson/David_Anderson_0001.jpg,David_Anderson/David_Anderson_0003.jpg,1,0.99257541
David_Beckham/David_Beckham_0001.jpg,David_Beckham/David_Beckham_0015.jpg,1,0.99501085
David_Beckham/David_Beckham_0009.jpg,David_Beckham/David_Beckham_0016.jpg,1,0.99393076
David_Beckham/David_Beckham_0011.jpg,David_Beckham/David_Beckham_0029.jpg,1,0.99269032
David_Beckham/David_Beckham_0013.jpg,David_Beckham/David_Beckham_0029.jpg,1,0.99460793
David_Beckham/David_Beckham_0015.jpg,David_Beckham/David_Beckham_0024.jpg,1,0.98946297
David_Beckham/David_Beckham_0020.jpg,David_Beckham/David_Beckham_0027.jpg,1,0.99077296
David_Beckham/David_Beckham_0027.jpg,David_Beckham/David_Beckham_0031.jpg,1,0.99489045
Denzel_Washington/Denzel_Washington_0002.jpg,Denzel_Washington/Denzel_Washington_0004.jpg,1,0.99105710
Denzel_Washington/Denzel_Washington_0003.jpg,Denzel_Washington/Denzel_Washington_0005.jpg,1,0.99776816
Dianne_Feinstein/Dianne_Feinstein_0001.jpg,Dianne_Feinstein/Dianne_Feinstein_0002.jpg,1,0.99275964
Dianne_Feinstein/Dianne_Feinstein_0001.jpg,Dianne_Feinstein/Dianne_Feinstein_0003.jpg,1,0.98557538
Dianne_Feinstein/Dianne_Feinstein_0002.jpg,Dianne_Feinstein/Dianne_Feinstein_0003.jpg,1,0.97504711
Dick_Clark/Dick_Clark_0001.jpg,Dick_Clark/Dick_Clark_0002.jpg,1,0.99287021
Dick_Clark/Dick_Clark_0001.jpg,Dick_Clark/Dick_Clark_0003.jpg,1,0.99645793
Donald_Fehr/Donald_Fehr_0001.jpg,Donald_Fehr/Donald_Fehr_0003.jpg,1,0.98758638
Donald_Fehr/Donald_Fehr_0001.jpg,Donald_Fehr/Donald_Fehr_0004.jpg,1,0.99324793
Donald_Fehr/Donald_Fehr_0002.jpg,Donald_Fehr/Donald_Fehr_0003.jpg,1,0.98867536
Donald_Fehr/Donald_Fehr_0003.jpg,Donald_Fehr/Donald_Fehr_0004.jpg,1,0.98989356
Dwayne_Johnson/Dwayne_Johnson_0001.jpg,Dwayne_Johnson/Dwayne_Johnson_0002.jpg,1,0.99668515
Ed_Rosenthal/Ed_Rosenthal_0001.jpg,Ed_Rosenthal/Ed_Rosenthal_0002.jpg,1,0.98655003
Erik_Morales/Erik_Morales_0001.jpg,Erik_Morales/Erik_Morales_0002.jpg,1,0.99161875
Erik_Morales/Erik_Morales_0002.jpg,Erik_Morales/Erik_Morales_0003.jpg,1,0.99351633
Evan_Rachel_Wood/Evan_Rachel_Wood_0002.jpg,Evan_Rachel_Wood/Evan_Rachel_Wood_0003.jpg,1,0.99608666
Evander_Holyfield/Evander_Holyfield_0001.jpg,Evander_Holyfield/Evander_Holyfield_0002.jpg,1,0.99774754
Eve_Pelletier/Eve_Pelletier_0001.jpg,Eve_Pelletier/Eve_Pelletier_0002.jpg,1,0.98329383
Farouk_al-Sharaa/Farouk_al-Sharaa_0001.jpg,Farouk_al-Sharaa/Farouk_al-Sharaa_0002.jpg,1,0.99463254
Farouk_al-Sharaa/Farouk_al-Sharaa_0001.jpg,Farouk_al-Sharaa/Farouk_al-Sharaa_0003.jpg,1,0.99176550
Farouk_al-Sharaa/Farouk_al-Sharaa_0002.jpg,Farouk_al-Sharaa/Farouk_al-Sharaa_0003.jpg,1,0.98943794
Frank_Cassell/Frank_Cassell_0001.jpg,Frank_Cassell/Frank_Cassell_0002.jpg,1,0.99785018
Frank_Cassell/Frank_Cassell_0001.jpg,Frank_Cassell/Frank_Cassell_0003.jpg,1,0.99848831
Fujio_Cho/Fujio_Cho_0001.jpg,Fujio_Cho/Fujio_Cho_0004.jpg,1,0.99078047
Fujio_Cho/Fujio_Cho_0002.jpg,Fujio_Cho/Fujio_Cho_0005.jpg,1,0.99142921
Fujio_Cho/Fujio_Cho_0003.jpg,Fujio_Cho/Fujio_Cho_0005.jpg,1,0.99618793
Fujio_Cho/Fujio_Cho_0004.jpg,Fujio_Cho/Fujio_Cho_0006.jpg,1,0.98746908
Fujio_Cho/Fujio_Cho_0005.jpg,Fujio_Cho/Fujio_Cho_0006.jpg,1,0.97601974
Gao_Qiang/Gao_Qiang_0001.jpg,Gao_Qiang/Gao_Qiang_0002.jpg,1,0.98052591
Geoff_Hoon/Geoff_Hoon_0001.jpg,Geoff_Hoon/Geoff_Hoon_0002.jpg,1,0.98753303
Geoff_Hoon/Geoff_Hoon_0003.jpg,Geoff_Hoon/Geoff_Hoon_0004.jpg,1,0.99595529
Geoff_Hoon/Geoff_Hoon_0004.jpg,Geoff_Hoon/Geoff_Hoon_0005.jpg,1,0.99355567
George_Brumley/George_Brumley_0001.jpg,George_Brumley/George_Brumley_0002.jpg,1,0.99610388
George_Papandreou/George_Papandreou_0001.jpg,George_Papandreou/George_Papandreou_0002.jpg,1,0.98859644
George_Papandreou/George_Papandreou_0001.jpg,George_Papandreou/George_Papandreou_0003.jpg,1,0.99829197
George_Papandreou/George_Papandreou_0001.jpg,George_Papandreou/George_Papandreou_0004.jpg,1,0.99300951
George_Papandreou/George_Papandreou_0003.jpg,George_Papandreou/George_Papandreou_0004.jpg,1,0.99465191
Gloria_Allred/Gloria_Allred_0001.jpg,Gloria_Allred/Gloria_Allred_0002.jpg,1,0.99541986
Greg_Ostertag/Greg_Ostertag_0001.jpg,Greg_Ostertag/Greg_Ostertag_0002.jpg,1,0.99243116
Greg_Owen/Greg_Owen_0001.jpg,Greg_Owen/Greg_Owen_0002.jpg,1,0.96322727
Hanan_Ashrawi/Hanan_Ashrawi_0001.jpg,Hanan_Ashrawi/Hanan_Ashrawi_0002.jpg,1,0.99687141
Harry_Kalas/Harry_Kalas_0001.jpg,Harry_Kalas/Harry_Kalas_0002.jpg,1,0.99496824
Hayley_Tullett/Hayley_Tullett_0001.jpg,Hayley_Tullett/Hayley_Tullett_0002.jpg,1,0.98451078
Howard_Dean/Howard_Dean_0001.jpg,Howard_Dean/Howard_Dean_0003.jpg,1,0.99851412
Howard_Dean/Howard_Dean_0001.jpg,Howard_Dean/Howard_Dean_0007.jpg,1,0.99844104
Howard_Dean/Howard_Dean_0002.jpg,Howard_Dean/Howard_Dean_0008.jpg,1,0.98312581
Howard_Dean/Howard_Dean_0004.jpg,Howard_Dean/Howard_Dean_0005.jpg,1,0.99121988
Howard_Dean/Howard_Dean_0005.jpg,Howard_Dean/Howard_Dean_0012.jpg,1,0.99296427
Hu_Jintao/Hu_Jintao_0004.jpg,Hu_Jintao/Hu_Jintao_0014.jpg,1,0.99402559
Hu_Jintao/Hu_Jintao_0005.jpg,Hu_Jintao/Hu_Jintao_0012.jpg,1,0.98624051
Hu_Jintao/Hu_Jintao_0005.jpg,Hu_Jintao/Hu_Jintao_0015.jpg,1,0.99489105
Hu_Jintao/Hu_Jintao_0011.jpg,Hu_Jintao/Hu_Jintao_0013.jpg,1,0.99175566
Ian_McKellen/Ian_McKellen_0001.jpg,Ian_McKellen/Ian_McKellen_0003.jpg,1,0.99148357
Ibrahim_Jaafari/Ibrahim_Jaafari_0001.jpg,Ibrahim_Jaafari/Ibrahim_Jaafari_0002.jpg,1,0.99657029
Isabella_Rossellini/Isabella_Rossellini_0001.jpg,Isabella_Rossellini/Isabella_Rossellini_0003.jpg,1,0.99081540
Ishaq_Shahryar/Ishaq_Shahryar_0001.jpg,Ishaq_Shahryar/Ishaq_Shahryar_0002.jpg,1,0.98456562
Ismail_Merchant/Ismail_Merchant_0001.jpg,Ismail_Merchant/Ismail_Merchant_0002.jpg,1,0.99281389
Jacques_Chirac/Jacques_Chirac_0002.jpg,Jacques_Chirac/Jacques_Chirac_0043.jpg,1,0.99616289
Jacques_Chirac/Jacques_Chirac_0019.jpg,Jacques_Chirac/Jacques_Chirac_0028.jpg,1,0.99328613
James_Cameron/James_Cameron_0001.jpg,James_Cameron/James_Cameron_0003.jpg,1,0.98514283
James_McGreevey/James_McGreevey_0001.jpg,James_McGreevey/James_McGreevey_0003.jpg,1,0.98923880
James_McGreevey/James_McGreevey_0001.jpg,James_McGreevey/James_McGreevey_0004.jpg,1,0.99617600
Jason_Alexander/Jason_Alexander_0001.jpg,Jason_Alexander/Jason_Alexander_0002.jpg,1,0.99214971
Jason_Kidd/Jason_Kidd_0002.jpg,Jason_Kidd/Jason_Kidd_0008.jpg,1,0.99499953
Jason_Kidd/Jason_Kidd_0003.jpg,Jason_Kidd/Jason_Kidd_0008.jpg,1,0.99266517
Jason_Kidd/Jason_Kidd_0006.jpg,Jason_Kidd/Jason_Kidd_0008.jpg,1,0.98851109
Jelena_Dokic/Jelena_Dokic_0001.jpg,Jelena_Dokic/Jelena_Dokic_0002.jpg,1,0.99019814
Jelena_Dokic/Jelena_Dokic_0002.jpg,Jelena_Dokic/Jelena_Dokic_0004.jpg,1,0.97667402
Jelena_Dokic/Jelena_Dokic_0002.jpg,Jelena_Dokic/Jelena_Dokic_0008.jpg,1,0.99258351
Jelena_Dokic/Jelena_Dokic_0003.jpg,Jelena_Dokic/Jelena_Dokic_0004.jpg,1,0.97210234
Jelena_Dokic/Jelena_Dokic_0004.jpg,Jelena_Dokic/Jelena_Dokic_0005.jpg,1,0.97506511
Jelena_Dokic/Jelena_Dokic_0004.jpg,Jelena_Dokic/Jelena_Dokic_0007.jpg,1,0.96947962
Jelena_Dokic/Jelena_Dokic_0004.jpg,Jelena_Dokic/Jelena_Dokic_0008.jpg,1,0.96828640
Jelena_Dokic/Jelena_Dokic_0005.jpg,Jelena_Dokic/Jelena_Dokic_0006.jpg,1,0.99579817
Jelena_Dokic/Jelena_Dokic_0007.jpg,Jelena_Dokic/Jelena_Dokic_0008.jpg,1,0.99439526
Jennifer_Connelly/Jennifer_Connelly_0001.jpg,Jennifer_Connelly/Jennifer_Connelly_0003.jpg,1,0.99695444
Jennifer_Connelly/Jennifer_Connelly_0001.jpg,Jennifer_Connelly/Jennifer_Connelly_0004.jpg,1,0.99605525
Jennifer_Connelly/Jennifer_Connelly_0002.jpg,Jennifer_Connelly/Jennifer_Connelly_0004.jpg,1,0.99801999
Jennifer_Connelly/Jennifer_Connelly_0003.jpg,Jennifer_Connelly/Jennifer_Connelly_0004.jpg,1,0.99936175
Jennifer_Keller/Jennifer_Keller_0001.jpg,Jennifer_Keller/Jennifer_Keller_0004.jpg,1,0.98938185
Jennifer_Keller/Jennifer_Keller_0003.jpg,Jennifer_Keller/Jennifer_Keller_0004.jpg,1,0.98894340
Jennifer_Reilly/Jennifer_Reilly_0001.jpg,Jennifer_Reilly/Jennifer_Reilly_0002.jpg,1,0.99612534
Jennifer_Thompson/Jennifer_Thompson_0001.jpg,Jennifer_Thompson/Jennifer_Thompson_0002.jpg,1,0.99722129
Jim_Hahn/Jim_Hahn_0001.jpg,Jim_Hahn/Jim_Hahn_0003.jpg,1,0.99329996
Jim_Hahn/Jim_Hahn_0001.jpg,Jim_Hahn/Jim_Hahn_0004.jpg,1,0.99389446
Jim_Hahn/Jim_Hahn_0003.jpg,Jim_Hahn/Jim_Hahn_0004.jpg,1,0.99242061
Johnny_Carson/Johnny_Carson_0001.jpg,Johnny_Carson/Johnny_Carson_0002.jpg,1,0.99485964
Jorge_Batlle/Jorge_Batlle_0001.jpg,Jorge_Batlle/Jorge_Batlle_0002.jpg,1,0.98691928
Jorge_Batlle/Jorge_Batlle_0001.jpg,Jorge_Batlle/Jorge_Batlle_0003.jpg,1,0.98065197
Jorge_Rodolfo_Canicoba_Corral/Jorge_Rodolfo_Canicoba_Corral_0001.jpg,Jorge_Rodolfo_Canicoba_Corral/Jorge_Rodolfo_Canicoba_Corral_0002.jpg,1,0.99564081
Juan_Ignacio_Chela/Juan_Ignacio_Chela_0001.jpg,Juan_Ignacio_Chela/Juan_Ignacio_Chela_0002.jpg,1,0.99458981
Juan_Ignacio_Chela/Juan_Ignacio_Chela_0001.jpg,Juan_Ignacio_Chela/Juan_Ignacio_Chela_0003.jpg,1,0.99334401
Juan_Ignacio_Chela/Juan_Ignacio_Chela_0002.jpg,Juan_Ignacio_Chela/Juan_Ignacio_Chela_0003.jpg,1,0.98552382
Justin_Gatlin/Justin_Gatlin_0001.jpg,Justin_Gatlin/Justin_Gatlin_0002.jpg,1,0.99909252
Karen_Mok/Karen_Mok_0001.jpg,Karen_Mok/Karen_Mok_0002.jpg,1,0.99684978
Katie_Harman/Katie_Harman_0001.jpg,Katie_Harman/Katie_Harman_0002.jpg,1,0.97509766
Katie_Harman/Katie_Harman_0001.jpg,Katie_Harman/Katie_Harman_0003.jpg,1,0.99139404
Katie_Harman/Katie_Harman_0002.jpg,Katie_Harman/Katie_Harman_0003.jpg,1,0.97803885
Kenneth_Branagh/Kenneth_Branagh_0001.jpg,Kenneth_Branagh/Kenneth_Branagh_0002.jpg,1,0.99709618
Kevin_Costner/Kevin_Costner_0001.jpg,Kevin_Costner/Kevin_Costner_0003.jpg,1,0.99757314
Kevin_Costner/Kevin_Costner_0002.jpg,Kevin_Costner/Kevin_Costner_0006.jpg,1,0.98718572
Kevin_Costner/Kevin_Costner_0002.jpg,Kevin_Costner/Kevin_Costner_0008.jpg,1,0.98826849
Kevin_Costner/Kevin_Costner_0006.jpg,Kevin_Costner/Kevin_Costner_0008.jpg,1,0.99777019
Larry_Lindsey/Larry_Lindsey_0001.jpg,Larry_Lindsey/Larry_Lindsey_0002.jpg,1,0.99441504
Leonardo_DiCaprio/Leonardo_DiCaprio_0003.jpg,Leonardo_DiCaprio/Leonardo_DiCaprio_0007.jpg,1,0.99889076
Leonardo_DiCaprio/Leonardo_DiCaprio_0005.jpg,Leonardo_DiCaprio/Leonardo_DiCaprio_0006.jpg,1,0.99441880
Leonardo_DiCaprio/Leonardo_DiCaprio_0006.jpg,Leonardo_DiCaprio/Leonardo_DiCaprio_0008.jpg,1,0.99757457
Lindsay_Davenport/Lindsay_Davenport_0002.jpg,Lindsay_Davenport/Lindsay_Davenport_0010.jpg,1,0.99005795
Lindsay_Davenport/Lindsay_Davenport_0005.jpg,Lindsay_Davenport/Lindsay_Davenport_0009.jpg,1,0.99271709
Lisa_Ling/Lisa_Ling_0001.jpg,Lisa_Ling/Lisa_Ling_0002.jpg,1,0.99352860
Lucy_Liu/Lucy_Liu_0002.jpg,Lucy_Liu/Lucy_Liu_0004.jpg,1,0.98023921
Lucy_Liu/Lucy_Liu_0002.jpg,Lucy_Liu/Lucy_Liu_0005.jpg,1,0.99660271
Lucy_Liu/Lucy_Liu_0003.jpg,Lucy_Liu/Lucy_Liu_0005.jpg,1,0.99348533
Manfred_Stolpe/Manfred_Stolpe_0001.jpg,Manfred_Stolpe/Manfred_Stolpe_0002.jpg,1,0.99901521
Maria_Luisa_Mendonca/Maria_Luisa_Mendonca_0001.jpg,Maria_Luisa_Mendonca/Maria_Luisa_Mendonca_0002.jpg,1,0.99312496
Mario_Kreutzberger/Mario_Kreutzberger_0001.jpg,Mario_Kreutzberger/Mario_Kreutzberger_0002.jpg,1,0.99191070
Melissa_Etheridge/Melissa_Etheridge_0001.jpg,Melissa_Etheridge/Melissa_Etheridge_0002.jpg,1,0.99228007
Michael_Jordan/Michael_Jordan_0001.jpg,Michael_Jordan/Michael_Jordan_0002.jpg,1,0.99931777
Michael_Jordan/Michael_Jordan_0001.jpg,Michael_Jordan/Michael_Jordan_0003.jpg,1,0.99876291
Michael_Jordan/Michael_Jordan_0002.jpg,Michael_Jordan/Michael_Jordan_0004.jpg,1,0.99870533
Mikhail_Youzhny/Mikhail_Youzhny_0001.jpg,Mikhail_Youzhny/Mikhail_Youzhny_0002.jpg,1,0.99038976
Mitchell_Daniels/Mitchell_Daniels_0001.jpg,Mitchell_Daniels/Mitchell_Daniels_0002.jpg,1,0.99529636
Mitchell_Daniels/Mitchell_Daniels_0001.jpg,Mitchell_Daniels/Mitchell_Daniels_0004.jpg,1,0.99284601
Mitchell_Daniels/Mitchell_Daniels_0003.jpg,Mitchell_Daniels/Mitchell_Daniels_0004.jpg,1,0.99267381
Mohammad_Khatami/Mohammad_Khatami_0001.jpg,Mohammad_Khatami/Mohammad_Khatami_0005.jpg,1,0.99729991
Mohammad_Khatami/Mohammad_Khatami_0003.jpg,Mohammad_Khatami/Mohammad_Khatami_0009.jpg,1,0.98907816
Mohammad_Khatami/Mohammad_Khatami_0008.jpg,Mohammad_Khatami/Mohammad_Khatami_0010.jpg,1,0.98371071
Monique_Garbrecht-Enfeldt/Monique_Garbrecht-Enfeldt_0001.jpg,Monique_Garbrecht-Enfeldt/Monique_Garbrecht-Enfeldt_0003.jpg,1,0.99162155
Natalie_Maines/Natalie_Maines_0002.jpg,Natalie_Maines/Natalie_Maines_0005.jpg,1,0.99069905
Natalie_Maines/Natalie_Maines_0004.jpg,Natalie_Maines/Natalie_Maines_0005.jpg,1,0.97937596
Nelson_Mandela/Nelson_Mandela_0001.jpg,Nelson_Mandela/Nelson_Mandela_0003.jpg,1,0.99458879
Norodom_Sihanouk/Norodom_Sihanouk_0001.jpg,Norodom_Sihanouk/Norodom_Sihanouk_0003.jpg,1,0.99402630
Norodom_Sihanouk/Norodom_Sihanouk_0002.jpg,Norodom_Sihanouk/Norodom_Sihanouk_0003.jpg,1,0.99100685
Osama_bin_Laden/Osama_bin_Laden_0002.jpg,Osama_bin_Laden/Osama_bin_Laden_0004.jpg,1,0.99760860
Osama_bin_Laden/Osama_bin_Laden_0003.jpg,Osama_bin_Laden/Osama_bin_Laden_0004.jpg,1,0.99907702
Oxana_Fedorova/Oxana_Fedorova_0001.jpg,Oxana_Fedorova/Oxana_Fedorova_0002.jpg,1,0.99659407
Peter_Bacanovic/Peter_Bacanovic_0001.jpg,Peter_Bacanovic/Peter_Bacanovic_0002.jpg,1,0.99397391
Philippe_Noiret/Philippe_Noiret_0001.jpg,Philippe_Noiret/Philippe_Noiret_0002.jpg,1,0.99386114
Placido_Domingo/Placido_Domingo_0001.jpg,Placido_Domingo/Placido_Domingo_0002.jpg,1,0.99773645
Placido_Domingo/Placido_Domingo_0002.jpg,Placido_Domingo/Placido_Domingo_0003.jpg,1,0.99436986
Prince_William/Prince_William_0001.jpg,Prince_William/Prince_William_0002.jpg,1,0.99680620
Princess_Aiko/Princess_Aiko_0001.jpg,Princess_Aiko/Princess_Aiko_0002.jpg,1,0.99502760
Priscilla_Presley/Priscilla_Presley_0001.jpg,Priscilla_Presley/Priscilla_Presley_0002.jpg,1,0.99636859
Richard_Haass/Richard_Haass_0001.jpg,Richard_Haass/Richard_Haass_0002.jpg,1,0.99015313
Richard_Shelby/Richard_Shelby_0001.jpg,Richard_Shelby/Richard_Shelby_0002.jpg,1,0.99330741
Rick_Barnes/Rick_Barnes_0001.jpg,Rick_Barnes/Rick_Barnes_0002.jpg,1,0.98472530
Rick_Barnes/Rick_Barnes_0001.jpg,Rick_Barnes/Rick_Barnes_0003.jpg,1,0.98910809
Rick_Dinse/Rick_Dinse_0001.jpg,Rick_Dinse/Rick_Dinse_0003.jpg,1,0.99829686
Rick_Dinse/Rick_Dinse_0002.jpg,Rick_Dinse/Rick_Dinse_0003.jpg,1,0.99436605
Rio_Ferdinand/Rio_Ferdinand_0001.jpg,Rio_Ferdinand/Rio_Ferdinand_0002.jpg,1,0.99234390
Rita_Grande/Rita_Grande_0001.jpg,Rita_Grande/Rita_Grande_0002.jpg,1,0.97998470
Rita_Grande/Rita_Grande_0002.jpg,Rita_Grande/Rita_Grande_0003.jpg,1,0.98978281
Robin_McLaurin_Williams/Robin_McLaurin_Williams_0001.jpg,Robin_McLaurin_Williams/Robin_McLaurin_Williams_0002.jpg,1,0.98287034
Saddam_Hussein/Saddam_Hussein_0002.jpg,Saddam_Hussein/Saddam_Hussein_0004.jpg,1,0.99895644
Saddam_Hussein/Saddam_Hussein_0002.jpg,Saddam_Hussein/Saddam_Hussein_0010.jpg,1,0.98189104
Saddam_Hussein/Saddam_Hussein_0003.jpg,Saddam_Hussein/Saddam_Hussein_0011.jpg,1,0.98950398
Saddam_Hussein/Saddam_Hussein_0006.jpg,Saddam_Hussein/Saddam_Hussein_0009.jpg,1,0.99618787
Sally_Field/Sally_Field_0001.jpg,Sally_Field/Sally_Field_0002.jpg,1,0.99685544
Salma_Hayek/Salma_Hayek_0001.jpg,Salma_Hayek/Salma_Hayek_0010.jpg,1,0.99225950
Salma_Hayek/Salma_Hayek_0001.jpg,Salma_Hayek/Salma_Hayek_0011.jpg,1,0.99715555
Sandra_Bullock/Sandra_Bullock_0001.jpg,Sandra_Bullock/Sandra_Bullock_0003.jpg,1,0.98998624
Sandra_Bullock/Sandra_Bullock_0001.jpg,Sandra_Bullock/Sandra_Bullock_0004.jpg,1,0.96125692
Sandra_Bullock/Sandra_Bullock_0002.jpg,Sandra_Bullock/Sandra_Bullock_0004.jpg,1,0.95980239
Sandra_Bullock/Sandra_Bullock_0003.jpg,Sandra_Bullock/Sandra_Bullock_0004.jpg,1,0.96155500
Sarah_Hughes/Sarah_Hughes_0001.jpg,Sarah_Hughes/Sarah_Hughes_0006.jpg,1,0.98672891
Sarah_Hughes/Sarah_Hughes_0002.jpg,Sarah_Hughes/Sarah_Hughes_0005.jpg,1,0.99383366
Sarah_Hughes/Sarah_Hughes_0003.jpg,Sarah_Hughes/Sarah_Hughes_0005.jpg,1,0.99664152
Sarah_Hughes/Sarah_Hughes_0004.jpg,Sarah_Hughes/Sarah_Hughes_0006.jpg,1,0.98944265
Sharon_Frey/Sharon_Frey_0001.jpg,Sharon_Frey/Sharon_Frey_0002.jpg,1,0.99651551
Silvio_Berlusconi/Silvio_Berlusconi_0006.jpg,Silvio_Berlusconi/Silvio_Berlusconi_0030.jpg,1,0.97283828
Silvio_Berlusconi/Silvio_Berlusconi_0008.jpg,Silvio_Berlusconi/Silvio_Berlusconi_0023.jpg,1,0.99224424
Silvio_Berlusconi/Silvio_Berlusconi_0013.jpg,Silvio_Berlusconi/Silvio_Berlusconi_0021.jpg,1,0.99199957
Silvio_Berlusconi/Silvio_Berlusconi_0017.jpg,Silvio_Berlusconi/Silvio_Berlusconi_0029.jpg,1,0.99681127
Silvio_Berlusconi/Silvio_Berlusconi_0018.jpg,Silvio_Berlusconi/Silvio_Berlusconi_0025.jpg,1,0.98632824
Silvio_Berlusconi/Silvio_Berlusconi_0023.jpg,Silvio_Berlusconi/Silvio_Berlusconi_0028.jpg,1,0.99290782
Silvio_Berlusconi/Silvio_Berlusconi_0024.jpg,Silvio_Berlusconi/Silvio_Berlusconi_0030.jpg,1,0.99147499
Silvio_Berlusconi/Silvio_Berlusconi_0026.jpg,Silvio_Berlusconi/Silvio_Berlusconi_0032.jpg,1,0.99588466
Spencer_Abraham/Spencer_Abraham_0003.jpg,Spencer_Abraham/Spencer_Abraham_0017.jpg,1,0.98543561
Steffi_Graf/Steffi_Graf_0002.jpg,Steffi_Graf/Steffi_Graf_0005.jpg,1,0.99020183
Steffi_Graf/Steffi_Graf_0003.jpg,Steffi_Graf/Steffi_Graf_0004.jpg,1,0.98492044
Steven_Spielberg/Steven_Spielberg_0001.jpg,Steven_Spielberg/Steven_Spielberg_0005.jpg,1,0.99267530
Steven_Spielberg/Steven_Spielberg_0001.jpg,Steven_Spielberg/Steven_Spielberg_0006.jpg,1,0.99785006
Steven_Spielberg/Steven_Spielberg_0003.jpg,Steven_Spielberg/Steven_Spielberg_0006.jpg,1,0.99435544
Steven_Spielberg/Steven_Spielberg_0004.jpg,Steven_Spielberg/Steven_Spielberg_0006.jpg,1,0.99456489
Steven_Spielberg/Steven_Spielberg_0004.jpg,Steven_Spielberg/Steven_Spielberg_0007.jpg,1,0.99057591
Steven_Spielberg/Steven_Spielberg_0006.jpg,Steven_Spielberg/Steven_Spielberg_0007.jpg,1,0.99042064
Theresa_May/Theresa_May_0001.jpg,Theresa_May/Theresa_May_0002.jpg,1,0.98984104
Theresa_May/Theresa_May_0002.jpg,Theresa_May/Theresa_May_0003.jpg,1,0.98466045
Tippi_Hedren/Tippi_Hedren_0001.jpg,Tippi_Hedren/Tippi_Hedren_0002.jpg,1,0.99691212
Todd_Haynes/Todd_Haynes_0001.jpg,Todd_Haynes/Todd_Haynes_0002.jpg,1,0.97175926
Todd_Haynes/Todd_Haynes_0001.jpg,Todd_Haynes/Todd_Haynes_0003.jpg,1,0.96899390
Todd_Haynes/Todd_Haynes_0001.jpg,Todd_Haynes/Todd_Haynes_0004.jpg,1,0.96849930
Todd_Haynes/Todd_Haynes_0002.jpg,Todd_Haynes/Todd_Haynes_0004.jpg,1,0.98610461
Tony_Blair/Tony_Blair_0018.jpg,Tony_Blair/Tony_Blair_0086.jpg,1,0.99178410
Tony_Blair/Tony_Blair_0032.jpg,Tony_Blair/Tony_Blair_0048.jpg,1,0.99783880
Tony_Blair/Tony_Blair_0032.jpg,Tony_Blair/Tony_Blair_0110.jpg,1,0.99535036
Tony_Blair/Tony_Blair_0053.jpg,Tony_Blair/Tony_Blair_0102.jpg,1,0.99495965
Tony_Blair/Tony_Blair_0091.jpg,Tony_Blair/Tony_Blair_0134.jpg,1,0.98010814
Tony_Blair/Tony_Blair_0092.jpg,Tony_Blair/Tony_Blair_0133.jpg,1,0.99241519
Tony_Blair/Tony_Blair_0105.jpg,Tony_Blair/Tony_Blair_0121.jpg,1,0.99524939
Vicente_Fox/Vicente_Fox_0004.jpg,Vicente_Fox/Vicente_Fox_0030.jpg,1,0.99709368
Vicente_Fox/Vicente_Fox_0009.jpg,Vicente_Fox/Vicente_Fox_0016.jpg,1,0.99685305
Vicente_Fox/Vicente_Fox_0011.jpg,Vicente_Fox/Vicente_Fox_0017.jpg,1,0.98967803
Vicente_Fox/Vicente_Fox_0015.jpg,Vicente_Fox/Vicente_Fox_0030.jpg,1,0.99343938
Vojislav_Kostunica/Vojislav_Kostunica_0001.jpg,Vojislav_Kostunica/Vojislav_Kostunica_0003.jpg,1,0.96866322
Vojislav_Kostunica/Vojislav_Kostunica_0002.jpg,Vojislav_Kostunica/Vojislav_Kostunica_0004.jpg,1,0.98025155
Vojislav_Kostunica/Vojislav_Kostunica_0004.jpg,Vojislav_Kostunica/Vojislav_Kostunica_0007.jpg,1,0.99352193
Vojislav_Kostunica/Vojislav_Kostunica_0005.jpg,Vojislav_Kostunica/Vojislav_Kostunica_0007.jpg,1,0.98738170
Walter_Mondale/Walter_Mondale_0001.jpg,Walter_Mondale/Walter_Mondale_0006.jpg,1,0.98858243
Walter_Mondale/Walter_Mondale_0001.jpg,Walter_Mondale/Walter_Mondale_0007.jpg,1,0.99320602
Walter_Mondale/Walter_Mondale_0005.jpg,Walter_Mondale/Walter_Mondale_0007.jpg,1,0.99577892
Walter_Mondale/Walter_Mondale_0006.jpg,Walter_Mondale/Walter_Mondale_0008.jpg,1,0.99433023
Walter_Mondale/Walter_Mondale_0007.jpg,Walter_Mondale/Walter_Mondale_0009.jpg,1,0.99301946
Wang_Yingfan/Wang_Yingfan_0002.jpg,Wang_Yingfan/Wang_Yingfan_0003.jpg,1,0.98081726
William_Bratton/William_Bratton_0001.jpg,William_Bratton/William_Bratton_0003.jpg,1,0.99171901
William_Donaldson/William_Donaldson_0001.jpg,William_Donaldson/William_Donaldson_0005.jpg,1,0.99267370
William_Donaldson/William_Donaldson_0003.jpg,William_Donaldson/William_Donaldson_0005.jpg,1,0.99917340
William_Donaldson/William_Donaldson_0004.jpg,William_Donaldson/William_Donaldson_0006.jpg,1,0.99684548
Xavier_Malisse/Xavier_Malisse_0001.jpg,Xavier_Malisse/Xavier_Malisse_0003.jpg,1,0.98353046
Xavier_Malisse/Xavier_Malisse_0003.jpg,Xavier_Malisse/Xavier_Malisse_0004.jpg,1,0.99250531
Xavier_Malisse/Xavier_Malisse_0003.jpg,Xavier_Malisse/Xavier_Malisse_0005.jpg,1,0.98616600
Yevgeny_Kafelnikov/Yevgeny_Kafelnikov_0001.jpg,Yevgeny_Kafelnikov/Yevgeny_Kafelnikov_0004.jpg,1,0.99118721
Zarai_Toledo/Zarai_Toledo_0001.jpg,Zarai_Toledo/Zarai_Toledo_0002.jpg,1,0.96853477
Aaron_Sorkin/Aaron_Sorkin_0001.jpg,Aaron_Sorkin/Aaron_Sorkin_0002.jpg,1,0.98507327
Abdullah/Abdullah_0001.jpg,Abdullah/Abdullah_0003.jpg,1,0.99465334
Abdullah/Abdullah_0002.jpg,Abdullah/Abdullah_0003.jpg,1,0.99334246
Abdullah/Abdullah_0002.jpg,Abdullah/Abdullah_0004.jpg,1,0.99194229
Abdullah/Abdullah_0003.jpg,Abdullah/Abdullah_0004.jpg,1,0.99396783
Abid_Hamid_Mahmud_Al-Tikriti/Abid_Hamid_Mahmud_Al-Tikriti_0001.jpg,Abid_Hamid_Mahmud_Al-Tikriti/Abid_Hamid_Mahmud_Al-Tikriti_0002.jpg,1,0.98384839
Abid_Hamid_Mahmud_Al-Tikriti/Abid_Hamid_Mahmud_Al-Tikriti_0001.jpg,Abid_Hamid_Mahmud_Al-Tikriti/Abid_Hamid_Mahmud_Al-Tikriti_0003.jpg,1,0.98891211
Alan_Ball/Alan_Ball_0001.jpg,Alan_Ball/Alan_Ball_0002.jpg,1,0.99762553
Albert_Costa/Albert_Costa_0003.jpg,Albert_Costa/Albert_Costa_0005.jpg,1,0.98801458
Albert_Costa/Albert_Costa_0005.jpg,Albert_Costa/Albert_Costa_0006.jpg,1,0.99516159
Ali_Khamenei/Ali_Khamenei_0001.jpg,Ali_Khamenei/Ali_Khamenei_0002.jpg,1,0.99543637
Ali_Khamenei/Ali_Khamenei_0001.jpg,Ali_Khamenei/Ali_Khamenei_0003.jpg,1,0.99576753
Amelia_Vega/Amelia_Vega_0001.jpg,Amelia_Vega/Amelia_Vega_0007.jpg,1,0.99772662
Amelia_Vega/Amelia_Vega_0002.jpg,Amelia_Vega/Amelia_Vega_0007.jpg,1,0.99685866
Amelia_Vega/Amelia_Vega_0003.jpg,Amelia_Vega/Amelia_Vega_0005.jpg,1,0.98880219
Antonio_Banderas/Antonio_Banderas_0001.jpg,Antonio_Banderas/Antonio_Banderas_0005.jpg,1,0.98458868
Antonio_Banderas/Antonio_Banderas_0002.jpg,Antonio_Banderas/Antonio_Banderas_0005.jpg,1,0.98756081
Antonio_Banderas/Antonio_Banderas_0003.jpg,Antonio_Banderas/Antonio_Banderas_0005.jpg,1,0.99127632
Arye_Mekel/Arye_Mekel_0001.jpg,Arye_Mekel/Arye_Mekel_0002.jpg,1,0.99560994
Azra_Akin/Azra_Akin_0001.jpg,Azra_Akin/Azra_Akin_0003.jpg,1,0.99664140
Azra_Akin/Azra_Akin_0001.jpg,Azra_Akin/Azra_Akin_0004.jpg,1,0.99854612
Bernard_Landry/Bernard_Landry_0002.jpg,Bernard_Landry/Bernard_Landry_0003.jpg,1,0.99568862
Bernard_Landry/Bernard_Landry_0002.jpg,Bernard_Landry/Bernard_Landry_0004.jpg,1,0.99731457
Bernard_Landry/Bernard_Landry_0003.jpg,Bernard_Landry/Bernard_Landry_0004.jpg,1,0.99337840
Biljana_Plavsic/Biljana_Plavsic_0001.jpg,Biljana_Plavsic/Biljana_Plavsic_0002.jpg,1,0.97988558
Biljana_Plavsic/Biljana_Plavsic_0001.jpg,Biljana_Plavsic/Biljana_Plavsic_0003.jpg,1,0.98478448
Biljana_Plavsic/Biljana_Plavsic_0002.jpg,Biljana_Plavsic/Biljana_Plavsic_0003.jpg,1,0.98918617
Bob_Hope/Bob_Hope_0001.jpg,Bob_Hope/Bob_Hope_0005.jpg,1,0.97392762
Bob_Hope/Bob_Hope_0003.jpg,Bob_Hope/Bob_Hope_0006.jpg,1,0.96823561
Bob_Hope/Bob_Hope_0004.jpg,Bob_Hope/Bob_Hope_0005.jpg,1,0.98627353
Bob_Hope/Bob_Hope_0004.jpg,Bob_Hope/Bob_Hope_0007.jpg,1,0.99382228
Bridget_Fonda/Bridget_Fonda_0001.jpg,Bridget_Fonda/Bridget_Fonda_0003.jpg,1,0.99444574
Bridget_Fonda/Bridget_Fonda_0002.jpg,Bridget_Fonda/Bridget_Fonda_0003.jpg,1,0.99697798
Carlos_Ruiz/Carlos_Ruiz_0001.jpg,Carlos_Ruiz/Carlos_Ruiz_0003.jpg,1,0.99514860
Carlos_Ruiz/Carlos_Ruiz_0002.jpg,Carlos_Ruiz/Carlos_Ruiz_0003.jpg,1,0.99572968
Carly_Fiorina/Carly_Fiorina_0001.jpg,Carly_Fiorina/Carly_Fiorina_0002.jpg,1,0.99359584
Carly_Fiorina/Carly_Fiorina_0001.jpg,Carly_Fiorina/Carly_Fiorina_0003.jpg,1,0.99680781
Cherie_Blair/Cherie_Blair_0001.jpg,Cherie_Blair/Cherie_Blair_0003.jpg,1,0.98969382
Cherie_Blair/Cherie_Blair_0001.jpg,Cherie_Blair/Cherie_Blair_0004.jpg,1,0.99235904
Cherie_Blair/Cherie_Blair_0002.jpg,Cherie_Blair/Cherie_Blair_0004.jpg,1,0.99349999
Cherie_Blair/Cherie_Blair_0003.jpg,Cherie_Blair/Cherie_Blair_0004.jpg,1,0.99475467
Chuck_Yeager/Chuck_Yeager_0001.jpg,Chuck_Yeager/Chuck_Yeager_0002.jpg,1,0.99508166
Chung_Mong-joon/Chung_Mong-joon_0001.jpg,Chung_Mong-joon/Chung_Mong-joon_0002.jpg,1,0.99026638
Claire_Hentzen/Claire_Hentzen_0001.jpg,Claire_Hentzen/Claire_Hentzen_0002.jpg,1,0.99888343
Claire_Leger/Claire_Leger_0001.jpg,Claire_Leger/Claire_Leger_0002.jpg,1,0.98847824
Darren_Clarke/Darren_Clarke_0001.jpg,Darren_Clarke/Darren_Clarke_0002.jpg,1,0.98259944
David_Caraway/David_Caraway_0001.jpg,David_Caraway/David_Caraway_0002.jpg,1,0.99797702
David_Leahy/David_Leahy_0001.jpg,David_Leahy/David_Leahy_0002.jpg,1,0.99241173
Dick_Cheney/Dick_Cheney_0002.jpg,Dick_Cheney/Dick_Cheney_0014.jpg,1,0.99934500
Dick_Cheney/Dick_Cheney_0003.jpg,Dick_Cheney/Dick_Cheney_0011.jpg,1,0.99711341
Dick_Cheney/Dick_Cheney_0003.jpg,Dick_Cheney/Dick_Cheney_0012.jpg,1,0.99862945
Dick_Cheney/Dick_Cheney_0008.jpg,Dick_Cheney/Dick_Cheney_0010.jpg,1,0.99845523
Dino_de_Laurentis/Dino_de_Laurentis_0001.jpg,Dino_de_Laurentis/Dino_de_Laurentis_0002.jpg,1,0.99720109
Don_Nickles/Don_Nickles_0001.jpg,Don_Nickles/Don_Nickles_0002.jpg,1,0.99801695
Doris_Schroeder/Doris_Schroeder_0001.jpg,Doris_Schroeder/Doris_Schroeder_0003.jpg,1,0.99168187
Doris_Schroeder/Doris_Schroeder_0002.jpg,Doris_Schroeder/Doris_Schroeder_0004.jpg,1,0.98712194
Eduardo_Duhalde/Eduardo_Duhalde_0002.jpg,Eduardo_Duhalde/Eduardo_Duhalde_0003.jpg,1,0.98013222
Eduardo_Duhalde/Eduardo_Duhalde_0002.jpg,Eduardo_Duhalde/Eduardo_Duhalde_0012.jpg,1,0.99341327
Eduardo_Duhalde/Eduardo_Duhalde_0003.jpg,Eduardo_Duhalde/Eduardo_Duhalde_0004.jpg,1,0.99194193
Eduardo_Duhalde/Eduardo_Duhalde_0006.jpg,Eduardo_Duhalde/Eduardo_Duhalde_0013.jpg,1,0.99168301
Eduardo_Duhalde/Eduardo_Duhalde_0007.jpg,Eduardo_Duhalde/Eduardo_Duhalde_0010.jpg,1,0.99139678
Eduardo_Duhalde/Eduardo_Duhalde_0010.jpg,Eduardo_Duhalde/Eduardo_Duhalde_0012.jpg,1,0.99386966
Edwin_Edwards/Edwin_Edwards_0001.jpg,Edwin_Edwards/Edwin_Edwards_0003.jpg,1,0.99578971
Eric_Rosser/Eric_Rosser_0001.jpg,Eric_Rosser/Eric_Rosser_0002.jpg,1,0.99471152
Ernie_Eves/Ernie_Eves_0001.jpg,Ernie_Eves/Ernie_Eves_0002.jpg,1,0.99701035
Ernie_Fletcher/Ernie_Fletcher_0001.jpg,Ernie_Fletcher/Ernie_Fletcher_0002.jpg,1,0.99610156
Eva_Dimas/Eva_Dimas_0001.jpg,Eva_Dimas/Eva_Dimas_0002.jpg,1,0.99246222
Fernando_Vargas/Fernando_Vargas_0001.jpg,Fernando_Vargas/Fernando_Vargas_0002.jpg,1,0.99052274
Fernando_Vargas/Fernando_Vargas_0001.jpg,Fernando_Vargas/Fernando_Vargas_0003.jpg,1,0.99461341
Fernando_Vargas/Fernando_Vargas_0001.jpg,Fernando_Vargas/Fernando_Vargas_0004.jpg,1,0.98370159
Fernando_Vargas/Fernando_Vargas_0002.jpg,Fernando_Vargas/Fernando_Vargas_0003.jpg,1,0.99132222
Fernando_Vargas/Fernando_Vargas_0003.jpg,Fernando_Vargas/Fernando_Vargas_0004.jpg,1,0.98958462
Frank_Lautenberg/Frank_Lautenberg_0001.jpg,Frank_Lautenberg/Frank_Lautenberg_0002.jpg,1,0.99155074
George_HW_Bush/George_HW_Bush_0001.jpg,George_HW_Bush/George_HW_Bush_0003.jpg,1,0.99671042
George_HW_Bush/George_HW_Bush_0002.jpg,George_HW_Bush/George_HW_Bush_0013.jpg,1,0.98376429
George_HW_Bush/George_HW_Bush_0004.jpg,George_HW_Bush/George_HW_Bush_0006.jpg,1,0.98428553
George_HW_Bush/George_HW_Bush_0005.jpg,George_HW_Bush/George_HW_Bush_0008.jpg,1,0.99757135
George_HW_Bush/George_HW_Bush_0009.jpg,George_HW_Bush/George_HW_Bush_0010.jpg,1,0.99497205
Gisele_Bundchen/Gisele_Bundchen_0001.jpg,Gisele_Bundchen/Gisele_Bundchen_0002.jpg,1,0.99158663
Glafcos_Clerides/Glafcos_Clerides_0001.jpg,Glafcos_Clerides/Glafcos_Clerides_0002.jpg,1,0.99774075
Glafcos_Clerides/Glafcos_Clerides_0001.jpg,Glafcos_Clerides/Glafcos_Clerides_0003.jpg,1,0.99542558
Glafcos_Clerides/Glafcos_Clerides_0002.jpg,Glafcos_Clerides/Glafcos_Clerides_0003.jpg,1,0.99794137
Glafcos_Clerides/Glafcos_Clerides_0002.jpg,Glafcos_Clerides/Glafcos_Clerides_0004.jpg,1,0.99758840
Greg_Gilbert/Greg_Gilbert_0001.jpg,Greg_Gilbert/Greg_Gilbert_0002.jpg,1,0.99053150
Hashim_Thaci/Hashim_Thaci_0001.jpg,Hashim_Thaci/Hashim_Thaci_0002.jpg,1,0.99480772
Hassan_Wirajuda/Hassan_Wirajuda_0001.jpg,Hassan_Wirajuda/Hassan_Wirajuda_0002.jpg,1,0.97843903
Hector_Babenco/Hector_Babenco_0001.jpg,Hector_Babenco/Hector_Babenco_0003.jpg,1,0.99529135
Hector_Babenco/Hector_Babenco_0002.jpg,Hector_Babenco/Hector_Babenco_0003.jpg,1,0.99518466
Hideki_Matsui/Hideki_Matsui_0001.jpg,Hideki_Matsui/Hideki_Matsui_0002.jpg,1,0.98601025
Hillary_Clinton/Hillary_Clinton_0001.jpg,Hillary_Clinton/Hillary_Clinton_0010.jpg,1,0.99768364
Hillary_Clinton/Hillary_Clinton_0001.jpg,Hillary_Clinton/Hillary_Clinton_0014.jpg,1,0.98675460
Hillary_Clinton/Hillary_Clinton_0004.jpg,Hillary_Clinton/Hillary_Clinton_0005.jpg,1,0.99706519
Hillary_Clinton/Hillary_Clinton_0007.jpg,Hillary_Clinton/Hillary_Clinton_0010.jpg,1,0.99498641
Hillary_Clinton/Hillary_Clinton_0011.jpg,Hillary_Clinton/Hillary_Clinton_0013.jpg,1,0.99222285
Hisao_Oguchi/Hisao_Oguchi_0001.jpg,Hisao_Oguchi/Hisao_Oguchi_0002.jpg,1,0.98691761
Hitomi_Soga/Hitomi_Soga_0001.jpg,Hitomi_Soga/Hitomi_Soga_0004.jpg,1,0.99096185
Hitomi_Soga/Hitomi_Soga_0001.jpg,Hitomi_Soga/Hitomi_Soga_0005.jpg,1,0.98708105
Hitomi_Soga/Hitomi_Soga_0002.jpg,Hitomi_Soga/Hitomi_Soga_0003.jpg,1,0.97676772
Hitomi_Soga/Hitomi_Soga_0003.jpg,Hitomi_Soga/Hitomi_Soga_0004.jpg,1,0.96715057
JJ_Redick/JJ_Redick_0001.jpg,JJ_Redick/JJ_Redick_0002.jpg,1,0.97535241
Jean_Brumley/Jean_Brumley_0001.jpg,Jean_Brumley/Jean_Brumley_0002.jpg,1,0.99808270
Jean_Carnahan/Jean_Carnahan_0001.jpg,Jean_Carnahan/Jean_Carnahan_0002.jpg,1,0.99133879
Jeremy_Shockey/Jeremy_Shockey_0001.jpg,Jeremy_Shockey/Jeremy_Shockey_0002.jpg,1,0.99851334
Jerry_Regier/Jerry_Regier_0001.jpg,Jerry_Regier/Jerry_Regier_0003.jpg,1,0.99500251
Jerry_Regier/Jerry_Regier_0002.jpg,Jerry_Regier/Jerry_Regier_0003.jpg,1,0.99512017
Jerry_Springer/Jerry_Springer_0001.jpg,Jerry_Springer/Jerry_Springer_0002.jpg,1,0.99342281
Jerry_Springer/Jerry_Springer_0001.jpg,Jerry_Springer/Jerry_Springer_0004.jpg,1,0.99373955
Jessica_Lynch/Jessica_Lynch_0001.jpg,Jessica_Lynch/Jessica_Lynch_0002.jpg,1,0.98694026
Jiang_Zemin/Jiang_Zemin_0001.jpg,Jiang_Zemin/Jiang_Zemin_0017.jpg,1,0.99577594
Jiang_Zemin/Jiang_Zemin_0002.jpg,Jiang_Zemin/Jiang_Zemin_0003.jpg,1,0.98632866
Jiang_Zemin/Jiang_Zemin_0004.jpg,Jiang_Zemin/Jiang_Zemin_0010.jpg,1,0.97085750
Jiang_Zemin/Jiang_Zemin_0007.jpg,Jiang_Zemin/Jiang_Zemin_0009.jpg,1,0.99071759
Jiang_Zemin/Jiang_Zemin_0015.jpg,Jiang_Zemin/Jiang_Zemin_0018.jpg,1,0.98385423
Jim_Harrick/Jim_Harrick_0001.jpg,Jim_Harrick/Jim_Harrick_0002.jpg,1,0.98447096
Jiri_Novak/Jiri_Novak_0003.jpg,Jiri_Novak/Jiri_Novak_0004.jpg,1,0.99271464
Jiri_Novak/Jiri_Novak_0003.jpg,Jiri_Novak/Jiri_Novak_0008.jpg,1,0.99388748
Jiri_Novak/Jiri_Novak_0003.jpg,Jiri_Novak/Jiri_Novak_0009.jpg,1,0.98985064
Jiri_Novak/Jiri_Novak_0005.jpg,Jiri_Novak/Jiri_Novak_0006.jpg,1,0.99682438
Jiri_Novak/Jiri_Novak_0005.jpg,Jiri_Novak/Jiri_Novak_0010.jpg,1,0.99857789
Jiri_Novak/Jiri_Novak_0005.jpg,Jiri_Novak/Jiri_Novak_0011.jpg,1,0.99830341
Jiri_Novak/Jiri_Novak_0007.jpg,Jiri_Novak/Jiri_Novak_0010.jpg,1,0.99585062
Joe_Torre/Joe_Torre_0001.jpg,Joe_Torre/Joe_Torre_0003.jpg,1,0.98037207
Joe_Torre/Joe_Torre_0002.jpg,Joe_Torre/Joe_Torre_0004.jpg,1,0.98212492
John_Wolf/John_Wolf_0001.jpg,John_Wolf/John_Wolf_0002.jpg,1,0.99468982
Jonathan_Edwards/Jonathan_Edwards_0001.jpg,Jonathan_Edwards/Jonathan_Edwards_0006.jpg,1,0.99631053
Jonathan_Edwards/Jonathan_Edwards_0002.jpg,Jonathan_Edwards/Jonathan_Edwards_0007.jpg,1,0.99135840
Jonathan_Edwards/Jonathan_Edwards_0003.jpg,Jonathan_Edwards/Jonathan_Edwards_0006.jpg,1,0.98028922
Jonathan_Edwards/Jonathan_Edwards_0005.jpg,Jonathan_Edwards/Jonathan_Edwards_0006.jpg,1,0.97861111
Jonathan_Edwards/Jonathan_Edwards_0005.jpg,Jonathan_Edwards/Jonathan_Edwards_0007.jpg,1,0.98306572
Jonathan_Edwards/Jonathan_Edwards_0006.jpg,Jonathan_Edwards/Jonathan_Edwards_0008.jpg,1,0.98866802
Jose_Manuel_Durao_Barroso/Jose_Manuel_Durao_Barroso_0001.jpg,Jose_Manuel_Durao_Barroso/Jose_Manuel_Durao_Barroso_0002.jpg,1,0.99700624
Jose_Manuel_Durao_Barroso/Jose_Manuel_Durao_Barroso_0001.jpg,Jose_Manuel_Durao_Barroso/Jose_Manuel_Durao_Barroso_0006.jpg,1,0.98425943
Jose_Manuel_Durao_Barroso/Jose_Manuel_Durao_Barroso_0002.jpg,Jose_Manuel_Durao_Barroso/Jose_Manuel_Durao_Barroso_0005.jpg,1,0.99251896
Jose_Manuel_Durao_Barroso/Jose_Manuel_Durao_Barroso_0003.jpg,Jose_Manuel_Durao_Barroso/Jose_Manuel_Durao_Barroso_0005.jpg,1,0.98961759
Jose_Manuel_Durao_Barroso/Jose_Manuel_Durao_Barroso_0004.jpg,Jose_Manuel_Durao_Barroso/Jose_Manuel_Durao_Barroso_0005.jpg,1,0.98868608
Joseph_Biden/Joseph_Biden_0001.jpg,Joseph_Biden/Joseph_Biden_0004.jpg,1,0.98858750
Joseph_Biden/Joseph_Biden_0002.jpg,Joseph_Biden/Joseph_Biden_0003.jpg,1,0.99142277
Joseph_Biden/Joseph_Biden_0003.jpg,Joseph_Biden/Joseph_Biden_0004.jpg,1,0.98805362
Judi_Dench/Judi_Dench_0001.jpg,Judi_Dench/Judi_Dench_0002.jpg,1,0.99416113
Judy_Genshaft/Judy_Genshaft_0001.jpg,Judy_Genshaft/Judy_Genshaft_0002.jpg,1,0.99616712
Keanu_Reeves/Keanu_Reeves_0001.jpg,Keanu_Reeves/Keanu_Reeves_0009.jpg,1,0.98537892
Keanu_Reeves/Keanu_Reeves_0004.jpg,Keanu_Reeves/Keanu_Reeves_0007.jpg,1,0.99111056
Keanu_Reeves/Keanu_Reeves_0006.jpg,Keanu_Reeves/Keanu_Reeves_0009.jpg,1,0.98354638
Keanu_Reeves/Keanu_Reeves_0006.jpg,Keanu_Reeves/Keanu_Reeves_0010.jpg,1,0.98493165
Keanu_Reeves/Keanu_Reeves_0007.jpg,Keanu_Reeves/Keanu_Reeves_0012.jpg,1,0.98947781
Keira_Knightley/Keira_Knightley_0001.jpg,Keira_Knightley/Keira_Knightley_0002.jpg,1,0.96084511
Ken_Watanabe/Ken_Watanabe_0001.jpg,Ken_Watanabe/Ken_Watanabe_0002.jpg,1,0.98089021
Kieran_Prendergast/Kieran_Prendergast_0001.jpg,Kieran_Prendergast/Kieran_Prendergast_0002.jpg,1,0.99960625
King_Abdullah_II/King_Abdullah_II_0001.jpg,King_Abdullah_II/King_Abdullah_II_0003.jpg,1,0.99227434
King_Abdullah_II/King_Abdullah_II_0001.jpg,King_Abdullah_II/King_Abdullah_II_0004.jpg,1,0.98758900
King_Abdullah_II/King_Abdullah_II_0002.jpg,King_Abdullah_II/King_Abdullah_II_0005.jpg,1,0.99483591
King_Abdullah_II/King_Abdullah_II_0003.jpg,King_Abdullah_II/King_Abdullah_II_0004.jpg,1,0.98898220
Kirk_Ferentz/Kirk_Ferentz_0001.jpg,Kirk_Ferentz/Kirk_Ferentz_0002.jpg,1,0.98397791
Kurt_Busch/Kurt_Busch_0001.jpg,Kurt_Busch/Kurt_Busch_0002.jpg,1,0.98308420
Larry_Bowa/Larry_Bowa_0001.jpg,Larry_Bowa/Larry_Bowa_0002.jpg,1,0.99684215
Larry_Thompson/Larry_Thompson_0001.jpg,Larry_Thompson/Larry_Thompson_0003.jpg,1,0.99838090
Larry_Thompson/Larry_Thompson_0001.jpg,Larry_Thompson/Larry_Thompson_0004.jpg,1,0.99666280
Larry_Thompson/Larry_Thompson_0002.jpg,Larry_Thompson/Larry_Thompson_0004.jpg,1,0.99612129
Laura_Bush/Laura_Bush_0001.jpg,Laura_Bush/Laura_Bush_0011.jpg,1,0.95751208
Laura_Bush/Laura_Bush_0021.jpg,Laura_Bush/Laura_Bush_0024.jpg,1,0.98951024
Laura_Bush/Laura_Bush_0021.jpg,Laura_Bush/Laura_Bush_0039.jpg,1,0.98860729
Laura_Bush/Laura_Bush_0026.jpg,Laura_Bush/Laura_Bush_0029.jpg,1,0.99622893
Lauren_Hutton/Lauren_Hutton_0001.jpg,Lauren_Hutton/Lauren_Hutton_0002.jpg,1,0.99098229
Leslie_Ann_Woodward/Leslie_Ann_Woodward_0001.jpg,Leslie_Ann_Woodward/Leslie_Ann_Woodward_0002.jpg,1,0.99910605
Leslie_Moonves/Leslie_Moonves_0001.jpg,Leslie_Moonves/Leslie_Moonves_0002.jpg,1,0.98925614
Lyle_Vanclief/Lyle_Vanclief_0001.jpg,Lyle_Vanclief/Lyle_Vanclief_0002.jpg,1,0.99529415
Magui_Serna/Magui_Serna_0001.jpg,Magui_Serna/Magui_Serna_0002.jpg,1,0.98797613
Makhdoom_Amin_Fahim/Makhdoom_Amin_Fahim_0001.jpg,Makhdoom_Amin_Fahim/Makhdoom_Amin_Fahim_0003.jpg,1,0.99330837
Makhdoom_Amin_Fahim/Makhdoom_Amin_Fahim_0002.jpg,Makhdoom_Amin_Fahim/Makhdoom_Amin_Fahim_0003.jpg,1,0.99764520
Marc-Andre_Fleury/Marc-Andre_Fleury_0001.jpg,Marc-Andre_Fleury/Marc-Andre_Fleury_0002.jpg,1,0.99778736
Marco_Antonio_Barrera/Marco_Antonio_Barrera_0001.jpg,Marco_Antonio_Barrera/Marco_Antonio_Barrera_0005.jpg,1,0.99221045
Marco_Antonio_Barrera/Marco_Antonio_Barrera_0005.jpg,Marco_Antonio_Barrera/Marco_Antonio_Barrera_0006.jpg,1,0.98827565
Marie-Reine_Le_Gougne/Marie-Reine_Le_Gougne_0001.jpg,Marie-Reine_Le_Gougne/Marie-Reine_Le_Gougne_0002.jpg,1,0.97666967
Marieta_Chrousala/Marieta_Chrousala_0001.jpg,Marieta_Chrousala/Marieta_Chrousala_0002.jpg,1,0.98875010
Marieta_Chrousala/Marieta_Chrousala_0001.jpg,Marieta_Chrousala/Marieta_Chrousala_0003.jpg,1,0.99775207
Marieta_Chrousala/Marieta_Chrousala_0002.jpg,Marieta_Chrousala/Marieta_Chrousala_0003.jpg,1,0.99007392
Marina_Anissina/Marina_Anissina_0001.jpg,Marina_Anissina/Marina_Anissina_0002.jpg,1,0.97124678
Mark_Hamister/Mark_Hamister_0001.jpg,Mark_Hamister/Mark_Hamister_0002.jpg,1,0.99478692
Martha_Stewart/Martha_Stewart_0001.jpg,Martha_Stewart/Martha_Stewart_0003.jpg,1,0.99635112
Martha_Stewart/Martha_Stewart_0001.jpg,Martha_Stewart/Martha_Stewart_0005.jpg,1,0.98352122
Martha_Stewart/Martha_Stewart_0002.jpg,Martha_Stewart/Martha_Stewart_0003.jpg,1,0.97010648
Martha_Stewart/Martha_Stewart_0002.jpg,Martha_Stewart/Martha_Stewart_0005.jpg,1,0.95275438
Martha_Stewart/Martha_Stewart_0003.jpg,Martha_Stewart/Martha_Stewart_0004.jpg,1,0.99776781
Martin_Brodeur/Martin_Brodeur_0001.jpg,Martin_Brodeur/Martin_Brodeur_0002.jpg,1,0.98700476
Martin_McCauley/Martin_McCauley_0001.jpg,Martin_McCauley/Martin_McCauley_0002.jpg,1,0.98937821
Martin_Verkerk/Martin_Verkerk_0001.jpg,Martin_Verkerk/Martin_Verkerk_0002.jpg,1,0.99691939
Martin_Verkerk/Martin_Verkerk_0001.jpg,Martin_Verkerk/Martin_Verkerk_0003.jpg,1,0.99315000
Martin_Verkerk/Martin_Verkerk_0002.jpg,Martin_Verkerk/Martin_Verkerk_0003.jpg,1,0.99508321
Martina_McBride/Martina_McBride_0001.jpg,Martina_McBride/Martina_McBride_0003.jpg,1,0.99212325
Martina_McBride/Martina_McBride_0002.jpg,Martina_McBride/Martina_McBride_0004.jpg,1,0.99497896
Matt_Doherty/Matt_Doherty_0001.jpg,Matt_Doherty/Matt_Doherty_0002.jpg,1,0.99292469
Matt_Doherty/Matt_Doherty_0001.jpg,Matt_Doherty/Matt_Doherty_0003.jpg,1,0.99164546
Matt_Doherty/Matt_Doherty_0002.jpg,Matt_Doherty/Matt_Doherty_0003.jpg,1,0.98988968
Matthew_Perry/Matthew_Perry_0001.jpg,Matthew_Perry/Matthew_Perry_0006.jpg,1,0.98322082
Matthew_Perry/Matthew_Perry_0002.jpg,Matthew_Perry/Matthew_Perry_0007.jpg,1,0.99559659
Matthew_Perry/Matthew_Perry_0003.jpg,Matthew_Perry/Matthew_Perry_0004.jpg,1,0.97342169
Megawati_Sukarnoputri/Megawati_Sukarnoputri_0006.jpg,Megawati_Sukarnoputri/Megawati_Sukarnoputri_0023.jpg,1,0.99679118
Megawati_Sukarnoputri/Megawati_Sukarnoputri_0007.jpg,Megawati_Sukarnoputri/Megawati_Sukarnoputri_0022.jpg,1,0.99612045
Megawati_Sukarnoputri/Megawati_Sukarnoputri_0010.jpg,Megawati_Sukarnoputri/Megawati_Sukarnoputri_0015.jpg,1,0.98785394
Megawati_Sukarnoputri/Megawati_Sukarnoputri_0011.jpg,Megawati_Sukarnoputri/Megawati_Sukarnoputri_0024.jpg,1,0.99836719
Megawati_Sukarnoputri/Megawati_Sukarnoputri_0020.jpg,Megawati_Sukarnoputri/Megawati_Sukarnoputri_0024.jpg,1,0.99563897
Megawati_Sukarnoputri/Megawati_Sukarnoputri_0020.jpg,Megawati_Sukarnoputri/Megawati_Sukarnoputri_0030.jpg,1,0.99272531
Meghann_Shaughnessy/Meghann_Shaughnessy_0001.jpg,Meghann_Shaughnessy/Meghann_Shaughnessy_0002.jpg,1,0.99166238
Michael_Capellas/Michael_Capellas_0001.jpg,Michael_Capellas/Michael_Capellas_0002.jpg,1,0.99230623
Michael_Sullivan/Michael_Sullivan_0001.jpg,Michael_Sullivan/Michael_Sullivan_0002.jpg,1,0.99749643
Mike_Brey/Mike_Brey_0001.jpg,Mike_Brey/Mike_Brey_0002.jpg,1,0.98478734
Naji_Sabri/Naji_Sabri_0001.jpg,Naji_Sabri/Naji_Sabri_0006.jpg,1,0.98133475
Naji_Sabri/Naji_Sabri_0002.jpg,Naji_Sabri/Naji_Sabri_0004.jpg,1,0.97879398
Naji_Sabri/Naji_Sabri_0002.jpg,Naji_Sabri/Naji_Sabri_0007.jpg,1,0.98235559
Naji_Sabri/Naji_Sabri_0003.jpg,Naji_Sabri/Naji_Sabri_0008.jpg,1,0.97762334
Naji_Sabri/Naji_Sabri_0006.jpg,Naji_Sabri/Naji_Sabri_0007.jpg,1,0.99036205
Nanni_Moretti/Nanni_Moretti_0001.jpg,Nanni_Moretti/Nanni_Moretti_0002.jpg,1,0.98597735
Nastassia_Kinski/Nastassia_Kinski_0001.jpg,Nastassia_Kinski/Nastassia_Kinski_0002.jpg,1,0.99548966
Natalie_Coughlin/Natalie_Coughlin_0002.jpg,Natalie_Coughlin/Natalie_Coughlin_0003.jpg,1,0.97792196
Natalie_Coughlin/Natalie_Coughlin_0004.jpg,Natalie_Coughlin/Natalie_Coughlin_0006.jpg,1,0.99780184
Natalie_Coughlin/Natalie_Coughlin_0005.jpg,Natalie_Coughlin/Natalie_Coughlin_0006.jpg,1,0.99718547
Norah_Jones/Norah_Jones_0003.jpg,Norah_Jones/Norah_Jones_0015.jpg,1,0.98923427
Norah_Jones/Norah_Jones_0004.jpg,Norah_Jones/Norah_Jones_0012.jpg,1,0.98195660
Norah_Jones/Norah_Jones_0007.jpg,Norah_Jones/Norah_Jones_0015.jpg,1,0.99658251
Norah_Jones/Norah_Jones_0009.jpg,Norah_Jones/Norah_Jones_0015.jpg,1,0.98768079
Norah_Jones/Norah_Jones_0011.jpg,Norah_Jones/Norah_Jones_0012.jpg,1,0.98742777
Norm_Coleman/Norm_Coleman_0005.jpg,Norm_Coleman/Norm_Coleman_0007.jpg,1,0.99150121
Oscar_De_La_Hoya/Oscar_De_La_Hoya_0001.jpg,Oscar_De_La_Hoya/Oscar_De_La_Hoya_0003.jpg,1,0.98023391
Oscar_De_La_Hoya/Oscar_De_La_Hoya_0002.jpg,Oscar_De_La_Hoya/Oscar_De_La_Hoya_0006.jpg,1,0.99134815
Oscar_De_La_Hoya/Oscar_De_La_Hoya_0002.jpg,Oscar_De_La_Hoya/Oscar_De_La_Hoya_0007.jpg,1,0.99494267
Pascal_Lamy/Pascal_Lamy_0001.jpg,Pascal_Lamy/Pascal_Lamy_0002.jpg,1,0.99623901
Pat_Burns/Pat_Burns_0001.jpg,Pat_Burns/Pat_Burns_0002.jpg,1,0.99565625
Paul_McCartney/Paul_McCartney_0003.jpg,Paul_McCartney/Paul_McCartney_0004.jpg,1,0.99118894
Paul_McCartney/Paul_McCartney_0003.jpg,Paul_McCartney/Paul_McCartney_0005.jpg,1,0.98237360
Paul_Wellstone/Paul_Wellstone_0001.jpg,Paul_Wellstone/Paul_Wellstone_0002.jpg,1,0.99529278
Paul_Wellstone/Paul_Wellstone_0001.jpg,Paul_Wellstone/Paul_Wellstone_0003.jpg,1,0.99001527
Paul_Wellstone/Paul_Wellstone_0002.jpg,Paul_Wellstone/Paul_Wellstone_0003.jpg,1,0.98860610
Penelope_Cruz/Penelope_Cruz_0001.jpg,Penelope_Cruz/Penelope_Cruz_0002.jpg,1,0.99103272
Penelope_Cruz/Penelope_Cruz_0001.jpg,Penelope_Cruz/Penelope_Cruz_0003.jpg,1,0.99430859
Pete_Rose/Pete_Rose_0001.jpg,Pete_Rose/Pete_Rose_0002.jpg,1,0.98497009
Prince_Harry/Prince_Harry_0001.jpg,Prince_Harry/Prince_Harry_0002.jpg,1,0.99644625
Prince_Harry/Prince_Harry_0002.jpg,Prince_Harry/Prince_Harry_0003.jpg,1,0.98702377
Princess_Caroline/Princess_Caroline_0001.jpg,Princess_Caroline/Princess_Caroline_0002.jpg,1,0.99681401
Princess_Caroline/Princess_Caroline_0002.jpg,Princess_Caroline/Princess_Caroline_0005.jpg,1,0.99488175
Raquel_Welch/Raquel_Welch_0001.jpg,Raquel_Welch/Raquel_Welch_0002.jpg,1,0.99340916
Reggie_Miller/Reggie_Miller_0001.jpg,Reggie_Miller/Reggie_Miller_0002.jpg,1,0.99595147
Renee_Zellweger/Renee_Zellweger_0002.jpg,Renee_Zellweger/Renee_Zellweger_0013.jpg,1,0.99204862
Renee_Zellweger/Renee_Zellweger_0002.jpg,Renee_Zellweger/Renee_Zellweger_0016.jpg,1,0.99397951
Renee_Zellweger/Renee_Zellweger_0003.jpg,Renee_Zellweger/Renee_Zellweger_0016.jpg,1,0.99292594
Ricardo_Sanchez/Ricardo_Sanchez_0001.jpg,Ricardo_Sanchez/Ricardo_Sanchez_0006.jpg,1,0.98598212
Ricardo_Sanchez/Ricardo_Sanchez_0002.jpg,Ricardo_Sanchez/Ricardo_Sanchez_0004.jpg,1,0.97327816
Richard_Butler/Richard_Butler_0001.jpg,Richard_Butler/Richard_Butler_0002.jpg,1,0.99250889
Rubens_Barrichello/Rubens_Barrichello_0002.jpg,Rubens_Barrichello/Rubens_Barrichello_0003.jpg,1,0.99498612
Rubens_Barrichello/Rubens_Barrichello_0004.jpg,Rubens_Barrichello/Rubens_Barrichello_0005.jpg,1,0.98893541
Rubens_Barrichello/Rubens_Barrichello_0004.jpg,Rubens_Barrichello/Rubens_Barrichello_0008.jpg,1,0.98331690
Rubens_Barrichello/Rubens_Barrichello_0006.jpg,Rubens_Barrichello/Rubens_Barrichello_0011.jpg,1,0.99233210
Rubens_Barrichello/Rubens_Barrichello_0009.jpg,Rubens_Barrichello/Rubens_Barrichello_0012.jpg,1,0.98933053
Samira_Makhmalbaf/Samira_Makhmalbaf_0001.jpg,Samira_Makhmalbaf/Samira_Makhmalbaf_0002.jpg,1,0.99747449
Samuel_Waksal/Samuel_Waksal_0001.jpg,Samuel_Waksal/Samuel_Waksal_0002.jpg,1,0.99038869
Samuel_Waksal/Samuel_Waksal_0001.jpg,Samuel_Waksal/Samuel_Waksal_0003.jpg,1,0.99150801
Samuel_Waksal/Samuel_Waksal_0001.jpg,Samuel_Waksal/Samuel_Waksal_0004.jpg,1,0.99366081
Samuel_Waksal/Samuel_Waksal_0002.jpg,Samuel_Waksal/Samuel_Waksal_0004.jpg,1,0.98927116
Scott_McClellan/Scott_McClellan_0001.jpg,Scott_McClellan/Scott_McClellan_0003.jpg,1,0.99653006
Scott_McClellan/Scott_McClellan_0002.jpg,Scott_McClellan/Scott_McClellan_0004.jpg,1,0.99687010
Scott_McClellan/Scott_McClellan_0002.jpg,Scott_McClellan/Scott_McClellan_0005.jpg,1,0.98874390
Scott_Rudin/Scott_Rudin_0001.jpg,Scott_Rudin/Scott_Rudin_0002.jpg,1,0.98862672
Shane_Warne/Shane_Warne_0001.jpg,Shane_Warne/Shane_Warne_0002.jpg,1,0.98252064
Sheila_Wellstone/Sheila_Wellstone_0001.jpg,Sheila_Wellstone/Sheila_Wellstone_0002.jpg,1,0.98917329
Sheryl_Crow/Sheryl_Crow_0001.jpg,Sheryl_Crow/Sheryl_Crow_0003.jpg,1,0.99337715
Silvan_Shalom/Silvan_Shalom_0002.jpg,Silvan_Shalom/Silvan_Shalom_0003.jpg,1,0.99121457
Silvan_Shalom/Silvan_Shalom_0002.jpg,Silvan_Shalom/Silvan_Shalom_0004.jpg,1,0.99179697
Silvan_Shalom/Silvan_Shalom_0002.jpg,Silvan_Shalom/Silvan_Shalom_0006.jpg,1,0.99453139
Silvan_Shalom/Silvan_Shalom_0003.jpg,Silvan_Shalom/Silvan_Shalom_0004.jpg,1,0.99336928
Silvan_Shalom/Silvan_Shalom_0003.jpg,Silvan_Shalom/Silvan_Shalom_0006.jpg,1,0.99076229
Steve_Mariucci/Steve_Mariucci_0001.jpg,Steve_Mariucci/Steve_Mariucci_0003.jpg,1,0.98740309
Steve_Mariucci/Steve_Mariucci_0002.jpg,Steve_Mariucci/Steve_Mariucci_0003.jpg,1,0.99749088
Steven_Seagal/Steven_Seagal_0001.jpg,Steven_Seagal/Steven_Seagal_0002.jpg,1,0.99558431
Taha_Yassin_Ramadan/Taha_Yassin_Ramadan_0003.jpg,Taha_Yassin_Ramadan/Taha_Yassin_Ramadan_0012.jpg,1,0.99504447
Taha_Yassin_Ramadan/Taha_Yassin_Ramadan_0007.jpg,Taha_Yassin_Ramadan/Taha_Yassin_Ramadan_0013.jpg,1,0.99295610
Tammy_Lynn_Michaels/Tammy_Lynn_Michaels_0001.jpg,Tammy_Lynn_Michaels/Tammy_Lynn_Michaels_0002.jpg,1,0.99062932
Theodore_Tweed_Roosevelt/Theodore_Tweed_Roosevelt_0001.jpg,Theodore_Tweed_Roosevelt/Theodore_Tweed_Roosevelt_0002.jpg,1,0.99174917
Theodore_Tweed_Roosevelt/Theodore_Tweed_Roosevelt_0001.jpg,Theodore_Tweed_Roosevelt/Theodore_Tweed_Roosevelt_0003.jpg,1,0.99198294
Theodore_Tweed_Roosevelt/Theodore_Tweed_Roosevelt_0002.jpg,Theodore_Tweed_Roosevelt/Theodore_Tweed_Roosevelt_0003.jpg,1,0.98848021
Tom_Crean/Tom_Crean_0001.jpg,Tom_Crean/Tom_Crean_0002.jpg,1,0.98350883
Tom_Crean/Tom_Crean_0003.jpg,Tom_Crean/Tom_Crean_0005.jpg,1,0.98437262
Tom_Crean/Tom_Crean_0004.jpg,Tom_Crean/Tom_Crean_0005.jpg,1,0.97748768
Tony_Bennett/Tony_Bennett_0001.jpg,Tony_Bennett/Tony_Bennett_0003.jpg,1,0.99530184
Torri_Edwards/Torri_Edwards_0001.jpg,Torri_Edwards/Torri_Edwards_0002.jpg,1,0.99734563
Tung_Chee-hwa/Tung_Chee-hwa_0001.jpg,Tung_Chee-hwa/Tung_Chee-hwa_0002.jpg,1,0.98074508
Tung_Chee-hwa/Tung_Chee-hwa_0001.jpg,Tung_Chee-hwa/Tung_Chee-hwa_0008.jpg,1,0.98287898
Tung_Chee-hwa/Tung_Chee-hwa_0002.jpg,Tung_Chee-hwa/Tung_Chee-hwa_0008.jpg,1,0.97758764
Vidar_Helgesen/Vidar_Helgesen_0001.jpg,Vidar_Helgesen/Vidar_Helgesen_0002.jpg,1,0.99465811
Warren_Buffett/Warren_Buffett_0001.jpg,Warren_Buffett/Warren_Buffett_0002.jpg,1,0.99782169
Warren_Buffett/Warren_Buffett_0001.jpg,Warren_Buffett/Warren_Buffett_0003.jpg,1,0.99817789
Wen_Jiabao/Wen_Jiabao_0001.jpg,Wen_Jiabao/Wen_Jiabao_0012.jpg,1,0.99058020
Wen_Jiabao/Wen_Jiabao_0002.jpg,Wen_Jiabao/Wen_Jiabao_0011.jpg,1,0.98886663
Wen_Jiabao/Wen_Jiabao_0004.jpg,Wen_Jiabao/Wen_Jiabao_0007.jpg,1,0.98236036
Wen_Jiabao/Wen_Jiabao_0005.jpg,Wen_Jiabao/Wen_Jiabao_0006.jpg,1,0.99337834
Wen_Jiabao/Wen_Jiabao_0007.jpg,Wen_Jiabao/Wen_Jiabao_0009.jpg,1,0.98829401
Wen_Jiabao/Wen_Jiabao_0007.jpg,Wen_Jiabao/Wen_Jiabao_0012.jpg,1,0.99347746
Wen_Jiabao/Wen_Jiabao_0008.jpg,Wen_Jiabao/Wen_Jiabao_0012.jpg,1,0.99570656
Wen_Jiabao/Wen_Jiabao_0010.jpg,Wen_Jiabao/Wen_Jiabao_0011.jpg,1,0.99667919
Wen_Jiabao/Wen_Jiabao_0011.jpg,Wen_Jiabao/Wen_Jiabao_0012.jpg,1,0.99475539
Wesley_Clark/Wesley_Clark_0001.jpg,Wesley_Clark/Wesley_Clark_0002.jpg,1,0.98711628
Yuri_Malenchenko/Yuri_Malenchenko_0001.jpg,Yuri_Malenchenko/Yuri_Malenchenko_0002.jpg,1,0.99469650
Abdoulaye_Wade/Abdoulaye_Wade_0001.jpg,Abdoulaye_Wade/Abdoulaye_Wade_0002.jpg,1,0.99927533
Abdoulaye_Wade/Abdoulaye_Wade_0001.jpg,Abdoulaye_Wade/Abdoulaye_Wade_0003.jpg,1,0.99189329
Abdoulaye_Wade/Abdoulaye_Wade_0002.jpg,Abdoulaye_Wade/Abdoulaye_Wade_0003.jpg,1,0.99175650
Adam_Sandler/Adam_Sandler_0001.jpg,Adam_Sandler/Adam_Sandler_0002.jpg,1,0.99396670
Adam_Sandler/Adam_Sandler_0001.jpg,Adam_Sandler/Adam_Sandler_0004.jpg,1,0.98833156
Adam_Sandler/Adam_Sandler_0002.jpg,Adam_Sandler/Adam_Sandler_0003.jpg,1,0.98751056
Aicha_El_Ouafi/Aicha_El_Ouafi_0001.jpg,Aicha_El_Ouafi/Aicha_El_Ouafi_0003.jpg,1,0.99256814
Aicha_El_Ouafi/Aicha_El_Ouafi_0002.jpg,Aicha_El_Ouafi/Aicha_El_Ouafi_0003.jpg,1,0.99448490
Akbar_Hashemi_Rafsanjani/Akbar_Hashemi_Rafsanjani_0001.jpg,Akbar_Hashemi_Rafsanjani/Akbar_Hashemi_Rafsanjani_0003.jpg,1,0.99396473
Akbar_Hashemi_Rafsanjani/Akbar_Hashemi_Rafsanjani_0002.jpg,Akbar_Hashemi_Rafsanjani/Akbar_Hashemi_Rafsanjani_0003.jpg,1,0.99272096
Al_Pacino/Al_Pacino_0001.jpg,Al_Pacino/Al_Pacino_0002.jpg,1,0.99613351
Al_Pacino/Al_Pacino_0001.jpg,Al_Pacino/Al_Pacino_0003.jpg,1,0.99504423
Alex_Barros/Alex_Barros_0001.jpg,Alex_Barros/Alex_Barros_0002.jpg,1,0.99502736
Allyson_Felix/Allyson_Felix_0001.jpg,Allyson_Felix/Allyson_Felix_0003.jpg,1,0.99838471
Allyson_Felix/Allyson_Felix_0001.jpg,Allyson_Felix/Allyson_Felix_0004.jpg,1,0.99675173
Allyson_Felix/Allyson_Felix_0001.jpg,Allyson_Felix/Allyson_Felix_0005.jpg,1,0.99776024
Allyson_Felix/Allyson_Felix_0004.jpg,Allyson_Felix/Allyson_Felix_0005.jpg,1,0.99767756
Anastasia_Myskina/Anastasia_Myskina_0001.jpg,Anastasia_Myskina/Anastasia_Myskina_0002.jpg,1,0.99088234
Andy_Roddick/Andy_Roddick_0008.jpg,Andy_Roddick/Andy_Roddick_0012.jpg,1,0.99209237
Andy_Roddick/Andy_Roddick_0010.jpg,Andy_Roddick/Andy_Roddick_0015.jpg,1,0.98693621
Andy_Roddick/Andy_Roddick_0013.jpg,Andy_Roddick/Andy_Roddick_0015.jpg,1,0.98440957
Anna_Nicole_Smith/Anna_Nicole_Smith_0001.jpg,Anna_Nicole_Smith/Anna_Nicole_Smith_0002.jpg,1,0.99436605
Antonio_Palocci/Antonio_Palocci_0001.jpg,Antonio_Palocci/Antonio_Palocci_0008.jpg,1,0.98579049
Antonio_Palocci/Antonio_Palocci_0003.jpg,Antonio_Palocci/Antonio_Palocci_0006.jpg,1,0.99131608
Antonio_Palocci/Antonio_Palocci_0004.jpg,Antonio_Palocci/Antonio_Palocci_0005.jpg,1,0.99807352
Antonio_Palocci/Antonio_Palocci_0005.jpg,Antonio_Palocci/Antonio_Palocci_0007.jpg,1,0.98849988
Antonio_Palocci/Antonio_Palocci_0006.jpg,Antonio_Palocci/Antonio_Palocci_0008.jpg,1,0.99141973
Arnoldo_Aleman/Arnoldo_Aleman_0001.jpg,Arnoldo_Aleman/Arnoldo_Aleman_0003.jpg,1,0.99338365
Arnoldo_Aleman/Arnoldo_Aleman_0003.jpg,Arnoldo_Aleman/Arnoldo_Aleman_0005.jpg,1,0.98594558
Ashton_Kutcher/Ashton_Kutcher_0001.jpg,Ashton_Kutcher/Ashton_Kutcher_0003.jpg,1,0.99366051
Ashton_Kutcher/Ashton_Kutcher_0002.jpg,Ashton_Kutcher/Ashton_Kutcher_0003.jpg,1,0.99759024
Augusto_Roa_Bastos/Augusto_Roa_Bastos_0001.jpg,Augusto_Roa_Bastos/Augusto_Roa_Bastos_0002.jpg,1,0.99184120
Aung_San_Suu_Kyi/Aung_San_Suu_Kyi_0001.jpg,Aung_San_Suu_Kyi/Aung_San_Suu_Kyi_0002.jpg,1,0.99038613
Barry_Zito/Barry_Zito_0001.jpg,Barry_Zito/Barry_Zito_0002.jpg,1,0.98044765
Bill_Graham/Bill_Graham_0001.jpg,Bill_Graham/Bill_Graham_0009.jpg,1,0.99615282
Bill_Graham/Bill_Graham_0003.jpg,Bill_Graham/Bill_Graham_0004.jpg,1,0.99710584
Bill_Graham/Bill_Graham_0004.jpg,Bill_Graham/Bill_Graham_0006.jpg,1,0.99808288
Bill_Graham/Bill_Graham_0005.jpg,Bill_Graham/Bill_Graham_0006.jpg,1,0.99823165
Bob_Dole/Bob_Dole_0001.jpg,Bob_Dole/Bob_Dole_0003.jpg,1,0.99308801
Bruce_Weber/Bruce_Weber_0001.jpg,Bruce_Weber/Bruce_Weber_0002.jpg,1,0.99106348
Carlos_Mesa/Carlos_Mesa_0001.jpg,Carlos_Mesa/Carlos_Mesa_0002.jpg,1,0.98871577
Carolyn_Dawn_Johnson/Carolyn_Dawn_Johnson_0001.jpg,Carolyn_Dawn_Johnson/Carolyn_Dawn_Johnson_0002.jpg,1,0.99909806
Carolyn_Dawn_Johnson/Carolyn_Dawn_Johnson_0002.jpg,Carolyn_Dawn_Johnson/Carolyn_Dawn_Johnson_0003.jpg,1,0.99719489
Celine_Dion/Celine_Dion_0003.jpg,Celine_Dion/Celine_Dion_0008.jpg,1,0.98517293
Chakib_Khelil/Chakib_Khelil_0001.jpg,Chakib_Khelil/Chakib_Khelil_0002.jpg,1,0.98492336
Chen_Shui-bian/Chen_Shui-bian_0002.jpg,Chen_Shui-bian/Chen_Shui-bian_0004.jpg,1,0.98784071
Chen_Shui-bian/Chen_Shui-bian_0003.jpg,Chen_Shui-bian/Chen_Shui-bian_0005.jpg,1,0.99283791
Christopher_Walken/Christopher_Walken_0001.jpg,Christopher_Walken/Christopher_Walken_0003.jpg,1,0.99712729
Christopher_Walken/Christopher_Walken_0001.jpg,Christopher_Walken/Christopher_Walken_0004.jpg,1,0.99440992
Claudia_Pechstein/Claudia_Pechstein_0001.jpg,Claudia_Pechstein/Claudia_Pechstein_0002.jpg,1,0.99190366
Claudia_Pechstein/Claudia_Pechstein_0001.jpg,Claudia_Pechstein/Claudia_Pechstein_0004.jpg,1,0.99121559
Claudia_Pechstein/Claudia_Pechstein_0003.jpg,Claudia_Pechstein/Claudia_Pechstein_0004.jpg,1,0.98129857
Claudia_Pechstein/Claudia_Pechstein_0003.jpg,Claudia_Pechstein/Claudia_Pechstein_0005.jpg,1,0.99709225
Claudia_Pechstein/Claudia_Pechstein_0004.jpg,Claudia_Pechstein/Claudia_Pechstein_0005.jpg,1,0.97824490
Clay_Aiken/Clay_Aiken_0002.jpg,Clay_Aiken/Clay_Aiken_0004.jpg,1,0.99505275
Clay_Aiken/Clay_Aiken_0003.jpg,Clay_Aiken/Clay_Aiken_0004.jpg,1,0.99722910
Clay_Aiken/Clay_Aiken_0003.jpg,Clay_Aiken/Clay_Aiken_0005.jpg,1,0.99496198
Colin_Powell/Colin_Powell_0040.jpg,Colin_Powell/Colin_Powell_0071.jpg,1,0.98253441
Colin_Powell/Colin_Powell_0049.jpg,Colin_Powell/Colin_Powell_0234.jpg,1,0.98100972
Colin_Powell/Colin_Powell_0133.jpg,Colin_Powell/Colin_Powell_0170.jpg,1,0.99185920
Colin_Powell/Colin_Powell_0182.jpg,Colin_Powell/Colin_Powell_0198.jpg,1,0.99723607
Cristina_Fernandez/Cristina_Fernandez_0001.jpg,Cristina_Fernandez/Cristina_Fernandez_0002.jpg,1,0.98782504
Daisy_Fuentes/Daisy_Fuentes_0002.jpg,Daisy_Fuentes/Daisy_Fuentes_0003.jpg,1,0.99865675
Damon_van_Dam/Damon_van_Dam_0001.jpg,Damon_van_Dam/Damon_van_Dam_0002.jpg,1,0.99383175
Dan_Wheldon/Dan_Wheldon_0001.jpg,Dan_Wheldon/Dan_Wheldon_0002.jpg,1,0.96778584
David_Coulthard/David_Coulthard_0001.jpg,David_Coulthard/David_Coulthard_0002.jpg,1,0.99139464
David_Kelley/David_Kelley_0001.jpg,David_Kelley/David_Kelley_0002.jpg,1,0.99422044
Debra_Brown/Debra_Brown_0001.jpg,Debra_Brown/Debra_Brown_0002.jpg,1,0.97350216
Dennis_Erickson/Dennis_Erickson_0001.jpg,Dennis_Erickson/Dennis_Erickson_0002.jpg,1,0.99800032
Derek_Lowe/Derek_Lowe_0001.jpg,Derek_Lowe/Derek_Lowe_0002.jpg,1,0.98981667
Eddie_Sutton/Eddie_Sutton_0001.jpg,Eddie_Sutton/Eddie_Sutton_0002.jpg,1,0.98122329
Edie_Falco/Edie_Falco_0001.jpg,Edie_Falco/Edie_Falco_0002.jpg,1,0.99058080
Elijah_Wood/Elijah_Wood_0002.jpg,Elijah_Wood/Elijah_Wood_0003.jpg,1,0.99557412
Elizabeth_Hurley/Elizabeth_Hurley_0001.jpg,Elizabeth_Hurley/Elizabeth_Hurley_0004.jpg,1,0.98925304
Elizabeth_Hurley/Elizabeth_Hurley_0002.jpg,Elizabeth_Hurley/Elizabeth_Hurley_0005.jpg,1,0.99672925
Emily_Robison/Emily_Robison_0001.jpg,Emily_Robison/Emily_Robison_0002.jpg,1,0.97987103
Ethan_Hawke/Ethan_Hawke_0001.jpg,Ethan_Hawke/Ethan_Hawke_0004.jpg,1,0.97593617
Eunice_Barber/Eunice_Barber_0001.jpg,Eunice_Barber/Eunice_Barber_0002.jpg,1,0.99895364
Felix_Mantilla/Felix_Mantilla_0001.jpg,Felix_Mantilla/Felix_Mantilla_0002.jpg,1,0.98854166
Fidel_Castro/Fidel_Castro_0001.jpg,Fidel_Castro/Fidel_Castro_0018.jpg,1,0.99323261
Fidel_Castro/Fidel_Castro_0003.jpg,Fidel_Castro/Fidel_Castro_0007.jpg,1,0.99638391
Fidel_Castro/Fidel_Castro_0005.jpg,Fidel_Castro/Fidel_Castro_0008.jpg,1,0.97147131
Fidel_Castro/Fidel_Castro_0008.jpg,Fidel_Castro/Fidel_Castro_0012.jpg,1,0.98793644
Fidel_Castro/Fidel_Castro_0011.jpg,Fidel_Castro/Fidel_Castro_0013.jpg,1,0.99590105
Francisco_Flores/Francisco_Flores_0001.jpg,Francisco_Flores/Francisco_Flores_0002.jpg,1,0.99148929
Francisco_Flores/Francisco_Flores_0001.jpg,Francisco_Flores/Francisco_Flores_0003.jpg,1,0.99173039
Frank_Dunham_Jr/Frank_Dunham_Jr_0001.jpg,Frank_Dunham_Jr/Frank_Dunham_Jr_0002.jpg,1,0.98217845
Franko_Simatovic/Franko_Simatovic_0001.jpg,Franko_Simatovic/Franko_Simatovic_0002.jpg,1,0.99412692
Fred_Eckhard/Fred_Eckhard_0001.jpg,Fred_Eckhard/Fred_Eckhard_0002.jpg,1,0.99898070
Fred_Eckhard/Fred_Eckhard_0001.jpg,Fred_Eckhard/Fred_Eckhard_0003.jpg,1,0.99771941
Fred_Eckhard/Fred_Eckhard_0002.jpg,Fred_Eckhard/Fred_Eckhard_0003.jpg,1,0.99664092
GL_Peiris/GL_Peiris_0001.jpg,GL_Peiris/GL_Peiris_0002.jpg,1,0.99655551
GL_Peiris/GL_Peiris_0001.jpg,GL_Peiris/GL_Peiris_0003.jpg,1,0.99536717
GL_Peiris/GL_Peiris_0002.jpg,GL_Peiris/GL_Peiris_0003.jpg,1,0.99854600
GL_Peiris/GL_Peiris_0002.jpg,GL_Peiris/GL_Peiris_0004.jpg,1,0.99467719
Garry_Kasparov/Garry_Kasparov_0001.jpg,Garry_Kasparov/Garry_Kasparov_0002.jpg,1,0.99020535
Hassan_Nasrallah/Hassan_Nasrallah_0001.jpg,Hassan_Nasrallah/Hassan_Nasrallah_0002.jpg,1,0.99648798
Heidi_Klum/Heidi_Klum_0001.jpg,Heidi_Klum/Heidi_Klum_0003.jpg,1,0.99707580
Heidi_Klum/Heidi_Klum_0001.jpg,Heidi_Klum/Heidi_Klum_0004.jpg,1,0.99406123
Heidi_Klum/Heidi_Klum_0002.jpg,Heidi_Klum/Heidi_Klum_0004.jpg,1,0.99713844
Heidi_Klum/Heidi_Klum_0003.jpg,Heidi_Klum/Heidi_Klum_0004.jpg,1,0.99363947
Heinz_Feldmann/Heinz_Feldmann_0001.jpg,Heinz_Feldmann/Heinz_Feldmann_0002.jpg,1,0.99735999
Heinz_Feldmann/Heinz_Feldmann_0002.jpg,Heinz_Feldmann/Heinz_Feldmann_0003.jpg,1,0.99744594
Iban_Mayo/Iban_Mayo_0001.jpg,Iban_Mayo/Iban_Mayo_0002.jpg,1,0.98818564
Imad_Moustapha/Imad_Moustapha_0001.jpg,Imad_Moustapha/Imad_Moustapha_0002.jpg,1,0.99856520
Inam-ul-Haq/Inam-ul-Haq_0001.jpg,Inam-ul-Haq/Inam-ul-Haq_0002.jpg,1,0.99538809
James_Gandolfini/James_Gandolfini_0001.jpg,James_Gandolfini/James_Gandolfini_0003.jpg,1,0.99379498
James_Gandolfini/James_Gandolfini_0002.jpg,James_Gandolfini/James_Gandolfini_0003.jpg,1,0.99329001
Janet_Thorpe/Janet_Thorpe_0001.jpg,Janet_Thorpe/Janet_Thorpe_0002.jpg,1,0.97840309
Jean-Pierre_Raffarin/Jean-Pierre_Raffarin_0001.jpg,Jean-Pierre_Raffarin/Jean-Pierre_Raffarin_0002.jpg,1,0.98047686
Jean-Pierre_Raffarin/Jean-Pierre_Raffarin_0001.jpg,Jean-Pierre_Raffarin/Jean-Pierre_Raffarin_0006.jpg,1,0.98988718
Jean-Pierre_Raffarin/Jean-Pierre_Raffarin_0003.jpg,Jean-Pierre_Raffarin/Jean-Pierre_Raffarin_0004.jpg,1,0.98571396
Jean-Pierre_Raffarin/Jean-Pierre_Raffarin_0003.jpg,Jean-Pierre_Raffarin/Jean-Pierre_Raffarin_0005.jpg,1,0.98720223
Jean-Pierre_Raffarin/Jean-Pierre_Raffarin_0004.jpg,Jean-Pierre_Raffarin/Jean-Pierre_Raffarin_0007.jpg,1,0.98243845
Jean-Pierre_Raffarin/Jean-Pierre_Raffarin_0005.jpg,Jean-Pierre_Raffarin/Jean-Pierre_Raffarin_0007.jpg,1,0.99066722
Jean-Pierre_Raffarin/Jean-Pierre_Raffarin_0006.jpg,Jean-Pierre_Raffarin/Jean-Pierre_Raffarin_0007.jpg,1,0.99358290
Jeffrey_Scott_Postell/Jeffrey_Scott_Postell_0001.jpg,Jeffrey_Scott_Postell/Jeffrey_Scott_Postell_0002.jpg,1,0.99624687
Jennifer_Capriati/Jennifer_Capriati_0002.jpg,Jennifer_Capriati/Jennifer_Capriati_0014.jpg,1,0.97764099
Jennifer_Capriati/Jennifer_Capriati_0007.jpg,Jennifer_Capriati/Jennifer_Capriati_0032.jpg,1,0.98734939
Jennifer_Capriati/Jennifer_Capriati_0033.jpg,Jennifer_Capriati/Jennifer_Capriati_0042.jpg,1,0.99115843
Job_Cohen/Job_Cohen_0001.jpg,Job_Cohen/Job_Cohen_0002.jpg,1,0.99669355
John_McCormack/John_McCormack_0001.jpg,John_McCormack/John_McCormack_0002.jpg,1,0.96821558
John_Paul_II/John_Paul_II_0001.jpg,John_Paul_II/John_Paul_II_0004.jpg,1,0.99036384
John_Paul_II/John_Paul_II_0002.jpg,John_Paul_II/John_Paul_II_0005.jpg,1,0.99632120
John_Paul_II/John_Paul_II_0002.jpg,John_Paul_II/John_Paul_II_0008.jpg,1,0.99564707
John_Paul_II/John_Paul_II_0004.jpg,John_Paul_II/John_Paul_II_0009.jpg,1,0.99087214
John_Paul_II/John_Paul_II_0010.jpg,John_Paul_II/John_Paul_II_0011.jpg,1,0.99945891
John_Ruiz/John_Ruiz_0001.jpg,John_Ruiz/John_Ruiz_0002.jpg,1,0.99534786
John_Stallworth/John_Stallworth_0001.jpg,John_Stallworth/John_Stallworth_0002.jpg,1,0.99663538
John_Stockton/John_Stockton_0002.jpg,John_Stockton/John_Stockton_0004.jpg,1,0.99567944
John_Travolta/John_Travolta_0002.jpg,John_Travolta/John_Travolta_0006.jpg,1,0.99372560
John_Travolta/John_Travolta_0003.jpg,John_Travolta/John_Travolta_0005.jpg,1,0.96282905
John_Travolta/John_Travolta_0005.jpg,John_Travolta/John_Travolta_0007.jpg,1,0.97209287
Jonathan_Mostow/Jonathan_Mostow_0001.jpg,Jonathan_Mostow/Jonathan_Mostow_0002.jpg,1,0.99594855
Jorge_Arce/Jorge_Arce_0001.jpg,Jorge_Arce/Jorge_Arce_0002.jpg,1,0.98398900
Joschka_Fischer/Joschka_Fischer_0001.jpg,Joschka_Fischer/Joschka_Fischer_0010.jpg,1,0.99723434
Joschka_Fischer/Joschka_Fischer_0006.jpg,Joschka_Fischer/Joschka_Fischer_0011.jpg,1,0.98653352
Joschka_Fischer/Joschka_Fischer_0007.jpg,Joschka_Fischer/Joschka_Fischer_0011.jpg,1,0.98700047
Joschka_Fischer/Joschka_Fischer_0011.jpg,Joschka_Fischer/Joschka_Fischer_0017.jpg,1,0.98569953
Joschka_Fischer/Joschka_Fischer_0015.jpg,Joschka_Fischer/Joschka_Fischer_0016.jpg,1,0.99214196
Jose_Canseco/Jose_Canseco_0001.jpg,Jose_Canseco/Jose_Canseco_0003.jpg,1,0.99061006
Juan_Manuel_Marquez/Juan_Manuel_Marquez_0001.jpg,Juan_Manuel_Marquez/Juan_Manuel_Marquez_0002.jpg,1,0.98941708
Juan_Manuel_Marquez/Juan_Manuel_Marquez_0001.jpg,Juan_Manuel_Marquez/Juan_Manuel_Marquez_0003.jpg,1,0.99374551
Juan_Manuel_Marquez/Juan_Manuel_Marquez_0002.jpg,Juan_Manuel_Marquez/Juan_Manuel_Marquez_0003.jpg,1,0.98584259
Juan_Valencia_Osorio/Juan_Valencia_Osorio_0001.jpg,Juan_Valencia_Osorio/Juan_Valencia_Osorio_0002.jpg,1,0.97719288
Julie_Gerberding/Julie_Gerberding_0009.jpg,Julie_Gerberding/Julie_Gerberding_0013.jpg,1,0.99716878
Julie_Gerberding/Julie_Gerberding_0012.jpg,Julie_Gerberding/Julie_Gerberding_0015.jpg,1,0.98601055
Kate_Hudson/Kate_Hudson_0001.jpg,Kate_Hudson/Kate_Hudson_0004.jpg,1,0.99585789
Kate_Hudson/Kate_Hudson_0001.jpg,Kate_Hudson/Kate_Hudson_0008.jpg,1,0.99768448
Kate_Hudson/Kate_Hudson_0002.jpg,Kate_Hudson/Kate_Hudson_0003.jpg,1,0.99579716
Kate_Hudson/Kate_Hudson_0004.jpg,Kate_Hudson/Kate_Hudson_0009.jpg,1,0.99569511
Kate_Hudson/Kate_Hudson_0006.jpg,Kate_Hudson/Kate_Hudson_0007.jpg,1,0.99915105
Kemal_Dervis/Kemal_Dervis_0001.jpg,Kemal_Dervis/Kemal_Dervis_0003.jpg,1,0.99670285
Kemal_Dervis/Kemal_Dervis_0002.jpg,Kemal_Dervis/Kemal_Dervis_0003.jpg,1,0.99766654
Kenneth_Evans/Kenneth_Evans_0001.jpg,Kenneth_Evans/Kenneth_Evans_0002.jpg,1,0.99685162
Kifah_Ajouri/Kifah_Ajouri_0001.jpg,Kifah_Ajouri/Kifah_Ajouri_0002.jpg,1,0.99525547
Larry_Lucchino/Larry_Lucchino_0001.jpg,Larry_Lucchino/Larry_Lucchino_0002.jpg,1,0.99323869
Latrell_Sprewell/Latrell_Sprewell_0001.jpg,Latrell_Sprewell/Latrell_Sprewell_0002.jpg,1,0.99677360
Lech_Walesa/Lech_Walesa_0001.jpg,Lech_Walesa/Lech_Walesa_0002.jpg,1,0.99739671
Lee_Tae-sik/Lee_Tae-sik_0001.jpg,Lee_Tae-sik/Lee_Tae-sik_0002.jpg,1,0.99689484
Lisa_Marie_Presley/Lisa_Marie_Presley_0001.jpg,Lisa_Marie_Presley/Lisa_Marie_Presley_0003.jpg,1,0.99512702
Liza_Minnelli/Liza_Minnelli_0002.jpg,Liza_Minnelli/Liza_Minnelli_0003.jpg,1,0.98951972
Liza_Minnelli/Liza_Minnelli_0003.jpg,Liza_Minnelli/Liza_Minnelli_0004.jpg,1,0.99287844
Liza_Minnelli/Liza_Minnelli_0003.jpg,Liza_Minnelli/Liza_Minnelli_0006.jpg,1,0.99769628
Liza_Minnelli/Liza_Minnelli_0004.jpg,Liza_Minnelli/Liza_Minnelli_0005.jpg,1,0.98164213
Liza_Minnelli/Liza_Minnelli_0005.jpg,Liza_Minnelli/Liza_Minnelli_0006.jpg,1,0.98575509
Liza_Minnelli/Liza_Minnelli_0006.jpg,Liza_Minnelli/Liza_Minnelli_0007.jpg,1,0.99759865
Madonna/Madonna_0001.jpg,Madonna/Madonna_0004.jpg,1,0.99283838
Madonna/Madonna_0002.jpg,Madonna/Madonna_0003.jpg,1,0.99258208
Madonna/Madonna_0004.jpg,Madonna/Madonna_0005.jpg,1,0.97539365
Mariah_Carey/Mariah_Carey_0003.jpg,Mariah_Carey/Mariah_Carey_0006.jpg,1,0.99798238
Mary_Tyler_Moore/Mary_Tyler_Moore_0001.jpg,Mary_Tyler_Moore/Mary_Tyler_Moore_0002.jpg,1,0.99294066
Mathias_Reichhold/Mathias_Reichhold_0001.jpg,Mathias_Reichhold/Mathias_Reichhold_0002.jpg,1,0.99454379
Matt_Damon/Matt_Damon_0001.jpg,Matt_Damon/Matt_Damon_0002.jpg,1,0.99451882
Matt_Damon/Matt_Damon_0001.jpg,Matt_Damon/Matt_Damon_0003.jpg,1,0.98757553
Matt_Damon/Matt_Damon_0002.jpg,Matt_Damon/Matt_Damon_0004.jpg,1,0.99172252
Matt_Damon/Matt_Damon_0003.jpg,Matt_Damon/Matt_Damon_0004.jpg,1,0.99093693
Maureen_Fanning/Maureen_Fanning_0001.jpg,Maureen_Fanning/Maureen_Fanning_0002.jpg,1,0.99040508
Melanie_Griffith/Melanie_Griffith_0001.jpg,Melanie_Griffith/Melanie_Griffith_0002.jpg,1,0.98708016
Melanie_Griffith/Melanie_Griffith_0001.jpg,Melanie_Griffith/Melanie_Griffith_0003.jpg,1,0.99294543
Melanie_Griffith/Melanie_Griffith_0002.jpg,Melanie_Griffith/Melanie_Griffith_0003.jpg,1,0.99528992
Michael_Ballack/Michael_Ballack_0001.jpg,Michael_Ballack/Michael_Ballack_0002.jpg,1,0.99049962
Michael_Winterbottom/Michael_Winterbottom_0001.jpg,Michael_Winterbottom/Michael_Winterbottom_0003.jpg,1,0.99650371
Michael_Winterbottom/Michael_Winterbottom_0002.jpg,Michael_Winterbottom/Michael_Winterbottom_0003.jpg,1,0.99509466
Michelle_Collins/Michelle_Collins_0001.jpg,Michelle_Collins/Michelle_Collins_0002.jpg,1,0.99287677
Milo_Maestrecampo/Milo_Maestrecampo_0001.jpg,Milo_Maestrecampo/Milo_Maestrecampo_0002.jpg,1,0.99809682
Mohamed_Benaissa/Mohamed_Benaissa_0001.jpg,Mohamed_Benaissa/Mohamed_Benaissa_0002.jpg,1,0.99624383
Mohamed_ElBaradei/Mohamed_ElBaradei_0002.jpg,Mohamed_ElBaradei/Mohamed_ElBaradei_0004.jpg,1,0.99754590
Mohamed_ElBaradei/Mohamed_ElBaradei_0003.jpg,Mohamed_ElBaradei/Mohamed_ElBaradei_0008.jpg,1,0.99315238
Morgan_Freeman/Morgan_Freeman_0001.jpg,Morgan_Freeman/Morgan_Freeman_0002.jpg,1,0.99955350
Muhammad_Ali/Muhammad_Ali_0001.jpg,Muhammad_Ali/Muhammad_Ali_0003.jpg,1,0.98886228
Muhammad_Ali/Muhammad_Ali_0001.jpg,Muhammad_Ali/Muhammad_Ali_0007.jpg,1,0.98667932
Muhammad_Ali/Muhammad_Ali_0002.jpg,Muhammad_Ali/Muhammad_Ali_0005.jpg,1,0.99554896
Muhammad_Ali/Muhammad_Ali_0006.jpg,Muhammad_Ali/Muhammad_Ali_0010.jpg,1,0.99659061
Muhammad_Ali/Muhammad_Ali_0007.jpg,Muhammad_Ali/Muhammad_Ali_0009.jpg,1,0.99717736
Mukesh_Ambani/Mukesh_Ambani_0001.jpg,Mukesh_Ambani/Mukesh_Ambani_0002.jpg,1,0.99075603
Mukesh_Ambani/Mukesh_Ambani_0001.jpg,Mukesh_Ambani/Mukesh_Ambani_0003.jpg,1,0.98893279
Paris_Hilton/Paris_Hilton_0001.jpg,Paris_Hilton/Paris_Hilton_0002.jpg,1,0.99935973
Pat_Cox/Pat_Cox_0001.jpg,Pat_Cox/Pat_Cox_0002.jpg,1,0.98438311
Paul_Burrell/Paul_Burrell_0003.jpg,Paul_Burrell/Paul_Burrell_0007.jpg,1,0.99601901
Paul_Burrell/Paul_Burrell_0005.jpg,Paul_Burrell/Paul_Burrell_0011.jpg,1,0.99571991
Paul_Burrell/Paul_Burrell_0008.jpg,Paul_Burrell/Paul_Burrell_0010.jpg,1,0.99677092
Paul_Wolfowitz/Paul_Wolfowitz_0008.jpg,Paul_Wolfowitz/Paul_Wolfowitz_0010.jpg,1,0.98667347
Paula_Radcliffe/Paula_Radcliffe_0001.jpg,Paula_Radcliffe/Paula_Radcliffe_0002.jpg,1,0.99430442
Paula_Radcliffe/Paula_Radcliffe_0001.jpg,Paula_Radcliffe/Paula_Radcliffe_0003.jpg,1,0.99508268
Paula_Radcliffe/Paula_Radcliffe_0002.jpg,Paula_Radcliffe/Paula_Radcliffe_0003.jpg,1,0.99411172
Paula_Radcliffe/Paula_Radcliffe_0002.jpg,Paula_Radcliffe/Paula_Radcliffe_0004.jpg,1,0.98612076
Paula_Radcliffe/Paula_Radcliffe_0003.jpg,Paula_Radcliffe/Paula_Radcliffe_0004.jpg,1,0.98716366
Paula_Radcliffe/Paula_Radcliffe_0003.jpg,Paula_Radcliffe/Paula_Radcliffe_0005.jpg,1,0.99530208
Paula_Radcliffe/Paula_Radcliffe_0004.jpg,Paula_Radcliffe/Paula_Radcliffe_0005.jpg,1,0.98827773
Paulo_Cesar_Pinheiro/Paulo_Cesar_Pinheiro_0001.jpg,Paulo_Cesar_Pinheiro/Paulo_Cesar_Pinheiro_0002.jpg,1,0.99856055
Pedro_Solbes/Pedro_Solbes_0001.jpg,Pedro_Solbes/Pedro_Solbes_0003.jpg,1,0.99444568
Pedro_Solbes/Pedro_Solbes_0001.jpg,Pedro_Solbes/Pedro_Solbes_0004.jpg,1,0.99611646
Pedro_Solbes/Pedro_Solbes_0002.jpg,Pedro_Solbes/Pedro_Solbes_0003.jpg,1,0.99536359
Pedro_Solbes/Pedro_Solbes_0003.jpg,Pedro_Solbes/Pedro_Solbes_0004.jpg,1,0.99423641
Pete_Carroll/Pete_Carroll_0001.jpg,Pete_Carroll/Pete_Carroll_0002.jpg,1,0.98878944
Pete_Carroll/Pete_Carroll_0001.jpg,Pete_Carroll/Pete_Carroll_0003.jpg,1,0.98820978
Pete_Carroll/Pete_Carroll_0002.jpg,Pete_Carroll/Pete_Carroll_0003.jpg,1,0.99119818
Pete_Sampras/Pete_Sampras_0002.jpg,Pete_Sampras/Pete_Sampras_0012.jpg,1,0.99411911
Pete_Sampras/Pete_Sampras_0002.jpg,Pete_Sampras/Pete_Sampras_0013.jpg,1,0.99351203
Pete_Sampras/Pete_Sampras_0003.jpg,Pete_Sampras/Pete_Sampras_0015.jpg,1,0.98491073
Pete_Sampras/Pete_Sampras_0004.jpg,Pete_Sampras/Pete_Sampras_0020.jpg,1,0.99763918
Pete_Sampras/Pete_Sampras_0006.jpg,Pete_Sampras/Pete_Sampras_0007.jpg,1,0.99927622
Pete_Sampras/Pete_Sampras_0006.jpg,Pete_Sampras/Pete_Sampras_0008.jpg,1,0.99399954
Pete_Sampras/Pete_Sampras_0010.jpg,Pete_Sampras/Pete_Sampras_0013.jpg,1,0.99074352
Pete_Sampras/Pete_Sampras_0012.jpg,Pete_Sampras/Pete_Sampras_0015.jpg,1,0.99728692
Peter_Struck/Peter_Struck_0001.jpg,Peter_Struck/Peter_Struck_0005.jpg,1,0.99613643
Peter_Struck/Peter_Struck_0002.jpg,Peter_Struck/Peter_Struck_0005.jpg,1,0.99515241
Phil_Vassar/Phil_Vassar_0001.jpg,Phil_Vassar/Phil_Vassar_0002.jpg,1,0.97860074
Pierre_Boulanger/Pierre_Boulanger_0001.jpg,Pierre_Boulanger/Pierre_Boulanger_0002.jpg,1,0.99610817
Prince_Willem-Alexander/Prince_Willem-Alexander_0001.jpg,Prince_Willem-Alexander/Prince_Willem-Alexander_0002.jpg,1,0.99295771
Prince_Willem-Alexander/Prince_Willem-Alexander_0001.jpg,Prince_Willem-Alexander/Prince_Willem-Alexander_0003.jpg,1,0.98978955
Prince_Willem-Alexander/Prince_Willem-Alexander_0002.jpg,Prince_Willem-Alexander/Prince_Willem-Alexander_0003.jpg,1,0.99927998
Queen_Elizabeth_II/Queen_Elizabeth_II_0003.jpg,Queen_Elizabeth_II/Queen_Elizabeth_II_0007.jpg,1,0.98876160
Queen_Elizabeth_II/Queen_Elizabeth_II_0009.jpg,Queen_Elizabeth_II/Queen_Elizabeth_II_0012.jpg,1,0.97751242
Queen_Elizabeth_II/Queen_Elizabeth_II_0010.jpg,Queen_Elizabeth_II/Queen_Elizabeth_II_0011.jpg,1,0.98138034
Queen_Elizabeth_II/Queen_Elizabeth_II_0010.jpg,Queen_Elizabeth_II/Queen_Elizabeth_II_0012.jpg,1,0.99135447
Ray_Nagin/Ray_Nagin_0001.jpg,Ray_Nagin/Ray_Nagin_0002.jpg,1,0.99400222
Ricardo_Maduro/Ricardo_Maduro_0001.jpg,Ricardo_Maduro/Ricardo_Maduro_0002.jpg,1,0.98146766
Richard_Branson/Richard_Branson_0001.jpg,Richard_Branson/Richard_Branson_0002.jpg,1,0.98574257
Richard_Virenque/Richard_Virenque_0001.jpg,Richard_Virenque/Richard_Virenque_0004.jpg,1,0.98678631
Richard_Virenque/Richard_Virenque_0001.jpg,Richard_Virenque/Richard_Virenque_0006.jpg,1,0.98757672
Richard_Virenque/Richard_Virenque_0001.jpg,Richard_Virenque/Richard_Virenque_0007.jpg,1,0.99047053
Richard_Virenque/Richard_Virenque_0002.jpg,Richard_Virenque/Richard_Virenque_0007.jpg,1,0.98458129
Richard_Virenque/Richard_Virenque_0002.jpg,Richard_Virenque/Richard_Virenque_0008.jpg,1,0.98606282
Rick_Carlisle/Rick_Carlisle_0002.jpg,Rick_Carlisle/Rick_Carlisle_0004.jpg,1,0.97882307
Rick_Wagoner/Rick_Wagoner_0001.jpg,Rick_Wagoner/Rick_Wagoner_0002.jpg,1,0.99536490
Robbie_Williams/Robbie_Williams_0001.jpg,Robbie_Williams/Robbie_Williams_0002.jpg,1,0.99245954
Robbie_Williams/Robbie_Williams_0001.jpg,Robbie_Williams/Robbie_Williams_0003.jpg,1,0.99307454
Roberto_Carlos/Roberto_Carlos_0002.jpg,Roberto_Carlos/Roberto_Carlos_0003.jpg,1,0.97728211
Roberto_Carlos/Roberto_Carlos_0002.jpg,Roberto_Carlos/Roberto_Carlos_0004.jpg,1,0.99702525
Roseanne_Barr/Roseanne_Barr_0001.jpg,Roseanne_Barr/Roseanne_Barr_0002.jpg,1,0.98639137
Roseanne_Barr/Roseanne_Barr_0002.jpg,Roseanne_Barr/Roseanne_Barr_0003.jpg,1,0.98852217
Ruben_Studdard/Ruben_Studdard_0001.jpg,Ruben_Studdard/Ruben_Studdard_0002.jpg,1,0.99914831
Sammy_Sosa/Sammy_Sosa_0001.jpg,Sammy_Sosa/Sammy_Sosa_0002.jpg,1,0.99706274
Sarah_Jessica_Parker/Sarah_Jessica_Parker_0001.jpg,Sarah_Jessica_Parker/Sarah_Jessica_Parker_0003.jpg,1,0.99371982
Sarah_Jessica_Parker/Sarah_Jessica_Parker_0002.jpg,Sarah_Jessica_Parker/Sarah_Jessica_Parker_0004.jpg,1,0.98209214
Sarah_Jessica_Parker/Sarah_Jessica_Parker_0003.jpg,Sarah_Jessica_Parker/Sarah_Jessica_Parker_0004.jpg,1,0.99429041
Sharon_Davis/Sharon_Davis_0001.jpg,Sharon_Davis/Sharon_Davis_0002.jpg,1,0.99770242
Shaul_Mofaz/Shaul_Mofaz_0001.jpg,Shaul_Mofaz/Shaul_Mofaz_0002.jpg,1,0.99299586
Shaul_Mofaz/Shaul_Mofaz_0002.jpg,Shaul_Mofaz/Shaul_Mofaz_0003.jpg,1,0.99339533
Stan_Heath/Stan_Heath_0001.jpg,Stan_Heath/Stan_Heath_0002.jpg,1,0.99646556
Svetlana_Koroleva/Svetlana_Koroleva_0001.jpg,Svetlana_Koroleva/Svetlana_Koroleva_0002.jpg,1,0.99778175
Terrell_Suggs/Terrell_Suggs_0001.jpg,Terrell_Suggs/Terrell_Suggs_0002.jpg,1,0.99923086
Tim_Henman/Tim_Henman_0002.jpg,Tim_Henman/Tim_Henman_0012.jpg,1,0.99682617
Tim_Henman/Tim_Henman_0008.jpg,Tim_Henman/Tim_Henman_0019.jpg,1,0.99477088
Tom_Daschle/Tom_Daschle_0007.jpg,Tom_Daschle/Tom_Daschle_0008.jpg,1,0.99684829
Tom_Daschle/Tom_Daschle_0015.jpg,Tom_Daschle/Tom_Daschle_0021.jpg,1,0.99056971
Tom_Daschle/Tom_Daschle_0015.jpg,Tom_Daschle/Tom_Daschle_0022.jpg,1,0.99304956
Tony_Curtis/Tony_Curtis_0001.jpg,Tony_Curtis/Tony_Curtis_0002.jpg,1,0.99307132
Valentino_Rossi/Valentino_Rossi_0001.jpg,Valentino_Rossi/Valentino_Rossi_0002.jpg,1,0.98150063
Valentino_Rossi/Valentino_Rossi_0002.jpg,Valentino_Rossi/Valentino_Rossi_0004.jpg,1,0.98878086
Valentino_Rossi/Valentino_Rossi_0003.jpg,Valentino_Rossi/Valentino_Rossi_0006.jpg,1,0.98020095
Valentino_Rossi/Valentino_Rossi_0004.jpg,Valentino_Rossi/Valentino_Rossi_0005.jpg,1,0.99136233
Valentino_Rossi/Valentino_Rossi_0005.jpg,Valentino_Rossi/Valentino_Rossi_0006.jpg,1,0.99531662
Vanessa_Redgrave/Vanessa_Redgrave_0001.jpg,Vanessa_Redgrave/Vanessa_Redgrave_0003.jpg,1,0.98535490
Vanessa_Redgrave/Vanessa_Redgrave_0001.jpg,Vanessa_Redgrave/Vanessa_Redgrave_0004.jpg,1,0.99131727
Vanessa_Redgrave/Vanessa_Redgrave_0002.jpg,Vanessa_Redgrave/Vanessa_Redgrave_0005.jpg,1,0.99485421
Vanessa_Redgrave/Vanessa_Redgrave_0003.jpg,Vanessa_Redgrave/Vanessa_Redgrave_0004.jpg,1,0.99610084
Victoria_Clarke/Victoria_Clarke_0001.jpg,Victoria_Clarke/Victoria_Clarke_0005.jpg,1,0.99749559
Vladimiro_Montesinos/Vladimiro_Montesinos_0001.jpg,Vladimiro_Montesinos/Vladimiro_Montesinos_0002.jpg,1,0.98654866
Vladimiro_Montesinos/Vladimiro_Montesinos_0001.jpg,Vladimiro_Montesinos/Vladimiro_Montesinos_0003.jpg,1,0.98798227
Vladimiro_Montesinos/Vladimiro_Montesinos_0002.jpg,Vladimiro_Montesinos/Vladimiro_Montesinos_0003.jpg,1,0.98428822
Wayne_Ferreira/Wayne_Ferreira_0001.jpg,Wayne_Ferreira/Wayne_Ferreira_0002.jpg,1,0.99546921
Wayne_Ferreira/Wayne_Ferreira_0001.jpg,Wayne_Ferreira/Wayne_Ferreira_0003.jpg,1,0.99312890
Wayne_Ferreira/Wayne_Ferreira_0001.jpg,Wayne_Ferreira/Wayne_Ferreira_0005.jpg,1,0.99240965
Wayne_Ferreira/Wayne_Ferreira_0002.jpg,Wayne_Ferreira/Wayne_Ferreira_0005.jpg,1,0.98876709
Wayne_Ferreira/Wayne_Ferreira_0003.jpg,Wayne_Ferreira/Wayne_Ferreira_0004.jpg,1,0.99144143
Will_Smith/Will_Smith_0001.jpg,Will_Smith/Will_Smith_0002.jpg,1,0.98383892
Yasser_Arafat/Yasser_Arafat_0001.jpg,Yasser_Arafat/Yasser_Arafat_0006.jpg,1,0.96860027
Yasser_Arafat/Yasser_Arafat_0001.jpg,Yasser_Arafat/Yasser_Arafat_0008.jpg,1,0.96218228
Yasser_Arafat/Yasser_Arafat_0002.jpg,Yasser_Arafat/Yasser_Arafat_0003.jpg,1,0.99573219
Yasser_Arafat/Yasser_Arafat_0002.jpg,Yasser_Arafat/Yasser_Arafat_0005.jpg,1,0.99562293
Yasser_Arafat/Yasser_Arafat_0003.jpg,Yasser_Arafat/Yasser_Arafat_0004.jpg,1,0.99473327
Yasser_Arafat/Yasser_Arafat_0003.jpg,Yasser_Arafat/Yasser_Arafat_0008.jpg,1,0.99229217
Yasser_Arafat/Yasser_Arafat_0004.jpg,Yasser_Arafat/Yasser_Arafat_0005.jpg,1,0.99585092
Yasser_Arafat/Yasser_Arafat_0005.jpg,Yasser_Arafat/Yasser_Arafat_0008.jpg,1,0.99553132
Yuri_Fedotov/Yuri_Fedotov_0001.jpg,Yuri_Fedotov/Yuri_Fedotov_0002.jpg,1,0.99371386
Zoran_Djindjic/Zoran_Djindjic_0001.jpg,Zoran_Djindjic/Zoran_Djindjic_0003.jpg,1,0.98934925
Zoran_Djindjic/Zoran_Djindjic_0001.jpg,Zoran_Djindjic/Zoran_Djindjic_0004.jpg,1,0.98893082
Aitor_Gonzalez/Aitor_Gonzalez_0001.jpg,Aitor_Gonzalez/Aitor_Gonzalez_0002.jpg,1,0.98952752
Alec_Baldwin/Alec_Baldwin_0002.jpg,Alec_Baldwin/Alec_Baldwin_0004.jpg,1,0.99710530
Allison_Janney/Allison_Janney_0001.jpg,Allison_Janney/Allison_Janney_0002.jpg,1,0.99798548
Alvaro_Noboa/Alvaro_Noboa_0001.jpg,Alvaro_Noboa/Alvaro_Noboa_0003.jpg,1,0.98942733
Alvaro_Noboa/Alvaro_Noboa_0002.jpg,Alvaro_Noboa/Alvaro_Noboa_0003.jpg,1,0.98580527
Amanda_Coetzer/Amanda_Coetzer_0001.jpg,Amanda_Coetzer/Amanda_Coetzer_0002.jpg,1,0.99344587
Amer_al-Saadi/Amer_al-Saadi_0001.jpg,Amer_al-Saadi/Amer_al-Saadi_0003.jpg,1,0.99477595
Amer_al-Saadi/Amer_al-Saadi_0001.jpg,Amer_al-Saadi/Amer_al-Saadi_0004.jpg,1,0.99490237
Amer_al-Saadi/Amer_al-Saadi_0002.jpg,Amer_al-Saadi/Amer_al-Saadi_0004.jpg,1,0.98575985
Ana_Guevara/Ana_Guevara_0002.jpg,Ana_Guevara/Ana_Guevara_0007.jpg,1,0.98080337
Ana_Guevara/Ana_Guevara_0003.jpg,Ana_Guevara/Ana_Guevara_0007.jpg,1,0.98191524
Anneli_Jaatteenmaki/Anneli_Jaatteenmaki_0001.jpg,Anneli_Jaatteenmaki/Anneli_Jaatteenmaki_0002.jpg,1,0.98103786
Ari_Fleischer/Ari_Fleischer_0006.jpg,Ari_Fleischer/Ari_Fleischer_0009.jpg,1,0.99375415
Ari_Fleischer/Ari_Fleischer_0007.jpg,Ari_Fleischer/Ari_Fleischer_0012.jpg,1,0.99679029
Arianna_Huffington/Arianna_Huffington_0001.jpg,Arianna_Huffington/Arianna_Huffington_0002.jpg,1,0.98447031
Arianna_Huffington/Arianna_Huffington_0001.jpg,Arianna_Huffington/Arianna_Huffington_0004.jpg,1,0.98884517
Arianna_Huffington/Arianna_Huffington_0002.jpg,Arianna_Huffington/Arianna_Huffington_0003.jpg,1,0.99389398
Arianna_Huffington/Arianna_Huffington_0002.jpg,Arianna_Huffington/Arianna_Huffington_0004.jpg,1,0.97713590
Arnaud_Clement/Arnaud_Clement_0001.jpg,Arnaud_Clement/Arnaud_Clement_0002.jpg,1,0.99519050
Arsinee_Khanjian/Arsinee_Khanjian_0001.jpg,Arsinee_Khanjian/Arsinee_Khanjian_0002.jpg,1,0.99531150
Art_Howe/Art_Howe_0001.jpg,Art_Howe/Art_Howe_0002.jpg,1,0.98088312
Art_Howe/Art_Howe_0001.jpg,Art_Howe/Art_Howe_0003.jpg,1,0.99697524
Art_Howe/Art_Howe_0001.jpg,Art_Howe/Art_Howe_0004.jpg,1,0.98210740
Art_Howe/Art_Howe_0002.jpg,Art_Howe/Art_Howe_0003.jpg,1,0.97924215
Art_Howe/Art_Howe_0003.jpg,Art_Howe/Art_Howe_0004.jpg,1,0.98116416
Ben_Affleck/Ben_Affleck_0002.jpg,Ben_Affleck/Ben_Affleck_0003.jpg,1,0.98821914
Ben_Affleck/Ben_Affleck_0002.jpg,Ben_Affleck/Ben_Affleck_0004.jpg,1,0.98988158
Ben_Affleck/Ben_Affleck_0002.jpg,Ben_Affleck/Ben_Affleck_0007.jpg,1,0.99161482
Ben_Affleck/Ben_Affleck_0003.jpg,Ben_Affleck/Ben_Affleck_0006.jpg,1,0.98971975
Ben_Affleck/Ben_Affleck_0005.jpg,Ben_Affleck/Ben_Affleck_0006.jpg,1,0.99566430
Betsy_Smith/Betsy_Smith_0001.jpg,Betsy_Smith/Betsy_Smith_0002.jpg,1,0.99045372
Bill_Callahan/Bill_Callahan_0001.jpg,Bill_Callahan/Bill_Callahan_0003.jpg,1,0.99687088
Blythe_Hartley/Blythe_Hartley_0001.jpg,Blythe_Hartley/Blythe_Hartley_0002.jpg,1,0.98921835
Bob_Huggins/Bob_Huggins_0001.jpg,Bob_Huggins/Bob_Huggins_0003.jpg,1,0.98976868
Bob_Huggins/Bob_Huggins_0003.jpg,Bob_Huggins/Bob_Huggins_0004.jpg,1,0.98742712
Bobby_Goldwater/Bobby_Goldwater_0001.jpg,Bobby_Goldwater/Bobby_Goldwater_0002.jpg,1,0.99153233
Bono/Bono_0001.jpg,Bono/Bono_0002.jpg,1,0.98536575
Bono/Bono_0001.jpg,Bono/Bono_0003.jpg,1,0.97999239
Bono/Bono_0002.jpg,Bono/Bono_0003.jpg,1,0.98637784
Brad_Garrett/Brad_Garrett_0001.jpg,Brad_Garrett/Brad_Garrett_0003.jpg,1,0.97917712
Brad_Garrett/Brad_Garrett_0002.jpg,Brad_Garrett/Brad_Garrett_0003.jpg,1,0.99064708
Brad_Garrett/Brad_Garrett_0002.jpg,Brad_Garrett/Brad_Garrett_0004.jpg,1,0.97594726
Brian_Mulroney/Brian_Mulroney_0001.jpg,Brian_Mulroney/Brian_Mulroney_0002.jpg,1,0.99158227
Bud_Selig/Bud_Selig_0001.jpg,Bud_Selig/Bud_Selig_0002.jpg,1,0.98598742
Bud_Selig/Bud_Selig_0002.jpg,Bud_Selig/Bud_Selig_0003.jpg,1,0.98834819
Bud_Selig/Bud_Selig_0002.jpg,Bud_Selig/Bud_Selig_0004.jpg,1,0.98693919
Carla_Del_Ponte/Carla_Del_Ponte_0001.jpg,Carla_Del_Ponte/Carla_Del_Ponte_0002.jpg,1,0.99031985
Carla_Del_Ponte/Carla_Del_Ponte_0002.jpg,Carla_Del_Ponte/Carla_Del_Ponte_0004.jpg,1,0.98635960
Carla_Del_Ponte/Carla_Del_Ponte_0002.jpg,Carla_Del_Ponte/Carla_Del_Ponte_0005.jpg,1,0.98980922
Carla_Del_Ponte/Carla_Del_Ponte_0003.jpg,Carla_Del_Ponte/Carla_Del_Ponte_0005.jpg,1,0.97916543
Carlos_Ghosn/Carlos_Ghosn_0001.jpg,Carlos_Ghosn/Carlos_Ghosn_0002.jpg,1,0.99881190
Carlos_Manuel_Pruneda/Carlos_Manuel_Pruneda_0001.jpg,Carlos_Manuel_Pruneda/Carlos_Manuel_Pruneda_0002.jpg,1,0.98901922
Carlos_Manuel_Pruneda/Carlos_Manuel_Pruneda_0001.jpg,Carlos_Manuel_Pruneda/Carlos_Manuel_Pruneda_0003.jpg,1,0.99580383
Carlos_Menem/Carlos_Menem_0002.jpg,Carlos_Menem/Carlos_Menem_0021.jpg,1,0.99901378
Carlos_Menem/Carlos_Menem_0005.jpg,Carlos_Menem/Carlos_Menem_0018.jpg,1,0.97898823
Carlos_Menem/Carlos_Menem_0008.jpg,Carlos_Menem/Carlos_Menem_0015.jpg,1,0.98967755
Carlos_Menem/Carlos_Menem_0011.jpg,Carlos_Menem/Carlos_Menem_0012.jpg,1,0.98322916
Carlos_Menem/Carlos_Menem_0014.jpg,Carlos_Menem/Carlos_Menem_0021.jpg,1,0.99704731
Carlos_Menem/Carlos_Menem_0016.jpg,Carlos_Menem/Carlos_Menem_0018.jpg,1,0.98171264
Carmen_Electra/Carmen_Electra_0003.jpg,Carmen_Electra/Carmen_Electra_0004.jpg,1,0.99262762
Carmen_Electra/Carmen_Electra_0004.jpg,Carmen_Electra/Carmen_Electra_0006.jpg,1,0.99547058
Charlotte_Rampling/Charlotte_Rampling_0001.jpg,Charlotte_Rampling/Charlotte_Rampling_0002.jpg,1,0.97763646
Chick_Hearn/Chick_Hearn_0001.jpg,Chick_Hearn/Chick_Hearn_0002.jpg,1,0.99542344
Christine_Todd_Whitman/Christine_Todd_Whitman_0002.jpg,Christine_Todd_Whitman/Christine_Todd_Whitman_0003.jpg,1,0.97059572
Christine_Todd_Whitman/Christine_Todd_Whitman_0005.jpg,Christine_Todd_Whitman/Christine_Todd_Whitman_0006.jpg,1,0.96003306
Christopher_Reeve/Christopher_Reeve_0001.jpg,Christopher_Reeve/Christopher_Reeve_0003.jpg,1,0.97716808
Chuck_Amato/Chuck_Amato_0001.jpg,Chuck_Amato/Chuck_Amato_0002.jpg,1,0.99630845
Cindy_Crawford/Cindy_Crawford_0002.jpg,Cindy_Crawford/Cindy_Crawford_0003.jpg,1,0.99275434
Cindy_Margolis/Cindy_Margolis_0001.jpg,Cindy_Margolis/Cindy_Margolis_0002.jpg,1,0.98882735
Claire_Danes/Claire_Danes_0001.jpg,Claire_Danes/Claire_Danes_0003.jpg,1,0.99449778
Claire_Danes/Claire_Danes_0002.jpg,Claire_Danes/Claire_Danes_0003.jpg,1,0.99644011
Conan_OBrien/Conan_OBrien_0001.jpg,Conan_OBrien/Conan_OBrien_0002.jpg,1,0.99556684
Conan_OBrien/Conan_OBrien_0002.jpg,Conan_OBrien/Conan_OBrien_0003.jpg,1,0.99519962
Conan_OBrien/Conan_OBrien_0002.jpg,Conan_OBrien/Conan_OBrien_0004.jpg,1,0.99214512
Conchita_Martinez/Conchita_Martinez_0001.jpg,Conchita_Martinez/Conchita_Martinez_0002.jpg,1,0.99590039
Conchita_Martinez/Conchita_Martinez_0001.jpg,Conchita_Martinez/Conchita_Martinez_0003.jpg,1,0.98693681
Dan_Morales/Dan_Morales_0001.jpg,Dan_Morales/Dan_Morales_0002.jpg,1,0.99459296
Dan_Morales/Dan_Morales_0001.jpg,Dan_Morales/Dan_Morales_0003.jpg,1,0.99702084
David_Hyde_Pierce/David_Hyde_Pierce_0001.jpg,David_Hyde_Pierce/David_Hyde_Pierce_0002.jpg,1,0.99006742
David_Hyde_Pierce/David_Hyde_Pierce_0001.jpg,David_Hyde_Pierce/David_Hyde_Pierce_0003.jpg,1,0.99453688
David_Hyde_Pierce/David_Hyde_Pierce_0002.jpg,David_Hyde_Pierce/David_Hyde_Pierce_0003.jpg,1,0.99559152
David_Hyde_Pierce/David_Hyde_Pierce_0002.jpg,David_Hyde_Pierce/David_Hyde_Pierce_0004.jpg,1,0.96419495
David_Myers/David_Myers_0001.jpg,David_Myers/David_Myers_0002.jpg,1,0.99425566
David_Nalbandian/David_Nalbandian_0001.jpg,David_Nalbandian/David_Nalbandian_0003.jpg,1,0.99530828
David_Nalbandian/David_Nalbandian_0002.jpg,David_Nalbandian/David_Nalbandian_0009.jpg,1,0.98661971
David_Nalbandian/David_Nalbandian_0003.jpg,David_Nalbandian/David_Nalbandian_0004.jpg,1,0.99481982
David_Nalbandian/David_Nalbandian_0004.jpg,David_Nalbandian/David_Nalbandian_0013.jpg,1,0.99670386
David_Nalbandian/David_Nalbandian_0011.jpg,David_Nalbandian/David_Nalbandian_0012.jpg,1,0.99859256
David_Stern/David_Stern_0001.jpg,David_Stern/David_Stern_0002.jpg,1,0.99110246
David_Stern/David_Stern_0002.jpg,David_Stern/David_Stern_0003.jpg,1,0.98426092
Derek_Jeter/Derek_Jeter_0002.jpg,Derek_Jeter/Derek_Jeter_0003.jpg,1,0.99347496
Derek_Jeter/Derek_Jeter_0002.jpg,Derek_Jeter/Derek_Jeter_0004.jpg,1,0.97997063
Donatella_Versace/Donatella_Versace_0001.jpg,Donatella_Versace/Donatella_Versace_0003.jpg,1,0.96464556
Donatella_Versace/Donatella_Versace_0002.jpg,Donatella_Versace/Donatella_Versace_0003.jpg,1,0.96558928
Donna_Shalala/Donna_Shalala_0001.jpg,Donna_Shalala/Donna_Shalala_0002.jpg,1,0.97608542
Edmund_Hillary/Edmund_Hillary_0001.jpg,Edmund_Hillary/Edmund_Hillary_0002.jpg,1,0.98999047
Edmund_Hillary/Edmund_Hillary_0001.jpg,Edmund_Hillary/Edmund_Hillary_0003.jpg,1,0.99704146
Edmund_Hillary/Edmund_Hillary_0002.jpg,Edmund_Hillary/Edmund_Hillary_0003.jpg,1,0.99376798
Elisabeth_Schumacher/Elisabeth_Schumacher_0001.jpg,Elisabeth_Schumacher/Elisabeth_Schumacher_0002.jpg,1,0.99438369
Elizabeth_Smart/Elizabeth_Smart_0003.jpg,Elizabeth_Smart/Elizabeth_Smart_0005.jpg,1,0.99044687
Erin_Runnion/Erin_Runnion_0001.jpg,Erin_Runnion/Erin_Runnion_0003.jpg,1,0.99154782
Erin_Runnion/Erin_Runnion_0002.jpg,Erin_Runnion/Erin_Runnion_0003.jpg,1,0.99277878
Erin_Runnion/Erin_Runnion_0002.jpg,Erin_Runnion/Erin_Runnion_0004.jpg,1,0.98919934
Erin_Runnion/Erin_Runnion_0003.jpg,Erin_Runnion/Erin_Runnion_0004.jpg,1,0.99016929
Fernando_Henrique_Cardoso/Fernando_Henrique_Cardoso_0001.jpg,Fernando_Henrique_Cardoso/Fernando_Henrique_Cardoso_0002.jpg,1,0.98659688
Fernando_Henrique_Cardoso/Fernando_Henrique_Cardoso_0001.jpg,Fernando_Henrique_Cardoso/Fernando_Henrique_Cardoso_0003.jpg,1,0.99094009
Fernando_Henrique_Cardoso/Fernando_Henrique_Cardoso_0001.jpg,Fernando_Henrique_Cardoso/Fernando_Henrique_Cardoso_0004.jpg,1,0.99459243
Fernando_Henrique_Cardoso/Fernando_Henrique_Cardoso_0002.jpg,Fernando_Henrique_Cardoso/Fernando_Henrique_Cardoso_0007.jpg,1,0.98121822
Fernando_Henrique_Cardoso/Fernando_Henrique_Cardoso_0005.jpg,Fernando_Henrique_Cardoso/Fernando_Henrique_Cardoso_0007.jpg,1,0.98833489
Fernando_Henrique_Cardoso/Fernando_Henrique_Cardoso_0006.jpg,Fernando_Henrique_Cardoso/Fernando_Henrique_Cardoso_0007.jpg,1,0.99416822
Francis_Mer/Francis_Mer_0001.jpg,Francis_Mer/Francis_Mer_0002.jpg,1,0.99481791
Franz_Fischler/Franz_Fischler_0001.jpg,Franz_Fischler/Franz_Fischler_0002.jpg,1,0.99444687
Gary_Locke/Gary_Locke_0001.jpg,Gary_Locke/Gary_Locke_0002.jpg,1,0.99136460
Gerry_Adams/Gerry_Adams_0001.jpg,Gerry_Adams/Gerry_Adams_0003.jpg,1,0.99658531
Gerry_Adams/Gerry_Adams_0001.jpg,Gerry_Adams/Gerry_Adams_0007.jpg,1,0.99707425
Gerry_Adams/Gerry_Adams_0002.jpg,Gerry_Adams/Gerry_Adams_0006.jpg,1,0.98754334
Gerry_Adams/Gerry_Adams_0003.jpg,Gerry_Adams/Gerry_Adams_0005.jpg,1,0.99734879
Gerry_Adams/Gerry_Adams_0004.jpg,Gerry_Adams/Gerry_Adams_0006.jpg,1,0.98954511
Gerry_Adams/Gerry_Adams_0005.jpg,Gerry_Adams/Gerry_Adams_0006.jpg,1,0.99202454
Gianna_Angelopoulos-Daskalaki/Gianna_Angelopoulos-Daskalaki_0001.jpg,Gianna_Angelopoulos-Daskalaki/Gianna_Angelopoulos-Daskalaki_0002.jpg,1,0.99293256
Gil_de_Ferran/Gil_de_Ferran_0001.jpg,Gil_de_Ferran/Gil_de_Ferran_0005.jpg,1,0.98524958
Gil_de_Ferran/Gil_de_Ferran_0002.jpg,Gil_de_Ferran/Gil_de_Ferran_0004.jpg,1,0.97798550
Gil_de_Ferran/Gil_de_Ferran_0003.jpg,Gil_de_Ferran/Gil_de_Ferran_0005.jpg,1,0.98599482
Goh_Kun/Goh_Kun_0001.jpg,Goh_Kun/Goh_Kun_0002.jpg,1,0.99732369
Grady_Irvin_Jr/Grady_Irvin_Jr_0001.jpg,Grady_Irvin_Jr/Grady_Irvin_Jr_0002.jpg,1,0.99577856
Gunter_Pleuger/Gunter_Pleuger_0003.jpg,Gunter_Pleuger/Gunter_Pleuger_0005.jpg,1,0.98593223
Gunter_Pleuger/Gunter_Pleuger_0003.jpg,Gunter_Pleuger/Gunter_Pleuger_0006.jpg,1,0.99607378
Harry_Belafonte/Harry_Belafonte_0001.jpg,Harry_Belafonte/Harry_Belafonte_0002.jpg,1,0.99860144
Harry_Schmidt/Harry_Schmidt_0001.jpg,Harry_Schmidt/Harry_Schmidt_0003.jpg,1,0.99641430
Harry_Schmidt/Harry_Schmidt_0001.jpg,Harry_Schmidt/Harry_Schmidt_0004.jpg,1,0.99426603
Harry_Schmidt/Harry_Schmidt_0002.jpg,Harry_Schmidt/Harry_Schmidt_0003.jpg,1,0.99605775
Harry_Schmidt/Harry_Schmidt_0003.jpg,Harry_Schmidt/Harry_Schmidt_0004.jpg,1,0.99874169
Helen_Clark/Helen_Clark_0002.jpg,Helen_Clark/Helen_Clark_0004.jpg,1,0.99714464
Hermann_Maier/Hermann_Maier_0001.jpg,Hermann_Maier/Hermann_Maier_0002.jpg,1,0.97660410
Ian_Thorpe/Ian_Thorpe_0001.jpg,Ian_Thorpe/Ian_Thorpe_0007.jpg,1,0.98714519
Ian_Thorpe/Ian_Thorpe_0001.jpg,Ian_Thorpe/Ian_Thorpe_0010.jpg,1,0.99130034
Ian_Thorpe/Ian_Thorpe_0003.jpg,Ian_Thorpe/Ian_Thorpe_0009.jpg,1,0.98901844
Ian_Thorpe/Ian_Thorpe_0005.jpg,Ian_Thorpe/Ian_Thorpe_0007.jpg,1,0.97627163
Ian_Thorpe/Ian_Thorpe_0006.jpg,Ian_Thorpe/Ian_Thorpe_0010.jpg,1,0.99534118
Isabelle_Huppert/Isabelle_Huppert_0001.jpg,Isabelle_Huppert/Isabelle_Huppert_0002.jpg,1,0.99430037
James_Butts/James_Butts_0001.jpg,James_Butts/James_Butts_0002.jpg,1,0.99835664
Jan-Michael_Gambill/Jan-Michael_Gambill_0001.jpg,Jan-Michael_Gambill/Jan-Michael_Gambill_0002.jpg,1,0.98889935
Jan-Michael_Gambill/Jan-Michael_Gambill_0002.jpg,Jan-Michael_Gambill/Jan-Michael_Gambill_0003.jpg,1,0.98522013
Jean-Francois_Pontal/Jean-Francois_Pontal_0001.jpg,Jean-Francois_Pontal/Jean-Francois_Pontal_0003.jpg,1,0.98877186
Jean-Marc_de_La_Sabliere/Jean-Marc_de_La_Sabliere_0001.jpg,Jean-Marc_de_La_Sabliere/Jean-Marc_de_La_Sabliere_0002.jpg,1,0.99056226
Jean-Sebastien_Giguere/Jean-Sebastien_Giguere_0001.jpg,Jean-Sebastien_Giguere/Jean-Sebastien_Giguere_0002.jpg,1,0.98950088
Jeb_Bush/Jeb_Bush_0001.jpg,Jeb_Bush/Jeb_Bush_0006.jpg,1,0.98854929
Jeb_Bush/Jeb_Bush_0002.jpg,Jeb_Bush/Jeb_Bush_0006.jpg,1,0.99455029
Jeb_Bush/Jeb_Bush_0005.jpg,Jeb_Bush/Jeb_Bush_0007.jpg,1,0.99651051
Jeffrey_Jones/Jeffrey_Jones_0001.jpg,Jeffrey_Jones/Jeffrey_Jones_0002.jpg,1,0.99868524
Jim_OBrien/Jim_OBrien_0001.jpg,Jim_OBrien/Jim_OBrien_0002.jpg,1,0.97454858
Jim_OBrien/Jim_OBrien_0001.jpg,Jim_OBrien/Jim_OBrien_0003.jpg,1,0.98873180
Joe_Gatti/Joe_Gatti_0001.jpg,Joe_Gatti/Joe_Gatti_0002.jpg,1,0.99429154
John_Cusack/John_Cusack_0001.jpg,John_Cusack/John_Cusack_0002.jpg,1,0.99495697
John_Edwards/John_Edwards_0001.jpg,John_Edwards/John_Edwards_0003.jpg,1,0.99002051
John_Edwards/John_Edwards_0001.jpg,John_Edwards/John_Edwards_0007.jpg,1,0.98870254
John_Edwards/John_Edwards_0002.jpg,John_Edwards/John_Edwards_0005.jpg,1,0.98613226
John_Edwards/John_Edwards_0003.jpg,John_Edwards/John_Edwards_0007.jpg,1,0.99670023
John_Edwards/John_Edwards_0004.jpg,John_Edwards/John_Edwards_0006.jpg,1,0.98699659
John_Edwards/John_Edwards_0004.jpg,John_Edwards/John_Edwards_0008.jpg,1,0.99185300
John_Edwards/John_Edwards_0006.jpg,John_Edwards/John_Edwards_0007.jpg,1,0.99228001
John_Spencer/John_Spencer_0001.jpg,John_Spencer/John_Spencer_0002.jpg,1,0.99611771
John_Taylor/John_Taylor_0001.jpg,John_Taylor/John_Taylor_0002.jpg,1,0.98899412
John_Walsh/John_Walsh_0001.jpg,John_Walsh/John_Walsh_0002.jpg,1,0.99232435
Jolanta_Kwasniewski/Jolanta_Kwasniewski_0001.jpg,Jolanta_Kwasniewski/Jolanta_Kwasniewski_0002.jpg,1,0.99075150
Jose_Mourinho/Jose_Mourinho_0001.jpg,Jose_Mourinho/Jose_Mourinho_0002.jpg,1,0.98611230
Juergen_Peters/Juergen_Peters_0001.jpg,Juergen_Peters/Juergen_Peters_0002.jpg,1,0.99805588
Kalpana_Chawla/Kalpana_Chawla_0001.jpg,Kalpana_Chawla/Kalpana_Chawla_0004.jpg,1,0.98556614
Kalpana_Chawla/Kalpana_Chawla_0002.jpg,Kalpana_Chawla/Kalpana_Chawla_0003.jpg,1,0.99637842
Kalpana_Chawla/Kalpana_Chawla_0002.jpg,Kalpana_Chawla/Kalpana_Chawla_0005.jpg,1,0.99658382
Kalpana_Chawla/Kalpana_Chawla_0003.jpg,Kalpana_Chawla/Kalpana_Chawla_0004.jpg,1,0.99611628
Kelli_White/Kelli_White_0001.jpg,Kelli_White/Kelli_White_0002.jpg,1,0.99867105
Kim_Jin-sun/Kim_Jin-sun_0001.jpg,Kim_Jin-sun/Kim_Jin-sun_0002.jpg,1,0.99765146
Lana_Clarkson/Lana_Clarkson_0001.jpg,Lana_Clarkson/Lana_Clarkson_0002.jpg,1,0.98305935
Laura_Hernandez/Laura_Hernandez_0001.jpg,Laura_Hernandez/Laura_Hernandez_0002.jpg,1,0.99807745
Laura_Linney/Laura_Linney_0001.jpg,Laura_Linney/Laura_Linney_0002.jpg,1,0.99624181
Laura_Linney/Laura_Linney_0001.jpg,Laura_Linney/Laura_Linney_0003.jpg,1,0.99497497
Laura_Linney/Laura_Linney_0002.jpg,Laura_Linney/Laura_Linney_0004.jpg,1,0.99535877
Laura_Linney/Laura_Linney_0003.jpg,Laura_Linney/Laura_Linney_0004.jpg,1,0.99497688
Lenny_Wilkens/Lenny_Wilkens_0001.jpg,Lenny_Wilkens/Lenny_Wilkens_0002.jpg,1,0.99516273
Lenny_Wilkens/Lenny_Wilkens_0001.jpg,Lenny_Wilkens/Lenny_Wilkens_0003.jpg,1,0.99644452
Lenny_Wilkens/Lenny_Wilkens_0002.jpg,Lenny_Wilkens/Lenny_Wilkens_0003.jpg,1,0.99370044
Lloyd_Ward/Lloyd_Ward_0001.jpg,Lloyd_Ward/Lloyd_Ward_0002.jpg,1,0.99210960
Mahathir_Mohamad/Mahathir_Mohamad_0001.jpg,Mahathir_Mohamad/Mahathir_Mohamad_0007.jpg,1,0.99371672
Mahathir_Mohamad/Mahathir_Mohamad_0001.jpg,Mahathir_Mohamad/Mahathir_Mohamad_0012.jpg,1,0.98358321
Mahathir_Mohamad/Mahathir_Mohamad_0006.jpg,Mahathir_Mohamad/Mahathir_Mohamad_0010.jpg,1,0.99397647
Mark_Cuban/Mark_Cuban_0001.jpg,Mark_Cuban/Mark_Cuban_0002.jpg,1,0.99143881
Mark_Heller/Mark_Heller_0001.jpg,Mark_Heller/Mark_Heller_0002.jpg,1,0.98436093
Mark_Schweiker/Mark_Schweiker_0001.jpg,Mark_Schweiker/Mark_Schweiker_0002.jpg,1,0.99562663
Marty_Mornhinweg/Marty_Mornhinweg_0001.jpg,Marty_Mornhinweg/Marty_Mornhinweg_0002.jpg,1,0.99369079
Marty_Mornhinweg/Marty_Mornhinweg_0001.jpg,Marty_Mornhinweg/Marty_Mornhinweg_0003.jpg,1,0.99353528
Marty_Mornhinweg/Marty_Mornhinweg_0002.jpg,Marty_Mornhinweg/Marty_Mornhinweg_0003.jpg,1,0.99817836
Michael_Phelps/Michael_Phelps_0001.jpg,Michael_Phelps/Michael_Phelps_0002.jpg,1,0.99314153
Michael_Phelps/Michael_Phelps_0002.jpg,Michael_Phelps/Michael_Phelps_0004.jpg,1,0.99634570
Mick_Jagger/Mick_Jagger_0002.jpg,Mick_Jagger/Mick_Jagger_0004.jpg,1,0.98350865
Miguel_Estrada/Miguel_Estrada_0001.jpg,Miguel_Estrada/Miguel_Estrada_0002.jpg,1,0.99102670
Mike_Myers/Mike_Myers_0001.jpg,Mike_Myers/Mike_Myers_0006.jpg,1,0.98434627
Mike_Myers/Mike_Myers_0002.jpg,Mike_Myers/Mike_Myers_0003.jpg,1,0.99713182
Mike_Myers/Mike_Myers_0002.jpg,Mike_Myers/Mike_Myers_0004.jpg,1,0.99336493
Mike_Myers/Mike_Myers_0002.jpg,Mike_Myers/Mike_Myers_0005.jpg,1,0.99180520
Nadine_Vinzens/Nadine_Vinzens_0001.jpg,Nadine_Vinzens/Nadine_Vinzens_0002.jpg,1,0.98079729
Nathan_Lane/Nathan_Lane_0001.jpg,Nathan_Lane/Nathan_Lane_0002.jpg,1,0.98917985
Nicolas_Cage/Nicolas_Cage_0001.jpg,Nicolas_Cage/Nicolas_Cage_0002.jpg,1,0.99303532
Nicolas_Cage/Nicolas_Cage_0002.jpg,Nicolas_Cage/Nicolas_Cage_0004.jpg,1,0.99087358
Nicolas_Cage/Nicolas_Cage_0003.jpg,Nicolas_Cage/Nicolas_Cage_0004.jpg,1,0.99709463
Nicole_Kidman/Nicole_Kidman_0003.jpg,Nicole_Kidman/Nicole_Kidman_0011.jpg,1,0.99748719
Nicole_Kidman/Nicole_Kidman_0008.jpg,Nicole_Kidman/Nicole_Kidman_0017.jpg,1,0.99110812
Nicole_Kidman/Nicole_Kidman_0011.jpg,Nicole_Kidman/Nicole_Kidman_0013.jpg,1,0.96008140
Nicole_Kidman/Nicole_Kidman_0013.jpg,Nicole_Kidman/Nicole_Kidman_0014.jpg,1,0.97171772
Nicole_Kidman/Nicole_Kidman_0015.jpg,Nicole_Kidman/Nicole_Kidman_0019.jpg,1,0.98711431
Omar_Sharif/Omar_Sharif_0001.jpg,Omar_Sharif/Omar_Sharif_0002.jpg,1,0.99579167
Omar_Sharif/Omar_Sharif_0001.jpg,Omar_Sharif/Omar_Sharif_0003.jpg,1,0.99742579
Omar_Sharif/Omar_Sharif_0001.jpg,Omar_Sharif/Omar_Sharif_0004.jpg,1,0.99697256
Omar_Sharif/Omar_Sharif_0002.jpg,Omar_Sharif/Omar_Sharif_0003.jpg,1,0.99700171
Parris_Glendening/Parris_Glendening_0001.jpg,Parris_Glendening/Parris_Glendening_0002.jpg,1,0.99539274
Patrick_Leahy/Patrick_Leahy_0001.jpg,Patrick_Leahy/Patrick_Leahy_0002.jpg,1,0.99648684
Patrick_McEnroe/Patrick_McEnroe_0001.jpg,Patrick_McEnroe/Patrick_McEnroe_0002.jpg,1,0.99442041
Patrick_Stewart/Patrick_Stewart_0001.jpg,Patrick_Stewart/Patrick_Stewart_0002.jpg,1,0.99452418
Paul_Gascoigne/Paul_Gascoigne_0001.jpg,Paul_Gascoigne/Paul_Gascoigne_0003.jpg,1,0.98781461
Peter_Hillary/Peter_Hillary_0001.jpg,Peter_Hillary/Peter_Hillary_0002.jpg,1,0.99489546
Phan_Van_Khai/Phan_Van_Khai_0001.jpg,Phan_Van_Khai/Phan_Van_Khai_0002.jpg,1,0.98787057
Phan_Van_Khai/Phan_Van_Khai_0001.jpg,Phan_Van_Khai/Phan_Van_Khai_0003.jpg,1,0.99279350
Phan_Van_Khai/Phan_Van_Khai_0002.jpg,Phan_Van_Khai/Phan_Van_Khai_0003.jpg,1,0.99117422
Prince_Claus/Prince_Claus_0001.jpg,Prince_Claus/Prince_Claus_0004.jpg,1,0.98922861
Prince_Claus/Prince_Claus_0002.jpg,Prince_Claus/Prince_Claus_0003.jpg,1,0.98515511
Prince_Claus/Prince_Claus_0002.jpg,Prince_Claus/Prince_Claus_0004.jpg,1,0.98230475
Raghad_Saddam_Hussein/Raghad_Saddam_Hussein_0001.jpg,Raghad_Saddam_Hussein/Raghad_Saddam_Hussein_0002.jpg,1,0.99692333
Ray_Allen/Ray_Allen_0001.jpg,Ray_Allen/Ray_Allen_0002.jpg,1,0.99944347
Ray_Allen/Ray_Allen_0002.jpg,Ray_Allen/Ray_Allen_0003.jpg,1,0.99845451
Richard_Crenna/Richard_Crenna_0001.jpg,Richard_Crenna/Richard_Crenna_0002.jpg,1,0.99595928
Richard_Gere/Richard_Gere_0001.jpg,Richard_Gere/Richard_Gere_0010.jpg,1,0.98180044
Richard_Gere/Richard_Gere_0006.jpg,Richard_Gere/Richard_Gere_0009.jpg,1,0.98780906
Richard_Myers/Richard_Myers_0001.jpg,Richard_Myers/Richard_Myers_0002.jpg,1,0.97953677
Richard_Myers/Richard_Myers_0001.jpg,Richard_Myers/Richard_Myers_0004.jpg,1,0.98232204
Richard_Myers/Richard_Myers_0004.jpg,Richard_Myers/Richard_Myers_0008.jpg,1,0.99453831
Richard_Myers/Richard_Myers_0015.jpg,Richard_Myers/Richard_Myers_0016.jpg,1,0.99684387
Rick_Romley/Rick_Romley_0001.jpg,Rick_Romley/Rick_Romley_0003.jpg,1,0.99677056
Rob_Lowe/Rob_Lowe_0001.jpg,Rob_Lowe/Rob_Lowe_0003.jpg,1,0.99197578
Rob_Lowe/Rob_Lowe_0001.jpg,Rob_Lowe/Rob_Lowe_0004.jpg,1,0.99619663
Rob_Lowe/Rob_Lowe_0002.jpg,Rob_Lowe/Rob_Lowe_0003.jpg,1,0.98905504
Rob_Lowe/Rob_Lowe_0003.jpg,Rob_Lowe/Rob_Lowe_0004.jpg,1,0.99431241
Robby_Ginepri/Robby_Ginepri_0001.jpg,Robby_Ginepri/Robby_Ginepri_0002.jpg,1,0.98509955
Robert_Witt/Robert_Witt_0001.jpg,Robert_Witt/Robert_Witt_0002.jpg,1,0.99739343
Rod_Blagojevich/Rod_Blagojevich_0001.jpg,Rod_Blagojevich/Rod_Blagojevich_0002.jpg,1,0.99287200
Rolandas_Paksas/Rolandas_Paksas_0001.jpg,Rolandas_Paksas/Rolandas_Paksas_0002.jpg,1,0.99626124
Russell_Coutts/Russell_Coutts_0001.jpg,Russell_Coutts/Russell_Coutts_0002.jpg,1,0.99453717
Ruth_Dreifuss/Ruth_Dreifuss_0001.jpg,Ruth_Dreifuss/Ruth_Dreifuss_0002.jpg,1,0.99081707
Sally_Kirkland/Sally_Kirkland_0001.jpg,Sally_Kirkland/Sally_Kirkland_0004.jpg,1,0.98871702
Sean_Patrick_OMalley/Sean_Patrick_OMalley_0001.jpg,Sean_Patrick_OMalley/Sean_Patrick_OMalley_0003.jpg,1,0.98696065
Sebastian_Saja/Sebastian_Saja_0001.jpg,Sebastian_Saja/Sebastian_Saja_0002.jpg,1,0.98143649
Sebastian_Saja/Sebastian_Saja_0001.jpg,Sebastian_Saja/Sebastian_Saja_0003.jpg,1,0.99140656
Sila_Calderon/Sila_Calderon_0001.jpg,Sila_Calderon/Sila_Calderon_0002.jpg,1,0.99579966
Sila_Calderon/Sila_Calderon_0001.jpg,Sila_Calderon/Sila_Calderon_0003.jpg,1,0.99822307
Sila_Calderon/Sila_Calderon_0001.jpg,Sila_Calderon/Sila_Calderon_0004.jpg,1,0.99669790
Sila_Calderon/Sila_Calderon_0002.jpg,Sila_Calderon/Sila_Calderon_0003.jpg,1,0.99712914
Stanley_Tong/Stanley_Tong_0001.jpg,Stanley_Tong/Stanley_Tong_0002.jpg,1,0.99631083
Steve_Park/Steve_Park_0001.jpg,Steve_Park/Steve_Park_0002.jpg,1,0.99290407
Susie_Castillo/Susie_Castillo_0001.jpg,Susie_Castillo/Susie_Castillo_0002.jpg,1,0.99634981
Sylvester_Stallone/Sylvester_Stallone_0001.jpg,Sylvester_Stallone/Sylvester_Stallone_0005.jpg,1,0.97876871
Sylvester_Stallone/Sylvester_Stallone_0002.jpg,Sylvester_Stallone/Sylvester_Stallone_0004.jpg,1,0.97845781
Sylvester_Stallone/Sylvester_Stallone_0003.jpg,Sylvester_Stallone/Sylvester_Stallone_0008.jpg,1,0.98331839
Sylvester_Stallone/Sylvester_Stallone_0004.jpg,Sylvester_Stallone/Sylvester_Stallone_0005.jpg,1,0.97217572
Takashi_Sorimachi/Takashi_Sorimachi_0001.jpg,Takashi_Sorimachi/Takashi_Sorimachi_0002.jpg,1,0.99494320
Tang_Jiaxuan/Tang_Jiaxuan_0002.jpg,Tang_Jiaxuan/Tang_Jiaxuan_0006.jpg,1,0.99564552
Tang_Jiaxuan/Tang_Jiaxuan_0002.jpg,Tang_Jiaxuan/Tang_Jiaxuan_0011.jpg,1,0.99123430
Tang_Jiaxuan/Tang_Jiaxuan_0004.jpg,Tang_Jiaxuan/Tang_Jiaxuan_0009.jpg,1,0.99344993
Tang_Jiaxuan/Tang_Jiaxuan_0005.jpg,Tang_Jiaxuan/Tang_Jiaxuan_0009.jpg,1,0.99418414
Tang_Jiaxuan/Tang_Jiaxuan_0007.jpg,Tang_Jiaxuan/Tang_Jiaxuan_0010.jpg,1,0.99363887
Terje_Roed-Larsen/Terje_Roed-Larsen_0001.jpg,Terje_Roed-Larsen/Terje_Roed-Larsen_0002.jpg,1,0.98618639
Thomas_Birmingham/Thomas_Birmingham_0001.jpg,Thomas_Birmingham/Thomas_Birmingham_0002.jpg,1,0.97227216
Tiger_Woods/Tiger_Woods_0002.jpg,Tiger_Woods/Tiger_Woods_0006.jpg,1,0.99560797
Tiger_Woods/Tiger_Woods_0003.jpg,Tiger_Woods/Tiger_Woods_0021.jpg,1,0.99895954
Tiger_Woods/Tiger_Woods_0005.jpg,Tiger_Woods/Tiger_Woods_0011.jpg,1,0.98786426
Tiger_Woods/Tiger_Woods_0005.jpg,Tiger_Woods/Tiger_Woods_0012.jpg,1,0.99090034
Tiger_Woods/Tiger_Woods_0006.jpg,Tiger_Woods/Tiger_Woods_0018.jpg,1,0.99074602
Tiger_Woods/Tiger_Woods_0006.jpg,Tiger_Woods/Tiger_Woods_0021.jpg,1,0.99483466
Tiger_Woods/Tiger_Woods_0009.jpg,Tiger_Woods/Tiger_Woods_0012.jpg,1,0.99788535
Tiger_Woods/Tiger_Woods_0009.jpg,Tiger_Woods/Tiger_Woods_0023.jpg,1,0.99685675
Tiger_Woods/Tiger_Woods_0016.jpg,Tiger_Woods/Tiger_Woods_0018.jpg,1,0.99936163
Tim_Curry/Tim_Curry_0001.jpg,Tim_Curry/Tim_Curry_0002.jpg,1,0.99654531
Tom_Brady/Tom_Brady_0001.jpg,Tom_Brady/Tom_Brady_0002.jpg,1,0.97331518
Toshihiko_Fukui/Toshihiko_Fukui_0001.jpg,Toshihiko_Fukui/Toshihiko_Fukui_0002.jpg,1,0.99828571
Toshihiko_Fukui/Toshihiko_Fukui_0001.jpg,Toshihiko_Fukui/Toshihiko_Fukui_0003.jpg,1,0.99893665
Uma_Thurman/Uma_Thurman_0001.jpg,Uma_Thurman/Uma_Thurman_0003.jpg,1,0.99800539
Uma_Thurman/Uma_Thurman_0002.jpg,Uma_Thurman/Uma_Thurman_0003.jpg,1,0.97095424
Vaclav_Klaus/Vaclav_Klaus_0001.jpg,Vaclav_Klaus/Vaclav_Klaus_0002.jpg,1,0.99291146
Vanessa_Incontrada/Vanessa_Incontrada_0001.jpg,Vanessa_Incontrada/Vanessa_Incontrada_0002.jpg,1,0.99721056
Vanessa_Incontrada/Vanessa_Incontrada_0001.jpg,Vanessa_Incontrada/Vanessa_Incontrada_0003.jpg,1,0.99855196
Vanessa_Incontrada/Vanessa_Incontrada_0001.jpg,Vanessa_Incontrada/Vanessa_Incontrada_0004.jpg,1,0.99693471
Vanessa_Incontrada/Vanessa_Incontrada_0002.jpg,Vanessa_Incontrada/Vanessa_Incontrada_0003.jpg,1,0.99672675
Vanessa_Incontrada/Vanessa_Incontrada_0002.jpg,Vanessa_Incontrada/Vanessa_Incontrada_0004.jpg,1,0.99732763
Vanessa_Incontrada/Vanessa_Incontrada_0003.jpg,Vanessa_Incontrada/Vanessa_Incontrada_0004.jpg,1,0.99533069
Vin_Diesel/Vin_Diesel_0001.jpg,Vin_Diesel/Vin_Diesel_0002.jpg,1,0.98994035
Vladimir_Spidla/Vladimir_Spidla_0001.jpg,Vladimir_Spidla/Vladimir_Spidla_0002.jpg,1,0.99420238
Vladimir_Spidla/Vladimir_Spidla_0001.jpg,Vladimir_Spidla/Vladimir_Spidla_0003.jpg,1,0.98980987
Vladimir_Spidla/Vladimir_Spidla_0002.jpg,Vladimir_Spidla/Vladimir_Spidla_0003.jpg,1,0.99587059
Win_Aung/Win_Aung_0001.jpg,Win_Aung/Win_Aung_0003.jpg,1,0.98886210
Win_Aung/Win_Aung_0001.jpg,Win_Aung/Win_Aung_0004.jpg,1,0.98685467
Zhang_Ziyi/Zhang_Ziyi_0001.jpg,Zhang_Ziyi/Zhang_Ziyi_0003.jpg,1,0.99141902
Zhang_Ziyi/Zhang_Ziyi_0002.jpg,Zhang_Ziyi/Zhang_Ziyi_0003.jpg,1,0.99264205
Aaron_Peirsol/Aaron_Peirsol_0001.jpg,Aaron_Peirsol/Aaron_Peirsol_0004.jpg,1,0.99068713
Aaron_Peirsol/Aaron_Peirsol_0003.jpg,Aaron_Peirsol/Aaron_Peirsol_0004.jpg,1,0.99498057
Adrian_Nastase/Adrian_Nastase_0001.jpg,Adrian_Nastase/Adrian_Nastase_0002.jpg,1,0.98828161
Ahmed_Chalabi/Ahmed_Chalabi_0001.jpg,Ahmed_Chalabi/Ahmed_Chalabi_0003.jpg,1,0.99628913
Ahmed_Chalabi/Ahmed_Chalabi_0001.jpg,Ahmed_Chalabi/Ahmed_Chalabi_0005.jpg,1,0.99373150
Albrecht_Mentz/Albrecht_Mentz_0001.jpg,Albrecht_Mentz/Albrecht_Mentz_0002.jpg,1,0.99802035
Alejandro_Toledo/Alejandro_Toledo_0020.jpg,Alejandro_Toledo/Alejandro_Toledo_0036.jpg,1,0.98898530
Alejandro_Toledo/Alejandro_Toledo_0021.jpg,Alejandro_Toledo/Alejandro_Toledo_0024.jpg,1,0.99613339
Alejandro_Toledo/Alejandro_Toledo_0021.jpg,Alejandro_Toledo/Alejandro_Toledo_0030.jpg,1,0.99344748
Alejandro_Toledo/Alejandro_Toledo_0023.jpg,Alejandro_Toledo/Alejandro_Toledo_0027.jpg,1,0.99268615
Alejandro_Toledo/Alejandro_Toledo_0026.jpg,Alejandro_Toledo/Alejandro_Toledo_0029.jpg,1,0.99140829
Alexander_Losyukov/Alexander_Losyukov_0001.jpg,Alexander_Losyukov/Alexander_Losyukov_0003.jpg,1,0.98591596
Alexander_Losyukov/Alexander_Losyukov_0002.jpg,Alexander_Losyukov/Alexander_Losyukov_0003.jpg,1,0.98202991
Alexander_Losyukov/Alexander_Losyukov_0002.jpg,Alexander_Losyukov/Alexander_Losyukov_0004.jpg,1,0.97880900
Alimzhan_Tokhtakhounov/Alimzhan_Tokhtakhounov_0001.jpg,Alimzhan_Tokhtakhounov/Alimzhan_Tokhtakhounov_0002.jpg,1,0.99659342
Amelie_Mauresmo/Amelie_Mauresmo_0007.jpg,Amelie_Mauresmo/Amelie_Mauresmo_0014.jpg,1,0.98129374
Amelie_Mauresmo/Amelie_Mauresmo_0011.jpg,Amelie_Mauresmo/Amelie_Mauresmo_0017.jpg,1,0.97691768
Amelie_Mauresmo/Amelie_Mauresmo_0014.jpg,Amelie_Mauresmo/Amelie_Mauresmo_0017.jpg,1,0.97983986
Angelo_Reyes/Angelo_Reyes_0001.jpg,Angelo_Reyes/Angelo_Reyes_0002.jpg,1,0.99698567
Angelo_Reyes/Angelo_Reyes_0001.jpg,Angelo_Reyes/Angelo_Reyes_0003.jpg,1,0.99730206
Begum_Khaleda_Zia/Begum_Khaleda_Zia_0001.jpg,Begum_Khaleda_Zia/Begum_Khaleda_Zia_0002.jpg,1,0.98952222
Ben_Curtis/Ben_Curtis_0001.jpg,Ben_Curtis/Ben_Curtis_0002.jpg,1,0.99454939
Bijan_Namdar_Zangeneh/Bijan_Namdar_Zangeneh_0001.jpg,Bijan_Namdar_Zangeneh/Bijan_Namdar_Zangeneh_0002.jpg,1,0.99758482
Bill_Paxton/Bill_Paxton_0001.jpg,Bill_Paxton/Bill_Paxton_0002.jpg,1,0.98130608
Bill_Paxton/Bill_Paxton_0001.jpg,Bill_Paxton/Bill_Paxton_0003.jpg,1,0.98076296
Bill_Paxton/Bill_Paxton_0002.jpg,Bill_Paxton/Bill_Paxton_0004.jpg,1,0.97229886
Bill_Paxton/Bill_Paxton_0003.jpg,Bill_Paxton/Bill_Paxton_0004.jpg,1,0.98868454
Billy_Crystal/Billy_Crystal_0001.jpg,Billy_Crystal/Billy_Crystal_0002.jpg,1,0.99471897
Billy_Crystal/Billy_Crystal_0001.jpg,Billy_Crystal/Billy_Crystal_0003.jpg,1,0.99522871
Billy_Crystal/Billy_Crystal_0001.jpg,Billy_Crystal/Billy_Crystal_0005.jpg,1,0.99544996
Billy_Crystal/Billy_Crystal_0003.jpg,Billy_Crystal/Billy_Crystal_0005.jpg,1,0.99499047
Billy_Graham/Billy_Graham_0001.jpg,Billy_Graham/Billy_Graham_0002.jpg,1,0.99669141
Bob_Colvin/Bob_Colvin_0001.jpg,Bob_Colvin/Bob_Colvin_0002.jpg,1,0.99691641
Brian_Cowen/Brian_Cowen_0001.jpg,Brian_Cowen/Brian_Cowen_0002.jpg,1,0.99158430
Butch_Davis/Butch_Davis_0001.jpg,Butch_Davis/Butch_Davis_0002.jpg,1,0.99065697
Byron_Scott/Byron_Scott_0001.jpg,Byron_Scott/Byron_Scott_0002.jpg,1,0.99801177
Carol_Burnett/Carol_Burnett_0001.jpg,Carol_Burnett/Carol_Burnett_0002.jpg,1,0.99629891
Charles_Mathews/Charles_Mathews_0001.jpg,Charles_Mathews/Charles_Mathews_0002.jpg,1,0.98911387
Christine_Ebersole/Christine_Ebersole_0001.jpg,Christine_Ebersole/Christine_Ebersole_0002.jpg,1,0.99436158
Claudia_Schiffer/Claudia_Schiffer_0001.jpg,Claudia_Schiffer/Claudia_Schiffer_0002.jpg,1,0.98925102
Condoleezza_Rice/Condoleezza_Rice_0001.jpg,Condoleezza_Rice/Condoleezza_Rice_0004.jpg,1,0.96966517
Condoleezza_Rice/Condoleezza_Rice_0002.jpg,Condoleezza_Rice/Condoleezza_Rice_0010.jpg,1,0.99955106
Condoleezza_Rice/Condoleezza_Rice_0004.jpg,Condoleezza_Rice/Condoleezza_Rice_0005.jpg,1,0.96156144
Condoleezza_Rice/Condoleezza_Rice_0008.jpg,Condoleezza_Rice/Condoleezza_Rice_0009.jpg,1,0.99647009
Condoleezza_Rice/Condoleezza_Rice_0009.jpg,Condoleezza_Rice/Condoleezza_Rice_0010.jpg,1,0.99697536
Costas_Simitis/Costas_Simitis_0001.jpg,Costas_Simitis/Costas_Simitis_0004.jpg,1,0.99163669
Costas_Simitis/Costas_Simitis_0001.jpg,Costas_Simitis/Costas_Simitis_0005.jpg,1,0.99462962
Costas_Simitis/Costas_Simitis_0003.jpg,Costas_Simitis/Costas_Simitis_0005.jpg,1,0.99449027
Costas_Simitis/Costas_Simitis_0004.jpg,Costas_Simitis/Costas_Simitis_0006.jpg,1,0.99648207
Cristina_Saralegui/Cristina_Saralegui_0001.jpg,Cristina_Saralegui/Cristina_Saralegui_0002.jpg,1,0.99221051
Cruz_Bustamante/Cruz_Bustamante_0001.jpg,Cruz_Bustamante/Cruz_Bustamante_0004.jpg,1,0.99468672
Cruz_Bustamante/Cruz_Bustamante_0003.jpg,Cruz_Bustamante/Cruz_Bustamante_0005.jpg,1,0.98945409
David_Heymann/David_Heymann_0003.jpg,David_Heymann/David_Heymann_0005.jpg,1,0.99417281
Diana_Krall/Diana_Krall_0001.jpg,Diana_Krall/Diana_Krall_0006.jpg,1,0.99727905
Diana_Krall/Diana_Krall_0003.jpg,Diana_Krall/Diana_Krall_0004.jpg,1,0.99442083
Diana_Munz/Diana_Munz_0001.jpg,Diana_Munz/Diana_Munz_0003.jpg,1,0.99304783
Diana_Munz/Diana_Munz_0002.jpg,Diana_Munz/Diana_Munz_0003.jpg,1,0.98910880
Dominique_de_Villepin/Dominique_de_Villepin_0002.jpg,Dominique_de_Villepin/Dominique_de_Villepin_0013.jpg,1,0.98769343
Dominique_de_Villepin/Dominique_de_Villepin_0003.jpg,Dominique_de_Villepin/Dominique_de_Villepin_0008.jpg,1,0.99564576
Dominique_de_Villepin/Dominique_de_Villepin_0003.jpg,Dominique_de_Villepin/Dominique_de_Villepin_0010.jpg,1,0.99122751
Dominique_de_Villepin/Dominique_de_Villepin_0007.jpg,Dominique_de_Villepin/Dominique_de_Villepin_0011.jpg,1,0.99510318
Dominique_de_Villepin/Dominique_de_Villepin_0010.jpg,Dominique_de_Villepin/Dominique_de_Villepin_0014.jpg,1,0.99572849
Dominique_de_Villepin/Dominique_de_Villepin_0011.jpg,Dominique_de_Villepin/Dominique_de_Villepin_0012.jpg,1,0.98808604
Don_Siegelman/Don_Siegelman_0001.jpg,Don_Siegelman/Don_Siegelman_0003.jpg,1,0.98574412
Don_Siegelman/Don_Siegelman_0002.jpg,Don_Siegelman/Don_Siegelman_0004.jpg,1,0.99231482
Donald_Pettit/Donald_Pettit_0001.jpg,Donald_Pettit/Donald_Pettit_0002.jpg,1,0.98826241
Donald_Pettit/Donald_Pettit_0001.jpg,Donald_Pettit/Donald_Pettit_0003.jpg,1,0.99325228
Donald_Pettit/Donald_Pettit_0002.jpg,Donald_Pettit/Donald_Pettit_0003.jpg,1,0.99252635
Doug_Collins/Doug_Collins_0001.jpg,Doug_Collins/Doug_Collins_0002.jpg,1,0.98700941
Edward_James_Olmos/Edward_James_Olmos_0001.jpg,Edward_James_Olmos/Edward_James_Olmos_0002.jpg,1,0.98683345
Elin_Nordegren/Elin_Nordegren_0001.jpg,Elin_Nordegren/Elin_Nordegren_0002.jpg,1,0.99367595
Elizabeth_Taylor/Elizabeth_Taylor_0001.jpg,Elizabeth_Taylor/Elizabeth_Taylor_0002.jpg,1,0.99078894
Ellen_DeGeneres/Ellen_DeGeneres_0001.jpg,Ellen_DeGeneres/Ellen_DeGeneres_0002.jpg,1,0.99075997
Elton_John/Elton_John_0001.jpg,Elton_John/Elton_John_0004.jpg,1,0.99191362
Elton_John/Elton_John_0002.jpg,Elton_John/Elton_John_0003.jpg,1,0.99292368
Elton_John/Elton_John_0003.jpg,Elton_John/Elton_John_0006.jpg,1,0.99556768
Elton_John/Elton_John_0005.jpg,Elton_John/Elton_John_0006.jpg,1,0.99301189
Elton_John/Elton_John_0005.jpg,Elton_John/Elton_John_0007.jpg,1,0.97839350
Emma_Watson/Emma_Watson_0002.jpg,Emma_Watson/Emma_Watson_0003.jpg,1,0.99843079
Emma_Watson/Emma_Watson_0003.jpg,Emma_Watson/Emma_Watson_0004.jpg,1,0.99834692
Emma_Watson/Emma_Watson_0003.jpg,Emma_Watson/Emma_Watson_0005.jpg,1,0.99803722
Fabrice_Santoro/Fabrice_Santoro_0001.jpg,Fabrice_Santoro/Fabrice_Santoro_0003.jpg,1,0.99010789
Fabrice_Santoro/Fabrice_Santoro_0002.jpg,Fabrice_Santoro/Fabrice_Santoro_0003.jpg,1,0.99278891
Flavia_Delaroli/Flavia_Delaroli_0001.jpg,Flavia_Delaroli/Flavia_Delaroli_0002.jpg,1,0.98436964
George_Lopez/George_Lopez_0001.jpg,George_Lopez/George_Lopez_0004.jpg,1,0.98771441
George_Lopez/George_Lopez_0002.jpg,George_Lopez/George_Lopez_0004.jpg,1,0.98879039
George_Lopez/George_Lopez_0002.jpg,George_Lopez/George_Lopez_0005.jpg,1,0.99363935
George_Lopez/George_Lopez_0004.jpg,George_Lopez/George_Lopez_0005.jpg,1,0.99806035
Gerard_Depardieu/Gerard_Depardieu_0001.jpg,Gerard_Depardieu/Gerard_Depardieu_0002.jpg,1,0.97350395
Gerhard_Schroeder/Gerhard_Schroeder_0005.jpg,Gerhard_Schroeder/Gerhard_Schroeder_0043.jpg,1,0.99457437
Gerhard_Schroeder/Gerhard_Schroeder_0017.jpg,Gerhard_Schroeder/Gerhard_Schroeder_0025.jpg,1,0.99337333
Gerhard_Schroeder/Gerhard_Schroeder_0027.jpg,Gerhard_Schroeder/Gerhard_Schroeder_0032.jpg,1,0.99153793
Gerhard_Schroeder/Gerhard_Schroeder_0045.jpg,Gerhard_Schroeder/Gerhard_Schroeder_0067.jpg,1,0.99533045
Gerhard_Schroeder/Gerhard_Schroeder_0066.jpg,Gerhard_Schroeder/Gerhard_Schroeder_0100.jpg,1,0.99262989
Gilberto_Rodriguez_Orejuela/Gilberto_Rodriguez_Orejuela_0001.jpg,Gilberto_Rodriguez_Orejuela/Gilberto_Rodriguez_Orejuela_0003.jpg,1,0.99645185
Gilberto_Rodriguez_Orejuela/Gilberto_Rodriguez_Orejuela_0002.jpg,Gilberto_Rodriguez_Orejuela/Gilberto_Rodriguez_Orejuela_0003.jpg,1,0.99713057
Gilberto_Rodriguez_Orejuela/Gilberto_Rodriguez_Orejuela_0003.jpg,Gilberto_Rodriguez_Orejuela/Gilberto_Rodriguez_Orejuela_0004.jpg,1,0.99380308
Giuseppe_Gibilisco/Giuseppe_Gibilisco_0001.jpg,Giuseppe_Gibilisco/Giuseppe_Gibilisco_0003.jpg,1,0.99277425
Giuseppe_Gibilisco/Giuseppe_Gibilisco_0001.jpg,Giuseppe_Gibilisco/Giuseppe_Gibilisco_0004.jpg,1,0.98589081
Giuseppe_Gibilisco/Giuseppe_Gibilisco_0003.jpg,Giuseppe_Gibilisco/Giuseppe_Gibilisco_0004.jpg,1,0.99636394
Guillermo_Canas/Guillermo_Canas_0001.jpg,Guillermo_Canas/Guillermo_Canas_0002.jpg,1,0.98207939
Guillermo_Canas/Guillermo_Canas_0001.jpg,Guillermo_Canas/Guillermo_Canas_0003.jpg,1,0.96418321
Guillermo_Canas/Guillermo_Canas_0002.jpg,Guillermo_Canas/Guillermo_Canas_0004.jpg,1,0.98980004
Guillermo_Canas/Guillermo_Canas_0003.jpg,Guillermo_Canas/Guillermo_Canas_0004.jpg,1,0.98680121
Hans_Blix/Hans_Blix_0007.jpg,Hans_Blix/Hans_Blix_0008.jpg,1,0.99497080
Hans_Blix/Hans_Blix_0007.jpg,Hans_Blix/Hans_Blix_0018.jpg,1,0.98863953
Hans_Blix/Hans_Blix_0007.jpg,Hans_Blix/Hans_Blix_0038.jpg,1,0.98343873
Hans_Blix/Hans_Blix_0008.jpg,Hans_Blix/Hans_Blix_0024.jpg,1,0.99610150
Hans_Blix/Hans_Blix_0009.jpg,Hans_Blix/Hans_Blix_0012.jpg,1,0.99569315
Hans_Blix/Hans_Blix_0026.jpg,Hans_Blix/Hans_Blix_0036.jpg,1,0.99736691
Hans_Blix/Hans_Blix_0027.jpg,Hans_Blix/Hans_Blix_0037.jpg,1,0.98522335
Hans_Blix/Hans_Blix_0031.jpg,Hans_Blix/Hans_Blix_0037.jpg,1,0.98325837
Heath_Ledger/Heath_Ledger_0001.jpg,Heath_Ledger/Heath_Ledger_0002.jpg,1,0.99017489
Heath_Ledger/Heath_Ledger_0001.jpg,Heath_Ledger/Heath_Ledger_0004.jpg,1,0.98868197
Heath_Ledger/Heath_Ledger_0002.jpg,Heath_Ledger/Heath_Ledger_0003.jpg,1,0.99275303
Heath_Ledger/Heath_Ledger_0002.jpg,Heath_Ledger/Heath_Ledger_0004.jpg,1,0.99141228
Herta_Daeubler-Gmelin/Herta_Daeubler-Gmelin_0001.jpg,Herta_Daeubler-Gmelin/Herta_Daeubler-Gmelin_0002.jpg,1,0.99547017
Hilary_Duff/Hilary_Duff_0001.jpg,Hilary_Duff/Hilary_Duff_0003.jpg,1,0.99784207
Hilary_Duff/Hilary_Duff_0002.jpg,Hilary_Duff/Hilary_Duff_0003.jpg,1,0.99111104
Hosni_Mubarak/Hosni_Mubarak_0006.jpg,Hosni_Mubarak/Hosni_Mubarak_0007.jpg,1,0.98938632
Hun_Sen/Hun_Sen_0001.jpg,Hun_Sen/Hun_Sen_0004.jpg,1,0.98930389
Hun_Sen/Hun_Sen_0002.jpg,Hun_Sen/Hun_Sen_0004.jpg,1,0.98887175
Iain_Duncan_Smith/Iain_Duncan_Smith_0001.jpg,Iain_Duncan_Smith/Iain_Duncan_Smith_0003.jpg,1,0.99553645
Iain_Duncan_Smith/Iain_Duncan_Smith_0002.jpg,Iain_Duncan_Smith/Iain_Duncan_Smith_0003.jpg,1,0.99637657
Iain_Duncan_Smith/Iain_Duncan_Smith_0002.jpg,Iain_Duncan_Smith/Iain_Duncan_Smith_0004.jpg,1,0.99580705
Iain_Duncan_Smith/Iain_Duncan_Smith_0003.jpg,Iain_Duncan_Smith/Iain_Duncan_Smith_0004.jpg,1,0.99649662
Inocencio_Arias/Inocencio_Arias_0001.jpg,Inocencio_Arias/Inocencio_Arias_0002.jpg,1,0.99313897
JK_Rowling/JK_Rowling_0001.jpg,JK_Rowling/JK_Rowling_0002.jpg,1,0.99538064
JK_Rowling/JK_Rowling_0002.jpg,JK_Rowling/JK_Rowling_0003.jpg,1,0.99526846
JK_Rowling/JK_Rowling_0002.jpg,JK_Rowling/JK_Rowling_0004.jpg,1,0.99681473
JK_Rowling/JK_Rowling_0003.jpg,JK_Rowling/JK_Rowling_0005.jpg,1,0.99466693
Jackie_Chan/Jackie_Chan_0001.jpg,Jackie_Chan/Jackie_Chan_0003.jpg,1,0.99676573
Jackie_Chan/Jackie_Chan_0005.jpg,Jackie_Chan/Jackie_Chan_0008.jpg,1,0.98559892
Jane_Kaczmarek/Jane_Kaczmarek_0001.jpg,Jane_Kaczmarek/Jane_Kaczmarek_0002.jpg,1,0.99817359
Janet_Napolitano/Janet_Napolitano_0001.jpg,Janet_Napolitano/Janet_Napolitano_0002.jpg,1,0.99236828
Janet_Napolitano/Janet_Napolitano_0001.jpg,Janet_Napolitano/Janet_Napolitano_0004.jpg,1,0.99618715
Jay_Leno/Jay_Leno_0001.jpg,Jay_Leno/Jay_Leno_0003.jpg,1,0.99530756
Jay_Leno/Jay_Leno_0002.jpg,Jay_Leno/Jay_Leno_0003.jpg,1,0.99673069
Jean-David_Levitte/Jean-David_Levitte_0001.jpg,Jean-David_Levitte/Jean-David_Levitte_0002.jpg,1,0.99400806
Jean-David_Levitte/Jean-David_Levitte_0001.jpg,Jean-David_Levitte/Jean-David_Levitte_0004.jpg,1,0.99047673
Jean-David_Levitte/Jean-David_Levitte_0002.jpg,Jean-David_Levitte/Jean-David_Levitte_0005.jpg,1,0.99586880
Jean-David_Levitte/Jean-David_Levitte_0003.jpg,Jean-David_Levitte/Jean-David_Levitte_0004.jpg,1,0.99363703
Jean-David_Levitte/Jean-David_Levitte_0004.jpg,Jean-David_Levitte/Jean-David_Levitte_0009.jpg,1,0.99682289
Jeff_Van_Gundy/Jeff_Van_Gundy_0001.jpg,Jeff_Van_Gundy/Jeff_Van_Gundy_0002.jpg,1,0.98945761
Jeff_Van_Gundy/Jeff_Van_Gundy_0001.jpg,Jeff_Van_Gundy/Jeff_Van_Gundy_0003.jpg,1,0.98974586
Jeff_Van_Gundy/Jeff_Van_Gundy_0002.jpg,Jeff_Van_Gundy/Jeff_Van_Gundy_0003.jpg,1,0.99723947
Jim_Furyk/Jim_Furyk_0001.jpg,Jim_Furyk/Jim_Furyk_0006.jpg,1,0.98554277
Jim_Furyk/Jim_Furyk_0003.jpg,Jim_Furyk/Jim_Furyk_0006.jpg,1,0.97959447
John_Garamendi/John_Garamendi_0001.jpg,John_Garamendi/John_Garamendi_0002.jpg,1,0.98909807
John_Rigas/John_Rigas_0001.jpg,John_Rigas/John_Rigas_0002.jpg,1,0.99856108
John_Warner/John_Warner_0001.jpg,John_Warner/John_Warner_0002.jpg,1,0.98141420
John_Warner/John_Warner_0001.jpg,John_Warner/John_Warner_0003.jpg,1,0.99177957
John_Warner/John_Warner_0002.jpg,John_Warner/John_Warner_0004.jpg,1,0.97316080
John_Warner/John_Warner_0003.jpg,John_Warner/John_Warner_0004.jpg,1,0.99475479
Julia_Tymoshenko/Julia_Tymoshenko_0001.jpg,Julia_Tymoshenko/Julia_Tymoshenko_0002.jpg,1,0.99152166
Julia_Tymoshenko/Julia_Tymoshenko_0001.jpg,Julia_Tymoshenko/Julia_Tymoshenko_0003.jpg,1,0.99231803
Julia_Tymoshenko/Julia_Tymoshenko_0002.jpg,Julia_Tymoshenko/Julia_Tymoshenko_0003.jpg,1,0.99235654
Keith_Bogans/Keith_Bogans_0001.jpg,Keith_Bogans/Keith_Bogans_0003.jpg,1,0.98919398
Keith_Bogans/Keith_Bogans_0002.jpg,Keith_Bogans/Keith_Bogans_0003.jpg,1,0.99935073
Ken_Macha/Ken_Macha_0001.jpg,Ken_Macha/Ken_Macha_0003.jpg,1,0.99235690
Ken_Macha/Ken_Macha_0002.jpg,Ken_Macha/Ken_Macha_0003.jpg,1,0.98654920
Kenneth_Bowersox/Kenneth_Bowersox_0001.jpg,Kenneth_Bowersox/Kenneth_Bowersox_0002.jpg,1,0.99762082
Kenneth_Bowersox/Kenneth_Bowersox_0001.jpg,Kenneth_Bowersox/Kenneth_Bowersox_0003.jpg,1,0.99482822
Kenneth_Bowersox/Kenneth_Bowersox_0002.jpg,Kenneth_Bowersox/Kenneth_Bowersox_0003.jpg,1,0.99701458
Kristanna_Loken/Kristanna_Loken_0001.jpg,Kristanna_Loken/Kristanna_Loken_0002.jpg,1,0.99222887
Kristanna_Loken/Kristanna_Loken_0003.jpg,Kristanna_Loken/Kristanna_Loken_0004.jpg,1,0.99490654
Kristanna_Loken/Kristanna_Loken_0004.jpg,Kristanna_Loken/Kristanna_Loken_0005.jpg,1,0.99583983
LK_Advani/LK_Advani_0001.jpg,LK_Advani/LK_Advani_0002.jpg,1,0.97984648
LK_Advani/LK_Advani_0001.jpg,LK_Advani/LK_Advani_0003.jpg,1,0.99529600
Lauren_Killian/Lauren_Killian_0001.jpg,Lauren_Killian/Lauren_Killian_0002.jpg,1,0.99136209
Lennox_Lewis/Lennox_Lewis_0001.jpg,Lennox_Lewis/Lennox_Lewis_0002.jpg,1,0.99948037
Lennox_Lewis/Lennox_Lewis_0001.jpg,Lennox_Lewis/Lennox_Lewis_0003.jpg,1,0.99811876
Lili_Taylor/Lili_Taylor_0001.jpg,Lili_Taylor/Lili_Taylor_0002.jpg,1,0.98798442
Lily_Tomlin/Lily_Tomlin_0001.jpg,Lily_Tomlin/Lily_Tomlin_0002.jpg,1,0.98909074
Lon_Kruger/Lon_Kruger_0001.jpg,Lon_Kruger/Lon_Kruger_0002.jpg,1,0.98499203
Lynn_Abraham/Lynn_Abraham_0001.jpg,Lynn_Abraham/Lynn_Abraham_0002.jpg,1,0.96308208
Mahmoud_Abbas/Mahmoud_Abbas_0007.jpg,Mahmoud_Abbas/Mahmoud_Abbas_0011.jpg,1,0.98221827
Mahmoud_Abbas/Mahmoud_Abbas_0015.jpg,Mahmoud_Abbas/Mahmoud_Abbas_0020.jpg,1,0.99461174
Mahmoud_Abbas/Mahmoud_Abbas_0022.jpg,Mahmoud_Abbas/Mahmoud_Abbas_0027.jpg,1,0.99067622
Mark_Richt/Mark_Richt_0001.jpg,Mark_Richt/Mark_Richt_0002.jpg,1,0.99135828
Mark_Richt/Mark_Richt_0001.jpg,Mark_Richt/Mark_Richt_0003.jpg,1,0.99631172
Mary-Kate_Olsen/Mary-Kate_Olsen_0001.jpg,Mary-Kate_Olsen/Mary-Kate_Olsen_0002.jpg,1,0.99071306
Mary-Kate_Olsen/Mary-Kate_Olsen_0002.jpg,Mary-Kate_Olsen/Mary-Kate_Olsen_0003.jpg,1,0.98820460
Matt_Dillon/Matt_Dillon_0001.jpg,Matt_Dillon/Matt_Dillon_0002.jpg,1,0.98273903
Max_Mayfield/Max_Mayfield_0001.jpg,Max_Mayfield/Max_Mayfield_0002.jpg,1,0.99510604
Megan_Mullally/Megan_Mullally_0001.jpg,Megan_Mullally/Megan_Mullally_0002.jpg,1,0.99133182
Megan_Mullally/Megan_Mullally_0001.jpg,Megan_Mullally/Megan_Mullally_0003.jpg,1,0.98518443
Michael_Caine/Michael_Caine_0001.jpg,Michael_Caine/Michael_Caine_0002.jpg,1,0.96194839
Michael_Caine/Michael_Caine_0001.jpg,Michael_Caine/Michael_Caine_0003.jpg,1,0.97251141
Michael_Caine/Michael_Caine_0003.jpg,Michael_Caine/Michael_Caine_0004.jpg,1,0.99537647
Michael_J_Sheehan/Michael_J_Sheehan_0001.jpg,Michael_J_Sheehan/Michael_J_Sheehan_0002.jpg,1,0.99442160
Michael_Keaton/Michael_Keaton_0001.jpg,Michael_Keaton/Michael_Keaton_0002.jpg,1,0.99072158
Michael_Powell/Michael_Powell_0001.jpg,Michael_Powell/Michael_Powell_0002.jpg,1,0.98404151
Michael_Powell/Michael_Powell_0001.jpg,Michael_Powell/Michael_Powell_0003.jpg,1,0.98288935
Michael_Powell/Michael_Powell_0001.jpg,Michael_Powell/Michael_Powell_0005.jpg,1,0.99041754
Michael_Powell/Michael_Powell_0002.jpg,Michael_Powell/Michael_Powell_0003.jpg,1,0.99801987
Michael_Powell/Michael_Powell_0002.jpg,Michael_Powell/Michael_Powell_0004.jpg,1,0.99778420
Michael_Powell/Michael_Powell_0002.jpg,Michael_Powell/Michael_Powell_0005.jpg,1,0.99386501
Michael_Powell/Michael_Powell_0004.jpg,Michael_Powell/Michael_Powell_0005.jpg,1,0.99577838
Miguel_Contreras/Miguel_Contreras_0001.jpg,Miguel_Contreras/Miguel_Contreras_0002.jpg,1,0.99539310
Mike_Weir/Mike_Weir_0001.jpg,Mike_Weir/Mike_Weir_0006.jpg,1,0.97977293
Mike_Weir/Mike_Weir_0003.jpg,Mike_Weir/Mike_Weir_0011.jpg,1,0.99449992
Mikhail_Kasyanov/Mikhail_Kasyanov_0001.jpg,Mikhail_Kasyanov/Mikhail_Kasyanov_0002.jpg,1,0.99329293
Mikhail_Kasyanov/Mikhail_Kasyanov_0001.jpg,Mikhail_Kasyanov/Mikhail_Kasyanov_0003.jpg,1,0.98874986
Mikhail_Kasyanov/Mikhail_Kasyanov_0003.jpg,Mikhail_Kasyanov/Mikhail_Kasyanov_0004.jpg,1,0.99795616
Mohammed_Baqir_al-Hakim/Mohammed_Baqir_al-Hakim_0001.jpg,Mohammed_Baqir_al-Hakim/Mohammed_Baqir_al-Hakim_0003.jpg,1,0.99609703
Monica_Lewinsky/Monica_Lewinsky_0001.jpg,Monica_Lewinsky/Monica_Lewinsky_0002.jpg,1,0.99315119
Monica_Lewinsky/Monica_Lewinsky_0001.jpg,Monica_Lewinsky/Monica_Lewinsky_0003.jpg,1,0.99124950
Monica_Lewinsky/Monica_Lewinsky_0002.jpg,Monica_Lewinsky/Monica_Lewinsky_0003.jpg,1,0.99699318
Nan_Wang/Nan_Wang_0001.jpg,Nan_Wang/Nan_Wang_0003.jpg,1,0.99718797
Nan_Wang/Nan_Wang_0002.jpg,Nan_Wang/Nan_Wang_0003.jpg,1,0.99884480
Nan_Wang/Nan_Wang_0003.jpg,Nan_Wang/Nan_Wang_0004.jpg,1,0.99777776
Nancy_Demme/Nancy_Demme_0001.jpg,Nancy_Demme/Nancy_Demme_0002.jpg,1,0.98733884
Nancy_Reagan/Nancy_Reagan_0001.jpg,Nancy_Reagan/Nancy_Reagan_0002.jpg,1,0.98965251
Naoto_Kan/Naoto_Kan_0001.jpg,Naoto_Kan/Naoto_Kan_0003.jpg,1,0.99949157
Naoto_Kan/Naoto_Kan_0002.jpg,Naoto_Kan/Naoto_Kan_0003.jpg,1,0.99957204
Natasha_McElhone/Natasha_McElhone_0001.jpg,Natasha_McElhone/Natasha_McElhone_0002.jpg,1,0.99784970
Natasha_McElhone/Natasha_McElhone_0001.jpg,Natasha_McElhone/Natasha_McElhone_0003.jpg,1,0.99716246
Neri_Marcore/Neri_Marcore_0001.jpg,Neri_Marcore/Neri_Marcore_0002.jpg,1,0.99313480
Nicholas_Tse/Nicholas_Tse_0001.jpg,Nicholas_Tse/Nicholas_Tse_0002.jpg,1,0.98979187
Nicolas_Escude/Nicolas_Escude_0001.jpg,Nicolas_Escude/Nicolas_Escude_0002.jpg,1,0.99456334
Noelle_Bush/Noelle_Bush_0001.jpg,Noelle_Bush/Noelle_Bush_0003.jpg,1,0.99432123
Noelle_Bush/Noelle_Bush_0001.jpg,Noelle_Bush/Noelle_Bush_0004.jpg,1,0.99338555
Noelle_Bush/Noelle_Bush_0002.jpg,Noelle_Bush/Noelle_Bush_0004.jpg,1,0.96444511
Orrin_Hatch/Orrin_Hatch_0001.jpg,Orrin_Hatch/Orrin_Hatch_0002.jpg,1,0.99277759
Padraig_Harrington/Padraig_Harrington_0001.jpg,Padraig_Harrington/Padraig_Harrington_0003.jpg,1,0.97871840
Padraig_Harrington/Padraig_Harrington_0001.jpg,Padraig_Harrington/Padraig_Harrington_0004.jpg,1,0.97496676
Padraig_Harrington/Padraig_Harrington_0002.jpg,Padraig_Harrington/Padraig_Harrington_0004.jpg,1,0.99150360
Pedro_Almodovar/Pedro_Almodovar_0001.jpg,Pedro_Almodovar/Pedro_Almodovar_0002.jpg,1,0.99636674
Pedro_Almodovar/Pedro_Almodovar_0003.jpg,Pedro_Almodovar/Pedro_Almodovar_0005.jpg,1,0.98632228
Pedro_Almodovar/Pedro_Almodovar_0005.jpg,Pedro_Almodovar/Pedro_Almodovar_0006.jpg,1,0.99696243
Penelope_Ann_Miller/Penelope_Ann_Miller_0001.jpg,Penelope_Ann_Miller/Penelope_Ann_Miller_0002.jpg,1,0.99640924
Peter_Arnett/Peter_Arnett_0001.jpg,Peter_Arnett/Peter_Arnett_0003.jpg,1,0.99230146
Peter_Arnett/Peter_Arnett_0002.jpg,Peter_Arnett/Peter_Arnett_0003.jpg,1,0.99618876
Petria_Thomas/Petria_Thomas_0001.jpg,Petria_Thomas/Petria_Thomas_0002.jpg,1,0.99598867
Petro_Symonenko/Petro_Symonenko_0001.jpg,Petro_Symonenko/Petro_Symonenko_0002.jpg,1,0.99355632
Prince_Charles/Prince_Charles_0001.jpg,Prince_Charles/Prince_Charles_0002.jpg,1,0.99730104
Prince_Charles/Prince_Charles_0003.jpg,Prince_Charles/Prince_Charles_0004.jpg,1,0.99539101
Prince_Charles/Prince_Charles_0003.jpg,Prince_Charles/Prince_Charles_0005.jpg,1,0.99012268
Raoul_Ruiz/Raoul_Ruiz_0001.jpg,Raoul_Ruiz/Raoul_Ruiz_0002.jpg,1,0.98960018
Raoul_Ruiz/Raoul_Ruiz_0002.jpg,Raoul_Ruiz/Raoul_Ruiz_0003.jpg,1,0.99552703
Raoul_Ruiz/Raoul_Ruiz_0002.jpg,Raoul_Ruiz/Raoul_Ruiz_0004.jpg,1,0.99073559
Raoul_Ruiz/Raoul_Ruiz_0003.jpg,Raoul_Ruiz/Raoul_Ruiz_0004.jpg,1,0.99666405
Ricky_Ponting/Ricky_Ponting_0001.jpg,Ricky_Ponting/Ricky_Ponting_0002.jpg,1,0.98616600
Robert_Stack/Robert_Stack_0001.jpg,Robert_Stack/Robert_Stack_0002.jpg,1,0.98991030
Robin_Cook/Robin_Cook_0001.jpg,Robin_Cook/Robin_Cook_0002.jpg,1,0.99124825
Roger_Federer/Roger_Federer_0004.jpg,Roger_Federer/Roger_Federer_0005.jpg,1,0.99106014
Roger_Federer/Roger_Federer_0004.jpg,Roger_Federer/Roger_Federer_0007.jpg,1,0.99302316
Roger_Federer/Roger_Federer_0006.jpg,Roger_Federer/Roger_Federer_0007.jpg,1,0.99121904
Ronaldo_Luis_Nazario_de_Lima/Ronaldo_Luis_Nazario_de_Lima_0001.jpg,Ronaldo_Luis_Nazario_de_Lima/Ronaldo_Luis_Nazario_de_Lima_0004.jpg,1,0.98996556
Ronaldo_Luis_Nazario_de_Lima/Ronaldo_Luis_Nazario_de_Lima_0002.jpg,Ronaldo_Luis_Nazario_de_Lima/Ronaldo_Luis_Nazario_de_Lima_0003.jpg,1,0.99743938
Ronaldo_Luis_Nazario_de_Lima/Ronaldo_Luis_Nazario_de_Lima_0002.jpg,Ronaldo_Luis_Nazario_de_Lima/Ronaldo_Luis_Nazario_de_Lima_0004.jpg,1,0.98932552
Ronaldo_Luis_Nazario_de_Lima/Ronaldo_Luis_Nazario_de_Lima_0003.jpg,Ronaldo_Luis_Nazario_de_Lima/Ronaldo_Luis_Nazario_de_Lima_0004.jpg,1,0.98601443
Roy_Williams/Roy_Williams_0001.jpg,Roy_Williams/Roy_Williams_0003.jpg,1,0.99697948
Roy_Williams/Roy_Williams_0002.jpg,Roy_Williams/Roy_Williams_0004.jpg,1,0.99030149
Sally_Ride/Sally_Ride_0001.jpg,Sally_Ride/Sally_Ride_0002.jpg,1,0.98304260
Scott_McNealy/Scott_McNealy_0001.jpg,Scott_McNealy/Scott_McNealy_0002.jpg,1,0.98885125
Scott_Peterson/Scott_Peterson_0001.jpg,Scott_Peterson/Scott_Peterson_0002.jpg,1,0.99583197
Scott_Peterson/Scott_Peterson_0001.jpg,Scott_Peterson/Scott_Peterson_0005.jpg,1,0.99764478
Scott_Peterson/Scott_Peterson_0002.jpg,Scott_Peterson/Scott_Peterson_0005.jpg,1,0.99349117
Scott_Peterson/Scott_Peterson_0003.jpg,Scott_Peterson/Scott_Peterson_0004.jpg,1,0.98380661
Scott_Ritter/Scott_Ritter_0001.jpg,Scott_Ritter/Scott_Ritter_0002.jpg,1,0.99328005
Sean_OKeefe/Sean_OKeefe_0003.jpg,Sean_OKeefe/Sean_OKeefe_0004.jpg,1,0.98751974
Sean_Penn/Sean_Penn_0001.jpg,Sean_Penn/Sean_Penn_0002.jpg,1,0.98498452
Sean_Penn/Sean_Penn_0002.jpg,Sean_Penn/Sean_Penn_0003.jpg,1,0.99482548
Sebastien_Grosjean/Sebastien_Grosjean_0001.jpg,Sebastien_Grosjean/Sebastien_Grosjean_0002.jpg,1,0.99663579
Sebastien_Grosjean/Sebastien_Grosjean_0001.jpg,Sebastien_Grosjean/Sebastien_Grosjean_0004.jpg,1,0.98887169
Sharon_Stone/Sharon_Stone_0001.jpg,Sharon_Stone/Sharon_Stone_0002.jpg,1,0.98767424
Sharon_Stone/Sharon_Stone_0001.jpg,Sharon_Stone/Sharon_Stone_0003.jpg,1,0.98947197
Sharon_Stone/Sharon_Stone_0001.jpg,Sharon_Stone/Sharon_Stone_0004.jpg,1,0.99246907
Sharon_Stone/Sharon_Stone_0001.jpg,Sharon_Stone/Sharon_Stone_0005.jpg,1,0.98694336
Sharon_Stone/Sharon_Stone_0002.jpg,Sharon_Stone/Sharon_Stone_0004.jpg,1,0.99498683
Sonia_Gandhi/Sonia_Gandhi_0001.jpg,Sonia_Gandhi/Sonia_Gandhi_0003.jpg,1,0.99802721
Sonia_Gandhi/Sonia_Gandhi_0001.jpg,Sonia_Gandhi/Sonia_Gandhi_0004.jpg,1,0.98430049
Steve_Backley/Steve_Backley_0001.jpg,Steve_Backley/Steve_Backley_0002.jpg,1,0.99293047
Steven_Hatfill/Steven_Hatfill_0001.jpg,Steven_Hatfill/Steven_Hatfill_0002.jpg,1,0.99386537
Tassos_Papadopoulos/Tassos_Papadopoulos_0001.jpg,Tassos_Papadopoulos/Tassos_Papadopoulos_0003.jpg,1,0.99697208
Taufik_Hidayat/Taufik_Hidayat_0001.jpg,Taufik_Hidayat/Taufik_Hidayat_0002.jpg,1,0.99624926
Taufik_Hidayat/Taufik_Hidayat_0001.jpg,Taufik_Hidayat/Taufik_Hidayat_0003.jpg,1,0.99386138
Taufik_Hidayat/Taufik_Hidayat_0002.jpg,Taufik_Hidayat/Taufik_Hidayat_0003.jpg,1,0.99325949
Thomas_Malchow/Thomas_Malchow_0001.jpg,Thomas_Malchow/Thomas_Malchow_0002.jpg,1,0.99538821
Tom_Cruise/Tom_Cruise_0003.jpg,Tom_Cruise/Tom_Cruise_0005.jpg,1,0.99046922
Tom_Cruise/Tom_Cruise_0004.jpg,Tom_Cruise/Tom_Cruise_0010.jpg,1,0.98661917
Tom_Cruise/Tom_Cruise_0006.jpg,Tom_Cruise/Tom_Cruise_0010.jpg,1,0.99613494
Toni_Braxton/Toni_Braxton_0001.jpg,Toni_Braxton/Toni_Braxton_0003.jpg,1,0.99809873
Wayne_Gretzky/Wayne_Gretzky_0001.jpg,Wayne_Gretzky/Wayne_Gretzky_0002.jpg,1,0.99314266
Wayne_Gretzky/Wayne_Gretzky_0001.jpg,Wayne_Gretzky/Wayne_Gretzky_0004.jpg,1,0.98372722
William_Bulger/William_Bulger_0001.jpg,William_Bulger/William_Bulger_0003.jpg,1,0.99584615
William_Bulger/William_Bulger_0002.jpg,William_Bulger/William_Bulger_0004.jpg,1,0.99767756
Winona_Ryder/Winona_Ryder_0012.jpg,Winona_Ryder/Winona_Ryder_0013.jpg,1,0.99498773
Winona_Ryder/Winona_Ryder_0012.jpg,Winona_Ryder/Winona_Ryder_0018.jpg,1,0.99682057
Winona_Ryder/Winona_Ryder_0012.jpg,Winona_Ryder/Winona_Ryder_0019.jpg,1,0.99597371
Xanana_Gusmao/Xanana_Gusmao_0001.jpg,Xanana_Gusmao/Xanana_Gusmao_0004.jpg,1,0.99619198
Xanana_Gusmao/Xanana_Gusmao_0002.jpg,Xanana_Gusmao/Xanana_Gusmao_0003.jpg,1,0.98714054
Xanana_Gusmao/Xanana_Gusmao_0003.jpg,Xanana_Gusmao/Xanana_Gusmao_0005.jpg,1,0.98754644
Xanana_Gusmao/Xanana_Gusmao_0004.jpg,Xanana_Gusmao/Xanana_Gusmao_0005.jpg,1,0.98341966
Yann_Martel/Yann_Martel_0001.jpg,Yann_Martel/Yann_Martel_0002.jpg,1,0.99666297
Yashwant_Sinha/Yashwant_Sinha_0001.jpg,Yashwant_Sinha/Yashwant_Sinha_0003.jpg,1,0.99648803
Yashwant_Sinha/Yashwant_Sinha_0001.jpg,Yashwant_Sinha/Yashwant_Sinha_0005.jpg,1,0.99529243
Yashwant_Sinha/Yashwant_Sinha_0005.jpg,Yashwant_Sinha/Yashwant_Sinha_0007.jpg,1,0.99683696
Adam_Scott/Adam_Scott_0001.jpg,Adam_Scott/Adam_Scott_0002.jpg,1,0.97760093
Ahmad_Masood/Ahmad_Masood_0001.jpg,Ahmad_Masood/Ahmad_Masood_0002.jpg,1,0.97204423
Alan_Mulally/Alan_Mulally_0001.jpg,Alan_Mulally/Alan_Mulally_0002.jpg,1,0.99565107
Alexander_Rumyantsev/Alexander_Rumyantsev_0001.jpg,Alexander_Rumyantsev/Alexander_Rumyantsev_0002.jpg,1,0.99381602
Ali_Abbas/Ali_Abbas_0001.jpg,Ali_Abbas/Ali_Abbas_0002.jpg,1,0.99584603
Amanda_Bynes/Amanda_Bynes_0001.jpg,Amanda_Bynes/Amanda_Bynes_0002.jpg,1,0.99298781
Amanda_Bynes/Amanda_Bynes_0001.jpg,Amanda_Bynes/Amanda_Bynes_0003.jpg,1,0.98183292
Amanda_Bynes/Amanda_Bynes_0001.jpg,Amanda_Bynes/Amanda_Bynes_0004.jpg,1,0.99154651
Amanda_Bynes/Amanda_Bynes_0002.jpg,Amanda_Bynes/Amanda_Bynes_0003.jpg,1,0.98773044
Andrei_Mikhnevich/Andrei_Mikhnevich_0001.jpg,Andrei_Mikhnevich/Andrei_Mikhnevich_0002.jpg,1,0.99457729
Angela_Merkel/Angela_Merkel_0001.jpg,Angela_Merkel/Angela_Merkel_0002.jpg,1,0.99674493
Angela_Merkel/Angela_Merkel_0004.jpg,Angela_Merkel/Angela_Merkel_0005.jpg,1,0.99423254
Angelina_Jolie/Angelina_Jolie_0001.jpg,Angelina_Jolie/Angelina_Jolie_0015.jpg,1,0.99370432
Angelina_Jolie/Angelina_Jolie_0002.jpg,Angelina_Jolie/Angelina_Jolie_0011.jpg,1,0.98755604
Angelina_Jolie/Angelina_Jolie_0008.jpg,Angelina_Jolie/Angelina_Jolie_0015.jpg,1,0.98424804
Angelina_Jolie/Angelina_Jolie_0009.jpg,Angelina_Jolie/Angelina_Jolie_0015.jpg,1,0.99114960
Angelina_Jolie/Angelina_Jolie_0011.jpg,Angelina_Jolie/Angelina_Jolie_0020.jpg,1,0.98181909
Anthony_LaPaglia/Anthony_LaPaglia_0001.jpg,Anthony_LaPaglia/Anthony_LaPaglia_0002.jpg,1,0.99564213
Arlen_Specter/Arlen_Specter_0001.jpg,Arlen_Specter/Arlen_Specter_0002.jpg,1,0.98483437
Atal_Bihari_Vajpayee/Atal_Bihari_Vajpayee_0004.jpg,Atal_Bihari_Vajpayee/Atal_Bihari_Vajpayee_0006.jpg,1,0.98571658
Barry_Alvarez/Barry_Alvarez_0001.jpg,Barry_Alvarez/Barry_Alvarez_0002.jpg,1,0.99663377
Bill_Belichick/Bill_Belichick_0001.jpg,Bill_Belichick/Bill_Belichick_0002.jpg,1,0.98908997
Bill_Sizemore/Bill_Sizemore_0001.jpg,Bill_Sizemore/Bill_Sizemore_0002.jpg,1,0.98616803
Boris_Yeltsin/Boris_Yeltsin_0001.jpg,Boris_Yeltsin/Boris_Yeltsin_0002.jpg,1,0.97307456
Britney_Spears/Britney_Spears_0004.jpg,Britney_Spears/Britney_Spears_0011.jpg,1,0.98711658
Bruce_Van_De_Velde/Bruce_Van_De_Velde_0001.jpg,Bruce_Van_De_Velde/Bruce_Van_De_Velde_0002.jpg,1,0.99666697
Camilla_Parker_Bowles/Camilla_Parker_Bowles_0001.jpg,Camilla_Parker_Bowles/Camilla_Parker_Bowles_0002.jpg,1,0.97727430
Carolina_Kluft/Carolina_Kluft_0001.jpg,Carolina_Kluft/Carolina_Kluft_0002.jpg,1,0.97920454
Carson_Palmer/Carson_Palmer_0001.jpg,Carson_Palmer/Carson_Palmer_0003.jpg,1,0.99193376
Carson_Palmer/Carson_Palmer_0002.jpg,Carson_Palmer/Carson_Palmer_0003.jpg,1,0.99253666
Catherine_Deneuve/Catherine_Deneuve_0001.jpg,Catherine_Deneuve/Catherine_Deneuve_0004.jpg,1,0.99534303
Catherine_Deneuve/Catherine_Deneuve_0002.jpg,Catherine_Deneuve/Catherine_Deneuve_0005.jpg,1,0.99520254
Catherine_Deneuve/Catherine_Deneuve_0003.jpg,Catherine_Deneuve/Catherine_Deneuve_0005.jpg,1,0.99594033
Cesar_Maia/Cesar_Maia_0001.jpg,Cesar_Maia/Cesar_Maia_0002.jpg,1,0.99079543
Charles_Moose/Charles_Moose_0010.jpg,Charles_Moose/Charles_Moose_0012.jpg,1,0.98700607
Chen_Liang_Yu/Chen_Liang_Yu_0001.jpg,Chen_Liang_Yu/Chen_Liang_Yu_0002.jpg,1,0.98961848
Choi_Sung-hong/Choi_Sung-hong_0001.jpg,Choi_Sung-hong/Choi_Sung-hong_0005.jpg,1,0.98926675
Choi_Sung-hong/Choi_Sung-hong_0002.jpg,Choi_Sung-hong/Choi_Sung-hong_0004.jpg,1,0.99187160
Choi_Sung-hong/Choi_Sung-hong_0003.jpg,Choi_Sung-hong/Choi_Sung-hong_0004.jpg,1,0.98294353
Christina_Aguilera/Christina_Aguilera_0001.jpg,Christina_Aguilera/Christina_Aguilera_0002.jpg,1,0.99344355
Christina_Aguilera/Christina_Aguilera_0001.jpg,Christina_Aguilera/Christina_Aguilera_0004.jpg,1,0.99266911
Christina_Aguilera/Christina_Aguilera_0002.jpg,Christina_Aguilera/Christina_Aguilera_0004.jpg,1,0.99023515
Clara_Harris/Clara_Harris_0001.jpg,Clara_Harris/Clara_Harris_0005.jpg,1,0.99312174
Clara_Harris/Clara_Harris_0002.jpg,Clara_Harris/Clara_Harris_0004.jpg,1,0.99521965
Coretta_Scott_King/Coretta_Scott_King_0001.jpg,Coretta_Scott_King/Coretta_Scott_King_0002.jpg,1,0.99533045
Coretta_Scott_King/Coretta_Scott_King_0001.jpg,Coretta_Scott_King/Coretta_Scott_King_0003.jpg,1,0.99464035
Coretta_Scott_King/Coretta_Scott_King_0002.jpg,Coretta_Scott_King/Coretta_Scott_King_0003.jpg,1,0.99531668
Courtney_Love/Courtney_Love_0001.jpg,Courtney_Love/Courtney_Love_0002.jpg,1,0.99835908
Daniel_Day-Lewis/Daniel_Day-Lewis_0001.jpg,Daniel_Day-Lewis/Daniel_Day-Lewis_0003.jpg,1,0.99477863
Daniel_Day-Lewis/Daniel_Day-Lewis_0002.jpg,Daniel_Day-Lewis/Daniel_Day-Lewis_0003.jpg,1,0.99347937
Daniela_Hantuchova/Daniela_Hantuchova_0001.jpg,Daniela_Hantuchova/Daniela_Hantuchova_0002.jpg,1,0.99641013
Debra_Messing/Debra_Messing_0001.jpg,Debra_Messing/Debra_Messing_0002.jpg,1,0.99567676
Dennis_Kucinich/Dennis_Kucinich_0002.jpg,Dennis_Kucinich/Dennis_Kucinich_0007.jpg,1,0.97981143
Dick_Latessa/Dick_Latessa_0001.jpg,Dick_Latessa/Dick_Latessa_0002.jpg,1,0.99349570
Donald_Rumsfeld/Donald_Rumsfeld_0039.jpg,Donald_Rumsfeld/Donald_Rumsfeld_0110.jpg,1,0.98835123
Donald_Rumsfeld/Donald_Rumsfeld_0051.jpg,Donald_Rumsfeld/Donald_Rumsfeld_0083.jpg,1,0.99761474
Donald_Rumsfeld/Donald_Rumsfeld_0060.jpg,Donald_Rumsfeld/Donald_Rumsfeld_0067.jpg,1,0.99657875
Eduard_Shevardnadze/Eduard_Shevardnadze_0001.jpg,Eduard_Shevardnadze/Eduard_Shevardnadze_0005.jpg,1,0.99663860
Edward_Lu/Edward_Lu_0004.jpg,Edward_Lu/Edward_Lu_0006.jpg,1,0.99566489
Edwina_Currie/Edwina_Currie_0001.jpg,Edwina_Currie/Edwina_Currie_0002.jpg,1,0.99407005
Edwina_Currie/Edwina_Currie_0002.jpg,Edwina_Currie/Edwina_Currie_0004.jpg,1,0.99413389
Elizabeth_Shue/Elizabeth_Shue_0001.jpg,Elizabeth_Shue/Elizabeth_Shue_0002.jpg,1,0.99580944
Ellen_Engleman/Ellen_Engleman_0001.jpg,Ellen_Engleman/Ellen_Engleman_0002.jpg,1,0.99053431
Emma_Thompson/Emma_Thompson_0001.jpg,Emma_Thompson/Emma_Thompson_0002.jpg,1,0.97799671
Emma_Thompson/Emma_Thompson_0001.jpg,Emma_Thompson/Emma_Thompson_0003.jpg,1,0.98361629
Emma_Thompson/Emma_Thompson_0002.jpg,Emma_Thompson/Emma_Thompson_0003.jpg,1,0.99402237
Emmit_Smith/Emmit_Smith_0001.jpg,Emmit_Smith/Emmit_Smith_0002.jpg,1,0.99978155
Fayssal_Mekdad/Fayssal_Mekdad_0001.jpg,Fayssal_Mekdad/Fayssal_Mekdad_0003.jpg,1,0.99517953
Fayssal_Mekdad/Fayssal_Mekdad_0001.jpg,Fayssal_Mekdad/Fayssal_Mekdad_0004.jpg,1,0.99339509
Frances_Fisher/Frances_Fisher_0001.jpg,Frances_Fisher/Frances_Fisher_0002.jpg,1,0.99707454
Frank_Griswold/Frank_Griswold_0001.jpg,Frank_Griswold/Frank_Griswold_0002.jpg,1,0.98814857
Gary_Forsee/Gary_Forsee_0001.jpg,Gary_Forsee/Gary_Forsee_0002.jpg,1,0.98846138
Gloria_Macapagal_Arroyo/Gloria_Macapagal_Arroyo_0003.jpg,Gloria_Macapagal_Arroyo/Gloria_Macapagal_Arroyo_0012.jpg,1,0.99291933
Gloria_Macapagal_Arroyo/Gloria_Macapagal_Arroyo_0003.jpg,Gloria_Macapagal_Arroyo/Gloria_Macapagal_Arroyo_0025.jpg,1,0.99306989
Gloria_Macapagal_Arroyo/Gloria_Macapagal_Arroyo_0008.jpg,Gloria_Macapagal_Arroyo/Gloria_Macapagal_Arroyo_0023.jpg,1,0.99214661
Gregory_Hines/Gregory_Hines_0001.jpg,Gregory_Hines/Gregory_Hines_0002.jpg,1,0.99655944
Gus_Van_Sant/Gus_Van_Sant_0001.jpg,Gus_Van_Sant/Gus_Van_Sant_0002.jpg,1,0.99611694
Gus_Van_Sant/Gus_Van_Sant_0001.jpg,Gus_Van_Sant/Gus_Van_Sant_0003.jpg,1,0.99726295
Gwendal_Peizerat/Gwendal_Peizerat_0001.jpg,Gwendal_Peizerat/Gwendal_Peizerat_0002.jpg,1,0.97755647
Gwendal_Peizerat/Gwendal_Peizerat_0001.jpg,Gwendal_Peizerat/Gwendal_Peizerat_0003.jpg,1,0.98878461
Hal_Gehman/Hal_Gehman_0002.jpg,Hal_Gehman/Hal_Gehman_0004.jpg,1,0.99439657
Hannah_Stockbauer/Hannah_Stockbauer_0001.jpg,Hannah_Stockbauer/Hannah_Stockbauer_0002.jpg,1,0.99454665
Harrison_Ford/Harrison_Ford_0001.jpg,Harrison_Ford/Harrison_Ford_0012.jpg,1,0.98751098
Heizo_Takenaka/Heizo_Takenaka_0001.jpg,Heizo_Takenaka/Heizo_Takenaka_0007.jpg,1,0.99564433
Heizo_Takenaka/Heizo_Takenaka_0003.jpg,Heizo_Takenaka/Heizo_Takenaka_0008.jpg,1,0.99715507
Heizo_Takenaka/Heizo_Takenaka_0003.jpg,Heizo_Takenaka/Heizo_Takenaka_0009.jpg,1,0.99188983
Hichiro_Naemura/Hichiro_Naemura_0001.jpg,Hichiro_Naemura/Hichiro_Naemura_0002.jpg,1,0.99002171
Hipolito_Mejia/Hipolito_Mejia_0001.jpg,Hipolito_Mejia/Hipolito_Mejia_0003.jpg,1,0.99581647
Hipolito_Mejia/Hipolito_Mejia_0001.jpg,Hipolito_Mejia/Hipolito_Mejia_0004.jpg,1,0.99507928
Holly_Hunter/Holly_Hunter_0002.jpg,Holly_Hunter/Holly_Hunter_0006.jpg,1,0.99555361
Holly_Hunter/Holly_Hunter_0003.jpg,Holly_Hunter/Holly_Hunter_0007.jpg,1,0.97099733
Igor_Ivanov/Igor_Ivanov_0005.jpg,Igor_Ivanov/Igor_Ivanov_0016.jpg,1,0.99348330
Intisar_Ajouri/Intisar_Ajouri_0002.jpg,Intisar_Ajouri/Intisar_Ajouri_0003.jpg,1,0.99419910
Jack_Nicholson/Jack_Nicholson_0001.jpg,Jack_Nicholson/Jack_Nicholson_0003.jpg,1,0.98728800
James_Blake/James_Blake_0001.jpg,James_Blake/James_Blake_0010.jpg,1,0.99153650
James_Blake/James_Blake_0004.jpg,James_Blake/James_Blake_0006.jpg,1,0.99418741
James_Blake/James_Blake_0005.jpg,James_Blake/James_Blake_0009.jpg,1,0.98877233
James_Kelly/James_Kelly_0004.jpg,James_Kelly/James_Kelly_0005.jpg,1,0.99838310
James_Kopp/James_Kopp_0002.jpg,James_Kopp/James_Kopp_0004.jpg,1,0.99287224
James_Smith/James_Smith_0001.jpg,James_Smith/James_Smith_0002.jpg,1,0.99685228
Jean_Chretien/Jean_Chretien_0002.jpg,Jean_Chretien/Jean_Chretien_0039.jpg,1,0.98435408
Jean_Chretien/Jean_Chretien_0006.jpg,Jean_Chretien/Jean_Chretien_0040.jpg,1,0.99282753
Jean_Chretien/Jean_Chretien_0008.jpg,Jean_Chretien/Jean_Chretien_0035.jpg,1,0.99476707
Jean_Chretien/Jean_Chretien_0019.jpg,Jean_Chretien/Jean_Chretien_0028.jpg,1,0.99712878
Jean_Chretien/Jean_Chretien_0028.jpg,Jean_Chretien/Jean_Chretien_0052.jpg,1,0.99538791
Jean_Chretien/Jean_Chretien_0029.jpg,Jean_Chretien/Jean_Chretien_0037.jpg,1,0.99522710
Jean_Chretien/Jean_Chretien_0034.jpg,Jean_Chretien/Jean_Chretien_0036.jpg,1,0.99286318
Jeffrey_Immelt/Jeffrey_Immelt_0001.jpg,Jeffrey_Immelt/Jeffrey_Immelt_0002.jpg,1,0.98865712
Jennifer_Aniston/Jennifer_Aniston_0001.jpg,Jennifer_Aniston/Jennifer_Aniston_0007.jpg,1,0.99595827
Jennifer_Aniston/Jennifer_Aniston_0001.jpg,Jennifer_Aniston/Jennifer_Aniston_0016.jpg,1,0.98987329
Jennifer_Aniston/Jennifer_Aniston_0006.jpg,Jennifer_Aniston/Jennifer_Aniston_0021.jpg,1,0.99016428
Jerry_Falwell/Jerry_Falwell_0001.jpg,Jerry_Falwell/Jerry_Falwell_0002.jpg,1,0.99675930
Jesse_Harris/Jesse_Harris_0001.jpg,Jesse_Harris/Jesse_Harris_0003.jpg,1,0.98376322
Jesse_Harris/Jesse_Harris_0002.jpg,Jesse_Harris/Jesse_Harris_0003.jpg,1,0.99054873
Joan_Claybrook/Joan_Claybrook_0001.jpg,Joan_Claybrook/Joan_Claybrook_0002.jpg,1,0.99078137
Joe_Calzaghe/Joe_Calzaghe_0001.jpg,Joe_Calzaghe/Joe_Calzaghe_0002.jpg,1,0.99027735
Joe_Nichols/Joe_Nichols_0001.jpg,Joe_Nichols/Joe_Nichols_0003.jpg,1,0.99561983
Joe_Nichols/Joe_Nichols_0002.jpg,Joe_Nichols/Joe_Nichols_0004.jpg,1,0.99429297
Joe_Nichols/Joe_Nichols_0003.jpg,Joe_Nichols/Joe_Nichols_0004.jpg,1,0.99878180
Joerg_Haider/Joerg_Haider_0001.jpg,Joerg_Haider/Joerg_Haider_0002.jpg,1,0.99701601
John_Abizaid/John_Abizaid_0001.jpg,John_Abizaid/John_Abizaid_0002.jpg,1,0.98868275
John_Abizaid/John_Abizaid_0001.jpg,John_Abizaid/John_Abizaid_0007.jpg,1,0.99800032
John_Abizaid/John_Abizaid_0002.jpg,John_Abizaid/John_Abizaid_0003.jpg,1,0.99115199
John_Abizaid/John_Abizaid_0004.jpg,John_Abizaid/John_Abizaid_0007.jpg,1,0.99742842
John_Abizaid/John_Abizaid_0004.jpg,John_Abizaid/John_Abizaid_0008.jpg,1,0.99639094
John_Abizaid/John_Abizaid_0005.jpg,John_Abizaid/John_Abizaid_0006.jpg,1,0.99292564
John_Jumper/John_Jumper_0001.jpg,John_Jumper/John_Jumper_0002.jpg,1,0.98869443
John_Mayer/John_Mayer_0001.jpg,John_Mayer/John_Mayer_0002.jpg,1,0.99856550
John_Mayer/John_Mayer_0001.jpg,John_Mayer/John_Mayer_0003.jpg,1,0.99769890
John_Negroponte/John_Negroponte_0005.jpg,John_Negroponte/John_Negroponte_0026.jpg,1,0.99162006
John_Negroponte/John_Negroponte_0008.jpg,John_Negroponte/John_Negroponte_0017.jpg,1,0.99400222
John_Negroponte/John_Negroponte_0028.jpg,John_Negroponte/John_Negroponte_0030.jpg,1,0.99490267
John_Reilly/John_Reilly_0001.jpg,John_Reilly/John_Reilly_0002.jpg,1,0.99235040
John_Rowland/John_Rowland_0001.jpg,John_Rowland/John_Rowland_0002.jpg,1,0.96551722
Johnny_Depp/Johnny_Depp_0001.jpg,Johnny_Depp/Johnny_Depp_0002.jpg,1,0.99329466
Jon_Corzine/Jon_Corzine_0001.jpg,Jon_Corzine/Jon_Corzine_0002.jpg,1,0.99479890
Jose_Dirceu/Jose_Dirceu_0001.jpg,Jose_Dirceu/Jose_Dirceu_0002.jpg,1,0.98388875
Jose_Sarney/Jose_Sarney_0001.jpg,Jose_Sarney/Jose_Sarney_0003.jpg,1,0.99521410
Joseph_Estrada/Joseph_Estrada_0001.jpg,Joseph_Estrada/Joseph_Estrada_0003.jpg,1,0.99476087
Joseph_Estrada/Joseph_Estrada_0002.jpg,Joseph_Estrada/Joseph_Estrada_0003.jpg,1,0.99688399
Juan_Carlos_Ferrero/Juan_Carlos_Ferrero_0009.jpg,Juan_Carlos_Ferrero/Juan_Carlos_Ferrero_0017.jpg,1,0.98393989
Jude_Law/Jude_Law_0001.jpg,Jude_Law/Jude_Law_0002.jpg,1,0.99266440
Katherine_Harris/Katherine_Harris_0001.jpg,Katherine_Harris/Katherine_Harris_0002.jpg,1,0.98845440
Katherine_Harris/Katherine_Harris_0001.jpg,Katherine_Harris/Katherine_Harris_0004.jpg,1,0.99681395
Katherine_Harris/Katherine_Harris_0003.jpg,Katherine_Harris/Katherine_Harris_0004.jpg,1,0.99308711
Kelly_Clarkson/Kelly_Clarkson_0001.jpg,Kelly_Clarkson/Kelly_Clarkson_0002.jpg,1,0.99581981
Kiki_Vandeweghe/Kiki_Vandeweghe_0001.jpg,Kiki_Vandeweghe/Kiki_Vandeweghe_0002.jpg,1,0.99426055
Kofi_Annan/Kofi_Annan_0008.jpg,Kofi_Annan/Kofi_Annan_0014.jpg,1,0.99879324
Kofi_Annan/Kofi_Annan_0008.jpg,Kofi_Annan/Kofi_Annan_0032.jpg,1,0.99915034
Kofi_Annan/Kofi_Annan_0013.jpg,Kofi_Annan/Kofi_Annan_0025.jpg,1,0.99985796
Lance_Bass/Lance_Bass_0001.jpg,Lance_Bass/Lance_Bass_0004.jpg,1,0.99356753
Lance_Bass/Lance_Bass_0002.jpg,Lance_Bass/Lance_Bass_0004.jpg,1,0.98359060
Lance_Bass/Lance_Bass_0002.jpg,Lance_Bass/Lance_Bass_0005.jpg,1,0.98128736
Lance_Bass/Lance_Bass_0004.jpg,Lance_Bass/Lance_Bass_0005.jpg,1,0.99270266
Laurent_Gbagbo/Laurent_Gbagbo_0001.jpg,Laurent_Gbagbo/Laurent_Gbagbo_0002.jpg,1,0.99762464
Lee_Soo-hyuck/Lee_Soo-hyuck_0001.jpg,Lee_Soo-hyuck/Lee_Soo-hyuck_0002.jpg,1,0.97300887
Leslie_Caldwell/Leslie_Caldwell_0002.jpg,Leslie_Caldwell/Leslie_Caldwell_0003.jpg,1,0.98911607
Li_Zhaoxing/Li_Zhaoxing_0002.jpg,Li_Zhaoxing/Li_Zhaoxing_0007.jpg,1,0.99350762
Liu_Mingkang/Liu_Mingkang_0001.jpg,Liu_Mingkang/Liu_Mingkang_0002.jpg,1,0.98936987
Luciano_Pavarotti/Luciano_Pavarotti_0001.jpg,Luciano_Pavarotti/Luciano_Pavarotti_0002.jpg,1,0.99628782
Luis_Gonzalez_Macchi/Luis_Gonzalez_Macchi_0001.jpg,Luis_Gonzalez_Macchi/Luis_Gonzalez_Macchi_0002.jpg,1,0.99648762
Luis_Gonzalez_Macchi/Luis_Gonzalez_Macchi_0002.jpg,Luis_Gonzalez_Macchi/Luis_Gonzalez_Macchi_0004.jpg,1,0.99778098
Luis_Gonzalez_Macchi/Luis_Gonzalez_Macchi_0003.jpg,Luis_Gonzalez_Macchi/Luis_Gonzalez_Macchi_0004.jpg,1,0.99725616
Luis_Gonzalez_Macchi/Luis_Gonzalez_Macchi_0003.jpg,Luis_Gonzalez_Macchi/Luis_Gonzalez_Macchi_0005.jpg,1,0.99717259
Luis_Horna/Luis_Horna_0001.jpg,Luis_Horna/Luis_Horna_0004.jpg,1,0.99151242
Luis_Horna/Luis_Horna_0002.jpg,Luis_Horna/Luis_Horna_0004.jpg,1,0.98800719
Luiz_Inacio_Lula_da_Silva/Luiz_Inacio_Lula_da_Silva_0002.jpg,Luiz_Inacio_Lula_da_Silva/Luiz_Inacio_Lula_da_Silva_0009.jpg,1,0.99374926
Luiz_Inacio_Lula_da_Silva/Luiz_Inacio_Lula_da_Silva_0002.jpg,Luiz_Inacio_Lula_da_Silva/Luiz_Inacio_Lula_da_Silva_0039.jpg,1,0.99889493
Luiz_Inacio_Lula_da_Silva/Luiz_Inacio_Lula_da_Silva_0004.jpg,Luiz_Inacio_Lula_da_Silva/Luiz_Inacio_Lula_da_Silva_0008.jpg,1,0.96996683
Luiz_Inacio_Lula_da_Silva/Luiz_Inacio_Lula_da_Silva_0007.jpg,Luiz_Inacio_Lula_da_Silva/Luiz_Inacio_Lula_da_Silva_0036.jpg,1,0.99115556
Luiz_Inacio_Lula_da_Silva/Luiz_Inacio_Lula_da_Silva_0010.jpg,Luiz_Inacio_Lula_da_Silva/Luiz_Inacio_Lula_da_Silva_0019.jpg,1,0.99645919
Luiz_Inacio_Lula_da_Silva/Luiz_Inacio_Lula_da_Silva_0011.jpg,Luiz_Inacio_Lula_da_Silva/Luiz_Inacio_Lula_da_Silva_0044.jpg,1,0.98684955
Luiz_Inacio_Lula_da_Silva/Luiz_Inacio_Lula_da_Silva_0028.jpg,Luiz_Inacio_Lula_da_Silva/Luiz_Inacio_Lula_da_Silva_0044.jpg,1,0.99008584
Madeleine_Albright/Madeleine_Albright_0001.jpg,Madeleine_Albright/Madeleine_Albright_0002.jpg,1,0.99255717
Madeleine_Albright/Madeleine_Albright_0002.jpg,Madeleine_Albright/Madeleine_Albright_0003.jpg,1,0.99530590
Marcus_Gronholm/Marcus_Gronholm_0001.jpg,Marcus_Gronholm/Marcus_Gronholm_0002.jpg,1,0.98242390
Marissa_Jaret_Winokur/Marissa_Jaret_Winokur_0001.jpg,Marissa_Jaret_Winokur/Marissa_Jaret_Winokur_0002.jpg,1,0.99642122
Mark_Geragos/Mark_Geragos_0001.jpg,Mark_Geragos/Mark_Geragos_0002.jpg,1,0.99281549
Mark_Philippoussis/Mark_Philippoussis_0002.jpg,Mark_Philippoussis/Mark_Philippoussis_0007.jpg,1,0.99315268
Mark_Philippoussis/Mark_Philippoussis_0003.jpg,Mark_Philippoussis/Mark_Philippoussis_0011.jpg,1,0.99603260
Mark_Philippoussis/Mark_Philippoussis_0004.jpg,Mark_Philippoussis/Mark_Philippoussis_0006.jpg,1,0.98188049
Mark_Philippoussis/Mark_Philippoussis_0004.jpg,Mark_Philippoussis/Mark_Philippoussis_0009.jpg,1,0.98935646
Mark_Philippoussis/Mark_Philippoussis_0006.jpg,Mark_Philippoussis/Mark_Philippoussis_0007.jpg,1,0.99190342
Mark_Philippoussis/Mark_Philippoussis_0006.jpg,Mark_Philippoussis/Mark_Philippoussis_0009.jpg,1,0.99569303
Mark_Philippoussis/Mark_Philippoussis_0007.jpg,Mark_Philippoussis/Mark_Philippoussis_0009.jpg,1,0.99489999
Markus_Naslund/Markus_Naslund_0001.jpg,Markus_Naslund/Markus_Naslund_0002.jpg,1,0.99765158
Martha_Lucia_Ramirez/Martha_Lucia_Ramirez_0002.jpg,Martha_Lucia_Ramirez/Martha_Lucia_Ramirez_0004.jpg,1,0.99533296
Martha_Lucia_Ramirez/Martha_Lucia_Ramirez_0003.jpg,Martha_Lucia_Ramirez/Martha_Lucia_Ramirez_0004.jpg,1,0.98931777
Meryl_Streep/Meryl_Streep_0014.jpg,Meryl_Streep/Meryl_Streep_0015.jpg,1,0.98737836
Mesut_Yilmaz/Mesut_Yilmaz_0001.jpg,Mesut_Yilmaz/Mesut_Yilmaz_0002.jpg,1,0.99446106
Michael_Schumacher/Michael_Schumacher_0002.jpg,Michael_Schumacher/Michael_Schumacher_0013.jpg,1,0.98835498
Michael_Schumacher/Michael_Schumacher_0002.jpg,Michael_Schumacher/Michael_Schumacher_0017.jpg,1,0.98411000
Michael_Schumacher/Michael_Schumacher_0010.jpg,Michael_Schumacher/Michael_Schumacher_0011.jpg,1,0.99264920
Michael_Schumacher/Michael_Schumacher_0013.jpg,Michael_Schumacher/Michael_Schumacher_0018.jpg,1,0.99115044
Michel_Temer/Michel_Temer_0001.jpg,Michel_Temer/Michel_Temer_0002.jpg,1,0.96167827
Michelle_Yeoh/Michelle_Yeoh_0001.jpg,Michelle_Yeoh/Michelle_Yeoh_0002.jpg,1,0.98759079
Michelle_Yeoh/Michelle_Yeoh_0002.jpg,Michelle_Yeoh/Michelle_Yeoh_0005.jpg,1,0.98708040
Monica_Seles/Monica_Seles_0001.jpg,Monica_Seles/Monica_Seles_0003.jpg,1,0.98416334
Monica_Seles/Monica_Seles_0002.jpg,Monica_Seles/Monica_Seles_0006.jpg,1,0.99400985
Monica_Seles/Monica_Seles_0004.jpg,Monica_Seles/Monica_Seles_0005.jpg,1,0.99743104
Moshe_Katsav/Moshe_Katsav_0001.jpg,Moshe_Katsav/Moshe_Katsav_0002.jpg,1,0.99082673
Moshe_Katsav/Moshe_Katsav_0002.jpg,Moshe_Katsav/Moshe_Katsav_0003.jpg,1,0.98762602
Muhammad_Saeed_al-Sahhaf/Muhammad_Saeed_al-Sahhaf_0002.jpg,Muhammad_Saeed_al-Sahhaf/Muhammad_Saeed_al-Sahhaf_0005.jpg,1,0.98330939
Muhammad_Saeed_al-Sahhaf/Muhammad_Saeed_al-Sahhaf_0003.jpg,Muhammad_Saeed_al-Sahhaf/Muhammad_Saeed_al-Sahhaf_0004.jpg,1,0.98930126
Muhammad_Saeed_al-Sahhaf/Muhammad_Saeed_al-Sahhaf_0003.jpg,Muhammad_Saeed_al-Sahhaf/Muhammad_Saeed_al-Sahhaf_0005.jpg,1,0.99097157
Nancy_Sinatra/Nancy_Sinatra_0001.jpg,Nancy_Sinatra/Nancy_Sinatra_0002.jpg,1,0.99226260
Nicanor_Duarte_Frutos/Nicanor_Duarte_Frutos_0003.jpg,Nicanor_Duarte_Frutos/Nicanor_Duarte_Frutos_0006.jpg,1,0.99333268
Nicanor_Duarte_Frutos/Nicanor_Duarte_Frutos_0003.jpg,Nicanor_Duarte_Frutos/Nicanor_Duarte_Frutos_0007.jpg,1,0.99089235
Nicanor_Duarte_Frutos/Nicanor_Duarte_Frutos_0003.jpg,Nicanor_Duarte_Frutos/Nicanor_Duarte_Frutos_0011.jpg,1,0.99283957
Patti_Labelle/Patti_Labelle_0002.jpg,Patti_Labelle/Patti_Labelle_0003.jpg,1,0.99727088
Paul_Pierce/Paul_Pierce_0001.jpg,Paul_Pierce/Paul_Pierce_0002.jpg,1,0.98842537
Paul_Shanley/Paul_Shanley_0002.jpg,Paul_Shanley/Paul_Shanley_0003.jpg,1,0.99634463
Phil_Mickelson/Phil_Mickelson_0001.jpg,Phil_Mickelson/Phil_Mickelson_0002.jpg,1,0.98280257
Princess_Anne/Princess_Anne_0001.jpg,Princess_Anne/Princess_Anne_0002.jpg,1,0.99350697
Princess_Elisabeth/Princess_Elisabeth_0001.jpg,Princess_Elisabeth/Princess_Elisabeth_0002.jpg,1,0.99774998
Priscilla_Owen/Priscilla_Owen_0001.jpg,Priscilla_Owen/Priscilla_Owen_0002.jpg,1,0.99334729
Queen_Rania/Queen_Rania_0002.jpg,Queen_Rania/Queen_Rania_0003.jpg,1,0.99556106
Rachel_Hunter/Rachel_Hunter_0001.jpg,Rachel_Hunter/Rachel_Hunter_0004.jpg,1,0.98766828
Rachel_Hunter/Rachel_Hunter_0002.jpg,Rachel_Hunter/Rachel_Hunter_0003.jpg,1,0.99688447
Rachel_Hunter/Rachel_Hunter_0003.jpg,Rachel_Hunter/Rachel_Hunter_0004.jpg,1,0.99236929
Rafael_Ramirez/Rafael_Ramirez_0001.jpg,Rafael_Ramirez/Rafael_Ramirez_0002.jpg,1,0.99828172
Rafael_Ramirez/Rafael_Ramirez_0002.jpg,Rafael_Ramirez/Rafael_Ramirez_0003.jpg,1,0.99116427
Rafael_Ramirez/Rafael_Ramirez_0002.jpg,Rafael_Ramirez/Rafael_Ramirez_0004.jpg,1,0.98656332
Ralph_Lauren/Ralph_Lauren_0001.jpg,Ralph_Lauren/Ralph_Lauren_0002.jpg,1,0.99499667
Recep_Tayyip_Erdogan/Recep_Tayyip_Erdogan_0002.jpg,Recep_Tayyip_Erdogan/Recep_Tayyip_Erdogan_0016.jpg,1,0.98817962
Recep_Tayyip_Erdogan/Recep_Tayyip_Erdogan_0017.jpg,Recep_Tayyip_Erdogan/Recep_Tayyip_Erdogan_0019.jpg,1,0.98785579
Reese_Witherspoon/Reese_Witherspoon_0003.jpg,Reese_Witherspoon/Reese_Witherspoon_0004.jpg,1,0.99287659
Richard_Armitage/Richard_Armitage_0002.jpg,Richard_Armitage/Richard_Armitage_0005.jpg,1,0.99760628
Richard_Armitage/Richard_Armitage_0006.jpg,Richard_Armitage/Richard_Armitage_0007.jpg,1,0.99377120
Richard_Armitage/Richard_Armitage_0006.jpg,Richard_Armitage/Richard_Armitage_0009.jpg,1,0.98673010
Richard_Armitage/Richard_Armitage_0008.jpg,Richard_Armitage/Richard_Armitage_0009.jpg,1,0.99710774
Richard_Gephardt/Richard_Gephardt_0002.jpg,Richard_Gephardt/Richard_Gephardt_0010.jpg,1,0.99825764
Richard_Gephardt/Richard_Gephardt_0003.jpg,Richard_Gephardt/Richard_Gephardt_0011.jpg,1,0.99763465
Richard_Gephardt/Richard_Gephardt_0005.jpg,Richard_Gephardt/Richard_Gephardt_0009.jpg,1,0.99806798
Richard_Gephardt/Richard_Gephardt_0010.jpg,Richard_Gephardt/Richard_Gephardt_0011.jpg,1,0.99350566
Richard_Norton-Taylor/Richard_Norton-Taylor_0001.jpg,Richard_Norton-Taylor/Richard_Norton-Taylor_0002.jpg,1,0.99609149
Richie_Adubato/Richie_Adubato_0001.jpg,Richie_Adubato/Richie_Adubato_0002.jpg,1,0.98864377
Robert_Bullock/Robert_Bullock_0001.jpg,Robert_Bullock/Robert_Bullock_0002.jpg,1,0.99243534
Robert_Mueller/Robert_Mueller_0004.jpg,Robert_Mueller/Robert_Mueller_0005.jpg,1,0.99744391
Robert_Mugabe/Robert_Mugabe_0001.jpg,Robert_Mugabe/Robert_Mugabe_0002.jpg,1,0.99694002
Robert_Zoellick/Robert_Zoellick_0002.jpg,Robert_Zoellick/Robert_Zoellick_0003.jpg,1,0.99529529
Robert_Zoellick/Robert_Zoellick_0003.jpg,Robert_Zoellick/Robert_Zoellick_0007.jpg,1,0.99259186
Roberto_Benigni/Roberto_Benigni_0001.jpg,Roberto_Benigni/Roberto_Benigni_0002.jpg,1,0.99075347
Roh_Moo-hyun/Roh_Moo-hyun_0028.jpg,Roh_Moo-hyun/Roh_Moo-hyun_0032.jpg,1,0.99916792
Roman_Polanski/Roman_Polanski_0002.jpg,Roman_Polanski/Roman_Polanski_0003.jpg,1,0.98158717
Roman_Polanski/Roman_Polanski_0004.jpg,Roman_Polanski/Roman_Polanski_0006.jpg,1,0.98127526
Ron_Howard/Ron_Howard_0001.jpg,Ron_Howard/Ron_Howard_0002.jpg,1,0.99707240
Ronald_Reagan/Ronald_Reagan_0001.jpg,Ronald_Reagan/Ronald_Reagan_0003.jpg,1,0.99273556
Ronald_Reagan/Ronald_Reagan_0002.jpg,Ronald_Reagan/Ronald_Reagan_0003.jpg,1,0.99551165
Rosemarie_Stack/Rosemarie_Stack_0001.jpg,Rosemarie_Stack/Rosemarie_Stack_0002.jpg,1,0.99329621
Roy_Jones_Jr/Roy_Jones_Jr_0001.jpg,Roy_Jones_Jr/Roy_Jones_Jr_0002.jpg,1,0.99730408
Rupert_Murdoch/Rupert_Murdoch_0001.jpg,Rupert_Murdoch/Rupert_Murdoch_0002.jpg,1,0.99336642
Saburo_Kawabuchi/Saburo_Kawabuchi_0001.jpg,Saburo_Kawabuchi/Saburo_Kawabuchi_0002.jpg,1,0.99480689
Sam_Mendes/Sam_Mendes_0001.jpg,Sam_Mendes/Sam_Mendes_0002.jpg,1,0.99469113
Sam_Torrance/Sam_Torrance_0001.jpg,Sam_Torrance/Sam_Torrance_0002.jpg,1,0.99830210
Sam_Torrance/Sam_Torrance_0001.jpg,Sam_Torrance/Sam_Torrance_0003.jpg,1,0.99857157
Sam_Torrance/Sam_Torrance_0002.jpg,Sam_Torrance/Sam_Torrance_0003.jpg,1,0.99680078
Sergei_Ivanov/Sergei_Ivanov_0001.jpg,Sergei_Ivanov/Sergei_Ivanov_0003.jpg,1,0.99447918
Sergio_Vieira_De_Mello/Sergio_Vieira_De_Mello_0001.jpg,Sergio_Vieira_De_Mello/Sergio_Vieira_De_Mello_0002.jpg,1,0.99133724
Sergio_Vieira_De_Mello/Sergio_Vieira_De_Mello_0004.jpg,Sergio_Vieira_De_Mello/Sergio_Vieira_De_Mello_0009.jpg,1,0.99489146
Sergio_Vieira_De_Mello/Sergio_Vieira_De_Mello_0007.jpg,Sergio_Vieira_De_Mello/Sergio_Vieira_De_Mello_0008.jpg,1,0.99225175
Sergio_Vieira_De_Mello/Sergio_Vieira_De_Mello_0008.jpg,Sergio_Vieira_De_Mello/Sergio_Vieira_De_Mello_0011.jpg,1,0.99949718
Shannon_OBrien/Shannon_OBrien_0001.jpg,Shannon_OBrien/Shannon_OBrien_0002.jpg,1,0.99034256
Sheila_Fraser/Sheila_Fraser_0001.jpg,Sheila_Fraser/Sheila_Fraser_0002.jpg,1,0.99634814
Shimon_Peres/Shimon_Peres_0001.jpg,Shimon_Peres/Shimon_Peres_0003.jpg,1,0.99605918
Shimon_Peres/Shimon_Peres_0003.jpg,Shimon_Peres/Shimon_Peres_0004.jpg,1,0.98981082
Shimon_Peres/Shimon_Peres_0004.jpg,Shimon_Peres/Shimon_Peres_0007.jpg,1,0.99106979
Sourav_Ganguly/Sourav_Ganguly_0001.jpg,Sourav_Ganguly/Sourav_Ganguly_0003.jpg,1,0.98162985
Stanley_McChrystal/Stanley_McChrystal_0001.jpg,Stanley_McChrystal/Stanley_McChrystal_0003.jpg,1,0.98496842
Stanley_McChrystal/Stanley_McChrystal_0002.jpg,Stanley_McChrystal/Stanley_McChrystal_0003.jpg,1,0.98905516
Steve_Lavin/Steve_Lavin_0001.jpg,Steve_Lavin/Steve_Lavin_0004.jpg,1,0.99631536
Strom_Thurmond/Strom_Thurmond_0001.jpg,Strom_Thurmond/Strom_Thurmond_0003.jpg,1,0.98345906
Surakait_Sathirathai/Surakait_Sathirathai_0001.jpg,Surakait_Sathirathai/Surakait_Sathirathai_0002.jpg,1,0.99149024
Susan_Collins/Susan_Collins_0001.jpg,Susan_Collins/Susan_Collins_0002.jpg,1,0.99412334
Tariq_Aziz/Tariq_Aziz_0003.jpg,Tariq_Aziz/Tariq_Aziz_0005.jpg,1,0.99779034
Terry_Stotts/Terry_Stotts_0001.jpg,Terry_Stotts/Terry_Stotts_0002.jpg,1,0.99147671
Thaksin_Shinawatra/Thaksin_Shinawatra_0005.jpg,Thaksin_Shinawatra/Thaksin_Shinawatra_0006.jpg,1,0.99799407
Thomas_OBrien/Thomas_OBrien_0003.jpg,Thomas_OBrien/Thomas_OBrien_0009.jpg,1,0.99552357
Tim_Chapman/Tim_Chapman_0001.jpg,Tim_Chapman/Tim_Chapman_0002.jpg,1,0.97490108
Tom_Hanks/Tom_Hanks_0001.jpg,Tom_Hanks/Tom_Hanks_0007.jpg,1,0.99547803
Tom_Hanks/Tom_Hanks_0004.jpg,Tom_Hanks/Tom_Hanks_0006.jpg,1,0.99264616
Tom_Hanks/Tom_Hanks_0004.jpg,Tom_Hanks/Tom_Hanks_0009.jpg,1,0.99338686
Tom_Hanks/Tom_Hanks_0005.jpg,Tom_Hanks/Tom_Hanks_0006.jpg,1,0.98857355
Tom_Reilly/Tom_Reilly_0001.jpg,Tom_Reilly/Tom_Reilly_0002.jpg,1,0.99591208
Tom_Reilly/Tom_Reilly_0002.jpg,Tom_Reilly/Tom_Reilly_0003.jpg,1,0.99670225
Tommy_Franks/Tommy_Franks_0002.jpg,Tommy_Franks/Tommy_Franks_0004.jpg,1,0.97342235
Tommy_Franks/Tommy_Franks_0004.jpg,Tommy_Franks/Tommy_Franks_0008.jpg,1,0.98882961
Valery_Giscard_dEstaing/Valery_Giscard_dEstaing_0001.jpg,Valery_Giscard_dEstaing/Valery_Giscard_dEstaing_0002.jpg,1,0.99288195
Valery_Giscard_dEstaing/Valery_Giscard_dEstaing_0001.jpg,Valery_Giscard_dEstaing/Valery_Giscard_dEstaing_0006.jpg,1,0.99855745
Vanessa_Williams/Vanessa_Williams_0001.jpg,Vanessa_Williams/Vanessa_Williams_0002.jpg,1,0.99434298
Vanessa_Williams/Vanessa_Williams_0002.jpg,Vanessa_Williams/Vanessa_Williams_0003.jpg,1,0.99317074
Victoria_Beckham/Victoria_Beckham_0001.jpg,Victoria_Beckham/Victoria_Beckham_0002.jpg,1,0.98880070
Victoria_Beckham/Victoria_Beckham_0001.jpg,Victoria_Beckham/Victoria_Beckham_0003.jpg,1,0.98745728
Victoria_Beckham/Victoria_Beckham_0002.jpg,Victoria_Beckham/Victoria_Beckham_0003.jpg,1,0.98343587
Vladimir_Putin/Vladimir_Putin_0016.jpg,Vladimir_Putin/Vladimir_Putin_0021.jpg,1,0.99642599
Vladimir_Putin/Vladimir_Putin_0022.jpg,Vladimir_Putin/Vladimir_Putin_0031.jpg,1,0.98498714
Warren_Beatty/Warren_Beatty_0001.jpg,Warren_Beatty/Warren_Beatty_0002.jpg,1,0.99805677
Yasar_Yakis/Yasar_Yakis_0001.jpg,Yasar_Yakis/Yasar_Yakis_0004.jpg,1,0.99125838
Yoko_Ono/Yoko_Ono_0001.jpg,Yoko_Ono/Yoko_Ono_0004.jpg,1,0.99375087
Yoko_Ono/Yoko_Ono_0002.jpg,Yoko_Ono/Yoko_Ono_0004.jpg,1,0.99518436
Aleksander_Kwasniewski/Aleksander_Kwasniewski_0001.jpg,Aleksander_Kwasniewski/Aleksander_Kwasniewski_0002.jpg,1,0.99433351
Aleksander_Kwasniewski/Aleksander_Kwasniewski_0002.jpg,Aleksander_Kwasniewski/Aleksander_Kwasniewski_0004.jpg,1,0.99554890
Aleksander_Kwasniewski/Aleksander_Kwasniewski_0003.jpg,Aleksander_Kwasniewski/Aleksander_Kwasniewski_0004.jpg,1,0.98724931
Ali_Naimi/Ali_Naimi_0001.jpg,Ali_Naimi/Ali_Naimi_0002.jpg,1,0.99782109
Ali_Naimi/Ali_Naimi_0001.jpg,Ali_Naimi/Ali_Naimi_0005.jpg,1,0.99302346
Ali_Naimi/Ali_Naimi_0002.jpg,Ali_Naimi/Ali_Naimi_0008.jpg,1,0.97864813
Amanda_Beard/Amanda_Beard_0001.jpg,Amanda_Beard/Amanda_Beard_0002.jpg,1,0.99547571
Andrew_Cuomo/Andrew_Cuomo_0001.jpg,Andrew_Cuomo/Andrew_Cuomo_0002.jpg,1,0.97944188
Arnold_Schwarzenegger/Arnold_Schwarzenegger_0008.jpg,Arnold_Schwarzenegger/Arnold_Schwarzenegger_0031.jpg,1,0.98635286
Arnold_Schwarzenegger/Arnold_Schwarzenegger_0009.jpg,Arnold_Schwarzenegger/Arnold_Schwarzenegger_0039.jpg,1,0.98363638
Arnold_Schwarzenegger/Arnold_Schwarzenegger_0011.jpg,Arnold_Schwarzenegger/Arnold_Schwarzenegger_0041.jpg,1,0.98249865
Arnold_Schwarzenegger/Arnold_Schwarzenegger_0012.jpg,Arnold_Schwarzenegger/Arnold_Schwarzenegger_0037.jpg,1,0.99280012
Arnold_Schwarzenegger/Arnold_Schwarzenegger_0013.jpg,Arnold_Schwarzenegger/Arnold_Schwarzenegger_0039.jpg,1,0.99437028
Arnold_Schwarzenegger/Arnold_Schwarzenegger_0022.jpg,Arnold_Schwarzenegger/Arnold_Schwarzenegger_0033.jpg,1,0.99577868
Arnold_Schwarzenegger/Arnold_Schwarzenegger_0028.jpg,Arnold_Schwarzenegger/Arnold_Schwarzenegger_0041.jpg,1,0.99534392
Bernard_Lord/Bernard_Lord_0001.jpg,Bernard_Lord/Bernard_Lord_0002.jpg,1,0.98932254
Beth_Jones/Beth_Jones_0001.jpg,Beth_Jones/Beth_Jones_0002.jpg,1,0.98036331
Branko_Crvenkovski/Branko_Crvenkovski_0002.jpg,Branko_Crvenkovski/Branko_Crvenkovski_0003.jpg,1,0.99844396
Brigitte_Boisselier/Brigitte_Boisselier_0001.jpg,Brigitte_Boisselier/Brigitte_Boisselier_0002.jpg,1,0.99327809
Bruce_Springsteen/Bruce_Springsteen_0001.jpg,Bruce_Springsteen/Bruce_Springsteen_0002.jpg,1,0.96797812
Bruce_Springsteen/Bruce_Springsteen_0001.jpg,Bruce_Springsteen/Bruce_Springsteen_0003.jpg,1,0.96775514
Bruce_Springsteen/Bruce_Springsteen_0002.jpg,Bruce_Springsteen/Bruce_Springsteen_0003.jpg,1,0.98054004
Bruce_Springsteen/Bruce_Springsteen_0002.jpg,Bruce_Springsteen/Bruce_Springsteen_0004.jpg,1,0.96659899
Calista_Flockhart/Calista_Flockhart_0001.jpg,Calista_Flockhart/Calista_Flockhart_0005.jpg,1,0.99019372
Calista_Flockhart/Calista_Flockhart_0004.jpg,Calista_Flockhart/Calista_Flockhart_0006.jpg,1,0.99078560
Cameron_Diaz/Cameron_Diaz_0001.jpg,Cameron_Diaz/Cameron_Diaz_0003.jpg,1,0.99510103
Cameron_Diaz/Cameron_Diaz_0003.jpg,Cameron_Diaz/Cameron_Diaz_0006.jpg,1,0.99894857
Carol_Moseley_Braun/Carol_Moseley_Braun_0001.jpg,Carol_Moseley_Braun/Carol_Moseley_Braun_0002.jpg,1,0.99376035
Carrie-Anne_Moss/Carrie-Anne_Moss_0001.jpg,Carrie-Anne_Moss/Carrie-Anne_Moss_0003.jpg,1,0.99282032
Carrie-Anne_Moss/Carrie-Anne_Moss_0001.jpg,Carrie-Anne_Moss/Carrie-Anne_Moss_0005.jpg,1,0.99672973
Carrie-Anne_Moss/Carrie-Anne_Moss_0002.jpg,Carrie-Anne_Moss/Carrie-Anne_Moss_0005.jpg,1,0.99518913
Carrie-Anne_Moss/Carrie-Anne_Moss_0003.jpg,Carrie-Anne_Moss/Carrie-Anne_Moss_0005.jpg,1,0.99263388
Carrie-Anne_Moss/Carrie-Anne_Moss_0004.jpg,Carrie-Anne_Moss/Carrie-Anne_Moss_0005.jpg,1,0.98729032
Charlton_Heston/Charlton_Heston_0001.jpg,Charlton_Heston/Charlton_Heston_0005.jpg,1,0.98344105
Charlton_Heston/Charlton_Heston_0002.jpg,Charlton_Heston/Charlton_Heston_0005.jpg,1,0.97970784
Charlton_Heston/Charlton_Heston_0004.jpg,Charlton_Heston/Charlton_Heston_0006.jpg,1,0.99064970
Chris_Bell/Chris_Bell_0001.jpg,Chris_Bell/Chris_Bell_0002.jpg,1,0.99469090
Chung_Mong-hun/Chung_Mong-hun_0001.jpg,Chung_Mong-hun/Chung_Mong-hun_0002.jpg,1,0.98655927
Ciro_Gomes/Ciro_Gomes_0001.jpg,Ciro_Gomes/Ciro_Gomes_0002.jpg,1,0.99178439
Ciro_Gomes/Ciro_Gomes_0002.jpg,Ciro_Gomes/Ciro_Gomes_0005.jpg,1,0.98623872
Ciro_Gomes/Ciro_Gomes_0003.jpg,Ciro_Gomes/Ciro_Gomes_0005.jpg,1,0.98320174
Colin_Montgomerie/Colin_Montgomerie_0001.jpg,Colin_Montgomerie/Colin_Montgomerie_0004.jpg,1,0.99111331
Colin_Montgomerie/Colin_Montgomerie_0002.jpg,Colin_Montgomerie/Colin_Montgomerie_0003.jpg,1,0.99518347
Colin_Montgomerie/Colin_Montgomerie_0002.jpg,Colin_Montgomerie/Colin_Montgomerie_0005.jpg,1,0.98986590
Colin_Montgomerie/Colin_Montgomerie_0004.jpg,Colin_Montgomerie/Colin_Montgomerie_0005.jpg,1,0.98567283
David_Trimble/David_Trimble_0001.jpg,David_Trimble/David_Trimble_0004.jpg,1,0.99764383
David_Trimble/David_Trimble_0001.jpg,David_Trimble/David_Trimble_0005.jpg,1,0.99643898
David_Trimble/David_Trimble_0003.jpg,David_Trimble/David_Trimble_0004.jpg,1,0.99634361
David_Wolf/David_Wolf_0001.jpg,David_Wolf/David_Wolf_0002.jpg,1,0.97806901
Demetrius_Ferraciu/Demetrius_Ferraciu_0001.jpg,Demetrius_Ferraciu/Demetrius_Ferraciu_0002.jpg,1,0.99382526
Dennis_Powell/Dennis_Powell_0001.jpg,Dennis_Powell/Dennis_Powell_0002.jpg,1,0.99635410
Desiree_Lemosi/Desiree_Lemosi_0001.jpg,Desiree_Lemosi/Desiree_Lemosi_0002.jpg,1,0.98576045
Dolma_Tsering/Dolma_Tsering_0001.jpg,Dolma_Tsering/Dolma_Tsering_0002.jpg,1,0.99527556
Doug_Melvin/Doug_Melvin_0001.jpg,Doug_Melvin/Doug_Melvin_0002.jpg,1,0.99344599
Edward_Norton/Edward_Norton_0001.jpg,Edward_Norton/Edward_Norton_0002.jpg,1,0.98906338
Emanuel_Ginobili/Emanuel_Ginobili_0002.jpg,Emanuel_Ginobili/Emanuel_Ginobili_0003.jpg,1,0.99402237
Eric_Clapton/Eric_Clapton_0001.jpg,Eric_Clapton/Eric_Clapton_0002.jpg,1,0.98017097
Fabiola_Zuluaga/Fabiola_Zuluaga_0001.jpg,Fabiola_Zuluaga/Fabiola_Zuluaga_0002.jpg,1,0.98241818
Faye_Dunaway/Faye_Dunaway_0001.jpg,Faye_Dunaway/Faye_Dunaway_0002.jpg,1,0.98639083
Ferenc_Madl/Ferenc_Madl_0001.jpg,Ferenc_Madl/Ferenc_Madl_0002.jpg,1,0.99544418
Fernando_Gonzalez/Fernando_Gonzalez_0001.jpg,Fernando_Gonzalez/Fernando_Gonzalez_0005.jpg,1,0.98931623
Fernando_Gonzalez/Fernando_Gonzalez_0001.jpg,Fernando_Gonzalez/Fernando_Gonzalez_0008.jpg,1,0.98057944
Fernando_Gonzalez/Fernando_Gonzalez_0002.jpg,Fernando_Gonzalez/Fernando_Gonzalez_0006.jpg,1,0.99249059
Filippo_Inzaghi/Filippo_Inzaghi_0001.jpg,Filippo_Inzaghi/Filippo_Inzaghi_0002.jpg,1,0.98365021
Filippo_Inzaghi/Filippo_Inzaghi_0001.jpg,Filippo_Inzaghi/Filippo_Inzaghi_0003.jpg,1,0.99026179
Filippo_Inzaghi/Filippo_Inzaghi_0002.jpg,Filippo_Inzaghi/Filippo_Inzaghi_0003.jpg,1,0.98843920
Francis_George/Francis_George_0001.jpg,Francis_George/Francis_George_0002.jpg,1,0.99560034
Franz_Beckenbauer/Franz_Beckenbauer_0001.jpg,Franz_Beckenbauer/Franz_Beckenbauer_0002.jpg,1,0.99516606
Franz_Muentefering/Franz_Muentefering_0001.jpg,Franz_Muentefering/Franz_Muentefering_0002.jpg,1,0.99338877
Franz_Muentefering/Franz_Muentefering_0003.jpg,Franz_Muentefering/Franz_Muentefering_0004.jpg,1,0.98195124
Gary_Bergeron/Gary_Bergeron_0001.jpg,Gary_Bergeron/Gary_Bergeron_0002.jpg,1,0.98156846
George_Foreman/George_Foreman_0001.jpg,George_Foreman/George_Foreman_0002.jpg,1,0.99933004
George_Pataki/George_Pataki_0001.jpg,George_Pataki/George_Pataki_0003.jpg,1,0.99374735
George_Pataki/George_Pataki_0003.jpg,George_Pataki/George_Pataki_0004.jpg,1,0.99314559
George_Pataki/George_Pataki_0003.jpg,George_Pataki/George_Pataki_0005.jpg,1,0.99319923
George_Roy_Hill/George_Roy_Hill_0001.jpg,George_Roy_Hill/George_Roy_Hill_0002.jpg,1,0.99166584
Gonzalo_Sanchez_de_Lozada/Gonzalo_Sanchez_de_Lozada_0007.jpg,Gonzalo_Sanchez_de_Lozada/Gonzalo_Sanchez_de_Lozada_0008.jpg,1,0.99208355
Gonzalo_Sanchez_de_Lozada/Gonzalo_Sanchez_de_Lozada_0007.jpg,Gonzalo_Sanchez_de_Lozada/Gonzalo_Sanchez_de_Lozada_0010.jpg,1,0.98234993
Gonzalo_Sanchez_de_Lozada/Gonzalo_Sanchez_de_Lozada_0008.jpg,Gonzalo_Sanchez_de_Lozada/Gonzalo_Sanchez_de_Lozada_0011.jpg,1,0.97696942
Gonzalo_Sanchez_de_Lozada/Gonzalo_Sanchez_de_Lozada_0008.jpg,Gonzalo_Sanchez_de_Lozada/Gonzalo_Sanchez_de_Lozada_0012.jpg,1,0.99231821
Gregory_Geoffroy/Gregory_Geoffroy_0001.jpg,Gregory_Geoffroy/Gregory_Geoffroy_0002.jpg,1,0.99325287
Guillermo_Coria/Guillermo_Coria_0007.jpg,Guillermo_Coria/Guillermo_Coria_0013.jpg,1,0.98400408
Guillermo_Coria/Guillermo_Coria_0019.jpg,Guillermo_Coria/Guillermo_Coria_0022.jpg,1,0.99627435
Habib_Rizieq/Habib_Rizieq_0001.jpg,Habib_Rizieq/Habib_Rizieq_0003.jpg,1,0.99728024
Habib_Rizieq/Habib_Rizieq_0002.jpg,Habib_Rizieq/Habib_Rizieq_0003.jpg,1,0.99248445
Hamid_Karzai/Hamid_Karzai_0001.jpg,Hamid_Karzai/Hamid_Karzai_0003.jpg,1,0.99239153
Hamid_Karzai/Hamid_Karzai_0004.jpg,Hamid_Karzai/Hamid_Karzai_0013.jpg,1,0.98991704
Hamid_Karzai/Hamid_Karzai_0019.jpg,Hamid_Karzai/Hamid_Karzai_0022.jpg,1,0.98610902
Hilmi_Ozkok/Hilmi_Ozkok_0001.jpg,Hilmi_Ozkok/Hilmi_Ozkok_0002.jpg,1,0.99686587
Horst_Koehler/Horst_Koehler_0001.jpg,Horst_Koehler/Horst_Koehler_0002.jpg,1,0.99260294
Horst_Koehler/Horst_Koehler_0001.jpg,Horst_Koehler/Horst_Koehler_0003.jpg,1,0.98893976
Horst_Koehler/Horst_Koehler_0002.jpg,Horst_Koehler/Horst_Koehler_0003.jpg,1,0.99319577
Howard_Schultz/Howard_Schultz_0001.jpg,Howard_Schultz/Howard_Schultz_0002.jpg,1,0.99134672
Ilan_Ramon/Ilan_Ramon_0001.jpg,Ilan_Ramon/Ilan_Ramon_0002.jpg,1,0.98120260
Javier_Solana/Javier_Solana_0004.jpg,Javier_Solana/Javier_Solana_0008.jpg,1,0.99117559
Javier_Solana/Javier_Solana_0006.jpg,Javier_Solana/Javier_Solana_0009.jpg,1,0.98527062
Javier_Solana/Javier_Solana_0006.jpg,Javier_Solana/Javier_Solana_0010.jpg,1,0.97963750
Jay_Garner/Jay_Garner_0001.jpg,Jay_Garner/Jay_Garner_0003.jpg,1,0.98323500
Jean-Claude_Braquet/Jean-Claude_Braquet_0001.jpg,Jean-Claude_Braquet/Jean-Claude_Braquet_0002.jpg,1,0.99590182
Jean-Claude_Trichet/Jean-Claude_Trichet_0001.jpg,Jean-Claude_Trichet/Jean-Claude_Trichet_0002.jpg,1,0.99708927
Jean_Charest/Jean_Charest_0001.jpg,Jean_Charest/Jean_Charest_0010.jpg,1,0.98851019
Jean_Charest/Jean_Charest_0002.jpg,Jean_Charest/Jean_Charest_0011.jpg,1,0.98507470
Jean_Charest/Jean_Charest_0007.jpg,Jean_Charest/Jean_Charest_0010.jpg,1,0.99339604
Jean_Charest/Jean_Charest_0008.jpg,Jean_Charest/Jean_Charest_0013.jpg,1,0.99816751
Jean_Charest/Jean_Charest_0008.jpg,Jean_Charest/Jean_Charest_0017.jpg,1,0.99751925
Jefferson_Perez/Jefferson_Perez_0001.jpg,Jefferson_Perez/Jefferson_Perez_0002.jpg,1,0.97252274
Jim_Edmonds/Jim_Edmonds_0001.jpg,Jim_Edmonds/Jim_Edmonds_0002.jpg,1,0.99064660
John_Kerry/John_Kerry_0001.jpg,John_Kerry/John_Kerry_0005.jpg,1,0.99630702
John_Kerry/John_Kerry_0003.jpg,John_Kerry/John_Kerry_0004.jpg,1,0.99432254
John_Kerry/John_Kerry_0004.jpg,John_Kerry/John_Kerry_0012.jpg,1,0.96723700
John_Kerry/John_Kerry_0009.jpg,John_Kerry/John_Kerry_0013.jpg,1,0.99549150
John_Malkovich/John_Malkovich_0001.jpg,John_Malkovich/John_Malkovich_0002.jpg,1,0.99569452
John_Malkovich/John_Malkovich_0001.jpg,John_Malkovich/John_Malkovich_0003.jpg,1,0.99691969
John_McCallum/John_McCallum_0001.jpg,John_McCallum/John_McCallum_0002.jpg,1,0.99627197
John_McEnroe/John_McEnroe_0001.jpg,John_McEnroe/John_McEnroe_0002.jpg,1,0.98903823
John_Rosa/John_Rosa_0001.jpg,John_Rosa/John_Rosa_0003.jpg,1,0.98188353
Johnny_Unitas/Johnny_Unitas_0001.jpg,Johnny_Unitas/Johnny_Unitas_0002.jpg,1,0.99230868
Jong_Wook_Lee/Jong_Wook_Lee_0003.jpg,Jong_Wook_Lee/Jong_Wook_Lee_0004.jpg,1,0.99364561
Jose_Maria_Aznar/Jose_Maria_Aznar_0001.jpg,Jose_Maria_Aznar/Jose_Maria_Aznar_0013.jpg,1,0.99452972
Jose_Maria_Aznar/Jose_Maria_Aznar_0006.jpg,Jose_Maria_Aznar/Jose_Maria_Aznar_0013.jpg,1,0.98835772
Jose_Maria_Aznar/Jose_Maria_Aznar_0006.jpg,Jose_Maria_Aznar/Jose_Maria_Aznar_0020.jpg,1,0.99116850
Jose_Maria_Aznar/Jose_Maria_Aznar_0015.jpg,Jose_Maria_Aznar/Jose_Maria_Aznar_0023.jpg,1,0.99367011
Jose_Maria_Aznar/Jose_Maria_Aznar_0017.jpg,Jose_Maria_Aznar/Jose_Maria_Aznar_0022.jpg,1,0.98350346
Julianne_Moore/Julianne_Moore_0004.jpg,Julianne_Moore/Julianne_Moore_0009.jpg,1,0.99469346
Julianne_Moore/Julianne_Moore_0006.jpg,Julianne_Moore/Julianne_Moore_0016.jpg,1,0.95189333
Julianne_Moore/Julianne_Moore_0006.jpg,Julianne_Moore/Julianne_Moore_0019.jpg,1,0.95678329
Julianne_Moore/Julianne_Moore_0007.jpg,Julianne_Moore/Julianne_Moore_0018.jpg,1,0.99611920
Julianne_Moore/Julianne_Moore_0012.jpg,Julianne_Moore/Julianne_Moore_0015.jpg,1,0.99653947
Julio_Iglesias_Jr/Julio_Iglesias_Jr_0001.jpg,Julio_Iglesias_Jr/Julio_Iglesias_Jr_0002.jpg,1,0.99304843
Justin_Timberlake/Justin_Timberlake_0001.jpg,Justin_Timberlake/Justin_Timberlake_0002.jpg,1,0.99318570
Justin_Timberlake/Justin_Timberlake_0001.jpg,Justin_Timberlake/Justin_Timberlake_0003.jpg,1,0.98775637
Justin_Timberlake/Justin_Timberlake_0005.jpg,Justin_Timberlake/Justin_Timberlake_0006.jpg,1,0.99583638
Justin_Timberlake/Justin_Timberlake_0006.jpg,Justin_Timberlake/Justin_Timberlake_0008.jpg,1,0.99275029
Justine_Pasek/Justine_Pasek_0002.jpg,Justine_Pasek/Justine_Pasek_0005.jpg,1,0.99135453
Justine_Pasek/Justine_Pasek_0002.jpg,Justine_Pasek/Justine_Pasek_0006.jpg,1,0.99074656
Justine_Pasek/Justine_Pasek_0006.jpg,Justine_Pasek/Justine_Pasek_0007.jpg,1,0.99760681
Kathleen_Glynn/Kathleen_Glynn_0001.jpg,Kathleen_Glynn/Kathleen_Glynn_0002.jpg,1,0.99835873
Kim_Dae-jung/Kim_Dae-jung_0001.jpg,Kim_Dae-jung/Kim_Dae-jung_0003.jpg,1,0.99577928
Kim_Dae-jung/Kim_Dae-jung_0001.jpg,Kim_Dae-jung/Kim_Dae-jung_0005.jpg,1,0.99504727
Kim_Dae-jung/Kim_Dae-jung_0002.jpg,Kim_Dae-jung/Kim_Dae-jung_0003.jpg,1,0.99711502
Kim_Dae-jung/Kim_Dae-jung_0004.jpg,Kim_Dae-jung/Kim_Dae-jung_0006.jpg,1,0.98982751
Kirk_Johnson/Kirk_Johnson_0001.jpg,Kirk_Johnson/Kirk_Johnson_0002.jpg,1,0.99880618
Kirk_Johnson/Kirk_Johnson_0001.jpg,Kirk_Johnson/Kirk_Johnson_0003.jpg,1,0.99889153
Kirk_Johnson/Kirk_Johnson_0002.jpg,Kirk_Johnson/Kirk_Johnson_0003.jpg,1,0.99882656
Kosuke_Kitajima/Kosuke_Kitajima_0001.jpg,Kosuke_Kitajima/Kosuke_Kitajima_0002.jpg,1,0.97019857
Kurt_Russell/Kurt_Russell_0001.jpg,Kurt_Russell/Kurt_Russell_0002.jpg,1,0.99721092
Larry_Coker/Larry_Coker_0001.jpg,Larry_Coker/Larry_Coker_0004.jpg,1,0.99506307
Larry_Coker/Larry_Coker_0002.jpg,Larry_Coker/Larry_Coker_0004.jpg,1,0.98656613
Larry_Ellison/Larry_Ellison_0001.jpg,Larry_Ellison/Larry_Ellison_0002.jpg,1,0.99668151
Larry_Ellison/Larry_Ellison_0001.jpg,Larry_Ellison/Larry_Ellison_0003.jpg,1,0.99198347
Lawrence_MacAulay/Lawrence_MacAulay_0001.jpg,Lawrence_MacAulay/Lawrence_MacAulay_0002.jpg,1,0.99572629
LeBron_James/LeBron_James_0001.jpg,LeBron_James/LeBron_James_0004.jpg,1,0.99832857
LeBron_James/LeBron_James_0001.jpg,LeBron_James/LeBron_James_0005.jpg,1,0.97243637
LeBron_James/LeBron_James_0003.jpg,LeBron_James/LeBron_James_0004.jpg,1,0.99964458
LeBron_James/LeBron_James_0004.jpg,LeBron_James/LeBron_James_0005.jpg,1,0.96779126
Lea_Fastow/Lea_Fastow_0001.jpg,Lea_Fastow/Lea_Fastow_0002.jpg,1,0.99780643
Lee_Hoi-chang/Lee_Hoi-chang_0001.jpg,Lee_Hoi-chang/Lee_Hoi-chang_0002.jpg,1,0.99597239
Lee_Hoi-chang/Lee_Hoi-chang_0002.jpg,Lee_Hoi-chang/Lee_Hoi-chang_0004.jpg,1,0.99723983
Li_Peng/Li_Peng_0002.jpg,Li_Peng/Li_Peng_0006.jpg,1,0.99041772
Li_Peng/Li_Peng_0004.jpg,Li_Peng/Li_Peng_0007.jpg,1,0.98997456
Li_Peng/Li_Peng_0004.jpg,Li_Peng/Li_Peng_0008.jpg,1,0.97927332
Li_Peng/Li_Peng_0004.jpg,Li_Peng/Li_Peng_0009.jpg,1,0.98906010
Lim_Dong-won/Lim_Dong-won_0001.jpg,Lim_Dong-won/Lim_Dong-won_0002.jpg,1,0.99045026
Lindsay_Benko/Lindsay_Benko_0001.jpg,Lindsay_Benko/Lindsay_Benko_0002.jpg,1,0.99518919
Lou_Piniella/Lou_Piniella_0001.jpg,Lou_Piniella/Lou_Piniella_0003.jpg,1,0.98355764
Lou_Piniella/Lou_Piniella_0002.jpg,Lou_Piniella/Lou_Piniella_0003.jpg,1,0.99131465
Lucio_Gutierrez/Lucio_Gutierrez_0001.jpg,Lucio_Gutierrez/Lucio_Gutierrez_0002.jpg,1,0.98884040
Lucio_Gutierrez/Lucio_Gutierrez_0003.jpg,Lucio_Gutierrez/Lucio_Gutierrez_0010.jpg,1,0.99713677
Lucio_Gutierrez/Lucio_Gutierrez_0006.jpg,Lucio_Gutierrez/Lucio_Gutierrez_0007.jpg,1,0.99602515
Lucio_Gutierrez/Lucio_Gutierrez_0006.jpg,Lucio_Gutierrez/Lucio_Gutierrez_0008.jpg,1,0.99885458
Lucio_Gutierrez/Lucio_Gutierrez_0008.jpg,Lucio_Gutierrez/Lucio_Gutierrez_0013.jpg,1,0.97644734
Luis_Figo/Luis_Figo_0002.jpg,Luis_Figo/Luis_Figo_0003.jpg,1,0.97129256
Luis_Figo/Luis_Figo_0002.jpg,Luis_Figo/Luis_Figo_0004.jpg,1,0.98831272
Luke_Walton/Luke_Walton_0001.jpg,Luke_Walton/Luke_Walton_0002.jpg,1,0.99016428
Marat_Safin/Marat_Safin_0001.jpg,Marat_Safin/Marat_Safin_0002.jpg,1,0.98643130
Marat_Safin/Marat_Safin_0001.jpg,Marat_Safin/Marat_Safin_0003.jpg,1,0.99094009
Marat_Safin/Marat_Safin_0002.jpg,Marat_Safin/Marat_Safin_0003.jpg,1,0.99590409
Mariana_Pollack/Mariana_Pollack_0001.jpg,Mariana_Pollack/Mariana_Pollack_0003.jpg,1,0.99729156
Mariana_Pollack/Mariana_Pollack_0002.jpg,Mariana_Pollack/Mariana_Pollack_0003.jpg,1,0.99635118
Martin_McGuinness/Martin_McGuinness_0003.jpg,Martin_McGuinness/Martin_McGuinness_0004.jpg,1,0.99498796
Masahiko_Nagasawa/Masahiko_Nagasawa_0001.jpg,Masahiko_Nagasawa/Masahiko_Nagasawa_0002.jpg,1,0.99374115
Michael_Chiklis/Michael_Chiklis_0001.jpg,Michael_Chiklis/Michael_Chiklis_0004.jpg,1,0.99759763
Michael_Chiklis/Michael_Chiklis_0001.jpg,Michael_Chiklis/Michael_Chiklis_0005.jpg,1,0.99748051
Michael_Chiklis/Michael_Chiklis_0002.jpg,Michael_Chiklis/Michael_Chiklis_0003.jpg,1,0.99307489
Michael_Chiklis/Michael_Chiklis_0002.jpg,Michael_Chiklis/Michael_Chiklis_0004.jpg,1,0.99561977
Michael_Chiklis/Michael_Chiklis_0003.jpg,Michael_Chiklis/Michael_Chiklis_0005.jpg,1,0.99485826
Michael_Chiklis/Michael_Chiklis_0004.jpg,Michael_Chiklis/Michael_Chiklis_0005.jpg,1,0.99685544
Michael_Douglas/Michael_Douglas_0001.jpg,Michael_Douglas/Michael_Douglas_0002.jpg,1,0.98613000
Michael_Douglas/Michael_Douglas_0001.jpg,Michael_Douglas/Michael_Douglas_0003.jpg,1,0.99568951
Michael_Douglas/Michael_Douglas_0002.jpg,Michael_Douglas/Michael_Douglas_0004.jpg,1,0.98576868
Michael_Douglas/Michael_Douglas_0003.jpg,Michael_Douglas/Michael_Douglas_0006.jpg,1,0.99466455
Michael_Douglas/Michael_Douglas_0004.jpg,Michael_Douglas/Michael_Douglas_0005.jpg,1,0.99471068
Michael_Kostelnik/Michael_Kostelnik_0001.jpg,Michael_Kostelnik/Michael_Kostelnik_0002.jpg,1,0.99582398
Michael_Leavitt/Michael_Leavitt_0001.jpg,Michael_Leavitt/Michael_Leavitt_0002.jpg,1,0.98672748
Michelle_Branch/Michelle_Branch_0001.jpg,Michelle_Branch/Michelle_Branch_0002.jpg,1,0.99654877
Michelle_Kwan/Michelle_Kwan_0001.jpg,Michelle_Kwan/Michelle_Kwan_0004.jpg,1,0.99336326
Michelle_Kwan/Michelle_Kwan_0004.jpg,Michelle_Kwan/Michelle_Kwan_0005.jpg,1,0.99636728
Michelle_Kwan/Michelle_Kwan_0006.jpg,Michelle_Kwan/Michelle_Kwan_0008.jpg,1,0.98512506
Mike_Montgomery/Mike_Montgomery_0001.jpg,Mike_Montgomery/Mike_Montgomery_0002.jpg,1,0.98096740
Mike_Tyson/Mike_Tyson_0001.jpg,Mike_Tyson/Mike_Tyson_0003.jpg,1,0.99868792
Mikhail_Wehbe/Mikhail_Wehbe_0001.jpg,Mikhail_Wehbe/Mikhail_Wehbe_0003.jpg,1,0.98953801
Minnie_Driver/Minnie_Driver_0001.jpg,Minnie_Driver/Minnie_Driver_0002.jpg,1,0.99238479
Miyako_Miyazaki/Miyako_Miyazaki_0001.jpg,Miyako_Miyazaki/Miyako_Miyazaki_0002.jpg,1,0.99445951
Muammar_Gaddafi/Muammar_Gaddafi_0001.jpg,Muammar_Gaddafi/Muammar_Gaddafi_0002.jpg,1,0.97729009
Munir_Akram/Munir_Akram_0001.jpg,Munir_Akram/Munir_Akram_0002.jpg,1,0.99375576
Nadia_Petrova/Nadia_Petrova_0001.jpg,Nadia_Petrova/Nadia_Petrova_0002.jpg,1,0.99394143
Nadia_Petrova/Nadia_Petrova_0001.jpg,Nadia_Petrova/Nadia_Petrova_0003.jpg,1,0.99137700
Nadia_Petrova/Nadia_Petrova_0001.jpg,Nadia_Petrova/Nadia_Petrova_0004.jpg,1,0.98701930
Nadia_Petrova/Nadia_Petrova_0002.jpg,Nadia_Petrova/Nadia_Petrova_0003.jpg,1,0.99329114
Nadia_Petrova/Nadia_Petrova_0003.jpg,Nadia_Petrova/Nadia_Petrova_0004.jpg,1,0.98277533
Nadia_Petrova/Nadia_Petrova_0004.jpg,Nadia_Petrova/Nadia_Petrova_0005.jpg,1,0.98301297
Nancy_Pelosi/Nancy_Pelosi_0001.jpg,Nancy_Pelosi/Nancy_Pelosi_0007.jpg,1,0.99178118
Nancy_Pelosi/Nancy_Pelosi_0002.jpg,Nancy_Pelosi/Nancy_Pelosi_0009.jpg,1,0.98742580
Nancy_Pelosi/Nancy_Pelosi_0004.jpg,Nancy_Pelosi/Nancy_Pelosi_0015.jpg,1,0.98306167
Nancy_Pelosi/Nancy_Pelosi_0012.jpg,Nancy_Pelosi/Nancy_Pelosi_0014.jpg,1,0.99278188
Nia_Vardalos/Nia_Vardalos_0001.jpg,Nia_Vardalos/Nia_Vardalos_0003.jpg,1,0.99172395
Nia_Vardalos/Nia_Vardalos_0003.jpg,Nia_Vardalos/Nia_Vardalos_0004.jpg,1,0.95368117
Nia_Vardalos/Nia_Vardalos_0003.jpg,Nia_Vardalos/Nia_Vardalos_0005.jpg,1,0.98091352
Nicholas_Byron/Nicholas_Byron_0001.jpg,Nicholas_Byron/Nicholas_Byron_0002.jpg,1,0.99457943
Nikki_Reed/Nikki_Reed_0001.jpg,Nikki_Reed/Nikki_Reed_0002.jpg,1,0.99815965
Olivia_Newton-John/Olivia_Newton-John_0001.jpg,Olivia_Newton-John/Olivia_Newton-John_0002.jpg,1,0.99663985
Paradorn_Srichaphan/Paradorn_Srichaphan_0002.jpg,Paradorn_Srichaphan/Paradorn_Srichaphan_0004.jpg,1,0.99018884
Paradorn_Srichaphan/Paradorn_Srichaphan_0004.jpg,Paradorn_Srichaphan/Paradorn_Srichaphan_0005.jpg,1,0.99845785
Pascal_Quignard/Pascal_Quignard_0001.jpg,Pascal_Quignard/Pascal_Quignard_0003.jpg,1,0.98778009
Pascal_Quignard/Pascal_Quignard_0002.jpg,Pascal_Quignard/Pascal_Quignard_0003.jpg,1,0.98872560
Patrice_Chereau/Patrice_Chereau_0001.jpg,Patrice_Chereau/Patrice_Chereau_0002.jpg,1,0.99096382
Pedro_Malan/Pedro_Malan_0001.jpg,Pedro_Malan/Pedro_Malan_0005.jpg,1,0.99310309
Pedro_Malan/Pedro_Malan_0003.jpg,Pedro_Malan/Pedro_Malan_0005.jpg,1,0.98795688
Peter_Harrison/Peter_Harrison_0001.jpg,Peter_Harrison/Peter_Harrison_0002.jpg,1,0.99560213
Rainer_Schuettler/Rainer_Schuettler_0001.jpg,Rainer_Schuettler/Rainer_Schuettler_0004.jpg,1,0.98609632
Rainer_Schuettler/Rainer_Schuettler_0002.jpg,Rainer_Schuettler/Rainer_Schuettler_0003.jpg,1,0.99635243
Rainer_Schuettler/Rainer_Schuettler_0002.jpg,Rainer_Schuettler/Rainer_Schuettler_0004.jpg,1,0.99012560
Raymond_Odierno/Raymond_Odierno_0001.jpg,Raymond_Odierno/Raymond_Odierno_0002.jpg,1,0.99779099
Rebecca_Romijn-Stamos/Rebecca_Romijn-Stamos_0001.jpg,Rebecca_Romijn-Stamos/Rebecca_Romijn-Stamos_0002.jpg,1,0.99395919
Rebecca_Romijn-Stamos/Rebecca_Romijn-Stamos_0001.jpg,Rebecca_Romijn-Stamos/Rebecca_Romijn-Stamos_0003.jpg,1,0.99336672
Rebecca_Romijn-Stamos/Rebecca_Romijn-Stamos_0001.jpg,Rebecca_Romijn-Stamos/Rebecca_Romijn-Stamos_0004.jpg,1,0.98049003
Rebecca_Romijn-Stamos/Rebecca_Romijn-Stamos_0003.jpg,Rebecca_Romijn-Stamos/Rebecca_Romijn-Stamos_0004.jpg,1,0.99119616
Richard_Krajicek/Richard_Krajicek_0001.jpg,Richard_Krajicek/Richard_Krajicek_0003.jpg,1,0.99291980
Richard_Krajicek/Richard_Krajicek_0002.jpg,Richard_Krajicek/Richard_Krajicek_0003.jpg,1,0.99016023
Rick_Santorum/Rick_Santorum_0001.jpg,Rick_Santorum/Rick_Santorum_0002.jpg,1,0.98753577
Rick_Santorum/Rick_Santorum_0001.jpg,Rick_Santorum/Rick_Santorum_0003.jpg,1,0.98077339
Rick_Santorum/Rick_Santorum_0002.jpg,Rick_Santorum/Rick_Santorum_0003.jpg,1,0.98698342
Rick_Stansbury/Rick_Stansbury_0002.jpg,Rick_Stansbury/Rick_Stansbury_0003.jpg,1,0.99522567
Rob_Marshall/Rob_Marshall_0001.jpg,Rob_Marshall/Rob_Marshall_0003.jpg,1,0.99231493
Rob_Marshall/Rob_Marshall_0001.jpg,Rob_Marshall/Rob_Marshall_0006.jpg,1,0.99332637
Rob_Marshall/Rob_Marshall_0002.jpg,Rob_Marshall/Rob_Marshall_0004.jpg,1,0.99381655
Robert_Blackwill/Robert_Blackwill_0001.jpg,Robert_Blackwill/Robert_Blackwill_0002.jpg,1,0.99590164
Robert_Duvall/Robert_Duvall_0002.jpg,Robert_Duvall/Robert_Duvall_0008.jpg,1,0.99542010
Robert_Horan/Robert_Horan_0001.jpg,Robert_Horan/Robert_Horan_0002.jpg,1,0.99318582
Robert_Redford/Robert_Redford_0003.jpg,Robert_Redford/Robert_Redford_0004.jpg,1,0.98906696
Robert_Redford/Robert_Redford_0007.jpg,Robert_Redford/Robert_Redford_0008.jpg,1,0.99782610
Robinson_Stevenin/Robinson_Stevenin_0001.jpg,Robinson_Stevenin/Robinson_Stevenin_0002.jpg,1,0.99892718
Roger_Clemens/Roger_Clemens_0001.jpg,Roger_Clemens/Roger_Clemens_0002.jpg,1,0.98981476
Sadie_Frost/Sadie_Frost_0001.jpg,Sadie_Frost/Sadie_Frost_0002.jpg,1,0.99527109
Saparmurat_Niyazov/Saparmurat_Niyazov_0001.jpg,Saparmurat_Niyazov/Saparmurat_Niyazov_0002.jpg,1,0.99614865
Sarah_Michelle_Gellar/Sarah_Michelle_Gellar_0001.jpg,Sarah_Michelle_Gellar/Sarah_Michelle_Gellar_0002.jpg,1,0.99136114
Sarah_Michelle_Gellar/Sarah_Michelle_Gellar_0001.jpg,Sarah_Michelle_Gellar/Sarah_Michelle_Gellar_0003.jpg,1,0.99482548
Sarah_Michelle_Gellar/Sarah_Michelle_Gellar_0002.jpg,Sarah_Michelle_Gellar/Sarah_Michelle_Gellar_0003.jpg,1,0.99503136
Serena_Williams/Serena_Williams_0001.jpg,Serena_Williams/Serena_Williams_0041.jpg,1,0.99416447
Serena_Williams/Serena_Williams_0003.jpg,Serena_Williams/Serena_Williams_0032.jpg,1,0.99779201
Serena_Williams/Serena_Williams_0014.jpg,Serena_Williams/Serena_Williams_0040.jpg,1,0.99764812
Serena_Williams/Serena_Williams_0041.jpg,Serena_Williams/Serena_Williams_0047.jpg,1,0.99616301
Sergey_Lavrov/Sergey_Lavrov_0001.jpg,Sergey_Lavrov/Sergey_Lavrov_0003.jpg,1,0.99461722
Sergey_Lavrov/Sergey_Lavrov_0001.jpg,Sergey_Lavrov/Sergey_Lavrov_0006.jpg,1,0.99793708
Sergey_Lavrov/Sergey_Lavrov_0002.jpg,Sergey_Lavrov/Sergey_Lavrov_0004.jpg,1,0.99228609
Sergey_Lavrov/Sergey_Lavrov_0003.jpg,Sergey_Lavrov/Sergey_Lavrov_0005.jpg,1,0.99657857
Sergey_Lavrov/Sergey_Lavrov_0003.jpg,Sergey_Lavrov/Sergey_Lavrov_0007.jpg,1,0.99397570
Sergey_Lavrov/Sergey_Lavrov_0004.jpg,Sergey_Lavrov/Sergey_Lavrov_0008.jpg,1,0.99776429
Shane_Mosley/Shane_Mosley_0001.jpg,Shane_Mosley/Shane_Mosley_0002.jpg,1,0.99492753
Sheila_Copps/Sheila_Copps_0002.jpg,Sheila_Copps/Sheila_Copps_0003.jpg,1,0.99037731
Sheila_Copps/Sheila_Copps_0003.jpg,Sheila_Copps/Sheila_Copps_0004.jpg,1,0.99289125
Shia_LaBeouf/Shia_LaBeouf_0001.jpg,Shia_LaBeouf/Shia_LaBeouf_0002.jpg,1,0.96083075
Steve_Nash/Steve_Nash_0001.jpg,Steve_Nash/Steve_Nash_0003.jpg,1,0.99579269
Steve_Nash/Steve_Nash_0001.jpg,Steve_Nash/Steve_Nash_0004.jpg,1,0.97878313
Steve_Nash/Steve_Nash_0002.jpg,Steve_Nash/Steve_Nash_0004.jpg,1,0.98902464
Steve_Nash/Steve_Nash_0002.jpg,Steve_Nash/Steve_Nash_0005.jpg,1,0.98606384
Steve_Spurrier/Steve_Spurrier_0001.jpg,Steve_Spurrier/Steve_Spurrier_0002.jpg,1,0.98003823
Steve_Waugh/Steve_Waugh_0001.jpg,Steve_Waugh/Steve_Waugh_0002.jpg,1,0.98052299
Susilo_Bambang_Yudhoyono/Susilo_Bambang_Yudhoyono_0001.jpg,Susilo_Bambang_Yudhoyono/Susilo_Bambang_Yudhoyono_0002.jpg,1,0.99551910
Susilo_Bambang_Yudhoyono/Susilo_Bambang_Yudhoyono_0001.jpg,Susilo_Bambang_Yudhoyono/Susilo_Bambang_Yudhoyono_0003.jpg,1,0.99648547
Susilo_Bambang_Yudhoyono/Susilo_Bambang_Yudhoyono_0001.jpg,Susilo_Bambang_Yudhoyono/Susilo_Bambang_Yudhoyono_0004.jpg,1,0.99523485
Susilo_Bambang_Yudhoyono/Susilo_Bambang_Yudhoyono_0003.jpg,Susilo_Bambang_Yudhoyono/Susilo_Bambang_Yudhoyono_0004.jpg,1,0.99605250
Suzanne_Gaudet/Suzanne_Gaudet_0001.jpg,Suzanne_Gaudet/Suzanne_Gaudet_0002.jpg,1,0.99298966
Thomas_Bjorn/Thomas_Bjorn_0001.jpg,Thomas_Bjorn/Thomas_Bjorn_0002.jpg,1,0.97972262
Tim_Conway/Tim_Conway_0001.jpg,Tim_Conway/Tim_Conway_0002.jpg,1,0.99586695
Tim_Conway/Tim_Conway_0001.jpg,Tim_Conway/Tim_Conway_0003.jpg,1,0.99315417
Tim_Robbins/Tim_Robbins_0001.jpg,Tim_Robbins/Tim_Robbins_0005.jpg,1,0.99346465
Tim_Robbins/Tim_Robbins_0002.jpg,Tim_Robbins/Tim_Robbins_0004.jpg,1,0.98736316
Tim_Robbins/Tim_Robbins_0003.jpg,Tim_Robbins/Tim_Robbins_0005.jpg,1,0.97292626
Tom_Craddick/Tom_Craddick_0001.jpg,Tom_Craddick/Tom_Craddick_0003.jpg,1,0.99043244
Tom_Craddick/Tom_Craddick_0002.jpg,Tom_Craddick/Tom_Craddick_0004.jpg,1,0.99694288
Tom_Craddick/Tom_Craddick_0003.jpg,Tom_Craddick/Tom_Craddick_0004.jpg,1,0.98602962
Tracee_Ellis_Ross/Tracee_Ellis_Ross_0001.jpg,Tracee_Ellis_Ross/Tracee_Ellis_Ross_0002.jpg,1,0.99815989
Venus_Williams/Venus_Williams_0002.jpg,Venus_Williams/Venus_Williams_0009.jpg,1,0.99764943
Vivica_Fox/Vivica_Fox_0001.jpg,Vivica_Fox/Vivica_Fox_0002.jpg,1,0.99855757
William_Ford_Jr/William_Ford_Jr_0001.jpg,William_Ford_Jr/William_Ford_Jr_0002.jpg,1,0.99573350
William_Ford_Jr/William_Ford_Jr_0002.jpg,William_Ford_Jr/William_Ford_Jr_0006.jpg,1,0.99044663
William_Ford_Jr/William_Ford_Jr_0005.jpg,William_Ford_Jr/William_Ford_Jr_0006.jpg,1,0.99093401
William_Rehnquist/William_Rehnquist_0001.jpg,William_Rehnquist/William_Rehnquist_0002.jpg,1,0.99553061
Yossi_Beilin/Yossi_Beilin_0001.jpg,Yossi_Beilin/Yossi_Beilin_0002.jpg,1,0.97708499
Adrian_McPherson/Adrian_McPherson_0001.jpg,Adrian_McPherson/Adrian_McPherson_0002.jpg,1,0.99746478
Al_Davis/Al_Davis_0001.jpg,Al_Davis/Al_Davis_0002.jpg,1,0.99196136
Al_Gore/Al_Gore_0002.jpg,Al_Gore/Al_Gore_0006.jpg,1,0.99492103
Al_Gore/Al_Gore_0004.jpg,Al_Gore/Al_Gore_0006.jpg,1,0.99830496
Alan_Greenspan/Alan_Greenspan_0001.jpg,Alan_Greenspan/Alan_Greenspan_0002.jpg,1,0.99276972
Alan_Greenspan/Alan_Greenspan_0001.jpg,Alan_Greenspan/Alan_Greenspan_0005.jpg,1,0.99450845
Alan_Greenspan/Alan_Greenspan_0003.jpg,Alan_Greenspan/Alan_Greenspan_0004.jpg,1,0.99214697
Alastair_Campbell/Alastair_Campbell_0001.jpg,Alastair_Campbell/Alastair_Campbell_0005.jpg,1,0.98351055
Alastair_Campbell/Alastair_Campbell_0002.jpg,Alastair_Campbell/Alastair_Campbell_0004.jpg,1,0.99205613
Alexander_Downer/Alexander_Downer_0001.jpg,Alexander_Downer/Alexander_Downer_0002.jpg,1,0.98507935
Alexander_Downer/Alexander_Downer_0001.jpg,Alexander_Downer/Alexander_Downer_0003.jpg,1,0.98557794
Alexander_Downer/Alexander_Downer_0001.jpg,Alexander_Downer/Alexander_Downer_0004.jpg,1,0.98162252
Alexander_Downer/Alexander_Downer_0003.jpg,Alexander_Downer/Alexander_Downer_0004.jpg,1,0.99588764
Alice_Fisher/Alice_Fisher_0001.jpg,Alice_Fisher/Alice_Fisher_0002.jpg,1,0.99949706
Alison_Lohman/Alison_Lohman_0001.jpg,Alison_Lohman/Alison_Lohman_0002.jpg,1,0.97838002
Alvaro_Silva_Calderon/Alvaro_Silva_Calderon_0001.jpg,Alvaro_Silva_Calderon/Alvaro_Silva_Calderon_0002.jpg,1,0.99711221
Alvaro_Silva_Calderon/Alvaro_Silva_Calderon_0001.jpg,Alvaro_Silva_Calderon/Alvaro_Silva_Calderon_0003.jpg,1,0.99615884
Alvaro_Uribe/Alvaro_Uribe_0007.jpg,Alvaro_Uribe/Alvaro_Uribe_0020.jpg,1,0.98344344
Alvaro_Uribe/Alvaro_Uribe_0008.jpg,Alvaro_Uribe/Alvaro_Uribe_0025.jpg,1,0.98259491
Alvaro_Uribe/Alvaro_Uribe_0012.jpg,Alvaro_Uribe/Alvaro_Uribe_0013.jpg,1,0.99324524
Alvaro_Uribe/Alvaro_Uribe_0020.jpg,Alvaro_Uribe/Alvaro_Uribe_0028.jpg,1,0.99122167
Anders_Ebbeson/Anders_Ebbeson_0002.jpg,Anders_Ebbeson/Anders_Ebbeson_0003.jpg,1,0.99257290
Andrew_Bunner/Andrew_Bunner_0001.jpg,Andrew_Bunner/Andrew_Bunner_0002.jpg,1,0.99665362
Anibal_Ibarra/Anibal_Ibarra_0001.jpg,Anibal_Ibarra/Anibal_Ibarra_0003.jpg,1,0.98710889
Antonio_Trillanes/Antonio_Trillanes_0001.jpg,Antonio_Trillanes/Antonio_Trillanes_0003.jpg,1,0.99181378
Antonio_Trillanes/Antonio_Trillanes_0002.jpg,Antonio_Trillanes/Antonio_Trillanes_0003.jpg,1,0.98135960
Asa_Hutchinson/Asa_Hutchinson_0001.jpg,Asa_Hutchinson/Asa_Hutchinson_0002.jpg,1,0.98697853
Barbara_Walters/Barbara_Walters_0001.jpg,Barbara_Walters/Barbara_Walters_0003.jpg,1,0.99437571
Barbara_Walters/Barbara_Walters_0001.jpg,Barbara_Walters/Barbara_Walters_0004.jpg,1,0.99143398
Barbara_Walters/Barbara_Walters_0003.jpg,Barbara_Walters/Barbara_Walters_0004.jpg,1,0.98968804
Ben_Howland/Ben_Howland_0001.jpg,Ben_Howland/Ben_Howland_0002.jpg,1,0.99313116
Ben_Howland/Ben_Howland_0001.jpg,Ben_Howland/Ben_Howland_0003.jpg,1,0.99729407
Ben_Howland/Ben_Howland_0003.jpg,Ben_Howland/Ben_Howland_0004.jpg,1,0.99476725
Benazir_Bhutto/Benazir_Bhutto_0001.jpg,Benazir_Bhutto/Benazir_Bhutto_0004.jpg,1,0.99641216
Benazir_Bhutto/Benazir_Bhutto_0002.jpg,Benazir_Bhutto/Benazir_Bhutto_0003.jpg,1,0.99403989
Benazir_Bhutto/Benazir_Bhutto_0002.jpg,Benazir_Bhutto/Benazir_Bhutto_0004.jpg,1,0.99334431
Bill_Simon/Bill_Simon_0005.jpg,Bill_Simon/Bill_Simon_0009.jpg,1,0.99315864
Bill_Simon/Bill_Simon_0011.jpg,Bill_Simon/Bill_Simon_0015.jpg,1,0.99600387
Billy_Sollie/Billy_Sollie_0001.jpg,Billy_Sollie/Billy_Sollie_0002.jpg,1,0.99503136
Boris_Berezovsky/Boris_Berezovsky_0001.jpg,Boris_Berezovsky/Boris_Berezovsky_0002.jpg,1,0.99271685
Brooke_Shields/Brooke_Shields_0001.jpg,Brooke_Shields/Brooke_Shields_0002.jpg,1,0.99333775
Bulent_Ecevit/Bulent_Ecevit_0001.jpg,Bulent_Ecevit/Bulent_Ecevit_0004.jpg,1,0.98969936
Bulent_Ecevit/Bulent_Ecevit_0001.jpg,Bulent_Ecevit/Bulent_Ecevit_0005.jpg,1,0.99309886
Bulent_Ecevit/Bulent_Ecevit_0002.jpg,Bulent_Ecevit/Bulent_Ecevit_0006.jpg,1,0.98383617
Bulent_Ecevit/Bulent_Ecevit_0004.jpg,Bulent_Ecevit/Bulent_Ecevit_0006.jpg,1,0.97628522
Candie_Kung/Candie_Kung_0001.jpg,Candie_Kung/Candie_Kung_0002.jpg,1,0.99126077
Candie_Kung/Candie_Kung_0001.jpg,Candie_Kung/Candie_Kung_0004.jpg,1,0.98964334
Carlo_Ancelotti/Carlo_Ancelotti_0001.jpg,Carlo_Ancelotti/Carlo_Ancelotti_0002.jpg,1,0.98891664
Carlo_Ancelotti/Carlo_Ancelotti_0002.jpg,Carlo_Ancelotti/Carlo_Ancelotti_0003.jpg,1,0.99431479
Carlos_Moya/Carlos_Moya_0008.jpg,Carlos_Moya/Carlos_Moya_0017.jpg,1,0.98929435
Carlos_Moya/Carlos_Moya_0010.jpg,Carlos_Moya/Carlos_Moya_0018.jpg,1,0.98061466
Carlos_Vives/Carlos_Vives_0001.jpg,Carlos_Vives/Carlos_Vives_0004.jpg,1,0.98618454
Carlos_Vives/Carlos_Vives_0002.jpg,Carlos_Vives/Carlos_Vives_0004.jpg,1,0.99010515
Carson_Daly/Carson_Daly_0001.jpg,Carson_Daly/Carson_Daly_0002.jpg,1,0.99536622
Cate_Blanchett/Cate_Blanchett_0001.jpg,Cate_Blanchett/Cate_Blanchett_0002.jpg,1,0.99073988
Cate_Blanchett/Cate_Blanchett_0001.jpg,Cate_Blanchett/Cate_Blanchett_0003.jpg,1,0.99592268
Cate_Blanchett/Cate_Blanchett_0001.jpg,Cate_Blanchett/Cate_Blanchett_0004.jpg,1,0.99471062
Cate_Blanchett/Cate_Blanchett_0002.jpg,Cate_Blanchett/Cate_Blanchett_0003.jpg,1,0.99074674
Cate_Blanchett/Cate_Blanchett_0002.jpg,Cate_Blanchett/Cate_Blanchett_0004.jpg,1,0.99551833
Chok_Tong_Goh/Chok_Tong_Goh_0001.jpg,Chok_Tong_Goh/Chok_Tong_Goh_0002.jpg,1,0.98027015
Chris_Byrd/Chris_Byrd_0001.jpg,Chris_Byrd/Chris_Byrd_0002.jpg,1,0.99682534
Chris_Cooper/Chris_Cooper_0001.jpg,Chris_Cooper/Chris_Cooper_0002.jpg,1,0.99464953
Chris_Tucker/Chris_Tucker_0001.jpg,Chris_Tucker/Chris_Tucker_0002.jpg,1,0.99918008
Christine_Gregoire/Christine_Gregoire_0001.jpg,Christine_Gregoire/Christine_Gregoire_0004.jpg,1,0.98730838
Christine_Gregoire/Christine_Gregoire_0002.jpg,Christine_Gregoire/Christine_Gregoire_0003.jpg,1,0.98299968
Christine_Gregoire/Christine_Gregoire_0002.jpg,Christine_Gregoire/Christine_Gregoire_0004.jpg,1,0.98917675
Christopher_Patten/Christopher_Patten_0001.jpg,Christopher_Patten/Christopher_Patten_0002.jpg,1,0.99327189
Clint_Eastwood/Clint_Eastwood_0001.jpg,Clint_Eastwood/Clint_Eastwood_0004.jpg,1,0.97842407
Clint_Eastwood/Clint_Eastwood_0001.jpg,Clint_Eastwood/Clint_Eastwood_0006.jpg,1,0.99622637
Constance_Marie/Constance_Marie_0001.jpg,Constance_Marie/Constance_Marie_0002.jpg,1,0.99546868
Constance_Marie/Constance_Marie_0001.jpg,Constance_Marie/Constance_Marie_0003.jpg,1,0.99711305
Dennis_Hastert/Dennis_Hastert_0002.jpg,Dennis_Hastert/Dennis_Hastert_0003.jpg,1,0.97675824
Dennis_Hastert/Dennis_Hastert_0003.jpg,Dennis_Hastert/Dennis_Hastert_0006.jpg,1,0.98846263
Dennis_Hastert/Dennis_Hastert_0004.jpg,Dennis_Hastert/Dennis_Hastert_0006.jpg,1,0.97818148
Dennis_Hastert/Dennis_Hastert_0005.jpg,Dennis_Hastert/Dennis_Hastert_0006.jpg,1,0.99064559
Dolly_Parton/Dolly_Parton_0001.jpg,Dolly_Parton/Dolly_Parton_0002.jpg,1,0.99879903
Doug_Duncan/Doug_Duncan_0001.jpg,Doug_Duncan/Doug_Duncan_0002.jpg,1,0.97533548
Edward_Kennedy/Edward_Kennedy_0001.jpg,Edward_Kennedy/Edward_Kennedy_0002.jpg,1,0.99870420
Edward_Kennedy/Edward_Kennedy_0002.jpg,Edward_Kennedy/Edward_Kennedy_0003.jpg,1,0.98877114
Edward_Said/Edward_Said_0001.jpg,Edward_Said/Edward_Said_0002.jpg,1,0.98766446
Elena_Bovina/Elena_Bovina_0001.jpg,Elena_Bovina/Elena_Bovina_0002.jpg,1,0.98789978
Elena_Bovina/Elena_Bovina_0001.jpg,Elena_Bovina/Elena_Bovina_0003.jpg,1,0.98591197
Elena_Bovina/Elena_Bovina_0002.jpg,Elena_Bovina/Elena_Bovina_0003.jpg,1,0.98762012
Eliane_Karp/Eliane_Karp_0001.jpg,Eliane_Karp/Eliane_Karp_0003.jpg,1,0.98226130
Eliane_Karp/Eliane_Karp_0002.jpg,Eliane_Karp/Eliane_Karp_0003.jpg,1,0.99005544
Eliane_Karp/Eliane_Karp_0002.jpg,Eliane_Karp/Eliane_Karp_0004.jpg,1,0.99602979
Eliane_Karp/Eliane_Karp_0003.jpg,Eliane_Karp/Eliane_Karp_0004.jpg,1,0.98667979
Elvis_Presley/Elvis_Presley_0001.jpg,Elvis_Presley/Elvis_Presley_0002.jpg,1,0.98775154
Erika_Harold/Erika_Harold_0001.jpg,Erika_Harold/Erika_Harold_0003.jpg,1,0.98141378
Erika_Harold/Erika_Harold_0002.jpg,Erika_Harold/Erika_Harold_0003.jpg,1,0.97740138
Erika_Harold/Erika_Harold_0003.jpg,Erika_Harold/Erika_Harold_0004.jpg,1,0.98176003
Erika_Harold/Erika_Harold_0004.jpg,Erika_Harold/Erika_Harold_0005.jpg,1,0.99339259
Ernie_Els/Ernie_Els_0001.jpg,Ernie_Els/Ernie_Els_0003.jpg,1,0.98068702
Ernie_Els/Ernie_Els_0001.jpg,Ernie_Els/Ernie_Els_0004.jpg,1,0.98324013
Ernie_Els/Ernie_Els_0002.jpg,Ernie_Els/Ernie_Els_0003.jpg,1,0.98257840
Franco_Dragone/Franco_Dragone_0001.jpg,Franco_Dragone/Franco_Dragone_0002.jpg,1,0.99248171
Frank_Solich/Frank_Solich_0001.jpg,Frank_Solich/Frank_Solich_0004.jpg,1,0.99535489
Frank_Solich/Frank_Solich_0002.jpg,Frank_Solich/Frank_Solich_0005.jpg,1,0.99806094
Frank_Solich/Frank_Solich_0003.jpg,Frank_Solich/Frank_Solich_0004.jpg,1,0.99041438
Gabriel_Batistuta/Gabriel_Batistuta_0001.jpg,Gabriel_Batistuta/Gabriel_Batistuta_0002.jpg,1,0.98880959
Gary_Carter/Gary_Carter_0001.jpg,Gary_Carter/Gary_Carter_0002.jpg,1,0.99524266
Gary_Carter/Gary_Carter_0001.jpg,Gary_Carter/Gary_Carter_0003.jpg,1,0.98499417
Gary_Doer/Gary_Doer_0001.jpg,Gary_Doer/Gary_Doer_0002.jpg,1,0.97123766
Gary_Doer/Gary_Doer_0002.jpg,Gary_Doer/Gary_Doer_0003.jpg,1,0.98856103
George_Tenet/George_Tenet_0001.jpg,George_Tenet/George_Tenet_0002.jpg,1,0.99512231
George_Voinovich/George_Voinovich_0001.jpg,George_Voinovich/George_Voinovich_0003.jpg,1,0.98619974
George_Voinovich/George_Voinovich_0002.jpg,George_Voinovich/George_Voinovich_0003.jpg,1,0.99714732
Georgi_Parvanov/Georgi_Parvanov_0001.jpg,Georgi_Parvanov/Georgi_Parvanov_0002.jpg,1,0.98468286
Goldie_Hawn/Goldie_Hawn_0001.jpg,Goldie_Hawn/Goldie_Hawn_0007.jpg,1,0.99683470
Goldie_Hawn/Goldie_Hawn_0002.jpg,Goldie_Hawn/Goldie_Hawn_0003.jpg,1,0.99433422
Goldie_Hawn/Goldie_Hawn_0003.jpg,Goldie_Hawn/Goldie_Hawn_0007.jpg,1,0.99599302
Goldie_Hawn/Goldie_Hawn_0006.jpg,Goldie_Hawn/Goldie_Hawn_0007.jpg,1,0.99388248
Goran_Persson/Goran_Persson_0001.jpg,Goran_Persson/Goran_Persson_0002.jpg,1,0.99774462
Gro_Harlem_Brundtland/Gro_Harlem_Brundtland_0001.jpg,Gro_Harlem_Brundtland/Gro_Harlem_Brundtland_0002.jpg,1,0.99585223
Guillaume_Soro/Guillaume_Soro_0001.jpg,Guillaume_Soro/Guillaume_Soro_0002.jpg,1,0.99864799
Gwyneth_Paltrow/Gwyneth_Paltrow_0001.jpg,Gwyneth_Paltrow/Gwyneth_Paltrow_0005.jpg,1,0.99808413
Gwyneth_Paltrow/Gwyneth_Paltrow_0001.jpg,Gwyneth_Paltrow/Gwyneth_Paltrow_0006.jpg,1,0.99485421
Gwyneth_Paltrow/Gwyneth_Paltrow_0002.jpg,Gwyneth_Paltrow/Gwyneth_Paltrow_0006.jpg,1,0.99340379
Gwyneth_Paltrow/Gwyneth_Paltrow_0003.jpg,Gwyneth_Paltrow/Gwyneth_Paltrow_0006.jpg,1,0.95153099
Hee-Won_Han/Hee-Won_Han_0001.jpg,Hee-Won_Han/Hee-Won_Han_0002.jpg,1,0.99182624
Herb_Sendek/Herb_Sendek_0001.jpg,Herb_Sendek/Herb_Sendek_0003.jpg,1,0.99090672
Herb_Sendek/Herb_Sendek_0003.jpg,Herb_Sendek/Herb_Sendek_0004.jpg,1,0.98921663
Howard_Smith/Howard_Smith_0001.jpg,Howard_Smith/Howard_Smith_0002.jpg,1,0.98242033
Hugh_Grant/Hugh_Grant_0005.jpg,Hugh_Grant/Hugh_Grant_0008.jpg,1,0.99502528
Hugh_Grant/Hugh_Grant_0006.jpg,Hugh_Grant/Hugh_Grant_0009.jpg,1,0.97045493
Jack_Straw/Jack_Straw_0025.jpg,Jack_Straw/Jack_Straw_0028.jpg,1,0.99284083
James_Franco/James_Franco_0001.jpg,James_Franco/James_Franco_0002.jpg,1,0.99352783
James_Ivory/James_Ivory_0001.jpg,James_Ivory/James_Ivory_0002.jpg,1,0.99602884
James_Schultz/James_Schultz_0001.jpg,James_Schultz/James_Schultz_0002.jpg,1,0.99261153
James_Traficant/James_Traficant_0001.jpg,James_Traficant/James_Traficant_0002.jpg,1,0.99628705
James_Traficant/James_Traficant_0002.jpg,James_Traficant/James_Traficant_0003.jpg,1,0.99076951
Jan_Ullrich/Jan_Ullrich_0001.jpg,Jan_Ullrich/Jan_Ullrich_0004.jpg,1,0.99170530
Jan_Ullrich/Jan_Ullrich_0002.jpg,Jan_Ullrich/Jan_Ullrich_0006.jpg,1,0.99162531
Jan_Ullrich/Jan_Ullrich_0003.jpg,Jan_Ullrich/Jan_Ullrich_0006.jpg,1,0.99377942
Jane_Pauley/Jane_Pauley_0001.jpg,Jane_Pauley/Jane_Pauley_0002.jpg,1,0.99401069
Jason_Jennings/Jason_Jennings_0001.jpg,Jason_Jennings/Jason_Jennings_0002.jpg,1,0.99769056
Javier_Weber/Javier_Weber_0001.jpg,Javier_Weber/Javier_Weber_0002.jpg,1,0.97594130
Jennifer_Rodriguez/Jennifer_Rodriguez_0001.jpg,Jennifer_Rodriguez/Jennifer_Rodriguez_0002.jpg,1,0.96881181
Jeong_Se-hyun/Jeong_Se-hyun_0002.jpg,Jeong_Se-hyun/Jeong_Se-hyun_0006.jpg,1,0.99294579
Jeong_Se-hyun/Jeong_Se-hyun_0003.jpg,Jeong_Se-hyun/Jeong_Se-hyun_0007.jpg,1,0.99456429
Jeong_Se-hyun/Jeong_Se-hyun_0006.jpg,Jeong_Se-hyun/Jeong_Se-hyun_0008.jpg,1,0.99092931
Jeong_Se-hyun/Jeong_Se-hyun_0007.jpg,Jeong_Se-hyun/Jeong_Se-hyun_0009.jpg,1,0.99035609
Jeong_Se-hyun/Jeong_Se-hyun_0008.jpg,Jeong_Se-hyun/Jeong_Se-hyun_0009.jpg,1,0.99309409
Jo_Dee_Messina/Jo_Dee_Messina_0001.jpg,Jo_Dee_Messina/Jo_Dee_Messina_0002.jpg,1,0.98480856
Joe_Lieberman/Joe_Lieberman_0008.jpg,Joe_Lieberman/Joe_Lieberman_0011.jpg,1,0.98890579
Joe_Lieberman/Joe_Lieberman_0009.jpg,Joe_Lieberman/Joe_Lieberman_0010.jpg,1,0.99441886
Joe_Mantello/Joe_Mantello_0001.jpg,Joe_Mantello/Joe_Mantello_0002.jpg,1,0.99447888
John_Allen_Muhammad/John_Allen_Muhammad_0002.jpg,John_Allen_Muhammad/John_Allen_Muhammad_0009.jpg,1,0.95876950
John_Allen_Muhammad/John_Allen_Muhammad_0005.jpg,John_Allen_Muhammad/John_Allen_Muhammad_0007.jpg,1,0.99878514
John_Allen_Muhammad/John_Allen_Muhammad_0006.jpg,John_Allen_Muhammad/John_Allen_Muhammad_0010.jpg,1,0.99956399
John_Blaney/John_Blaney_0001.jpg,John_Blaney/John_Blaney_0002.jpg,1,0.99354076
John_Brady/John_Brady_0001.jpg,John_Brady/John_Brady_0002.jpg,1,0.99012399
John_Howard/John_Howard_0005.jpg,John_Howard/John_Howard_0015.jpg,1,0.98980111
John_Howard/John_Howard_0012.jpg,John_Howard/John_Howard_0017.jpg,1,0.99140847
Johnny_Tapia/Johnny_Tapia_0001.jpg,Johnny_Tapia/Johnny_Tapia_0002.jpg,1,0.98922265
Johnny_Tapia/Johnny_Tapia_0002.jpg,Johnny_Tapia/Johnny_Tapia_0003.jpg,1,0.98541009
Jorge_Valdano/Jorge_Valdano_0001.jpg,Jorge_Valdano/Jorge_Valdano_0002.jpg,1,0.99583954
Joseph_Deiss/Joseph_Deiss_0001.jpg,Joseph_Deiss/Joseph_Deiss_0003.jpg,1,0.99642372
Junichiro_Koizumi/Junichiro_Koizumi_0001.jpg,Junichiro_Koizumi/Junichiro_Koizumi_0053.jpg,1,0.99028361
Junichiro_Koizumi/Junichiro_Koizumi_0026.jpg,Junichiro_Koizumi/Junichiro_Koizumi_0055.jpg,1,0.99597949
Junichiro_Koizumi/Junichiro_Koizumi_0029.jpg,Junichiro_Koizumi/Junichiro_Koizumi_0045.jpg,1,0.99753082
Kate_Capshaw/Kate_Capshaw_0001.jpg,Kate_Capshaw/Kate_Capshaw_0002.jpg,1,0.96200955
Kathryn_Bigelow/Kathryn_Bigelow_0001.jpg,Kathryn_Bigelow/Kathryn_Bigelow_0002.jpg,1,0.99224156
Kevin_Spacey/Kevin_Spacey_0001.jpg,Kevin_Spacey/Kevin_Spacey_0002.jpg,1,0.99707878
Kevin_Spacey/Kevin_Spacey_0001.jpg,Kevin_Spacey/Kevin_Spacey_0003.jpg,1,0.99468553
Kim_Ryong-sung/Kim_Ryong-sung_0006.jpg,Kim_Ryong-sung/Kim_Ryong-sung_0008.jpg,1,0.99777883
Kim_Ryong-sung/Kim_Ryong-sung_0008.jpg,Kim_Ryong-sung/Kim_Ryong-sung_0011.jpg,1,0.99446154
Klaus_Zwickel/Klaus_Zwickel_0001.jpg,Klaus_Zwickel/Klaus_Zwickel_0002.jpg,1,0.99681085
Kristen_Breitweiser/Kristen_Breitweiser_0002.jpg,Kristen_Breitweiser/Kristen_Breitweiser_0003.jpg,1,0.99568820
Laila_Ali/Laila_Ali_0002.jpg,Laila_Ali/Laila_Ali_0003.jpg,1,0.99678528
Larry_Brown/Larry_Brown_0001.jpg,Larry_Brown/Larry_Brown_0003.jpg,1,0.99242520
Larry_Brown/Larry_Brown_0002.jpg,Larry_Brown/Larry_Brown_0004.jpg,1,0.99130160
Larry_Brown/Larry_Brown_0002.jpg,Larry_Brown/Larry_Brown_0007.jpg,1,0.97576141
Larry_Brown/Larry_Brown_0004.jpg,Larry_Brown/Larry_Brown_0007.jpg,1,0.98156047
Larry_Brown/Larry_Brown_0006.jpg,Larry_Brown/Larry_Brown_0007.jpg,1,0.97411668
Larry_Johnson/Larry_Johnson_0001.jpg,Larry_Johnson/Larry_Johnson_0002.jpg,1,0.99933958
Lars_Von_Trier/Lars_Von_Trier_0001.jpg,Lars_Von_Trier/Lars_Von_Trier_0002.jpg,1,0.99141377
Lars_Von_Trier/Lars_Von_Trier_0002.jpg,Lars_Von_Trier/Lars_Von_Trier_0003.jpg,1,0.98950171
Leander_Paes/Leander_Paes_0001.jpg,Leander_Paes/Leander_Paes_0002.jpg,1,0.99707508
Liam_Neeson/Liam_Neeson_0001.jpg,Liam_Neeson/Liam_Neeson_0003.jpg,1,0.99581552
Liam_Neeson/Liam_Neeson_0002.jpg,Liam_Neeson/Liam_Neeson_0003.jpg,1,0.99620986
Lino_Oviedo/Lino_Oviedo_0001.jpg,Lino_Oviedo/Lino_Oviedo_0003.jpg,1,0.99714863
Lino_Oviedo/Lino_Oviedo_0002.jpg,Lino_Oviedo/Lino_Oviedo_0003.jpg,1,0.98985386
Ludivine_Sagnier/Ludivine_Sagnier_0001.jpg,Ludivine_Sagnier/Ludivine_Sagnier_0003.jpg,1,0.99255705
Ludivine_Sagnier/Ludivine_Sagnier_0003.jpg,Ludivine_Sagnier/Ludivine_Sagnier_0004.jpg,1,0.98512650
Lynne_Cheney/Lynne_Cheney_0001.jpg,Lynne_Cheney/Lynne_Cheney_0002.jpg,1,0.99825650
Lynne_Cheney/Lynne_Cheney_0002.jpg,Lynne_Cheney/Lynne_Cheney_0003.jpg,1,0.99509907
Maggie_Smith/Maggie_Smith_0001.jpg,Maggie_Smith/Maggie_Smith_0002.jpg,1,0.99342346
Marcelo_Salas/Marcelo_Salas_0001.jpg,Marcelo_Salas/Marcelo_Salas_0002.jpg,1,0.98576564
Mariangel_Ruiz_Torrealba/Mariangel_Ruiz_Torrealba_0001.jpg,Mariangel_Ruiz_Torrealba/Mariangel_Ruiz_Torrealba_0002.jpg,1,0.99497247
Marisa_Tomei/Marisa_Tomei_0001.jpg,Marisa_Tomei/Marisa_Tomei_0002.jpg,1,0.98755348
Mary_Steenburgen/Mary_Steenburgen_0001.jpg,Mary_Steenburgen/Mary_Steenburgen_0002.jpg,1,0.98074186
Mel_Brooks/Mel_Brooks_0001.jpg,Mel_Brooks/Mel_Brooks_0002.jpg,1,0.99528480
Mel_Gibson/Mel_Gibson_0001.jpg,Mel_Gibson/Mel_Gibson_0002.jpg,1,0.97951335
Mian_Khursheed_Mehmood_Kasuri/Mian_Khursheed_Mehmood_Kasuri_0002.jpg,Mian_Khursheed_Mehmood_Kasuri/Mian_Khursheed_Mehmood_Kasuri_0003.jpg,1,0.98950970
Mian_Khursheed_Mehmood_Kasuri/Mian_Khursheed_Mehmood_Kasuri_0003.jpg,Mian_Khursheed_Mehmood_Kasuri/Mian_Khursheed_Mehmood_Kasuri_0004.jpg,1,0.99210387
Michael_Moore/Michael_Moore_0001.jpg,Michael_Moore/Michael_Moore_0002.jpg,1,0.99722946
Michael_Moore/Michael_Moore_0002.jpg,Michael_Moore/Michael_Moore_0003.jpg,1,0.99871790
Michel_Duclos/Michel_Duclos_0001.jpg,Michel_Duclos/Michel_Duclos_0002.jpg,1,0.99092340
Michelle_Pfeiffer/Michelle_Pfeiffer_0001.jpg,Michelle_Pfeiffer/Michelle_Pfeiffer_0002.jpg,1,0.99610233
Mireya_Moscoso/Mireya_Moscoso_0002.jpg,Mireya_Moscoso/Mireya_Moscoso_0003.jpg,1,0.99685550
Mireya_Moscoso/Mireya_Moscoso_0002.jpg,Mireya_Moscoso/Mireya_Moscoso_0005.jpg,1,0.99274802
Mireya_Moscoso/Mireya_Moscoso_0004.jpg,Mireya_Moscoso/Mireya_Moscoso_0005.jpg,1,0.99149036
Nabil_Shaath/Nabil_Shaath_0001.jpg,Nabil_Shaath/Nabil_Shaath_0003.jpg,1,0.99110913
Nabil_Shaath/Nabil_Shaath_0002.jpg,Nabil_Shaath/Nabil_Shaath_0003.jpg,1,0.98837924
Naomi_Watts/Naomi_Watts_0001.jpg,Naomi_Watts/Naomi_Watts_0018.jpg,1,0.99571157
Naomi_Watts/Naomi_Watts_0006.jpg,Naomi_Watts/Naomi_Watts_0009.jpg,1,0.99511647
Naomi_Watts/Naomi_Watts_0013.jpg,Naomi_Watts/Naomi_Watts_0018.jpg,1,0.99789029
Natalie_Cole/Natalie_Cole_0001.jpg,Natalie_Cole/Natalie_Cole_0003.jpg,1,0.99853343
Natalie_Cole/Natalie_Cole_0002.jpg,Natalie_Cole/Natalie_Cole_0003.jpg,1,0.99716151
Nathalie_Baye/Nathalie_Baye_0001.jpg,Nathalie_Baye/Nathalie_Baye_0002.jpg,1,0.99815279
Nathalie_Baye/Nathalie_Baye_0001.jpg,Nathalie_Baye/Nathalie_Baye_0004.jpg,1,0.99722350
Nathalie_Baye/Nathalie_Baye_0002.jpg,Nathalie_Baye/Nathalie_Baye_0004.jpg,1,0.99363768
Nathalie_Baye/Nathalie_Baye_0003.jpg,Nathalie_Baye/Nathalie_Baye_0004.jpg,1,0.99765104
Oleksandr_Moroz/Oleksandr_Moroz_0001.jpg,Oleksandr_Moroz/Oleksandr_Moroz_0002.jpg,1,0.99724984
Oscar_Elias_Biscet/Oscar_Elias_Biscet_0001.jpg,Oscar_Elias_Biscet/Oscar_Elias_Biscet_0002.jpg,1,0.99555600
Oswaldo_Paya/Oswaldo_Paya_0001.jpg,Oswaldo_Paya/Oswaldo_Paya_0003.jpg,1,0.99492687
Oswaldo_Paya/Oswaldo_Paya_0003.jpg,Oswaldo_Paya/Oswaldo_Paya_0004.jpg,1,0.97804677
Patricia_Clarkson/Patricia_Clarkson_0001.jpg,Patricia_Clarkson/Patricia_Clarkson_0002.jpg,1,0.99606872
Patricia_Clarkson/Patricia_Clarkson_0001.jpg,Patricia_Clarkson/Patricia_Clarkson_0003.jpg,1,0.99742186
Patricia_Clarkson/Patricia_Clarkson_0002.jpg,Patricia_Clarkson/Patricia_Clarkson_0003.jpg,1,0.99471164
Patricia_Clarkson/Patricia_Clarkson_0002.jpg,Patricia_Clarkson/Patricia_Clarkson_0004.jpg,1,0.99096042
Patrick_Roy/Patrick_Roy_0001.jpg,Patrick_Roy/Patrick_Roy_0002.jpg,1,0.98298788
Paul-Henri_Mathieu/Paul-Henri_Mathieu_0001.jpg,Paul-Henri_Mathieu/Paul-Henri_Mathieu_0002.jpg,1,0.98854160
Paul-Henri_Mathieu/Paul-Henri_Mathieu_0001.jpg,Paul-Henri_Mathieu/Paul-Henri_Mathieu_0003.jpg,1,0.99218732
Paul_Byrd/Paul_Byrd_0001.jpg,Paul_Byrd/Paul_Byrd_0002.jpg,1,0.99205965
Paul_Kagame/Paul_Kagame_0001.jpg,Paul_Kagame/Paul_Kagame_0002.jpg,1,0.99677050
Peter_Costello/Peter_Costello_0001.jpg,Peter_Costello/Peter_Costello_0002.jpg,1,0.99780297
Peter_Greenaway/Peter_Greenaway_0001.jpg,Peter_Greenaway/Peter_Greenaway_0002.jpg,1,0.99827945
Prince_Naruhito/Prince_Naruhito_0001.jpg,Prince_Naruhito/Prince_Naruhito_0002.jpg,1,0.99697673
Prince_Naruhito/Prince_Naruhito_0001.jpg,Prince_Naruhito/Prince_Naruhito_0003.jpg,1,0.99506050
Prince_Naruhito/Prince_Naruhito_0002.jpg,Prince_Naruhito/Prince_Naruhito_0003.jpg,1,0.99835336
Princess_Masako/Princess_Masako_0001.jpg,Princess_Masako/Princess_Masako_0002.jpg,1,0.97095501
Pupi_Avati/Pupi_Avati_0002.jpg,Pupi_Avati/Pupi_Avati_0003.jpg,1,0.99764848
Queen_Latifah/Queen_Latifah_0001.jpg,Queen_Latifah/Queen_Latifah_0003.jpg,1,0.99618053
Queen_Latifah/Queen_Latifah_0002.jpg,Queen_Latifah/Queen_Latifah_0004.jpg,1,0.99465466
Queen_Latifah/Queen_Latifah_0003.jpg,Queen_Latifah/Queen_Latifah_0004.jpg,1,0.99447405
Rachel_Griffiths/Rachel_Griffiths_0002.jpg,Rachel_Griffiths/Rachel_Griffiths_0003.jpg,1,0.99338078
Ralph_Firman/Ralph_Firman_0001.jpg,Ralph_Firman/Ralph_Firman_0002.jpg,1,0.99757743
Ralph_Klein/Ralph_Klein_0001.jpg,Ralph_Klein/Ralph_Klein_0002.jpg,1,0.96752691
Ranil_Wickremasinghe/Ranil_Wickremasinghe_0002.jpg,Ranil_Wickremasinghe/Ranil_Wickremasinghe_0003.jpg,1,0.98945892
Rick_Pitino/Rick_Pitino_0001.jpg,Rick_Pitino/Rick_Pitino_0003.jpg,1,0.99568981
Rick_Pitino/Rick_Pitino_0002.jpg,Rick_Pitino/Rick_Pitino_0004.jpg,1,0.98543155
Rick_Pitino/Rick_Pitino_0003.jpg,Rick_Pitino/Rick_Pitino_0004.jpg,1,0.99123698
Ricky_Martin/Ricky_Martin_0001.jpg,Ricky_Martin/Ricky_Martin_0002.jpg,1,0.98439264
Rita_Moreno/Rita_Moreno_0001.jpg,Rita_Moreno/Rita_Moreno_0002.jpg,1,0.99187982
Robert_De_Niro/Robert_De_Niro_0001.jpg,Robert_De_Niro/Robert_De_Niro_0004.jpg,1,0.99433273
Robert_De_Niro/Robert_De_Niro_0003.jpg,Robert_De_Niro/Robert_De_Niro_0006.jpg,1,0.99163055
Robert_Kocharian/Robert_Kocharian_0004.jpg,Robert_Kocharian/Robert_Kocharian_0005.jpg,1,0.99837869
Roberto_Marinho/Roberto_Marinho_0002.jpg,Roberto_Marinho/Roberto_Marinho_0003.jpg,1,0.99188334
Roger_Moore/Roger_Moore_0003.jpg,Roger_Moore/Roger_Moore_0005.jpg,1,0.99116307
Ron_Dittemore/Ron_Dittemore_0001.jpg,Ron_Dittemore/Ron_Dittemore_0002.jpg,1,0.99631405
Ron_Dittemore/Ron_Dittemore_0001.jpg,Ron_Dittemore/Ron_Dittemore_0003.jpg,1,0.99554604
Ron_Dittemore/Ron_Dittemore_0004.jpg,Ron_Dittemore/Ron_Dittemore_0006.jpg,1,0.99711734
Rudolph_Giuliani/Rudolph_Giuliani_0001.jpg,Rudolph_Giuliani/Rudolph_Giuliani_0020.jpg,1,0.98974818
Rudolph_Giuliani/Rudolph_Giuliani_0002.jpg,Rudolph_Giuliani/Rudolph_Giuliani_0005.jpg,1,0.98735297
Rudolph_Giuliani/Rudolph_Giuliani_0003.jpg,Rudolph_Giuliani/Rudolph_Giuliani_0020.jpg,1,0.99079251
Rudolph_Giuliani/Rudolph_Giuliani_0004.jpg,Rudolph_Giuliani/Rudolph_Giuliani_0017.jpg,1,0.99280328
Rudolph_Giuliani/Rudolph_Giuliani_0015.jpg,Rudolph_Giuliani/Rudolph_Giuliani_0020.jpg,1,0.99715894
Russell_Simmons/Russell_Simmons_0001.jpg,Russell_Simmons/Russell_Simmons_0002.jpg,1,0.99916077
Russell_Simmons/Russell_Simmons_0001.jpg,Russell_Simmons/Russell_Simmons_0004.jpg,1,0.99762511
Russell_Simmons/Russell_Simmons_0002.jpg,Russell_Simmons/Russell_Simmons_0004.jpg,1,0.99698925
Sean_Astin/Sean_Astin_0001.jpg,Sean_Astin/Sean_Astin_0003.jpg,1,0.98986042
Sean_Astin/Sean_Astin_0002.jpg,Sean_Astin/Sean_Astin_0003.jpg,1,0.99443775
Shaukat_Aziz/Shaukat_Aziz_0001.jpg,Shaukat_Aziz/Shaukat_Aziz_0002.jpg,1,0.99565786
Silvio_Fernandez/Silvio_Fernandez_0001.jpg,Silvio_Fernandez/Silvio_Fernandez_0002.jpg,1,0.99196070
Sophia_Loren/Sophia_Loren_0001.jpg,Sophia_Loren/Sophia_Loren_0002.jpg,1,0.99633604
Sophia_Loren/Sophia_Loren_0001.jpg,Sophia_Loren/Sophia_Loren_0003.jpg,1,0.98852950
Sophia_Loren/Sophia_Loren_0001.jpg,Sophia_Loren/Sophia_Loren_0007.jpg,1,0.99394971
Sophia_Loren/Sophia_Loren_0006.jpg,Sophia_Loren/Sophia_Loren_0007.jpg,1,0.98837018
Stellan_Skarsgard/Stellan_Skarsgard_0001.jpg,Stellan_Skarsgard/Stellan_Skarsgard_0002.jpg,1,0.99717253
Tamara_Brooks/Tamara_Brooks_0001.jpg,Tamara_Brooks/Tamara_Brooks_0002.jpg,1,0.99564415
Thomas_Fargo/Thomas_Fargo_0001.jpg,Thomas_Fargo/Thomas_Fargo_0002.jpg,1,0.99297744
Thomas_Fargo/Thomas_Fargo_0001.jpg,Thomas_Fargo/Thomas_Fargo_0003.jpg,1,0.99698871
Thomas_Fargo/Thomas_Fargo_0002.jpg,Thomas_Fargo/Thomas_Fargo_0003.jpg,1,0.99267149
Thomas_Fargo/Thomas_Fargo_0002.jpg,Thomas_Fargo/Thomas_Fargo_0004.jpg,1,0.99640256
Thomas_Fargo/Thomas_Fargo_0003.jpg,Thomas_Fargo/Thomas_Fargo_0004.jpg,1,0.99629432
Tim_Allen/Tim_Allen_0002.jpg,Tim_Allen/Tim_Allen_0003.jpg,1,0.99496001
Tim_Allen/Tim_Allen_0003.jpg,Tim_Allen/Tim_Allen_0004.jpg,1,0.98725957
Tony_Shalhoub/Tony_Shalhoub_0001.jpg,Tony_Shalhoub/Tony_Shalhoub_0002.jpg,1,0.99232316
Tony_Shalhoub/Tony_Shalhoub_0001.jpg,Tony_Shalhoub/Tony_Shalhoub_0003.jpg,1,0.99635547
Tracy_McGrady/Tracy_McGrady_0001.jpg,Tracy_McGrady/Tracy_McGrady_0002.jpg,1,0.99886382
Vicente_Fernandez/Vicente_Fernandez_0002.jpg,Vicente_Fernandez/Vicente_Fernandez_0003.jpg,1,0.99051380
Vicente_Fernandez/Vicente_Fernandez_0004.jpg,Vicente_Fernandez/Vicente_Fernandez_0005.jpg,1,0.98289347
Vince_Gill/Vince_Gill_0001.jpg,Vince_Gill/Vince_Gill_0002.jpg,1,0.99601263
Wolfgang_Schuessel/Wolfgang_Schuessel_0001.jpg,Wolfgang_Schuessel/Wolfgang_Schuessel_0004.jpg,1,0.99260747
Wolfgang_Schuessel/Wolfgang_Schuessel_0003.jpg,Wolfgang_Schuessel/Wolfgang_Schuessel_0004.jpg,1,0.99015796
Wu_Yi/Wu_Yi_0001.jpg,Wu_Yi/Wu_Yi_0002.jpg,1,0.97393966
Wu_Yi/Wu_Yi_0001.jpg,Wu_Yi/Wu_Yi_0003.jpg,1,0.99715650
Wu_Yi/Wu_Yi_0002.jpg,Wu_Yi/Wu_Yi_0003.jpg,1,0.97742152
Yao_Ming/Yao_Ming_0002.jpg,Yao_Ming/Yao_Ming_0004.jpg,1,0.98127180
Yao_Ming/Yao_Ming_0005.jpg,Yao_Ming/Yao_Ming_0006.jpg,1,0.99515533
Yao_Ming/Yao_Ming_0005.jpg,Yao_Ming/Yao_Ming_0008.jpg,1,0.99764335
Yao_Ming/Yao_Ming_0006.jpg,Yao_Ming/Yao_Ming_0007.jpg,1,0.99163163
Yoriko_Kawaguchi/Yoriko_Kawaguchi_0003.jpg,Yoriko_Kawaguchi/Yoriko_Kawaguchi_0005.jpg,1,0.99344355
Yu_Shyi-kun/Yu_Shyi-kun_0001.jpg,Yu_Shyi-kun/Yu_Shyi-kun_0003.jpg,1,0.99444950
Yu_Shyi-kun/Yu_Shyi-kun_0001.jpg,Yu_Shyi-kun/Yu_Shyi-kun_0004.jpg,1,0.99887615
Yu_Shyi-kun/Yu_Shyi-kun_0002.jpg,Yu_Shyi-kun/Yu_Shyi-kun_0003.jpg,1,0.99112833
Zhang_Wenkang/Zhang_Wenkang_0001.jpg,Zhang_Wenkang/Zhang_Wenkang_0002.jpg,1,0.99560422
Zinedine_Zidane/Zinedine_Zidane_0004.jpg,Zinedine_Zidane/Zinedine_Zidane_0006.jpg,1,0.99017930
Abdel_Nasser_Assidi/Abdel_Nasser_Assidi_0001.jpg,Abdel_Nasser_Assidi/Abdel_Nasser_Assidi_0002.jpg,1,0.99541485
Ai_Sugiyama/Ai_Sugiyama_0001.jpg,Ai_Sugiyama/Ai_Sugiyama_0002.jpg,1,0.99563926
Ai_Sugiyama/Ai_Sugiyama_0001.jpg,Ai_Sugiyama/Ai_Sugiyama_0004.jpg,1,0.98752791
Ai_Sugiyama/Ai_Sugiyama_0004.jpg,Ai_Sugiyama/Ai_Sugiyama_0005.jpg,1,0.98618215
Aldo_Paredes/Aldo_Paredes_0001.jpg,Aldo_Paredes/Aldo_Paredes_0002.jpg,1,0.98495287
Alejandro_Avila/Alejandro_Avila_0001.jpg,Alejandro_Avila/Alejandro_Avila_0002.jpg,1,0.98498034
Alejandro_Avila/Alejandro_Avila_0001.jpg,Alejandro_Avila/Alejandro_Avila_0003.jpg,1,0.99205756
Alex_Sink/Alex_Sink_0002.jpg,Alex_Sink/Alex_Sink_0003.jpg,1,0.99013555
Allen_Iverson/Allen_Iverson_0001.jpg,Allen_Iverson/Allen_Iverson_0002.jpg,1,0.98912191
Amram_Mitzna/Amram_Mitzna_0001.jpg,Amram_Mitzna/Amram_Mitzna_0002.jpg,1,0.99792647
Andrew_Niccol/Andrew_Niccol_0001.jpg,Andrew_Niccol/Andrew_Niccol_0002.jpg,1,0.99653715
Andy_Hebb/Andy_Hebb_0001.jpg,Andy_Hebb/Andy_Hebb_0002.jpg,1,0.98899049
Anne_Krueger/Anne_Krueger_0001.jpg,Anne_Krueger/Anne_Krueger_0002.jpg,1,0.99381375
Anne_McLellan/Anne_McLellan_0001.jpg,Anne_McLellan/Anne_McLellan_0003.jpg,1,0.99244881
Anne_McLellan/Anne_McLellan_0002.jpg,Anne_McLellan/Anne_McLellan_0003.jpg,1,0.99677193
Annette_Bening/Annette_Bening_0001.jpg,Annette_Bening/Annette_Bening_0002.jpg,1,0.99610746
Anthony_Hopkins/Anthony_Hopkins_0001.jpg,Anthony_Hopkins/Anthony_Hopkins_0002.jpg,1,0.99774939
Ariel_Sharon/Ariel_Sharon_0016.jpg,Ariel_Sharon/Ariel_Sharon_0045.jpg,1,0.99875480
Arminio_Fraga/Arminio_Fraga_0001.jpg,Arminio_Fraga/Arminio_Fraga_0006.jpg,1,0.99302512
Arminio_Fraga/Arminio_Fraga_0002.jpg,Arminio_Fraga/Arminio_Fraga_0004.jpg,1,0.99439394
Arminio_Fraga/Arminio_Fraga_0003.jpg,Arminio_Fraga/Arminio_Fraga_0006.jpg,1,0.99370307
Arminio_Fraga/Arminio_Fraga_0004.jpg,Arminio_Fraga/Arminio_Fraga_0006.jpg,1,0.99315572
Art_Hoffmann/Art_Hoffmann_0001.jpg,Art_Hoffmann/Art_Hoffmann_0002.jpg,1,0.99602091
Ashanti/Ashanti_0001.jpg,Ashanti/Ashanti_0003.jpg,1,0.99817139
Ashanti/Ashanti_0001.jpg,Ashanti/Ashanti_0004.jpg,1,0.99869549
Ashanti/Ashanti_0002.jpg,Ashanti/Ashanti_0005.jpg,1,0.99836445
Ashanti/Ashanti_0003.jpg,Ashanti/Ashanti_0005.jpg,1,0.99812168
Ashanti/Ashanti_0004.jpg,Ashanti/Ashanti_0005.jpg,1,0.99901092
Augustin_Calleri/Augustin_Calleri_0001.jpg,Augustin_Calleri/Augustin_Calleri_0002.jpg,1,0.97063315
Augustin_Calleri/Augustin_Calleri_0002.jpg,Augustin_Calleri/Augustin_Calleri_0004.jpg,1,0.97217757
Augustin_Calleri/Augustin_Calleri_0003.jpg,Augustin_Calleri/Augustin_Calleri_0004.jpg,1,0.99473518
Bertie_Ahern/Bertie_Ahern_0001.jpg,Bertie_Ahern/Bertie_Ahern_0002.jpg,1,0.98512876
Bertie_Ahern/Bertie_Ahern_0001.jpg,Bertie_Ahern/Bertie_Ahern_0004.jpg,1,0.99522376
Bertie_Ahern/Bertie_Ahern_0001.jpg,Bertie_Ahern/Bertie_Ahern_0005.jpg,1,0.98072851
Bertie_Ahern/Bertie_Ahern_0002.jpg,Bertie_Ahern/Bertie_Ahern_0003.jpg,1,0.99194300
Bertie_Ahern/Bertie_Ahern_0003.jpg,Bertie_Ahern/Bertie_Ahern_0005.jpg,1,0.98741800
Bill_Clinton/Bill_Clinton_0002.jpg,Bill_Clinton/Bill_Clinton_0004.jpg,1,0.99317533
Bill_Clinton/Bill_Clinton_0006.jpg,Bill_Clinton/Bill_Clinton_0008.jpg,1,0.99093294
Bill_Clinton/Bill_Clinton_0006.jpg,Bill_Clinton/Bill_Clinton_0010.jpg,1,0.99350929
Bill_Clinton/Bill_Clinton_0008.jpg,Bill_Clinton/Bill_Clinton_0010.jpg,1,0.98890090
Bill_Clinton/Bill_Clinton_0009.jpg,Bill_Clinton/Bill_Clinton_0012.jpg,1,0.99413848
Bill_Clinton/Bill_Clinton_0010.jpg,Bill_Clinton/Bill_Clinton_0029.jpg,1,0.99060249
Bill_Clinton/Bill_Clinton_0018.jpg,Bill_Clinton/Bill_Clinton_0028.jpg,1,0.99621260
Bill_McBride/Bill_McBride_0004.jpg,Bill_McBride/Bill_McBride_0007.jpg,1,0.99267024
Bill_McBride/Bill_McBride_0004.jpg,Bill_McBride/Bill_McBride_0010.jpg,1,0.99520040
Bill_Parcells/Bill_Parcells_0001.jpg,Bill_Parcells/Bill_Parcells_0002.jpg,1,0.99009013
Binyamin_Ben-Eliezer/Binyamin_Ben-Eliezer_0003.jpg,Binyamin_Ben-Eliezer/Binyamin_Ben-Eliezer_0005.jpg,1,0.99839687
Binyamin_Ben-Eliezer/Binyamin_Ben-Eliezer_0005.jpg,Binyamin_Ben-Eliezer/Binyamin_Ben-Eliezer_0006.jpg,1,0.99736124
Binyamin_Ben-Eliezer/Binyamin_Ben-Eliezer_0006.jpg,Binyamin_Ben-Eliezer/Binyamin_Ben-Eliezer_0007.jpg,1,0.98521203
Brendan_Hansen/Brendan_Hansen_0001.jpg,Brendan_Hansen/Brendan_Hansen_0002.jpg,1,0.99359077
Brian_Wells/Brian_Wells_0001.jpg,Brian_Wells/Brian_Wells_0002.jpg,1,0.99151170
Carlos_Quintanilla_Schmidt/Carlos_Quintanilla_Schmidt_0001.jpg,Carlos_Quintanilla_Schmidt/Carlos_Quintanilla_Schmidt_0002.jpg,1,0.99123389
Carolina_Moraes/Carolina_Moraes_0001.jpg,Carolina_Moraes/Carolina_Moraes_0002.jpg,1,0.99656606
Cecilia_Bolocco/Cecilia_Bolocco_0001.jpg,Cecilia_Bolocco/Cecilia_Bolocco_0002.jpg,1,0.98165035
Cecilia_Bolocco/Cecilia_Bolocco_0001.jpg,Cecilia_Bolocco/Cecilia_Bolocco_0003.jpg,1,0.98961008
Cecilia_Bolocco/Cecilia_Bolocco_0002.jpg,Cecilia_Bolocco/Cecilia_Bolocco_0003.jpg,1,0.99303782
Cesar_Gaviria/Cesar_Gaviria_0002.jpg,Cesar_Gaviria/Cesar_Gaviria_0004.jpg,1,0.99585557
Cesar_Gaviria/Cesar_Gaviria_0002.jpg,Cesar_Gaviria/Cesar_Gaviria_0005.jpg,1,0.98938775
Cesar_Gaviria/Cesar_Gaviria_0003.jpg,Cesar_Gaviria/Cesar_Gaviria_0006.jpg,1,0.99077588
Cesar_Gaviria/Cesar_Gaviria_0003.jpg,Cesar_Gaviria/Cesar_Gaviria_0007.jpg,1,0.99156654
Cesar_Gaviria/Cesar_Gaviria_0004.jpg,Cesar_Gaviria/Cesar_Gaviria_0006.jpg,1,0.99383414
Charlie_Zaa/Charlie_Zaa_0001.jpg,Charlie_Zaa/Charlie_Zaa_0002.jpg,1,0.99568963
Chita_Rivera/Chita_Rivera_0001.jpg,Chita_Rivera/Chita_Rivera_0002.jpg,1,0.99494141
Christian_Longo/Christian_Longo_0001.jpg,Christian_Longo/Christian_Longo_0002.jpg,1,0.99389285
Christian_Longo/Christian_Longo_0001.jpg,Christian_Longo/Christian_Longo_0003.jpg,1,0.99111962
Christian_Wulff/Christian_Wulff_0001.jpg,Christian_Wulff/Christian_Wulff_0002.jpg,1,0.99089611
Colin_Jackson/Colin_Jackson_0001.jpg,Colin_Jackson/Colin_Jackson_0002.jpg,1,0.99694920
Darrell_Issa/Darrell_Issa_0001.jpg,Darrell_Issa/Darrell_Issa_0002.jpg,1,0.99278188
Darrell_Porter/Darrell_Porter_0001.jpg,Darrell_Porter/Darrell_Porter_0002.jpg,1,0.96970344
Dave_Campo/Dave_Campo_0001.jpg,Dave_Campo/Dave_Campo_0003.jpg,1,0.99135751
David_Dodge/David_Dodge_0001.jpg,David_Dodge/David_Dodge_0002.jpg,1,0.99665743
David_Heyman/David_Heyman_0001.jpg,David_Heyman/David_Heyman_0002.jpg,1,0.99525416
David_Spade/David_Spade_0001.jpg,David_Spade/David_Spade_0002.jpg,1,0.98989880
David_Wells/David_Wells_0001.jpg,David_Wells/David_Wells_0005.jpg,1,0.99156511
David_Wells/David_Wells_0001.jpg,David_Wells/David_Wells_0006.jpg,1,0.98051322
David_Wells/David_Wells_0001.jpg,David_Wells/David_Wells_0007.jpg,1,0.98856533
David_Wells/David_Wells_0002.jpg,David_Wells/David_Wells_0006.jpg,1,0.99722183
David_Wells/David_Wells_0005.jpg,David_Wells/David_Wells_0006.jpg,1,0.99151957
Debbie_Reynolds/Debbie_Reynolds_0001.jpg,Debbie_Reynolds/Debbie_Reynolds_0003.jpg,1,0.97899634
Debbie_Reynolds/Debbie_Reynolds_0002.jpg,Debbie_Reynolds/Debbie_Reynolds_0004.jpg,1,0.99226445
Dexter_Jackson/Dexter_Jackson_0001.jpg,Dexter_Jackson/Dexter_Jackson_0002.jpg,1,0.99852848
Diana_Taurasi/Diana_Taurasi_0001.jpg,Diana_Taurasi/Diana_Taurasi_0002.jpg,1,0.98964942
Donald_Evans/Donald_Evans_0001.jpg,Donald_Evans/Donald_Evans_0002.jpg,1,0.99367446
Duane_Lee_Chapman/Duane_Lee_Chapman_0001.jpg,Duane_Lee_Chapman/Duane_Lee_Chapman_0002.jpg,1,0.99316430
Ed_Smart/Ed_Smart_0001.jpg,Ed_Smart/Ed_Smart_0003.jpg,1,0.97071648
Eileen_Coparropa/Eileen_Coparropa_0001.jpg,Eileen_Coparropa/Eileen_Coparropa_0002.jpg,1,0.99903542
Eileen_Coparropa/Eileen_Coparropa_0001.jpg,Eileen_Coparropa/Eileen_Coparropa_0003.jpg,1,0.99422371
Eileen_Coparropa/Eileen_Coparropa_0002.jpg,Eileen_Coparropa/Eileen_Coparropa_0003.jpg,1,0.99227655
Elizabeth_Dole/Elizabeth_Dole_0001.jpg,Elizabeth_Dole/Elizabeth_Dole_0003.jpg,1,0.99175930
Elizabeth_Dole/Elizabeth_Dole_0002.jpg,Elizabeth_Dole/Elizabeth_Dole_0004.jpg,1,0.99610156
Fred_Funk/Fred_Funk_0001.jpg,Fred_Funk/Fred_Funk_0002.jpg,1,0.97498608
Gabriel_Valdes/Gabriel_Valdes_0001.jpg,Gabriel_Valdes/Gabriel_Valdes_0002.jpg,1,0.97370160
Gary_Winnick/Gary_Winnick_0001.jpg,Gary_Winnick/Gary_Winnick_0002.jpg,1,0.99714941
Geno_Auriemma/Geno_Auriemma_0001.jpg,Geno_Auriemma/Geno_Auriemma_0002.jpg,1,0.98908693
George_Karl/George_Karl_0001.jpg,George_Karl/George_Karl_0002.jpg,1,0.99410021
George_Robertson/George_Robertson_0002.jpg,George_Robertson/George_Robertson_0003.jpg,1,0.99337673
George_Robertson/George_Robertson_0003.jpg,George_Robertson/George_Robertson_0019.jpg,1,0.99541903
George_Robertson/George_Robertson_0007.jpg,George_Robertson/George_Robertson_0019.jpg,1,0.99575961
George_Robertson/George_Robertson_0011.jpg,George_Robertson/George_Robertson_0012.jpg,1,0.98838854
George_Ryan/George_Ryan_0001.jpg,George_Ryan/George_Ryan_0004.jpg,1,0.99592817
George_Ryan/George_Ryan_0002.jpg,George_Ryan/George_Ryan_0003.jpg,1,0.99932235
George_W_Bush/George_W_Bush_0007.jpg,George_W_Bush/George_W_Bush_0065.jpg,1,0.99478143
George_W_Bush/George_W_Bush_0016.jpg,George_W_Bush/George_W_Bush_0482.jpg,1,0.99262631
George_W_Bush/George_W_Bush_0145.jpg,George_W_Bush/George_W_Bush_0150.jpg,1,0.98692220
George_W_Bush/George_W_Bush_0145.jpg,George_W_Bush/George_W_Bush_0238.jpg,1,0.98738539
George_W_Bush/George_W_Bush_0203.jpg,George_W_Bush/George_W_Bush_0247.jpg,1,0.99419999
Gloria_Trevi/Gloria_Trevi_0001.jpg,Gloria_Trevi/Gloria_Trevi_0002.jpg,1,0.99743354
Gloria_Trevi/Gloria_Trevi_0002.jpg,Gloria_Trevi/Gloria_Trevi_0003.jpg,1,0.99427891
Gloria_Trevi/Gloria_Trevi_0002.jpg,Gloria_Trevi/Gloria_Trevi_0004.jpg,1,0.99760741
Gordon_Campbell/Gordon_Campbell_0001.jpg,Gordon_Campbell/Gordon_Campbell_0002.jpg,1,0.99648970
Greg_Rusedski/Greg_Rusedski_0001.jpg,Greg_Rusedski/Greg_Rusedski_0002.jpg,1,0.98809147
Greg_Rusedski/Greg_Rusedski_0002.jpg,Greg_Rusedski/Greg_Rusedski_0003.jpg,1,0.99110973
Greg_Rusedski/Greg_Rusedski_0002.jpg,Greg_Rusedski/Greg_Rusedski_0004.jpg,1,0.99808848
Greg_Rusedski/Greg_Rusedski_0003.jpg,Greg_Rusedski/Greg_Rusedski_0004.jpg,1,0.99284816
Gustavo_Kuerten/Gustavo_Kuerten_0001.jpg,Gustavo_Kuerten/Gustavo_Kuerten_0002.jpg,1,0.99731410
Gustavo_Kuerten/Gustavo_Kuerten_0002.jpg,Gustavo_Kuerten/Gustavo_Kuerten_0003.jpg,1,0.98796296
Guy_Hemmings/Guy_Hemmings_0001.jpg,Guy_Hemmings/Guy_Hemmings_0002.jpg,1,0.99182129
Halle_Berry/Halle_Berry_0006.jpg,Halle_Berry/Halle_Berry_0007.jpg,1,0.99816823
Halle_Berry/Halle_Berry_0006.jpg,Halle_Berry/Halle_Berry_0009.jpg,1,0.97204220
Halle_Berry/Halle_Berry_0007.jpg,Halle_Berry/Halle_Berry_0009.jpg,1,0.97530001
Heather_Mills/Heather_Mills_0002.jpg,Heather_Mills/Heather_Mills_0003.jpg,1,0.98684508
Heather_Mills/Heather_Mills_0002.jpg,Heather_Mills/Heather_Mills_0004.jpg,1,0.99065077
Heidi_Fleiss/Heidi_Fleiss_0001.jpg,Heidi_Fleiss/Heidi_Fleiss_0002.jpg,1,0.99011689
Heidi_Fleiss/Heidi_Fleiss_0001.jpg,Heidi_Fleiss/Heidi_Fleiss_0003.jpg,1,0.99193633
Henrique_Meirelles/Henrique_Meirelles_0001.jpg,Henrique_Meirelles/Henrique_Meirelles_0002.jpg,1,0.99670285
Iva_Majoli/Iva_Majoli_0001.jpg,Iva_Majoli/Iva_Majoli_0002.jpg,1,0.97227341
Jake_Gyllenhaal/Jake_Gyllenhaal_0003.jpg,Jake_Gyllenhaal/Jake_Gyllenhaal_0005.jpg,1,0.99604672
Jake_Gyllenhaal/Jake_Gyllenhaal_0004.jpg,Jake_Gyllenhaal/Jake_Gyllenhaal_0005.jpg,1,0.99823433
James_Cunningham/James_Cunningham_0001.jpg,James_Cunningham/James_Cunningham_0002.jpg,1,0.99032807
James_Cunningham/James_Cunningham_0001.jpg,James_Cunningham/James_Cunningham_0003.jpg,1,0.99196261
James_Cunningham/James_Cunningham_0002.jpg,James_Cunningham/James_Cunningham_0003.jpg,1,0.97528458
James_Parker/James_Parker_0001.jpg,James_Parker/James_Parker_0002.jpg,1,0.98287404
James_Wolfensohn/James_Wolfensohn_0002.jpg,James_Wolfensohn/James_Wolfensohn_0005.jpg,1,0.99253279
Jason_Lezak/Jason_Lezak_0001.jpg,Jason_Lezak/Jason_Lezak_0002.jpg,1,0.99548656
Jay_Rasulo/Jay_Rasulo_0001.jpg,Jay_Rasulo/Jay_Rasulo_0002.jpg,1,0.99163330
Jean-Claude_Juncker/Jean-Claude_Juncker_0001.jpg,Jean-Claude_Juncker/Jean-Claude_Juncker_0002.jpg,1,0.98383772
Jennifer_Lopez/Jennifer_Lopez_0001.jpg,Jennifer_Lopez/Jennifer_Lopez_0003.jpg,1,0.99094737
Jennifer_Lopez/Jennifer_Lopez_0002.jpg,Jennifer_Lopez/Jennifer_Lopez_0016.jpg,1,0.98936772
Jennifer_Lopez/Jennifer_Lopez_0003.jpg,Jennifer_Lopez/Jennifer_Lopez_0010.jpg,1,0.99359649
Jennifer_Lopez/Jennifer_Lopez_0003.jpg,Jennifer_Lopez/Jennifer_Lopez_0014.jpg,1,0.98944092
Jesse_Jackson/Jesse_Jackson_0001.jpg,Jesse_Jackson/Jesse_Jackson_0003.jpg,1,0.99640679
Jesse_Jackson/Jesse_Jackson_0005.jpg,Jesse_Jackson/Jesse_Jackson_0008.jpg,1,0.99823976
Jesse_Jackson/Jesse_Jackson_0007.jpg,Jesse_Jackson/Jesse_Jackson_0008.jpg,1,0.99767482
Jesse_James_Leija/Jesse_James_Leija_0001.jpg,Jesse_James_Leija/Jesse_James_Leija_0002.jpg,1,0.98484248
Jesse_Ventura/Jesse_Ventura_0002.jpg,Jesse_Ventura/Jesse_Ventura_0003.jpg,1,0.99642712
Jia_Qinglin/Jia_Qinglin_0001.jpg,Jia_Qinglin/Jia_Qinglin_0002.jpg,1,0.99903858
Jim_Tressel/Jim_Tressel_0001.jpg,Jim_Tressel/Jim_Tressel_0002.jpg,1,0.98959744
Jim_Tressel/Jim_Tressel_0001.jpg,Jim_Tressel/Jim_Tressel_0004.jpg,1,0.98770326
Jim_Tressel/Jim_Tressel_0002.jpg,Jim_Tressel/Jim_Tressel_0004.jpg,1,0.98885363
Joan_Laporta/Joan_Laporta_0001.jpg,Joan_Laporta/Joan_Laporta_0006.jpg,1,0.98783600
Joan_Laporta/Joan_Laporta_0006.jpg,Joan_Laporta/Joan_Laporta_0007.jpg,1,0.99679899
Joan_Laporta/Joan_Laporta_0006.jpg,Joan_Laporta/Joan_Laporta_0008.jpg,1,0.98895878
Joe_Dumars/Joe_Dumars_0001.jpg,Joe_Dumars/Joe_Dumars_0002.jpg,1,0.99965048
John_Ashcroft/John_Ashcroft_0003.jpg,John_Ashcroft/John_Ashcroft_0005.jpg,1,0.99554616
John_Ashcroft/John_Ashcroft_0013.jpg,John_Ashcroft/John_Ashcroft_0034.jpg,1,0.99069875
John_Ashcroft/John_Ashcroft_0042.jpg,John_Ashcroft/John_Ashcroft_0043.jpg,1,0.98723131
John_Bolton/John_Bolton_0006.jpg,John_Bolton/John_Bolton_0007.jpg,1,0.99274838
John_Bolton/John_Bolton_0011.jpg,John_Bolton/John_Bolton_0016.jpg,1,0.99526387
John_Swofford/John_Swofford_0001.jpg,John_Swofford/John_Swofford_0002.jpg,1,0.99428022
John_Swofford/John_Swofford_0001.jpg,John_Swofford/John_Swofford_0003.jpg,1,0.99482709
John_Timoney/John_Timoney_0001.jpg,John_Timoney/John_Timoney_0002.jpg,1,0.99848783
Jon_Gruden/Jon_Gruden_0001.jpg,Jon_Gruden/Jon_Gruden_0002.jpg,1,0.99807191
Jon_Gruden/Jon_Gruden_0002.jpg,Jon_Gruden/Jon_Gruden_0005.jpg,1,0.99601698
Jon_Gruden/Jon_Gruden_0003.jpg,Jon_Gruden/Jon_Gruden_0006.jpg,1,0.99254549
Jon_Gruden/Jon_Gruden_0003.jpg,Jon_Gruden/Jon_Gruden_0007.jpg,1,0.99057150
Julie_Taymor/Julie_Taymor_0001.jpg,Julie_Taymor/Julie_Taymor_0002.jpg,1,0.99554414
Kamal_Kharrazi/Kamal_Kharrazi_0001.jpg,Kamal_Kharrazi/Kamal_Kharrazi_0005.jpg,1,0.99255753
Kamal_Kharrazi/Kamal_Kharrazi_0002.jpg,Kamal_Kharrazi/Kamal_Kharrazi_0003.jpg,1,0.99316990
Kamal_Kharrazi/Kamal_Kharrazi_0002.jpg,Kamal_Kharrazi/Kamal_Kharrazi_0006.jpg,1,0.98674262
Karin_Stoiber/Karin_Stoiber_0001.jpg,Karin_Stoiber/Karin_Stoiber_0002.jpg,1,0.99720395
Kim_Yong-il/Kim_Yong-il_0001.jpg,Kim_Yong-il/Kim_Yong-il_0002.jpg,1,0.99273980
Kim_Yong-il/Kim_Yong-il_0001.jpg,Kim_Yong-il/Kim_Yong-il_0003.jpg,1,0.99516809
Kimi_Raikkonen/Kimi_Raikkonen_0001.jpg,Kimi_Raikkonen/Kimi_Raikkonen_0003.jpg,1,0.95958996
Kimi_Raikkonen/Kimi_Raikkonen_0002.jpg,Kimi_Raikkonen/Kimi_Raikkonen_0003.jpg,1,0.99083972
Kjell_Magne_Bondevik/Kjell_Magne_Bondevik_0001.jpg,Kjell_Magne_Bondevik/Kjell_Magne_Bondevik_0003.jpg,1,0.99665630
Kobe_Bryant/Kobe_Bryant_0001.jpg,Kobe_Bryant/Kobe_Bryant_0002.jpg,1,0.98145747
Kurt_Warner/Kurt_Warner_0001.jpg,Kurt_Warner/Kurt_Warner_0002.jpg,1,0.99395669
Kurt_Warner/Kurt_Warner_0001.jpg,Kurt_Warner/Kurt_Warner_0004.jpg,1,0.99537790
Kurt_Warner/Kurt_Warner_0002.jpg,Kurt_Warner/Kurt_Warner_0004.jpg,1,0.99720389
Kurt_Warner/Kurt_Warner_0003.jpg,Kurt_Warner/Kurt_Warner_0005.jpg,1,0.99555564
Kwon_Yang-sook/Kwon_Yang-sook_0001.jpg,Kwon_Yang-sook/Kwon_Yang-sook_0003.jpg,1,0.99470872
Kwon_Yang-sook/Kwon_Yang-sook_0002.jpg,Kwon_Yang-sook/Kwon_Yang-sook_0003.jpg,1,0.99517691
Lee_Jun/Lee_Jun_0001.jpg,Lee_Jun/Lee_Jun_0002.jpg,1,0.99748933
Leonid_Kuchma/Leonid_Kuchma_0001.jpg,Leonid_Kuchma/Leonid_Kuchma_0002.jpg,1,0.99841070
Leonid_Kuchma/Leonid_Kuchma_0001.jpg,Leonid_Kuchma/Leonid_Kuchma_0003.jpg,1,0.99483639
Leonid_Kuchma/Leonid_Kuchma_0002.jpg,Leonid_Kuchma/Leonid_Kuchma_0003.jpg,1,0.99776357
Leonid_Kuchma/Leonid_Kuchma_0002.jpg,Leonid_Kuchma/Leonid_Kuchma_0005.jpg,1,0.99470019
Leonid_Kuchma/Leonid_Kuchma_0004.jpg,Leonid_Kuchma/Leonid_Kuchma_0005.jpg,1,0.99418807
Lina_Krasnoroutskaya/Lina_Krasnoroutskaya_0001.jpg,Lina_Krasnoroutskaya/Lina_Krasnoroutskaya_0002.jpg,1,0.98596674
Lisa_Raymond/Lisa_Raymond_0001.jpg,Lisa_Raymond/Lisa_Raymond_0002.jpg,1,0.99179864
Lord_Hutton/Lord_Hutton_0001.jpg,Lord_Hutton/Lord_Hutton_0002.jpg,1,0.99663574
Luiz_Felipe_Scolari/Luiz_Felipe_Scolari_0001.jpg,Luiz_Felipe_Scolari/Luiz_Felipe_Scolari_0002.jpg,1,0.99763346
Lynn_Redgrave/Lynn_Redgrave_0002.jpg,Lynn_Redgrave/Lynn_Redgrave_0003.jpg,1,0.99681240
Magdalena_Maleeva/Magdalena_Maleeva_0001.jpg,Magdalena_Maleeva/Magdalena_Maleeva_0002.jpg,1,0.98187351
Magdalena_Maleeva/Magdalena_Maleeva_0001.jpg,Magdalena_Maleeva/Magdalena_Maleeva_0003.jpg,1,0.99471736
Magdalena_Maleeva/Magdalena_Maleeva_0002.jpg,Magdalena_Maleeva/Magdalena_Maleeva_0003.jpg,1,0.98558831
Marcelo_Ebrard/Marcelo_Ebrard_0001.jpg,Marcelo_Ebrard/Marcelo_Ebrard_0002.jpg,1,0.99016708
Marcelo_Ebrard/Marcelo_Ebrard_0001.jpg,Marcelo_Ebrard/Marcelo_Ebrard_0003.jpg,1,0.98656642
Marcelo_Rios/Marcelo_Rios_0001.jpg,Marcelo_Rios/Marcelo_Rios_0003.jpg,1,0.99695325
Marcelo_Rios/Marcelo_Rios_0001.jpg,Marcelo_Rios/Marcelo_Rios_0004.jpg,1,0.99575967
Marcelo_Rios/Marcelo_Rios_0002.jpg,Marcelo_Rios/Marcelo_Rios_0003.jpg,1,0.99501634
Marcelo_Rios/Marcelo_Rios_0003.jpg,Marcelo_Rios/Marcelo_Rios_0004.jpg,1,0.99234444
Marcelo_Rios/Marcelo_Rios_0003.jpg,Marcelo_Rios/Marcelo_Rios_0005.jpg,1,0.99041688
Maria_Shriver/Maria_Shriver_0001.jpg,Maria_Shriver/Maria_Shriver_0007.jpg,1,0.99332005
Maria_Shriver/Maria_Shriver_0001.jpg,Maria_Shriver/Maria_Shriver_0008.jpg,1,0.99267858
Maria_Shriver/Maria_Shriver_0002.jpg,Maria_Shriver/Maria_Shriver_0006.jpg,1,0.99559343
Maria_Shriver/Maria_Shriver_0002.jpg,Maria_Shriver/Maria_Shriver_0008.jpg,1,0.99515831
Maria_Shriver/Maria_Shriver_0003.jpg,Maria_Shriver/Maria_Shriver_0008.jpg,1,0.99493927
Marilyn_Monroe/Marilyn_Monroe_0001.jpg,Marilyn_Monroe/Marilyn_Monroe_0002.jpg,1,0.98509341
Mario_Cipollini/Mario_Cipollini_0001.jpg,Mario_Cipollini/Mario_Cipollini_0002.jpg,1,0.99558419
Mark_Hurlbert/Mark_Hurlbert_0001.jpg,Mark_Hurlbert/Mark_Hurlbert_0005.jpg,1,0.99602759
Mark_Hurlbert/Mark_Hurlbert_0002.jpg,Mark_Hurlbert/Mark_Hurlbert_0003.jpg,1,0.99549246
Mark_Hurlbert/Mark_Hurlbert_0002.jpg,Mark_Hurlbert/Mark_Hurlbert_0004.jpg,1,0.98884314
Martin_Scorsese/Martin_Scorsese_0002.jpg,Martin_Scorsese/Martin_Scorsese_0005.jpg,1,0.99312669
Martin_Scorsese/Martin_Scorsese_0003.jpg,Martin_Scorsese/Martin_Scorsese_0004.jpg,1,0.99559873
Marwan_Barghouthi/Marwan_Barghouthi_0001.jpg,Marwan_Barghouthi/Marwan_Barghouthi_0002.jpg,1,0.99876302
Michael_Bloomberg/Michael_Bloomberg_0001.jpg,Michael_Bloomberg/Michael_Bloomberg_0012.jpg,1,0.99751854
Michael_Bloomberg/Michael_Bloomberg_0003.jpg,Michael_Bloomberg/Michael_Bloomberg_0005.jpg,1,0.99658155
Michael_Bloomberg/Michael_Bloomberg_0007.jpg,Michael_Bloomberg/Michael_Bloomberg_0011.jpg,1,0.99545556
Michael_Bloomberg/Michael_Bloomberg_0011.jpg,Michael_Bloomberg/Michael_Bloomberg_0013.jpg,1,0.99466270
Michael_Chang/Michael_Chang_0001.jpg,Michael_Chang/Michael_Chang_0003.jpg,1,0.98906732
Michael_Chang/Michael_Chang_0005.jpg,Michael_Chang/Michael_Chang_0006.jpg,1,0.99484360
Michael_Jackson/Michael_Jackson_0001.jpg,Michael_Jackson/Michael_Jackson_0006.jpg,1,0.99783671
Michael_Jackson/Michael_Jackson_0002.jpg,Michael_Jackson/Michael_Jackson_0003.jpg,1,0.99774182
Michael_Jackson/Michael_Jackson_0002.jpg,Michael_Jackson/Michael_Jackson_0011.jpg,1,0.99381620
Michael_Jackson/Michael_Jackson_0002.jpg,Michael_Jackson/Michael_Jackson_0012.jpg,1,0.99188554
Michael_Jackson/Michael_Jackson_0011.jpg,Michael_Jackson/Michael_Jackson_0012.jpg,1,0.99485922
Michael_Patrick_King/Michael_Patrick_King_0001.jpg,Michael_Patrick_King/Michael_Patrick_King_0002.jpg,1,0.99432766
Michelle_Rodriguez/Michelle_Rodriguez_0001.jpg,Michelle_Rodriguez/Michelle_Rodriguez_0002.jpg,1,0.99676704
Mike_Babcock/Mike_Babcock_0001.jpg,Mike_Babcock/Mike_Babcock_0002.jpg,1,0.99388611
Mike_Martz/Mike_Martz_0001.jpg,Mike_Martz/Mike_Martz_0003.jpg,1,0.99859691
Mike_Scioscia/Mike_Scioscia_0001.jpg,Mike_Scioscia/Mike_Scioscia_0002.jpg,1,0.98378420
Mikulas_Dzurinda/Mikulas_Dzurinda_0001.jpg,Mikulas_Dzurinda/Mikulas_Dzurinda_0002.jpg,1,0.98854542
Miroljub/Miroljub_0001.jpg,Miroljub/Miroljub_0002.jpg,1,0.99465811
Nasser_al-Kidwa/Nasser_al-Kidwa_0001.jpg,Nasser_al-Kidwa/Nasser_al-Kidwa_0002.jpg,1,0.99455738
Nick_Nolte/Nick_Nolte_0001.jpg,Nick_Nolte/Nick_Nolte_0002.jpg,1,0.99187547
Nick_Nolte/Nick_Nolte_0001.jpg,Nick_Nolte/Nick_Nolte_0003.jpg,1,0.99205679
Nick_Nolte/Nick_Nolte_0001.jpg,Nick_Nolte/Nick_Nolte_0005.jpg,1,0.99452990
Nick_Nolte/Nick_Nolte_0002.jpg,Nick_Nolte/Nick_Nolte_0004.jpg,1,0.99264908
Nick_Nolte/Nick_Nolte_0003.jpg,Nick_Nolte/Nick_Nolte_0004.jpg,1,0.99016863
OJ_Simpson/OJ_Simpson_0001.jpg,OJ_Simpson/OJ_Simpson_0002.jpg,1,0.99591392
Oprah_Winfrey/Oprah_Winfrey_0001.jpg,Oprah_Winfrey/Oprah_Winfrey_0002.jpg,1,0.99440670
Oprah_Winfrey/Oprah_Winfrey_0002.jpg,Oprah_Winfrey/Oprah_Winfrey_0003.jpg,1,0.99722588
Orlando_Bloom/Orlando_Bloom_0002.jpg,Orlando_Bloom/Orlando_Bloom_0003.jpg,1,0.99250686
Ozzy_Osbourne/Ozzy_Osbourne_0001.jpg,Ozzy_Osbourne/Ozzy_Osbourne_0003.jpg,1,0.96573192
Paul_Coppin/Paul_Coppin_0001.jpg,Paul_Coppin/Paul_Coppin_0002.jpg,1,0.99222016
Paul_Martin/Paul_Martin_0001.jpg,Paul_Martin/Paul_Martin_0006.jpg,1,0.98589051
Paul_Martin/Paul_Martin_0001.jpg,Paul_Martin/Paul_Martin_0007.jpg,1,0.98820084
Paul_McNulty/Paul_McNulty_0001.jpg,Paul_McNulty/Paul_McNulty_0002.jpg,1,0.99662089
Paul_ONeill/Paul_ONeill_0001.jpg,Paul_ONeill/Paul_ONeill_0003.jpg,1,0.98718417
Paul_ONeill/Paul_ONeill_0005.jpg,Paul_ONeill/Paul_ONeill_0007.jpg,1,0.98942554
Paul_Patton/Paul_Patton_0001.jpg,Paul_Patton/Paul_Patton_0002.jpg,1,0.99716783
Paula_Zahn/Paula_Zahn_0001.jpg,Paula_Zahn/Paula_Zahn_0002.jpg,1,0.99656963
Pierce_Brosnan/Pierce_Brosnan_0001.jpg,Pierce_Brosnan/Pierce_Brosnan_0005.jpg,1,0.98540020
Pierce_Brosnan/Pierce_Brosnan_0003.jpg,Pierce_Brosnan/Pierce_Brosnan_0007.jpg,1,0.99443805
Pierce_Brosnan/Pierce_Brosnan_0006.jpg,Pierce_Brosnan/Pierce_Brosnan_0009.jpg,1,0.99413717
Pierce_Brosnan/Pierce_Brosnan_0009.jpg,Pierce_Brosnan/Pierce_Brosnan_0014.jpg,1,0.99401176
Pierre_Pettigrew/Pierre_Pettigrew_0001.jpg,Pierre_Pettigrew/Pierre_Pettigrew_0003.jpg,1,0.99367929
Ralf_Schumacher/Ralf_Schumacher_0005.jpg,Ralf_Schumacher/Ralf_Schumacher_0008.jpg,1,0.99018312
Ricky_Barnes/Ricky_Barnes_0001.jpg,Ricky_Barnes/Ricky_Barnes_0002.jpg,1,0.98628026
Rita_Wilson/Rita_Wilson_0001.jpg,Rita_Wilson/Rita_Wilson_0004.jpg,1,0.99536431
Rob_Schneider/Rob_Schneider_0001.jpg,Rob_Schneider/Rob_Schneider_0002.jpg,1,0.99075496
Robbie_Fowler/Robbie_Fowler_0001.jpg,Robbie_Fowler/Robbie_Fowler_0002.jpg,1,0.99801117
Robert_Blake/Robert_Blake_0001.jpg,Robert_Blake/Robert_Blake_0003.jpg,1,0.98218465
Robert_Blake/Robert_Blake_0001.jpg,Robert_Blake/Robert_Blake_0004.jpg,1,0.98732936
Robert_Blake/Robert_Blake_0005.jpg,Robert_Blake/Robert_Blake_0006.jpg,1,0.99281466
Rogerio_Romero/Rogerio_Romero_0001.jpg,Rogerio_Romero/Rogerio_Romero_0002.jpg,1,0.99249661
Rupert_Grint/Rupert_Grint_0001.jpg,Rupert_Grint/Rupert_Grint_0003.jpg,1,0.99757689
Salman_Rushdie/Salman_Rushdie_0001.jpg,Salman_Rushdie/Salman_Rushdie_0003.jpg,1,0.99747479
Salman_Rushdie/Salman_Rushdie_0002.jpg,Salman_Rushdie/Salman_Rushdie_0003.jpg,1,0.99418718
Scott_Sullivan/Scott_Sullivan_0001.jpg,Scott_Sullivan/Scott_Sullivan_0002.jpg,1,0.99528825
Scott_Wolf/Scott_Wolf_0001.jpg,Scott_Wolf/Scott_Wolf_0002.jpg,1,0.99096882
Sepp_Blatter/Sepp_Blatter_0001.jpg,Sepp_Blatter/Sepp_Blatter_0002.jpg,1,0.99414313
Sepp_Blatter/Sepp_Blatter_0001.jpg,Sepp_Blatter/Sepp_Blatter_0003.jpg,1,0.99059010
Sepp_Blatter/Sepp_Blatter_0002.jpg,Sepp_Blatter/Sepp_Blatter_0003.jpg,1,0.99614167
Simon_Cowell/Simon_Cowell_0001.jpg,Simon_Cowell/Simon_Cowell_0002.jpg,1,0.99040604
Slobodan_Milosevic/Slobodan_Milosevic_0001.jpg,Slobodan_Milosevic/Slobodan_Milosevic_0003.jpg,1,0.99802482
Slobodan_Milosevic/Slobodan_Milosevic_0002.jpg,Slobodan_Milosevic/Slobodan_Milosevic_0003.jpg,1,0.99803561
Slobodan_Milosevic/Slobodan_Milosevic_0003.jpg,Slobodan_Milosevic/Slobodan_Milosevic_0004.jpg,1,0.99730217
Stacy_Dragila/Stacy_Dragila_0001.jpg,Stacy_Dragila/Stacy_Dragila_0002.jpg,1,0.99175239
Stephen_Ambrose/Stephen_Ambrose_0001.jpg,Stephen_Ambrose/Stephen_Ambrose_0002.jpg,1,0.99531269
Stephen_Daldry/Stephen_Daldry_0001.jpg,Stephen_Daldry/Stephen_Daldry_0002.jpg,1,0.98716748
Stephen_Friedman/Stephen_Friedman_0001.jpg,Stephen_Friedman/Stephen_Friedman_0002.jpg,1,0.98742187
Theo_Epstein/Theo_Epstein_0001.jpg,Theo_Epstein/Theo_Epstein_0002.jpg,1,0.99442363
Thomas_Wyman/Thomas_Wyman_0001.jpg,Thomas_Wyman/Thomas_Wyman_0002.jpg,1,0.99271810
Tim_Floyd/Tim_Floyd_0001.jpg,Tim_Floyd/Tim_Floyd_0002.jpg,1,0.99850452
Tom_Watson/Tom_Watson_0001.jpg,Tom_Watson/Tom_Watson_0003.jpg,1,0.98630309
Tom_Watson/Tom_Watson_0002.jpg,Tom_Watson/Tom_Watson_0003.jpg,1,0.99449044
Tommy_Robredo/Tommy_Robredo_0001.jpg,Tommy_Robredo/Tommy_Robredo_0003.jpg,1,0.99586886
Tommy_Robredo/Tommy_Robredo_0002.jpg,Tommy_Robredo/Tommy_Robredo_0003.jpg,1,0.99547637
Tony_Parker/Tony_Parker_0001.jpg,Tony_Parker/Tony_Parker_0002.jpg,1,0.99439001
Tony_Stewart/Tony_Stewart_0001.jpg,Tony_Stewart/Tony_Stewart_0006.jpg,1,0.99733716
Tony_Stewart/Tony_Stewart_0002.jpg,Tony_Stewart/Tony_Stewart_0003.jpg,1,0.97983420
Tony_Stewart/Tony_Stewart_0004.jpg,Tony_Stewart/Tony_Stewart_0005.jpg,1,0.98700523
Tony_Stewart/Tony_Stewart_0004.jpg,Tony_Stewart/Tony_Stewart_0006.jpg,1,0.98980206
Vladimir_Voltchkov/Vladimir_Voltchkov_0001.jpg,Vladimir_Voltchkov/Vladimir_Voltchkov_0002.jpg,1,0.99632478
Wang_Yi/Wang_Yi_0001.jpg,Wang_Yi/Wang_Yi_0002.jpg,1,0.99086243
Zafarullah_Khan_Jamali/Zafarullah_Khan_Jamali_0001.jpg,Zafarullah_Khan_Jamali/Zafarullah_Khan_Jamali_0002.jpg,1,0.99167633
Zhu_Rongji/Zhu_Rongji_0001.jpg,Zhu_Rongji/Zhu_Rongji_0003.jpg,1,0.98844594
Zhu_Rongji/Zhu_Rongji_0002.jpg,Zhu_Rongji/Zhu_Rongji_0008.jpg,1,0.98858500
Abdel_Madi_Shabneh/Abdel_Madi_Shabneh_0001.jpg,Dean_Barker/Dean_Barker_0001.jpg,0,0.98206836
Abdel_Madi_Shabneh/Abdel_Madi_Shabneh_0001.jpg,Giancarlo_Fisichella/Giancarlo_Fisichella_0001.jpg,0,0.98319590
Abdel_Madi_Shabneh/Abdel_Madi_Shabneh_0001.jpg,Mikhail_Gorbachev/Mikhail_Gorbachev_0001.jpg,0,0.97590244
Abdul_Rahman/Abdul_Rahman_0001.jpg,Portia_de_Rossi/Portia_de_Rossi_0001.jpg,0,0.97238135
Abel_Pacheco/Abel_Pacheco_0001.jpg,Jong_Thae_Hwa/Jong_Thae_Hwa_0002.jpg,0,0.98396140
Abel_Pacheco/Abel_Pacheco_0002.jpg,Jean-Francois_Lemounier/Jean-Francois_Lemounier_0001.jpg,0,0.98032802
Afton_Smith/Afton_Smith_0001.jpg,Dwayne_Wade/Dwayne_Wade_0001.jpg,0,0.97476536
Ahmad_Jbarah/Ahmad_Jbarah_0001.jpg,James_Comey/James_Comey_0001.jpg,0,0.96847588
Akhmed_Zakayev/Akhmed_Zakayev_0002.jpg,Donna_Morrissey/Donna_Morrissey_0001.jpg,0,0.96885645
Alan_Dershowitz/Alan_Dershowitz_0001.jpg,Bertrand_Bonello/Bertrand_Bonello_0001.jpg,0,0.97442341
Alanis_Morissette/Alanis_Morissette_0001.jpg,Martin_Cauchon/Martin_Cauchon_0001.jpg,0,0.97186798
Alexander_Lukashenko/Alexander_Lukashenko_0001.jpg,Heather_Chinnock/Heather_Chinnock_0001.jpg,0,0.95912933
Alfonso_Cuaron/Alfonso_Cuaron_0001.jpg,Jason_Priestley/Jason_Priestley_0001.jpg,0,0.97936738
Alfonso_Cuaron/Alfonso_Cuaron_0001.jpg,Patty_Schnyder/Patty_Schnyder_0002.jpg,0,0.96420586
Alfonso_Soriano/Alfonso_Soriano_0001.jpg,Bill_Nelson/Bill_Nelson_0002.jpg,0,0.97190785
Alfonso_Soriano/Alfonso_Soriano_0001.jpg,Julio_De_Brun/Julio_De_Brun_0001.jpg,0,0.98102212
Alfonso_Soriano/Alfonso_Soriano_0001.jpg,Patty_Schnyder/Patty_Schnyder_0003.jpg,0,0.97498435
Alonzo_Mourning/Alonzo_Mourning_0001.jpg,Cecilia_Cheung/Cecilia_Cheung_0001.jpg,0,0.96966588
Amber_Tamblyn/Amber_Tamblyn_0002.jpg,Benjamin_Netanyahu/Benjamin_Netanyahu_0001.jpg,0,0.96159291
Amporn_Falise/Amporn_Falise_0001.jpg,Joe_Pantoliano/Joe_Pantoliano_0001.jpg,0,0.95610607
Anders_Fogh_Rasmussen/Anders_Fogh_Rasmussen_0002.jpg,Johnson_Panjaitan/Johnson_Panjaitan_0002.jpg,0,0.97596204
Andre_Bucher/Andre_Bucher_0001.jpg,Joseph_Ralston/Joseph_Ralston_0001.jpg,0,0.96403646
Andre_Bucher/Andre_Bucher_0001.jpg,Maria_Garcia/Maria_Garcia_0001.jpg,0,0.95367163
Andrew_Gilligan/Andrew_Gilligan_0001.jpg,Henry_Castellanos/Henry_Castellanos_0001.jpg,0,0.96716404
Andrew_Shutley/Andrew_Shutley_0001.jpg,Edmund_Stoiber/Edmund_Stoiber_0005.jpg,0,0.97815824
Andrew_Shutley/Andrew_Shutley_0001.jpg,Mitchell_Swartz/Mitchell_Swartz_0001.jpg,0,0.95794559
Andrew_Shutley/Andrew_Shutley_0001.jpg,Saeb_Erekat/Saeb_Erekat_0002.jpg,0,0.97655201
Andy_Dick/Andy_Dick_0001.jpg,Simon_Yam/Simon_Yam_0001.jpg,0,0.95739162
Andy_Griffith/Andy_Griffith_0001.jpg,Osrat_Iosef/Osrat_Iosef_0001.jpg,0,0.96390843
Andy_Wisecarver/Andy_Wisecarver_0001.jpg,Dimitar_Berbatov/Dimitar_Berbatov_0001.jpg,0,0.98223370
Angela_Lansbury/Angela_Lansbury_0001.jpg,Steven_Van_Zandt/Steven_Van_Zandt_0001.jpg,0,0.96033359
Angela_Lansbury/Angela_Lansbury_0002.jpg,John_Coomber/John_Coomber_0001.jpg,0,0.98034251
Ann_Veneman/Ann_Veneman_0006.jpg,Sergio_Garcia/Sergio_Garcia_0002.jpg,0,0.94768524
Ann_Veneman/Ann_Veneman_0008.jpg,Ted_Williams/Ted_Williams_0001.jpg,0,0.95959902
Annie-Jeanne_Reynaud/Annie-Jeanne_Reynaud_0001.jpg,SJ_Twu/SJ_Twu_0001.jpg,0,0.95949161
Anthony_Carter/Anthony_Carter_0001.jpg,Eliza_Dushku/Eliza_Dushku_0001.jpg,0,0.97040975
Antonio_Cassano/Antonio_Cassano_0001.jpg,Paul_Celluci/Paul_Celluci_0001.jpg,0,0.97735322
Anwar_Ibrahim/Anwar_Ibrahim_0001.jpg,David_Alpay/David_Alpay_0001.jpg,0,0.97180653
Armand_Sargen/Armand_Sargen_0001.jpg,Daryl_Sabara/Daryl_Sabara_0001.jpg,0,0.96595019
Armand_Sargen/Armand_Sargen_0001.jpg,Kelvin_Sampson/Kelvin_Sampson_0003.jpg,0,0.96586013
Armand_Sargen/Armand_Sargen_0001.jpg,Lisa_Gottsegen/Lisa_Gottsegen_0002.jpg,0,0.96656692
Atom_Egoyan/Atom_Egoyan_0001.jpg,Bill_Stapleton/Bill_Stapleton_0001.jpg,0,0.97865415
Atom_Egoyan/Atom_Egoyan_0001.jpg,Janis_Ruth_Coulter/Janis_Ruth_Coulter_0001.jpg,0,0.95474923
Barbara_Brezigar/Barbara_Brezigar_0002.jpg,Doris_Roberts/Doris_Roberts_0002.jpg,0,0.98262691
Barbara_Felt-Miller/Barbara_Felt-Miller_0001.jpg,Leticia_Dolera/Leticia_Dolera_0001.jpg,0,0.99611217
Bart_Freundlich/Bart_Freundlich_0001.jpg,Ernie_Grunfeld/Ernie_Grunfeld_0001.jpg,0,0.98226118
Bart_Freundlich/Bart_Freundlich_0001.jpg,Kirsten_Gilham/Kirsten_Gilham_0001.jpg,0,0.96139824
Benjamin_Martinez/Benjamin_Martinez_0001.jpg,Garry_McCoy/Garry_McCoy_0001.jpg,0,0.99021864
Benjamin_Netanyahu/Benjamin_Netanyahu_0001.jpg,Maria_Callas/Maria_Callas_0001.jpg,0,0.95907146
Benjamin_Netanyahu/Benjamin_Netanyahu_0005.jpg,Frank_Beamer/Frank_Beamer_0001.jpg,0,0.98237425
Bernard_Law/Bernard_Law_0001.jpg,Liu_Xiaoqing/Liu_Xiaoqing_0001.jpg,0,0.96574116
Bernard_Law/Bernard_Law_0003.jpg,Valerie_Harper/Valerie_Harper_0002.jpg,0,0.97908324
Bertrand_Bonello/Bertrand_Bonello_0001.jpg,Jong_Thae_Hwa/Jong_Thae_Hwa_0002.jpg,0,0.97858053
Bill_Bradley/Bill_Bradley_0001.jpg,Chen_Tsai-chin/Chen_Tsai-chin_0001.jpg,0,0.97686100
Bill_Bradley/Bill_Bradley_0001.jpg,Helen_Alvare/Helen_Alvare_0001.jpg,0,0.96212023
Bill_Elliott/Bill_Elliott_0001.jpg,Mary_Anne_Souza/Mary_Anne_Souza_0001.jpg,0,0.97447121
Bill_Frist/Bill_Frist_0005.jpg,Jimmy_Kimmel/Jimmy_Kimmel_0002.jpg,0,0.97063494
Bill_Maher/Bill_Maher_0001.jpg,Brad_Russ/Brad_Russ_0001.jpg,0,0.98899901
Bill_Maher/Bill_Maher_0001.jpg,Juliette_Binoche/Juliette_Binoche_0001.jpg,0,0.97069895
Bill_Nelson/Bill_Nelson_0001.jpg,Kim_Jong-Il/Kim_Jong-Il_0003.jpg,0,0.96409369
Bill_Nelson/Bill_Nelson_0002.jpg,Gillian_Anderson/Gillian_Anderson_0001.jpg,0,0.97394824
Bill_Stapleton/Bill_Stapleton_0001.jpg,Sedigh_Barmak/Sedigh_Barmak_0001.jpg,0,0.97502965
Bill_Stapleton/Bill_Stapleton_0001.jpg,Valerie_Harper/Valerie_Harper_0001.jpg,0,0.96421218
Billy_Bob_Thornton/Billy_Bob_Thornton_0001.jpg,Herb_Dhaliwal/Herb_Dhaliwal_0001.jpg,0,0.98335838
Billy_Bob_Thornton/Billy_Bob_Thornton_0001.jpg,Nong_Duc_Manh/Nong_Duc_Manh_0001.jpg,0,0.97863269
Bob_Alper/Bob_Alper_0001.jpg,Kevin_Millwood/Kevin_Millwood_0001.jpg,0,0.98662442
Bob_Graham/Bob_Graham_0002.jpg,Dwayne_Wade/Dwayne_Wade_0001.jpg,0,0.97319955
Bob_Petrino/Bob_Petrino_0001.jpg,Geraldine_Chaplin/Geraldine_Chaplin_0004.jpg,0,0.98430467
Bob_Petrino/Bob_Petrino_0001.jpg,Jorge_Castaneda/Jorge_Castaneda_0001.jpg,0,0.97057307
Boris_Becker/Boris_Becker_0004.jpg,Julianna_Margulies/Julianna_Margulies_0002.jpg,0,0.97092235
Brad_Russ/Brad_Russ_0001.jpg,Hana_Urushima/Hana_Urushima_0001.jpg,0,0.97231245
Brad_Russ/Brad_Russ_0001.jpg,Romeo_Gigli/Romeo_Gigli_0001.jpg,0,0.96292371
Brawley_King/Brawley_King_0001.jpg,Tom_Glavine/Tom_Glavine_0002.jpg,0,0.97262704
Brian_Griese/Brian_Griese_0002.jpg,Jeffrey_Archer/Jeffrey_Archer_0002.jpg,0,0.95994163
Brian_Griese/Brian_Griese_0002.jpg,Laura_Elena_Harring/Laura_Elena_Harring_0001.jpg,0,0.96576834
Brian_Griese/Brian_Griese_0002.jpg,Nicolas_Lapentti/Nicolas_Lapentti_0002.jpg,0,0.98646241
Bryan_Adams/Bryan_Adams_0001.jpg,Michael_Kors/Michael_Kors_0001.jpg,0,0.98696840
Bryan_Adams/Bryan_Adams_0001.jpg,Mohamed_Seineldin/Mohamed_Seineldin_0001.jpg,0,0.99131906
Calbert_Cheaney/Calbert_Cheaney_0001.jpg,Ian_Smith/Ian_Smith_0001.jpg,0,0.96782827
Calbert_Cheaney/Calbert_Cheaney_0001.jpg,Robert_Downey_Jr/Robert_Downey_Jr_0001.jpg,0,0.96771348
Carl_Reiner/Carl_Reiner_0001.jpg,Hamid_Efendi/Hamid_Efendi_0001.jpg,0,0.97837943
Carl_Reiner/Carl_Reiner_0002.jpg,John_Engler/John_Engler_0001.jpg,0,0.96668118
Carl_Reiner/Carl_Reiner_0002.jpg,Prince_Rainier_III/Prince_Rainier_III_0001.jpg,0,0.99512172
Carl_Reiner/Carl_Reiner_0002.jpg,Tom_Glavine/Tom_Glavine_0002.jpg,0,0.98573267
Carlo_Azeglio_Ciampi/Carlo_Azeglio_Ciampi_0001.jpg,Francis_Ford_Coppola/Francis_Ford_Coppola_0001.jpg,0,0.97629404
Carlos_Arroyo/Carlos_Arroyo_0001.jpg,Shane_Phillips/Shane_Phillips_0001.jpg,0,0.97550148
Carlos_Paternina/Carlos_Paternina_0001.jpg,Emily_Stevens/Emily_Stevens_0001.jpg,0,0.97080863
Carlos_Paternina/Carlos_Paternina_0001.jpg,Paul_Sarbanes/Paul_Sarbanes_0001.jpg,0,0.95941854
Casey_Mears/Casey_Mears_0001.jpg,Mike_Davis/Mike_Davis_0001.jpg,0,0.97102529
Casey_Mears/Casey_Mears_0001.jpg,Yukiko_Okudo/Yukiko_Okudo_0001.jpg,0,0.98253131
Cathy_Freeman/Cathy_Freeman_0002.jpg,William_Martin/William_Martin_0002.jpg,0,0.96998334
Cecilia_Cheung/Cecilia_Cheung_0001.jpg,Daryl_Parks/Daryl_Parks_0001.jpg,0,0.97101021
Cecilia_Cheung/Cecilia_Cheung_0001.jpg,Pascal_Affi_Nguessan/Pascal_Affi_Nguessan_0001.jpg,0,0.96729982
Chen_Tsai-chin/Chen_Tsai-chin_0001.jpg,Dereck_Whittenburg/Dereck_Whittenburg_0001.jpg,0,0.99089402
Chen_Tsai-chin/Chen_Tsai-chin_0001.jpg,Mamdouh_Habib/Mamdouh_Habib_0001.jpg,0,0.97208315
Cho_Myung-kyun/Cho_Myung-kyun_0001.jpg,David_Bell/David_Bell_0001.jpg,0,0.97739339
Cho_Myung-kyun/Cho_Myung-kyun_0001.jpg,Fernando_Sanz/Fernando_Sanz_0001.jpg,0,0.98446959
Cho_Myung-kyun/Cho_Myung-kyun_0001.jpg,Georgia_Giddings/Georgia_Giddings_0001.jpg,0,0.98213780
Cho_Myung-kyun/Cho_Myung-kyun_0001.jpg,Richard_Fine/Richard_Fine_0001.jpg,0,0.98045385
Choi_Yun-yong/Choi_Yun-yong_0001.jpg,Chuck_Eidson/Chuck_Eidson_0001.jpg,0,0.96873617
Chris_Dodd/Chris_Dodd_0001.jpg,Taylor_Twellman/Taylor_Twellman_0001.jpg,0,0.97768986
Chris_Swecker/Chris_Swecker_0001.jpg,Tom_Vilsack/Tom_Vilsack_0001.jpg,0,0.97596222
Christian_Lacroix/Christian_Lacroix_0001.jpg,Laura_Elena_Harring/Laura_Elena_Harring_0001.jpg,0,0.96226621
Christian_Lacroix/Christian_Lacroix_0001.jpg,Ornella_Muti/Ornella_Muti_0001.jpg,0,0.97263515
Chuck_Eidson/Chuck_Eidson_0001.jpg,Sigourney_Weaver/Sigourney_Weaver_0001.jpg,0,0.96684599
Clare_Short/Clare_Short_0004.jpg,Don_Carcieri/Don_Carcieri_0001.jpg,0,0.98924065
Coco_dEste/Coco_dEste_0001.jpg,Darvis_Patton/Darvis_Patton_0001.jpg,0,0.96761131
Coco_dEste/Coco_dEste_0001.jpg,Melina_Kanakaredes/Melina_Kanakaredes_0001.jpg,0,0.98710692
Coco_dEste/Coco_dEste_0001.jpg,Tom_Rouen/Tom_Rouen_0001.jpg,0,0.96411991
Coleen_Rowley/Coleen_Rowley_0001.jpg,Nong_Duc_Manh/Nong_Duc_Manh_0001.jpg,0,0.96320802
Corinne_Coman/Corinne_Coman_0002.jpg,Frank_Beamer/Frank_Beamer_0001.jpg,0,0.95986545
Dale_Earnhardt_Jr/Dale_Earnhardt_Jr_0001.jpg,Nick_Reilly/Nick_Reilly_0001.jpg,0,0.98478472
Dario_Franchitti/Dario_Franchitti_0001.jpg,Henry_Castellanos/Henry_Castellanos_0001.jpg,0,0.98650336
Darren_Campel/Darren_Campel_0001.jpg,Hilary_McKay/Hilary_McKay_0001.jpg,0,0.96686637
Darvis_Patton/Darvis_Patton_0001.jpg,Gerard_Tronche/Gerard_Tronche_0001.jpg,0,0.96414196
Darvis_Patton/Darvis_Patton_0001.jpg,William_Macy/William_Macy_0004.jpg,0,0.97339928
Daryl_Parks/Daryl_Parks_0001.jpg,Guus_Hiddink/Guus_Hiddink_0001.jpg,0,0.97687590
Daryl_Sabara/Daryl_Sabara_0001.jpg,Nick_Reilly/Nick_Reilly_0001.jpg,0,0.97851562
Daryl_Sabara/Daryl_Sabara_0001.jpg,Valentina_Tereshkova/Valentina_Tereshkova_0001.jpg,0,0.98782748
Dave_Johnson/Dave_Johnson_0001.jpg,Howard_Stern/Howard_Stern_0001.jpg,0,0.98271590
Dave_Tucker/Dave_Tucker_0001.jpg,Gary_Gitnick/Gary_Gitnick_0001.jpg,0,0.98833340
David_Collenette/David_Collenette_0001.jpg,Salman_Khan/Salman_Khan_0001.jpg,0,0.97288269
David_Westerfield/David_Westerfield_0001.jpg,Stan_Kroenke/Stan_Kroenke_0001.jpg,0,0.98625189
Dean_Jacek/Dean_Jacek_0001.jpg,Larry_Wilmore/Larry_Wilmore_0001.jpg,0,0.98058844
Demi_Moore/Demi_Moore_0002.jpg,Fred_Thompson/Fred_Thompson_0001.jpg,0,0.96639663
Demi_Moore/Demi_Moore_0002.jpg,Linus_Roache/Linus_Roache_0001.jpg,0,0.97154534
Dereck_Whittenburg/Dereck_Whittenburg_0001.jpg,Lindsey_Graham/Lindsey_Graham_0002.jpg,0,0.97649413
Dianne_Reeves/Dianne_Reeves_0001.jpg,Larry_Wilmore/Larry_Wilmore_0001.jpg,0,0.98466933
Dianne_Reeves/Dianne_Reeves_0001.jpg,Romeo_Gigli/Romeo_Gigli_0001.jpg,0,0.96471035
Don_Carcieri/Don_Carcieri_0001.jpg,Janica_Kostelic/Janica_Kostelic_0001.jpg,0,0.96510214
Dora_Bakoyianni/Dora_Bakoyianni_0001.jpg,Richard_Sambrook/Richard_Sambrook_0002.jpg,0,0.96694821
Dora_Bakoyianni/Dora_Bakoyianni_0001.jpg,Saeb_Erekat/Saeb_Erekat_0002.jpg,0,0.96275496
Doris_Roberts/Doris_Roberts_0001.jpg,Nong_Duc_Manh/Nong_Duc_Manh_0001.jpg,0,0.96137738
Doug_Wilson/Doug_Wilson_0001.jpg,Szu_Yu_Chen/Szu_Yu_Chen_0001.jpg,0,0.96996433
Douglas_Gansler/Douglas_Gansler_0001.jpg,Martin_Brooke/Martin_Brooke_0001.jpg,0,0.97419441
Douglas_Gansler/Douglas_Gansler_0001.jpg,Ronald_Kadish/Ronald_Kadish_0001.jpg,0,0.97084248
Dwayne_Wade/Dwayne_Wade_0001.jpg,Mike_Farrar/Mike_Farrar_0001.jpg,0,0.96734965
Edward_Arsenault/Edward_Arsenault_0001.jpg,Jim_Hardin/Jim_Hardin_0001.jpg,0,0.97901392
Einars_Repse/Einars_Repse_0001.jpg,Minnie_Mendoza/Minnie_Mendoza_0001.jpg,0,0.97244537
Einars_Repse/Einars_Repse_0001.jpg,Tim_Blake_Nelson/Tim_Blake_Nelson_0001.jpg,0,0.98144495
Elinor_Caplan/Elinor_Caplan_0001.jpg,Hilary_McKay/Hilary_McKay_0001.jpg,0,0.98279417
Eliza_Dushku/Eliza_Dushku_0001.jpg,George_Lucas/George_Lucas_0001.jpg,0,0.96932757
Eliza_Dushku/Eliza_Dushku_0001.jpg,Itzhak_Perlman/Itzhak_Perlman_0001.jpg,0,0.96167338
Emily_Stevens/Emily_Stevens_0001.jpg,Janez_Drnovsek/Janez_Drnovsek_0001.jpg,0,0.96093720
Emmanuelle_Beart/Emmanuelle_Beart_0002.jpg,Phil_Jackson/Phil_Jackson_0001.jpg,0,0.96964204
Eric_Daze/Eric_Daze_0001.jpg,Sterling_Hitchcock/Sterling_Hitchcock_0001.jpg,0,0.98709530
Erika_Christensen/Erika_Christensen_0002.jpg,Michael_Dell/Michael_Dell_0001.jpg,0,0.96577203
Erika_Christensen/Erika_Christensen_0002.jpg,Woody_Allen/Woody_Allen_0002.jpg,0,0.97169650
Eriko_Tamura/Eriko_Tamura_0001.jpg,Georgia_Giddings/Georgia_Giddings_0001.jpg,0,0.98683518
Ernie_Grunfeld/Ernie_Grunfeld_0001.jpg,Frank_Coraci/Frank_Coraci_0001.jpg,0,0.98383135
Eugene_Melnyk/Eugene_Melnyk_0001.jpg,Mahima_Chaudhari/Mahima_Chaudhari_0001.jpg,0,0.96696121
Fatma_Kusibeh/Fatma_Kusibeh_0001.jpg,Lee_Baca/Lee_Baca_0001.jpg,0,0.96796477
Federico_Trillo/Federico_Trillo_0001.jpg,Jonathan_Woodgate/Jonathan_Woodgate_0001.jpg,0,0.96076047
Fernando_Alonso/Fernando_Alonso_0001.jpg,Sam_Brownback/Sam_Brownback_0001.jpg,0,0.96682799
Fernando_Sanz/Fernando_Sanz_0001.jpg,Miranda_Otto/Miranda_Otto_0001.jpg,0,0.96938151
Fernando_Sanz/Fernando_Sanz_0001.jpg,Roy_Moore/Roy_Moore_0001.jpg,0,0.96297717
Flor_Montulo/Flor_Montulo_0002.jpg,Juan_Pablo_Montoya/Juan_Pablo_Montoya_0001.jpg,0,0.97395217
Francisco_Garcia/Francisco_Garcia_0001.jpg,Marsha_Sharp/Marsha_Sharp_0001.jpg,0,0.96110523
Francois_Ozon/Francois_Ozon_0001.jpg,Makiya_Ali_Hassan/Makiya_Ali_Hassan_0001.jpg,0,0.98418593
Frank_Coraci/Frank_Coraci_0001.jpg,Tomoko_Hagiwara/Tomoko_Hagiwara_0002.jpg,0,0.97084105
Frank_Van_Ecke/Frank_Van_Ecke_0001.jpg,Tsutomu_Takebe/Tsutomu_Takebe_0001.jpg,0,0.98284721
Fred_Thompson/Fred_Thompson_0002.jpg,Helen_Alvare/Helen_Alvare_0001.jpg,0,0.96316952
Fred_Thompson/Fred_Thompson_0002.jpg,Sterling_Hitchcock/Sterling_Hitchcock_0001.jpg,0,0.96988034
Fred_Thompson/Fred_Thompson_0003.jpg,Magda_Kertasz/Magda_Kertasz_0001.jpg,0,0.96495461
Garry_Trudeau/Garry_Trudeau_0001.jpg,Pat_Riley/Pat_Riley_0001.jpg,0,0.97165716
Garry_Witherall/Garry_Witherall_0001.jpg,Howard_Stern/Howard_Stern_0001.jpg,0,0.98374420
Garry_Witherall/Garry_Witherall_0001.jpg,Ingrid_Betancourt/Ingrid_Betancourt_0001.jpg,0,0.96684182
Garry_Witherall/Garry_Witherall_0001.jpg,Martin_Keown/Martin_Keown_0001.jpg,0,0.97341156
Gary_Gero/Gary_Gero_0001.jpg,Kim_Hong-gul/Kim_Hong-gul_0001.jpg,0,0.97875392
Gary_Gero/Gary_Gero_0001.jpg,Phil_Gramm/Phil_Gramm_0001.jpg,0,0.97793579
Gavin_Degraw/Gavin_Degraw_0001.jpg,Jeffrey_Archer/Jeffrey_Archer_0001.jpg,0,0.96274865
Gene_Robinson/Gene_Robinson_0003.jpg,Martha_Bowen/Martha_Bowen_0002.jpg,0,0.96307617
Georgia_Giddings/Georgia_Giddings_0001.jpg,Mahima_Chaudhari/Mahima_Chaudhari_0001.jpg,0,0.98338574
Geovani_Lapentti/Geovani_Lapentti_0001.jpg,Rodney_Rempt/Rodney_Rempt_0001.jpg,0,0.96815252
Geovani_Lapentti/Geovani_Lapentti_0001.jpg,Sam_Brownback/Sam_Brownback_0001.jpg,0,0.97062707
Gerard_de_Cortanze/Gerard_de_Cortanze_0001.jpg,Mark_Wahlberg/Mark_Wahlberg_0001.jpg,0,0.95784622
Gian_Marco/Gian_Marco_0002.jpg,Kevin_Stallings/Kevin_Stallings_0002.jpg,0,0.98573369
Giancarlo_Fisichella/Giancarlo_Fisichella_0001.jpg,Maria_Callas/Maria_Callas_0001.jpg,0,0.95914453
Gideon_Yago/Gideon_Yago_0001.jpg,Natalie_Williams/Natalie_Williams_0001.jpg,0,0.96642721
Gideon_Yago/Gideon_Yago_0001.jpg,Paul_William_Hurley/Paul_William_Hurley_0001.jpg,0,0.98202693
Glenn_Plummer/Glenn_Plummer_0001.jpg,Maria_Garcia/Maria_Garcia_0001.jpg,0,0.96633595
Grant_Hackett/Grant_Hackett_0001.jpg,Todd_Robbins/Todd_Robbins_0001.jpg,0,0.98162770
Grant_Hackett/Grant_Hackett_0003.jpg,Milo_Djukanovic/Milo_Djukanovic_0003.jpg,0,0.98507953
Gray_Davis/Gray_Davis_0026.jpg,Karen_Lynn_Gorney/Karen_Lynn_Gorney_0001.jpg,0,0.96853876
Gregg_Popovich/Gregg_Popovich_0003.jpg,Vernon_Forrest/Vernon_Forrest_0001.jpg,0,0.97492123
Gregor_Gysi/Gregor_Gysi_0001.jpg,Tomoko_Hagiwara/Tomoko_Hagiwara_0001.jpg,0,0.96180642
Guy_Ritchie/Guy_Ritchie_0002.jpg,Herb_Dhaliwal/Herb_Dhaliwal_0001.jpg,0,0.97445166
Guy_Ritchie/Guy_Ritchie_0002.jpg,William_Macy/William_Macy_0001.jpg,0,0.99648666
Hamid_Efendi/Hamid_Efendi_0001.jpg,Jimmy_Carter/Jimmy_Carter_0008.jpg,0,0.97345698
Hamzah_Haz/Hamzah_Haz_0002.jpg,Hilary_McKay/Hilary_McKay_0001.jpg,0,0.96694732
Harald_Ringstorff/Harald_Ringstorff_0001.jpg,Pat_Riley/Pat_Riley_0001.jpg,0,0.98921251
Harald_Ringstorff/Harald_Ringstorff_0001.jpg,Romano_Prodi/Romano_Prodi_0006.jpg,0,0.99070483
Heather_Chinnock/Heather_Chinnock_0001.jpg,Jean-Francois_Lemounier/Jean-Francois_Lemounier_0001.jpg,0,0.97236025
Helen_Alvare/Helen_Alvare_0001.jpg,Milo_Djukanovic/Milo_Djukanovic_0001.jpg,0,0.96436059
Henry_Castellanos/Henry_Castellanos_0001.jpg,Pamela_Anderson/Pamela_Anderson_0004.jpg,0,0.96466970
Henry_Castellanos/Henry_Castellanos_0001.jpg,Tommy_Shane_Steiner/Tommy_Shane_Steiner_0001.jpg,0,0.96838289
Herb_Dhaliwal/Herb_Dhaliwal_0001.jpg,Hung_Wan-ting/Hung_Wan-ting_0001.jpg,0,0.96833748
Hilary_McKay/Hilary_McKay_0001.jpg,Kevin_Millwood/Kevin_Millwood_0001.jpg,0,0.96031380
Howard_Stern/Howard_Stern_0001.jpg,Maria_Callas/Maria_Callas_0001.jpg,0,0.95999873
Hugo_Chavez/Hugo_Chavez_0033.jpg,Karen_Lynn_Gorney/Karen_Lynn_Gorney_0001.jpg,0,0.96963608
Hugo_Chavez/Hugo_Chavez_0060.jpg,Steve_Shiver/Steve_Shiver_0001.jpg,0,0.98060679
Imam_Samudra/Imam_Samudra_0001.jpg,Ivana_Trump/Ivana_Trump_0001.jpg,0,0.96650267
Imelda_Marcos/Imelda_Marcos_0001.jpg,Patty_Schnyder/Patty_Schnyder_0004.jpg,0,0.97127599
Jack_Smith/Jack_Smith_0001.jpg,Mary_Jo_Myers/Mary_Jo_Myers_0001.jpg,0,0.96152890
James_Caan/James_Caan_0002.jpg,Paul_Sarbanes/Paul_Sarbanes_0002.jpg,0,0.99297965
James_Comey/James_Comey_0001.jpg,Juan_Carlos_Morales/Juan_Carlos_Morales_0001.jpg,0,0.97686023
James_Comey/James_Comey_0001.jpg,Paul_William_Hurley/Paul_William_Hurley_0001.jpg,0,0.98065180
Jamling_Norgay/Jamling_Norgay_0001.jpg,Zico/Zico_0002.jpg,0,0.96608239
Jan_Pronk/Jan_Pronk_0001.jpg,Kim_Dong-hwa/Kim_Dong-hwa_0001.jpg,0,0.96676517
Janez_Drnovsek/Janez_Drnovsek_0001.jpg,Sterling_Hitchcock/Sterling_Hitchcock_0001.jpg,0,0.97162539
Janica_Kostelic/Janica_Kostelic_0002.jpg,Yasushi_Akashi/Yasushi_Akashi_0001.jpg,0,0.96897423
Janice_Abreu/Janice_Abreu_0001.jpg,Kevin_Sorbo/Kevin_Sorbo_0001.jpg,0,0.96666241
Jeffrey_Ashby/Jeffrey_Ashby_0001.jpg,Michael_Dell/Michael_Dell_0001.jpg,0,0.97658706
Jennifer_Garner/Jennifer_Garner_0006.jpg,Mike_Duke/Mike_Duke_0001.jpg,0,0.97219646
Jennifer_Renee_Short/Jennifer_Renee_Short_0001.jpg,Taylor_Twellman/Taylor_Twellman_0001.jpg,0,0.95912075
Jerry_Seinfeld/Jerry_Seinfeld_0001.jpg,Tim_Blake_Nelson/Tim_Blake_Nelson_0001.jpg,0,0.98468941
Jerry_Tarkanian/Jerry_Tarkanian_0001.jpg,Thomas_Rupprath/Thomas_Rupprath_0001.jpg,0,0.96587265
Jessica_Lange/Jessica_Lange_0002.jpg,Sedigh_Barmak/Sedigh_Barmak_0001.jpg,0,0.95198286
Jim_Freudenberg/Jim_Freudenberg_0001.jpg,Nigel_Redden/Nigel_Redden_0001.jpg,0,0.97006869
Jim_Freudenberg/Jim_Freudenberg_0001.jpg,Tina_Pisnik/Tina_Pisnik_0001.jpg,0,0.97076297
Jim_Haslett/Jim_Haslett_0001.jpg,Tsutomu_Takebe/Tsutomu_Takebe_0001.jpg,0,0.97306943
Jim_Otto/Jim_Otto_0001.jpg,Rafiq_Hariri/Rafiq_Hariri_0001.jpg,0,0.96821606
Jimmy_Gurule/Jimmy_Gurule_0001.jpg,Terry_McAuliffe/Terry_McAuliffe_0001.jpg,0,0.98064065
Jodie_Foster/Jodie_Foster_0003.jpg,Joe_Pantoliano/Joe_Pantoliano_0001.jpg,0,0.96226501
John_Herrington/John_Herrington_0001.jpg,Luis_Ernesto_Derbez_Bautista/Luis_Ernesto_Derbez_Bautista_0002.jpg,0,0.97193944
John_Richardson/John_Richardson_0001.jpg,Yasushi_Akashi/Yasushi_Akashi_0001.jpg,0,0.97067785
John_Snow/John_Snow_0017.jpg,Se_Hyuk_Joo/Se_Hyuk_Joo_0001.jpg,0,0.96821487
Jonathan_Arden/Jonathan_Arden_0001.jpg,Joseph_Ralston/Joseph_Ralston_0001.jpg,0,0.97281593
Jorge_Castaneda/Jorge_Castaneda_0001.jpg,Robert_Fico/Robert_Fico_0001.jpg,0,0.97034919
Jose_Rosado/Jose_Rosado_0001.jpg,Micky_Arison/Micky_Arison_0001.jpg,0,0.96881312
Joseph_Blatter/Joseph_Blatter_0001.jpg,Ronald_Kadish/Ronald_Kadish_0001.jpg,0,0.97892940
Joseph_Ralston/Joseph_Ralston_0002.jpg,Juan_Pablo_Montoya/Juan_Pablo_Montoya_0005.jpg,0,0.97069776
Joseph_Ralston/Joseph_Ralston_0002.jpg,Yoshiyuki_Kamei/Yoshiyuki_Kamei_0001.jpg,0,0.97596133
Juliette_Binoche/Juliette_Binoche_0001.jpg,Matthew_Broderick/Matthew_Broderick_0003.jpg,0,0.96833885
Julio_De_Brun/Julio_De_Brun_0001.jpg,Patty_Schnyder/Patty_Schnyder_0001.jpg,0,0.96092427
Julio_De_Brun/Julio_De_Brun_0001.jpg,Vernon_Forrest/Vernon_Forrest_0001.jpg,0,0.97892272
Justin_Guarini/Justin_Guarini_0002.jpg,Prince_Edward/Prince_Edward_0001.jpg,0,0.97021109
Kate_Winslet/Kate_Winslet_0002.jpg,Mike_Duke/Mike_Duke_0001.jpg,0,0.97096401
Katie_Wagner/Katie_Wagner_0001.jpg,Stan_Kroenke/Stan_Kroenke_0001.jpg,0,0.97556829
Keith_Lowen/Keith_Lowen_0001.jpg,Robert_Evans/Robert_Evans_0002.jpg,0,0.98278093
Keith_Lowen/Keith_Lowen_0001.jpg,Silvia_Farina_Elia/Silvia_Farina_Elia_0002.jpg,0,0.95589733
Ken_Loach/Ken_Loach_0001.jpg,Taku_Yamasaki/Taku_Yamasaki_0001.jpg,0,0.97414076
Kevin_Crane/Kevin_Crane_0001.jpg,Mike_Krzyzewski/Mike_Krzyzewski_0002.jpg,0,0.97385168
Kevin_Millwood/Kevin_Millwood_0001.jpg,Mitchell_Crooks/Mitchell_Crooks_0001.jpg,0,0.97983253
Kim_Clijsters/Kim_Clijsters_0004.jpg,Martin_Short/Martin_Short_0001.jpg,0,0.96914756
Kim_Hong-gul/Kim_Hong-gul_0001.jpg,Milo_Djukanovic/Milo_Djukanovic_0003.jpg,0,0.97317553
Kim_Jong-Il/Kim_Jong-Il_0003.jpg,Rick_Reed/Rick_Reed_0001.jpg,0,0.97383821
Lance_Armstrong/Lance_Armstrong_0009.jpg,Maria_Garcia/Maria_Garcia_0001.jpg,0,0.96745551
Laurent_Jalabert/Laurent_Jalabert_0002.jpg,Vincent_Gallo/Vincent_Gallo_0001.jpg,0,0.98320794
Leon_LaPorte/Leon_LaPorte_0001.jpg,Ted_Williams/Ted_Williams_0001.jpg,0,0.99087429
Leon_LaPorte/Leon_LaPorte_0001.jpg,Tommy_Thompson/Tommy_Thompson_0005.jpg,0,0.98249966
Leonardo_Fernandez/Leonardo_Fernandez_0001.jpg,Romano_Prodi/Romano_Prodi_0007.jpg,0,0.97453225
Leticia_Dolera/Leticia_Dolera_0001.jpg,Tom_Glavine/Tom_Glavine_0001.jpg,0,0.98774695
Lorraine_Bracco/Lorraine_Bracco_0001.jpg,Momcilo_Perisic/Momcilo_Perisic_0001.jpg,0,0.96124876
Luis_Ernesto_Derbez_Bautista/Luis_Ernesto_Derbez_Bautista_0001.jpg,Tyra_Banks/Tyra_Banks_0001.jpg,0,0.96818650
Maria_Burks/Maria_Burks_0001.jpg,Todd_Parrott/Todd_Parrott_0001.jpg,0,0.95999718
Mario_Lemieux/Mario_Lemieux_0001.jpg,Stan_Kroenke/Stan_Kroenke_0001.jpg,0,0.98747367
Mark_Everson/Mark_Everson_0001.jpg,Martin_Sheen/Martin_Sheen_0002.jpg,0,0.99029022
Marquier_Montano_Contreras/Marquier_Montano_Contreras_0001.jpg,SJ_Twu/SJ_Twu_0001.jpg,0,0.96871924
Marsha_Sharp/Marsha_Sharp_0001.jpg,Steve_Shiver/Steve_Shiver_0001.jpg,0,0.96538377
Martin_Cauchon/Martin_Cauchon_0002.jpg,Vitali_Klitschko/Vitali_Klitschko_0003.jpg,0,0.98096418
Martin_Hoellwarth/Martin_Hoellwarth_0002.jpg,Mary_Katherine_Smart/Mary_Katherine_Smart_0001.jpg,0,0.97488117
Martina_Hingis/Martina_Hingis_0001.jpg,Terry_McAuliffe/Terry_McAuliffe_0002.jpg,0,0.95809293
Melina_Kanakaredes/Melina_Kanakaredes_0001.jpg,Ornella_Muti/Ornella_Muti_0001.jpg,0,0.98768151
Michael_Dell/Michael_Dell_0001.jpg,Mike_Duke/Mike_Duke_0001.jpg,0,0.96386480
Michael_Dell/Michael_Dell_0001.jpg,Nigel_Redden/Nigel_Redden_0001.jpg,0,0.95721495
Michael_Richards/Michael_Richards_0001.jpg,Silvia_Farina_Elia/Silvia_Farina_Elia_0003.jpg,0,0.96331829
Milan_Kucan/Milan_Kucan_0001.jpg,Salman_Khan/Salman_Khan_0001.jpg,0,0.96937644
Nancy_Kerrigan/Nancy_Kerrigan_0001.jpg,Sam_Brownback/Sam_Brownback_0001.jpg,0,0.97094452
Naomi_Campbell/Naomi_Campbell_0001.jpg,Tom_Ridge/Tom_Ridge_0016.jpg,0,0.97771317
Nina_Jacobson/Nina_Jacobson_0001.jpg,Portia_de_Rossi/Portia_de_Rossi_0001.jpg,0,0.98433030
Noah_Wyle/Noah_Wyle_0003.jpg,Robbie_Coltrane/Robbie_Coltrane_0001.jpg,0,0.97670418
Nora_Bendijo/Nora_Bendijo_0001.jpg,William_Martin/William_Martin_0002.jpg,0,0.96275806
Nursultan_Nazarbayev/Nursultan_Nazarbayev_0001.jpg,Robert_Bonner/Robert_Bonner_0001.jpg,0,0.98654532
Pascal_Affi_Nguessan/Pascal_Affi_Nguessan_0001.jpg,Tom_Moss/Tom_Moss_0001.jpg,0,0.96757072
Pat_Summitt/Pat_Summitt_0001.jpg,Paul_Celluci/Paul_Celluci_0001.jpg,0,0.96153080
Patty_Schnyder/Patty_Schnyder_0003.jpg,Pernilla_Bjorn/Pernilla_Bjorn_0001.jpg,0,0.99170554
Patty_Schnyder/Patty_Schnyder_0003.jpg,Prince_Philippe/Prince_Philippe_0001.jpg,0,0.97858262
Patty_Schnyder/Patty_Schnyder_0004.jpg,Ricardo_Lagos/Ricardo_Lagos_0025.jpg,0,0.96185303
Pervez_Musharraf/Pervez_Musharraf_0003.jpg,Richard_Rodriguez/Richard_Rodriguez_0001.jpg,0,0.97649360
Phil_Gramm/Phil_Gramm_0002.jpg,Stefan_Tafrov/Stefan_Tafrov_0001.jpg,0,0.96784890
Rachel_Kempson/Rachel_Kempson_0001.jpg,Zorica_Radovic/Zorica_Radovic_0001.jpg,0,0.98143506
Rachel_Roy/Rachel_Roy_0001.jpg,Steve_Shiver/Steve_Shiver_0001.jpg,0,0.97550166
Richard_Fine/Richard_Fine_0001.jpg,Richard_Rodriguez/Richard_Rodriguez_0001.jpg,0,0.96836412
Rick_Reed/Rick_Reed_0001.jpg,Ruth_Bader_Ginsburg/Ruth_Bader_Ginsburg_0001.jpg,0,0.96524203
Robbie_Naish/Robbie_Naish_0001.jpg,Zhong_Nanshan/Zhong_Nanshan_0001.jpg,0,0.96083975
Robert_Bonner/Robert_Bonner_0002.jpg,Vincent_Brooks/Vincent_Brooks_0002.jpg,0,0.96930605
Robert_Downey_Jr/Robert_Downey_Jr_0001.jpg,Tommy_Shane_Steiner/Tommy_Shane_Steiner_0001.jpg,0,0.97363150
Robert_Evans/Robert_Evans_0001.jpg,Todd_Robbins/Todd_Robbins_0001.jpg,0,0.97998041
Romeo_Gigli/Romeo_Gigli_0001.jpg,Tom_Harkin/Tom_Harkin_0004.jpg,0,0.97672284
Saeb_Erekat/Saeb_Erekat_0001.jpg,Tom_Coverdale/Tom_Coverdale_0002.jpg,0,0.96735668
Se_Hyuk_Joo/Se_Hyuk_Joo_0001.jpg,Tom_Rouen/Tom_Rouen_0001.jpg,0,0.98426753
Sergio_Garcia/Sergio_Garcia_0002.jpg,Thomas_Watjen/Thomas_Watjen_0001.jpg,0,0.97176558
Simon_Yam/Simon_Yam_0001.jpg,Terry_McAuliffe/Terry_McAuliffe_0003.jpg,0,0.97373831
Simon_Yam/Simon_Yam_0001.jpg,Tommy_Haas/Tommy_Haas_0005.jpg,0,0.98558968
Stan_Kroenke/Stan_Kroenke_0001.jpg,William_Hyde/William_Hyde_0001.jpg,0,0.98389423
Steve_Ballmer/Steve_Ballmer_0001.jpg,Tina_Pisnik/Tina_Pisnik_0001.jpg,0,0.97462744
Steve_Ballmer/Steve_Ballmer_0002.jpg,Vincent_Gallo/Vincent_Gallo_0003.jpg,0,0.96070480
Steve_Shiver/Steve_Shiver_0001.jpg,Thomas_Rupprath/Thomas_Rupprath_0003.jpg,0,0.97899687
Tina_Fey/Tina_Fey_0001.jpg,Todd_Parrott/Todd_Parrott_0001.jpg,0,0.95326132
Adolfo_Rodriguez_Saa/Adolfo_Rodriguez_Saa_0001.jpg,Dave_Odom/Dave_Odom_0001.jpg,0,0.96939182
Adolfo_Rodriguez_Saa/Adolfo_Rodriguez_Saa_0001.jpg,Nancy_Powell/Nancy_Powell_0001.jpg,0,0.97612536
Adrien_Brody/Adrien_Brody_0003.jpg,Damon_Dash/Damon_Dash_0001.jpg,0,0.97026569
Ahmed_Ahmed/Ahmed_Ahmed_0001.jpg,Mike_Smith/Mike_Smith_0001.jpg,0,0.98341340
Al_Sharpton/Al_Sharpton_0005.jpg,Cole_Chapman/Cole_Chapman_0001.jpg,0,0.96914554
Alberto_Sordi/Alberto_Sordi_0001.jpg,James_Cameron/James_Cameron_0002.jpg,0,0.99052119
Alejandro_Lerner/Alejandro_Lerner_0001.jpg,Jesper_Parnevik/Jesper_Parnevik_0001.jpg,0,0.97807467
Alejandro_Lerner/Alejandro_Lerner_0001.jpg,TA_McLendon/TA_McLendon_0001.jpg,0,0.96907705
Alex_Penelas/Alex_Penelas_0001.jpg,Robin_Johansen/Robin_Johansen_0001.jpg,0,0.98695797
Alex_Penelas/Alex_Penelas_0002.jpg,Gretchen_Mol/Gretchen_Mol_0001.jpg,0,0.98119307
Alexandra_Stevenson/Alexandra_Stevenson_0003.jpg,Ronde_Barber/Ronde_Barber_0001.jpg,0,0.97369248
Ali_Adbul_Karim_Madani/Ali_Adbul_Karim_Madani_0001.jpg,Carey_Lowell/Carey_Lowell_0001.jpg,0,0.96288371
Ali_Mohammed_Maher/Ali_Mohammed_Maher_0001.jpg,Isabela_Moraes/Isabela_Moraes_0001.jpg,0,0.96884507
Ali_Mohammed_Maher/Ali_Mohammed_Maher_0001.jpg,Isidro_Pastor/Isidro_Pastor_0001.jpg,0,0.96770960
Alicia_Silverstone/Alicia_Silverstone_0002.jpg,Jennifer_Thompson/Jennifer_Thompson_0001.jpg,0,0.99289834
Alicia_Silverstone/Alicia_Silverstone_0002.jpg,Jonathan_Tiomkin/Jonathan_Tiomkin_0001.jpg,0,0.97344750
Alicia_Silverstone/Alicia_Silverstone_0002.jpg,Serge_Tchuruk/Serge_Tchuruk_0001.jpg,0,0.96005321
Andre_Agassi/Andre_Agassi_0031.jpg,Boris_Jordan/Boris_Jordan_0001.jpg,0,0.97917712
Andre_Techine/Andre_Techine_0001.jpg,Lloyd_Richards/Lloyd_Richards_0001.jpg,0,0.96029180
Andy_Benes/Andy_Benes_0001.jpg,Doug_Moe/Doug_Moe_0001.jpg,0,0.98101878
Andy_Benes/Andy_Benes_0001.jpg,Mitar_Rasevic/Mitar_Rasevic_0001.jpg,0,0.97205061
Andy_Bryant/Andy_Bryant_0001.jpg,Mike_Slive/Mike_Slive_0001.jpg,0,0.98799020
Anna_Kournikova/Anna_Kournikova_0008.jpg,Colin_Farrell/Colin_Farrell_0001.jpg,0,0.96819878
Anne_ONeil/Anne_ONeil_0001.jpg,Sophie/Sophie_0001.jpg,0,0.96967709
Anthony_Lee_Johnson/Anthony_Lee_Johnson_0001.jpg,Dave_Williams/Dave_Williams_0001.jpg,0,0.97193152
Arnold_Palmer/Arnold_Palmer_0001.jpg,Stephanie_Zimbalist/Stephanie_Zimbalist_0001.jpg,0,0.96558321
Arnold_Palmer/Arnold_Palmer_0003.jpg,Charles_Kartman/Charles_Kartman_0001.jpg,0,0.95726484
Aron_Ralston/Aron_Ralston_0001.jpg,Bill_Fennelly/Bill_Fennelly_0001.jpg,0,0.99456400
Bart_Hendricks/Bart_Hendricks_0001.jpg,Philippe_Noiret/Philippe_Noiret_0001.jpg,0,0.97209811
Ben_Kingsley/Ben_Kingsley_0001.jpg,Daryl_Hannah/Daryl_Hannah_0001.jpg,0,0.96330631
Ben_Kingsley/Ben_Kingsley_0001.jpg,Jean_Nagel/Jean_Nagel_0001.jpg,0,0.96616369
Ben_Kingsley/Ben_Kingsley_0001.jpg,Perry_Farrell/Perry_Farrell_0001.jpg,0,0.95559096
Benjamin_Neulander/Benjamin_Neulander_0001.jpg,Robin_Tunney/Robin_Tunney_0001.jpg,0,0.96486628
Bernardo_Segura/Bernardo_Segura_0001.jpg,Debra_Shank/Debra_Shank_0001.jpg,0,0.98509002
Bernardo_Segura/Bernardo_Segura_0002.jpg,Douglas_Paal/Douglas_Paal_0001.jpg,0,0.96750551
Bernardo_Segura/Bernardo_Segura_0002.jpg,Jeanette_Stauffer/Jeanette_Stauffer_0001.jpg,0,0.95851445
Bill_Pryor/Bill_Pryor_0001.jpg,Ronde_Barber/Ronde_Barber_0001.jpg,0,0.96502936
Bob_Melvin/Bob_Melvin_0001.jpg,Richard_Hamilton/Richard_Hamilton_0001.jpg,0,0.96557546
Bob_Stoops/Bob_Stoops_0003.jpg,Wayne_Allard/Wayne_Allard_0001.jpg,0,0.97342533
Bobby_Jackson/Bobby_Jackson_0001.jpg,Bruce_Gebhardt/Bruce_Gebhardt_0001.jpg,0,0.96583545
Bobby_Jackson/Bobby_Jackson_0001.jpg,JP_Suarez/JP_Suarez_0001.jpg,0,0.96241271
Bobby_Jackson/Bobby_Jackson_0001.jpg,Madge_Overhouse/Madge_Overhouse_0001.jpg,0,0.96867698
Bobby_Jackson/Bobby_Jackson_0001.jpg,Nicola_Wells/Nicola_Wells_0001.jpg,0,0.96854407
Bobby_Robson/Bobby_Robson_0001.jpg,Rollie_Massimino/Rollie_Massimino_0001.jpg,0,0.98475623
Bode_Miller/Bode_Miller_0001.jpg,David_Howard/David_Howard_0001.jpg,0,0.98512924
Bode_Miller/Bode_Miller_0001.jpg,Steffi_Graf/Steffi_Graf_0001.jpg,0,0.96550858
Boris_Jordan/Boris_Jordan_0001.jpg,Kim_Weeks/Kim_Weeks_0001.jpg,0,0.97166353
Boris_Jordan/Boris_Jordan_0001.jpg,Vincent_Sombrotto/Vincent_Sombrotto_0001.jpg,0,0.98222911
Brad_Alexander_Smith/Brad_Alexander_Smith_0001.jpg,Jason_Alexander/Jason_Alexander_0002.jpg,0,0.97056365
Brad_Alexander_Smith/Brad_Alexander_Smith_0001.jpg,Kate_Lee/Kate_Lee_0001.jpg,0,0.97797328
Brad_Alexander_Smith/Brad_Alexander_Smith_0001.jpg,Tatiana_Gratcheva/Tatiana_Gratcheva_0001.jpg,0,0.98934770
Brandon_Webb/Brandon_Webb_0001.jpg,Helmut_Panke/Helmut_Panke_0001.jpg,0,0.97657394
Brandon_Webb/Brandon_Webb_0001.jpg,Larry_Hahn/Larry_Hahn_0001.jpg,0,0.97296739
Brandon_Webb/Brandon_Webb_0001.jpg,Ryan_Leaf/Ryan_Leaf_0001.jpg,0,0.98095894
Brennon_Leighton/Brennon_Leighton_0001.jpg,Laurel_Clark/Laurel_Clark_0001.jpg,0,0.98837668
Brett_Hawke/Brett_Hawke_0001.jpg,Teri_Files/Teri_Files_0001.jpg,0,0.96573323
Bruce_Gebhardt/Bruce_Gebhardt_0001.jpg,Jean-Luc_Bideau/Jean-Luc_Bideau_0001.jpg,0,0.96934891
Bruce_Gebhardt/Bruce_Gebhardt_0001.jpg,Masao_Azuma/Masao_Azuma_0001.jpg,0,0.96753854
Bryan_Cooley/Bryan_Cooley_0001.jpg,Katie_Harman/Katie_Harman_0003.jpg,0,0.97360289
Bryan_Murray/Bryan_Murray_0001.jpg,Eric_Schacht/Eric_Schacht_0001.jpg,0,0.98442936
Bryan_Murray/Bryan_Murray_0001.jpg,Mikhail_Youzhny/Mikhail_Youzhny_0001.jpg,0,0.98467481
Bryan_Murray/Bryan_Murray_0001.jpg,Mitchell_Daniels/Mitchell_Daniels_0002.jpg,0,0.98838997
Camille_Colvin/Camille_Colvin_0001.jpg,Irina_Yatchenko/Irina_Yatchenko_0001.jpg,0,0.98757100
Carey_Lowell/Carey_Lowell_0001.jpg,Charlie_Coles/Charlie_Coles_0001.jpg,0,0.96542722
Carl_Pope/Carl_Pope_0001.jpg,Larry_Hahn/Larry_Hahn_0001.jpg,0,0.97255695
Carolina_Barco/Carolina_Barco_0001.jpg,Daryl_Hannah/Daryl_Hannah_0001.jpg,0,0.97243524
Carolina_Barco/Carolina_Barco_0001.jpg,Lindsay_Davenport/Lindsay_Davenport_0022.jpg,0,0.96805984
Carolina_Barco/Carolina_Barco_0001.jpg,Norodom_Sihanouk/Norodom_Sihanouk_0001.jpg,0,0.96780455
Caroline_Kennedy/Caroline_Kennedy_0003.jpg,Henry_Suazo/Henry_Suazo_0001.jpg,0,0.96977127
Catherine_Bell/Catherine_Bell_0001.jpg,Guillaume_Cannet/Guillaume_Cannet_0001.jpg,0,0.97012568
Catherine_Zeta-Jones/Catherine_Zeta-Jones_0010.jpg,Pier_Ferdinando_Casini/Pier_Ferdinando_Casini_0001.jpg,0,0.97359246
Catherine_Zeta-Jones/Catherine_Zeta-Jones_0011.jpg,Hayley_Tullett/Hayley_Tullett_0002.jpg,0,0.98013592
Celso_Amorim/Celso_Amorim_0002.jpg,Juljia_Vysotskij/Juljia_Vysotskij_0001.jpg,0,0.96873045
Celso_Amorim/Celso_Amorim_0002.jpg,Kevin_Costner/Kevin_Costner_0001.jpg,0,0.96500880
Celso_Amorim/Celso_Amorim_0002.jpg,Thomas_Stewart/Thomas_Stewart_0001.jpg,0,0.97851658
Chanda_Rubin/Chanda_Rubin_0003.jpg,Richard_Tubb/Richard_Tubb_0001.jpg,0,0.96731961
Chante_Jawan_Mallard/Chante_Jawan_Mallard_0001.jpg,Stephen_Glassroth/Stephen_Glassroth_0001.jpg,0,0.96187937
Chante_Jawan_Mallard/Chante_Jawan_Mallard_0001.jpg,Vicente_Fox/Vicente_Fox_0023.jpg,0,0.95741439
Charles_Bronson/Charles_Bronson_0002.jpg,Hu_Jintao/Hu_Jintao_0004.jpg,0,0.98540044
Charles_Kartman/Charles_Kartman_0001.jpg,Debra_Shank/Debra_Shank_0001.jpg,0,0.96127141
Charles_Schumer/Charles_Schumer_0002.jpg,James_Watt/James_Watt_0001.jpg,0,0.98779476
Charles_Schumer/Charles_Schumer_0002.jpg,Justin_Gatlin/Justin_Gatlin_0002.jpg,0,0.98765635
Charles_Schumer/Charles_Schumer_0002.jpg,Lionel_Chalmers/Lionel_Chalmers_0001.jpg,0,0.98770994
Chris_Rock/Chris_Rock_0002.jpg,Dalai_Lama/Dalai_Lama_0001.jpg,0,0.97563469
Christine_Baumgartner/Christine_Baumgartner_0002.jpg,Vincent_Sombrotto/Vincent_Sombrotto_0001.jpg,0,0.96442783
Christine_Baumgartner/Christine_Baumgartner_0003.jpg,Lars_Burgsmuller/Lars_Burgsmuller_0001.jpg,0,0.96452624
Chyung_Dai-chul/Chyung_Dai-chul_0001.jpg,Dan_Reeves/Dan_Reeves_0001.jpg,0,0.98534608
Cindy_Moll/Cindy_Moll_0001.jpg,Daniel_Radcliffe/Daniel_Radcliffe_0003.jpg,0,0.97250986
Cindy_Moll/Cindy_Moll_0001.jpg,James_McPherson/James_McPherson_0001.jpg,0,0.96086007
Cindy_Moll/Cindy_Moll_0001.jpg,Robin_Johansen/Robin_Johansen_0001.jpg,0,0.97249365
Claire_De_Gryse/Claire_De_Gryse_0001.jpg,Deb_Santos/Deb_Santos_0001.jpg,0,0.99251330
Claire_Tomalin/Claire_Tomalin_0001.jpg,Steve_Case/Steve_Case_0001.jpg,0,0.96866357
Clay_Campbell/Clay_Campbell_0001.jpg,Leonardo_DiCaprio/Leonardo_DiCaprio_0002.jpg,0,0.98236692
Cole_Chapman/Cole_Chapman_0001.jpg,Marisol_Martinez_Sambran/Marisol_Martinez_Sambran_0001.jpg,0,0.97245753
Colin_Phillips/Colin_Phillips_0001.jpg,Ian_McKellen/Ian_McKellen_0003.jpg,0,0.98144948
Colin_Phillips/Colin_Phillips_0001.jpg,Lloyd_Richards/Lloyd_Richards_0001.jpg,0,0.96324921
Colin_Prescot/Colin_Prescot_0001.jpg,Laurie_Hobbs/Laurie_Hobbs_0001.jpg,0,0.96775174
Connie_Freydell/Connie_Freydell_0001.jpg,Tommy_Maddox/Tommy_Maddox_0001.jpg,0,0.96317405
Craig_OClair/Craig_OClair_0001.jpg,Steve_Avery/Steve_Avery_0001.jpg,0,0.96306431
Damarius_Bilbo/Damarius_Bilbo_0001.jpg,Juljia_Vysotskij/Juljia_Vysotskij_0001.jpg,0,0.97064716
Damon_Dash/Damon_Dash_0001.jpg,Henry_Suazo/Henry_Suazo_0001.jpg,0,0.99111193
Daniel_Comisso_Urdaneta/Daniel_Comisso_Urdaneta_0001.jpg,Larry_Ralston/Larry_Ralston_0001.jpg,0,0.96443617
Daniel_Radcliffe/Daniel_Radcliffe_0003.jpg,Diane_Green/Diane_Green_0002.jpg,0,0.97758496
Daniel_Radcliffe/Daniel_Radcliffe_0003.jpg,Rick_Barnes/Rick_Barnes_0002.jpg,0,0.97732735
Daniel_Radcliffe/Daniel_Radcliffe_0003.jpg,Vicente_Fox/Vicente_Fox_0032.jpg,0,0.97137260
Dany_Heatley/Dany_Heatley_0001.jpg,Richard_Parsons/Richard_Parsons_0001.jpg,0,0.96966505
Dany_Heatley/Dany_Heatley_0001.jpg,Terry_Hoeppner/Terry_Hoeppner_0001.jpg,0,0.97656393
Dave_Odom/Dave_Odom_0001.jpg,Maritza_Macias_Furano/Maritza_Macias_Furano_0001.jpg,0,0.97844815
David_Beckham/David_Beckham_0022.jpg,Laura_Morante/Laura_Morante_0001.jpg,0,0.98719990
David_Duval/David_Duval_0001.jpg,Philippe_Noiret/Philippe_Noiret_0002.jpg,0,0.97425377
David_Ho/David_Ho_0001.jpg,Doug_Moe/Doug_Moe_0001.jpg,0,0.97384584
David_Ho/David_Ho_0001.jpg,Erskine_Bowles/Erskine_Bowles_0001.jpg,0,0.98047590
David_Ho/David_Ho_0001.jpg,Evander_Holyfield/Evander_Holyfield_0001.jpg,0,0.96983212
David_Howard/David_Howard_0001.jpg,Hugo_Conte/Hugo_Conte_0001.jpg,0,0.98313868
Denzel_Washington/Denzel_Washington_0004.jpg,Henry_Suazo/Henry_Suazo_0001.jpg,0,0.99354410
Des_Brown/Des_Brown_0001.jpg,Eliott_Spitzer/Eliott_Spitzer_0001.jpg,0,0.97391069
Des_Brown/Des_Brown_0001.jpg,Svetislav_Pesic/Svetislav_Pesic_0001.jpg,0,0.99094862
Diana_Ross/Diana_Ross_0001.jpg,Rick_Rickert/Rick_Rickert_0001.jpg,0,0.95946932
Dianne_Feinstein/Dianne_Feinstein_0003.jpg,Dwayne_Johnson/Dwayne_Johnson_0002.jpg,0,0.96881032
Dick_Clark/Dick_Clark_0003.jpg,Manfred_Stolpe/Manfred_Stolpe_0001.jpg,0,0.97563761
Dino_Risi/Dino_Risi_0001.jpg,Gabriel_Farhi/Gabriel_Farhi_0001.jpg,0,0.97252977
Doc_Rivers/Doc_Rivers_0001.jpg,Melissa_Joan_Hart/Melissa_Joan_Hart_0001.jpg,0,0.96549761
Dominick_Dunne/Dominick_Dunne_0001.jpg,Nicoletta_Braschi/Nicoletta_Braschi_0001.jpg,0,0.96016288
Don_Flanagan/Don_Flanagan_0001.jpg,Ed_Sullivan/Ed_Sullivan_0001.jpg,0,0.97205365
Don_Flanagan/Don_Flanagan_0001.jpg,Ratna_Sari_Dewi_Sukarno/Ratna_Sari_Dewi_Sukarno_0001.jpg,0,0.96337366
Donald_Keyser/Donald_Keyser_0001.jpg,Salma_Hayek/Salma_Hayek_0002.jpg,0,0.96527565
Douglas_Paal/Douglas_Paal_0001.jpg,Ed_Sullivan/Ed_Sullivan_0001.jpg,0,0.97748089
Douglas_Paal/Douglas_Paal_0001.jpg,Richard_Hamilton/Richard_Hamilton_0001.jpg,0,0.97050834
Dusty_Baker/Dusty_Baker_0001.jpg,Saddam_Hussein/Saddam_Hussein_0002.jpg,0,0.97123039
Ed_Rendell/Ed_Rendell_0001.jpg,Jamie_Dimon/Jamie_Dimon_0001.jpg,0,0.96887493
Ed_Rendell/Ed_Rendell_0001.jpg,Richard_Cohen/Richard_Cohen_0001.jpg,0,0.95943213
Eddie_Murray/Eddie_Murray_0001.jpg,Kevin_Costner/Kevin_Costner_0007.jpg,0,0.96842706
Elaine_Stritch/Elaine_Stritch_0001.jpg,Richard_Parsons/Richard_Parsons_0001.jpg,0,0.96757996
Elena_Tihomirova/Elena_Tihomirova_0001.jpg,Mike_Slive/Mike_Slive_0001.jpg,0,0.95731163
Elena_Tihomirova/Elena_Tihomirova_0001.jpg,Mohammed_Abu_Sharia/Mohammed_Abu_Sharia_0001.jpg,0,0.95533019
Eric_Schacht/Eric_Schacht_0001.jpg,Jennifer_Keller/Jennifer_Keller_0002.jpg,0,0.96880716
Erik_Morales/Erik_Morales_0003.jpg,Werner_Schlager/Werner_Schlager_0001.jpg,0,0.97066450
Erin_Brockovich/Erin_Brockovich_0001.jpg,Henry_Suazo/Henry_Suazo_0001.jpg,0,0.96843964
Erin_Brockovich/Erin_Brockovich_0001.jpg,Mike_Carona/Mike_Carona_0001.jpg,0,0.96764302
Evan_Rachel_Wood/Evan_Rachel_Wood_0001.jpg,Sharon_Frey/Sharon_Frey_0001.jpg,0,0.98081392
Evander_Holyfield/Evander_Holyfield_0001.jpg,Julio_Rossi/Julio_Rossi_0001.jpg,0,0.97456682
Evander_Holyfield/Evander_Holyfield_0001.jpg,Michael_Jordan/Michael_Jordan_0003.jpg,0,0.99874079
Evander_Holyfield/Evander_Holyfield_0001.jpg,Mike_Carona/Mike_Carona_0001.jpg,0,0.97452933
Fatmir_Limaj/Fatmir_Limaj_0001.jpg,Todd_Haynes/Todd_Haynes_0004.jpg,0,0.95174652
Felicity_Huffman/Felicity_Huffman_0001.jpg,Nelson_Acosta/Nelson_Acosta_0001.jpg,0,0.95492840
Felipe_De_Borbon/Felipe_De_Borbon_0001.jpg,Jose_Bove/Jose_Bove_0001.jpg,0,0.95689529
Frank_Cassell/Frank_Cassell_0002.jpg,Jesper_Parnevik/Jesper_Parnevik_0001.jpg,0,0.97157085
Frank_Cassell/Frank_Cassell_0003.jpg,Ronde_Barber/Ronde_Barber_0001.jpg,0,0.96835583
Fred_Durst/Fred_Durst_0001.jpg,Marisol_Martinez_Sambran/Marisol_Martinez_Sambran_0001.jpg,0,0.96515286
Fred_Durst/Fred_Durst_0001.jpg,Shavon_Earp/Shavon_Earp_0001.jpg,0,0.96933103
Fujio_Cho/Fujio_Cho_0001.jpg,Javier_Vargas/Javier_Vargas_0001.jpg,0,0.98056698
Fujio_Cho/Fujio_Cho_0002.jpg,Tatsuya_Fuji/Tatsuya_Fuji_0001.jpg,0,0.97703207
Fujio_Cho/Fujio_Cho_0003.jpg,Michael_Brandon/Michael_Brandon_0001.jpg,0,0.98373461
Fujio_Cho/Fujio_Cho_0006.jpg,Olene_Walker/Olene_Walker_0001.jpg,0,0.97172618
Gabriel_Farhi/Gabriel_Farhi_0001.jpg,Lars_Burgsmuller/Lars_Burgsmuller_0001.jpg,0,0.95811844
Gao_Qiang/Gao_Qiang_0002.jpg,Kenneth_Brill/Kenneth_Brill_0001.jpg,0,0.96844918
Gary_Stevens/Gary_Stevens_0001.jpg,Wanda_Ilene_Barzee/Wanda_Ilene_Barzee_0001.jpg,0,0.98418427
Geoff_Hoon/Geoff_Hoon_0001.jpg,Osama_bin_Laden/Osama_bin_Laden_0003.jpg,0,0.96801716
Geoff_Hoon/Geoff_Hoon_0003.jpg,Richard_Tubb/Richard_Tubb_0001.jpg,0,0.98024535
Geoff_Hoon/Geoff_Hoon_0005.jpg,Thomas_Stewart/Thomas_Stewart_0001.jpg,0,0.98983210
George_Brumley/George_Brumley_0001.jpg,Manfred_Stolpe/Manfred_Stolpe_0001.jpg,0,0.99171925
George_Brumley/George_Brumley_0001.jpg,Ryan_Leaf/Ryan_Leaf_0001.jpg,0,0.96409285
George_Brumley/George_Brumley_0002.jpg,Sergei_Yushenkov/Sergei_Yushenkov_0001.jpg,0,0.98027527
George_Papandreou/George_Papandreou_0002.jpg,Tatiana_Panova/Tatiana_Panova_0001.jpg,0,0.97209328
George_Papandreou/George_Papandreou_0004.jpg,Larry_Lindsey/Larry_Lindsey_0002.jpg,0,0.97164643
George_Papandreou/George_Papandreou_0004.jpg,Paul_LeClerc/Paul_LeClerc_0001.jpg,0,0.97320294
Ghassan_Elashi/Ghassan_Elashi_0001.jpg,Rick_Rickert/Rick_Rickert_0001.jpg,0,0.96732599
Gloria_Allred/Gloria_Allred_0002.jpg,Roman_Tam/Roman_Tam_0001.jpg,0,0.96294713
Greg_Kinsey/Greg_Kinsey_0001.jpg,Priscilla_Presley/Priscilla_Presley_0001.jpg,0,0.96505034
Greg_Ostertag/Greg_Ostertag_0002.jpg,Kevin_Costner/Kevin_Costner_0006.jpg,0,0.98120415
Greg_Owen/Greg_Owen_0001.jpg,Mark_Sisk/Mark_Sisk_0001.jpg,0,0.97552145
Greg_Owen/Greg_Owen_0002.jpg,Mike_Smith/Mike_Smith_0001.jpg,0,0.95332050
Gretchen_Mol/Gretchen_Mol_0001.jpg,Isabella_Rossellini/Isabella_Rossellini_0002.jpg,0,0.98193395
Gunilla_Backman/Gunilla_Backman_0001.jpg,Kathleen_Abernathy/Kathleen_Abernathy_0001.jpg,0,0.96515256
Hanan_Ashrawi/Hanan_Ashrawi_0001.jpg,Mario_Kreutzberger/Mario_Kreutzberger_0002.jpg,0,0.96343613
Hans_Leistritz/Hans_Leistritz_0001.jpg,Saddam_Hussein/Saddam_Hussein_0018.jpg,0,0.97213989
Hans_Leistritz/Hans_Leistritz_0001.jpg,Sue_Grafton/Sue_Grafton_0001.jpg,0,0.95585930
Hans_Peter_Briegel/Hans_Peter_Briegel_0001.jpg,Theresa_May/Theresa_May_0002.jpg,0,0.96834725
Harriet_Lessy/Harriet_Lessy_0001.jpg,Mike_Carona/Mike_Carona_0001.jpg,0,0.95859766
Harry_Kalas/Harry_Kalas_0002.jpg,Joe_Strummer/Joe_Strummer_0001.jpg,0,0.97484255
Harry_Kalas/Harry_Kalas_0002.jpg,Lewis_Booth/Lewis_Booth_0001.jpg,0,0.99265689
Hayley_Tullett/Hayley_Tullett_0001.jpg,Ian_McKellen/Ian_McKellen_0001.jpg,0,0.97219086
Henry_Suazo/Henry_Suazo_0001.jpg,Ratna_Sari_Dewi_Sukarno/Ratna_Sari_Dewi_Sukarno_0001.jpg,0,0.97368103
Hernan_Crespo/Hernan_Crespo_0001.jpg,Ronde_Barber/Ronde_Barber_0001.jpg,0,0.96820939
Hiroyuki_Yoshino/Hiroyuki_Yoshino_0001.jpg,Rollie_Massimino/Rollie_Massimino_0001.jpg,0,0.98464292
Hu_Jintao/Hu_Jintao_0006.jpg,Jerome_Jenkins/Jerome_Jenkins_0001.jpg,0,0.97276878
Hugh_Jessiman/Hugh_Jessiman_0001.jpg,Solomon_Passy/Solomon_Passy_0001.jpg,0,0.97092819
Hugh_Jessiman/Hugh_Jessiman_0001.jpg,TA_McLendon/TA_McLendon_0001.jpg,0,0.99467653
Hugo_Conte/Hugo_Conte_0001.jpg,Laurent_Woulzy/Laurent_Woulzy_0001.jpg,0,0.96785814
Irina_Yatchenko/Irina_Yatchenko_0001.jpg,Katie_Harman/Katie_Harman_0002.jpg,0,0.97674012
Isidro_Pastor/Isidro_Pastor_0001.jpg,Mark_Butcher/Mark_Butcher_0001.jpg,0,0.97522217
Ismail_Merchant/Ismail_Merchant_0001.jpg,Mack_Brown/Mack_Brown_0002.jpg,0,0.97445899
Ismail_Merchant/Ismail_Merchant_0002.jpg,Kathleen_Abernathy/Kathleen_Abernathy_0001.jpg,0,0.95253122
Ivan_Helguera/Ivan_Helguera_0001.jpg,William_Donaldson/William_Donaldson_0004.jpg,0,0.97930044
Iveta_Benesova/Iveta_Benesova_0001.jpg,Jacques_Chirac/Jacques_Chirac_0050.jpg,0,0.97014272
Jacques_Chirac/Jacques_Chirac_0020.jpg,Tzipora_Obziler/Tzipora_Obziler_0001.jpg,0,0.97258294
Jacques_Chirac/Jacques_Chirac_0035.jpg,Richard_Shelby/Richard_Shelby_0002.jpg,0,0.98600340
James_Cameron/James_Cameron_0001.jpg,Richard_Shelby/Richard_Shelby_0002.jpg,0,0.98484600
James_McGreevey/James_McGreevey_0001.jpg,Katie_Harman/Katie_Harman_0002.jpg,0,0.96642196
James_McGreevey/James_McGreevey_0001.jpg,Tzipora_Obziler/Tzipora_Obziler_0001.jpg,0,0.96596003
James_Sensenbrenner/James_Sensenbrenner_0001.jpg,Jimmy_Smits/Jimmy_Smits_0001.jpg,0,0.96553630
James_Sensenbrenner/James_Sensenbrenner_0001.jpg,Maria_Shkolnikova/Maria_Shkolnikova_0001.jpg,0,0.95944047
James_Watt/James_Watt_0001.jpg,Priscilla_Presley/Priscilla_Presley_0002.jpg,0,0.96822357
Jamie_Dimon/Jamie_Dimon_0001.jpg,Robert_Korzeniowski/Robert_Korzeniowski_0001.jpg,0,0.98394811
Jason_Alexander/Jason_Alexander_0001.jpg,Mike_Maroth/Mike_Maroth_0001.jpg,0,0.96582782
Jason_Alexander/Jason_Alexander_0001.jpg,Wayne_Allard/Wayne_Allard_0001.jpg,0,0.97430873
Jason_Kidd/Jason_Kidd_0007.jpg,Louisa_Baileche/Louisa_Baileche_0001.jpg,0,0.97017968
Javier_Vargas/Javier_Vargas_0001.jpg,Jesse_Helms/Jesse_Helms_0001.jpg,0,0.95996737
Jeanette_Gray/Jeanette_Gray_0001.jpg,Keith_Fotta/Keith_Fotta_0001.jpg,0,0.97728127
Jeanette_Stauffer/Jeanette_Stauffer_0001.jpg,Marie-Josee_Croze/Marie-Josee_Croze_0001.jpg,0,0.98175812
Jeffrey_Donaldson/Jeffrey_Donaldson_0001.jpg,Leonardo_DiCaprio/Leonardo_DiCaprio_0008.jpg,0,0.98027009
Jeffrey_Donaldson/Jeffrey_Donaldson_0001.jpg,Peter_Bacanovic/Peter_Bacanovic_0001.jpg,0,0.98922771
Jennifer_Connelly/Jennifer_Connelly_0004.jpg,Martin_Bandier/Martin_Bandier_0001.jpg,0,0.96965092
Jesper_Parnevik/Jesper_Parnevik_0001.jpg,Justin_Gatlin/Justin_Gatlin_0002.jpg,0,0.97451591
Jimmy_Smits/Jimmy_Smits_0001.jpg,Robin_Johansen/Robin_Johansen_0001.jpg,0,0.95662516
Jimmy_Smits/Jimmy_Smits_0001.jpg,Shane_Hmiel/Shane_Hmiel_0001.jpg,0,0.97036761
Joe_Crede/Joe_Crede_0001.jpg,Tom_DeLay/Tom_DeLay_0001.jpg,0,0.96738899
John_Burkett/John_Burkett_0001.jpg,Leonardo_DiCaprio/Leonardo_DiCaprio_0002.jpg,0,0.98744589
John_McKay/John_McKay_0001.jpg,Mary_Sue_Coleman/Mary_Sue_Coleman_0001.jpg,0,0.98440039
Johnny_Hallyday/Johnny_Hallyday_0001.jpg,Olene_Walker/Olene_Walker_0001.jpg,0,0.97952271
Jonathan_Tiomkin/Jonathan_Tiomkin_0001.jpg,Rita_Grande/Rita_Grande_0002.jpg,0,0.97523963
Jorge_Rodolfo_Canicoba_Corral/Jorge_Rodolfo_Canicoba_Corral_0001.jpg,Wayne_Allard/Wayne_Allard_0001.jpg,0,0.98473716
Jose_Bove/Jose_Bove_0001.jpg,Juergen_Trittin/Juergen_Trittin_0001.jpg,0,0.98893654
Juljia_Vysotskij/Juljia_Vysotskij_0001.jpg,Patrick_Coleman/Patrick_Coleman_0001.jpg,0,0.97773325
Kate_Lee/Kate_Lee_0001.jpg,Toshimitsu_Motegi/Toshimitsu_Motegi_0001.jpg,0,0.97846854
Kathie_Louise_Saunders/Kathie_Louise_Saunders_0001.jpg,Roberto_Lavagna/Roberto_Lavagna_0001.jpg,0,0.96932292
Kathie_Louise_Saunders/Kathie_Louise_Saunders_0001.jpg,Rosalyn_Carter/Rosalyn_Carter_0001.jpg,0,0.96276760
Kenneth_Branagh/Kenneth_Branagh_0001.jpg,Pinar_del_Rio/Pinar_del_Rio_0001.jpg,0,0.97768295
Kevin_Costner/Kevin_Costner_0005.jpg,Stephen_Glassroth/Stephen_Glassroth_0001.jpg,0,0.95737809
Khader_Rashid_Rahim/Khader_Rashid_Rahim_0001.jpg,Richard_Cohen/Richard_Cohen_0001.jpg,0,0.96291327
Khalid_Khannouchi/Khalid_Khannouchi_0001.jpg,Werner_Schlager/Werner_Schlager_0001.jpg,0,0.97515285
Kim_Su_Nam/Kim_Su_Nam_0001.jpg,Todd_Haynes/Todd_Haynes_0004.jpg,0,0.99157214
Kim_Weeks/Kim_Weeks_0001.jpg,Marie-Josee_Croze/Marie-Josee_Croze_0001.jpg,0,0.99121773
Kimora_Lee/Kimora_Lee_0001.jpg,Robin_Johansen/Robin_Johansen_0001.jpg,0,0.96871567
Kurt_Suzuki/Kurt_Suzuki_0001.jpg,Scott_Hoch/Scott_Hoch_0001.jpg,0,0.99436796
Larry_Lindsey/Larry_Lindsey_0001.jpg,Wanda_Ilene_Barzee/Wanda_Ilene_Barzee_0001.jpg,0,0.99304295
Larry_Ralston/Larry_Ralston_0001.jpg,Richard_Carl/Richard_Carl_0001.jpg,0,0.97587746
Larry_Ralston/Larry_Ralston_0001.jpg,William_Donaldson/William_Donaldson_0006.jpg,0,0.99118924
Larry_Ralston/Larry_Ralston_0001.jpg,Willie_Wilson/Willie_Wilson_0001.jpg,0,0.96860272
Laurel_Clark/Laurel_Clark_0001.jpg,Laurent_Woulzy/Laurent_Woulzy_0001.jpg,0,0.97213846
Laurel_Clark/Laurel_Clark_0001.jpg,Priscilla_Presley/Priscilla_Presley_0001.jpg,0,0.97518653
Leandrinho_Barbosa/Leandrinho_Barbosa_0001.jpg,Melissa_Joan_Hart/Melissa_Joan_Hart_0001.jpg,0,0.96658653
Leandrinho_Barbosa/Leandrinho_Barbosa_0001.jpg,Olene_Walker/Olene_Walker_0001.jpg,0,0.96691155
Leon_Barmore/Leon_Barmore_0001.jpg,Sachin_Tendulkar/Sachin_Tendulkar_0001.jpg,0,0.96671528
Leon_Barmore/Leon_Barmore_0001.jpg,Yusaku_Miyazato/Yusaku_Miyazato_0001.jpg,0,0.97777212
Leonard_Schrank/Leonard_Schrank_0001.jpg,Marie_Haghal/Marie_Haghal_0001.jpg,0,0.97231352
Leonard_Schrank/Leonard_Schrank_0001.jpg,Rick_Rickert/Rick_Rickert_0001.jpg,0,0.98403996
Linda_Franklin/Linda_Franklin_0001.jpg,Melissa_Joan_Hart/Melissa_Joan_Hart_0001.jpg,0,0.99244374
Lindsay_Davenport/Lindsay_Davenport_0001.jpg,Martin_Burnham/Martin_Burnham_0001.jpg,0,0.97161919
Lindsay_Davenport/Lindsay_Davenport_0017.jpg,Oxana_Fedorova/Oxana_Fedorova_0003.jpg,0,0.98792249
Lionel_Chalmers/Lionel_Chalmers_0001.jpg,Mohammad_Fares/Mohammad_Fares_0001.jpg,0,0.97581935
Lisa_Ling/Lisa_Ling_0002.jpg,Mike_Maroth/Mike_Maroth_0001.jpg,0,0.96700847
Lucy_Liu/Lucy_Liu_0003.jpg,Prince_William/Prince_William_0001.jpg,0,0.96458352
Maria_Luisa_Mendonca/Maria_Luisa_Mendonca_0002.jpg,Stephane_Delajoux/Stephane_Delajoux_0001.jpg,0,0.96141237
Maria_Luisa_Mendonca/Maria_Luisa_Mendonca_0002.jpg,Terunobu_Maeda/Terunobu_Maeda_0001.jpg,0,0.96357667
Maria_Shkolnikova/Maria_Shkolnikova_0001.jpg,Martin_Rodriguez/Martin_Rodriguez_0001.jpg,0,0.96748781
Mariana_Ohata/Mariana_Ohata_0001.jpg,Xavier_Malisse/Xavier_Malisse_0003.jpg,0,0.96004021
Mario_Kreutzberger/Mario_Kreutzberger_0001.jpg,Shavon_Earp/Shavon_Earp_0001.jpg,0,0.96109015
Mario_Kreutzberger/Mario_Kreutzberger_0002.jpg,Raul_Cubas/Raul_Cubas_0001.jpg,0,0.98178768
Maritza_Macias_Furano/Maritza_Macias_Furano_0001.jpg,Qusai_Hussein/Qusai_Hussein_0001.jpg,0,0.95092118
Mark_Butcher/Mark_Butcher_0001.jpg,Scott_Hoch/Scott_Hoch_0001.jpg,0,0.97246087
Mark_Sisk/Mark_Sisk_0001.jpg,Mehdi_Baala/Mehdi_Baala_0001.jpg,0,0.97552299
Mark_Sisk/Mark_Sisk_0001.jpg,Stephen_Swindal/Stephen_Swindal_0001.jpg,0,0.97021282
Masao_Azuma/Masao_Azuma_0001.jpg,Mikhail_Kalashnikov/Mikhail_Kalashnikov_0001.jpg,0,0.96990281
McGuire_Gibson/McGuire_Gibson_0001.jpg,Richard_Haass/Richard_Haass_0001.jpg,0,0.98860890
Mehdi_Baala/Mehdi_Baala_0001.jpg,Steve_Avery/Steve_Avery_0001.jpg,0,0.95486194
Melissa_Joan_Hart/Melissa_Joan_Hart_0001.jpg,Mikhail_Kalashnikov/Mikhail_Kalashnikov_0001.jpg,0,0.96948367
Melissa_Joan_Hart/Melissa_Joan_Hart_0001.jpg,Sue_Grafton/Sue_Grafton_0001.jpg,0,0.97032994
Michael_Brandon/Michael_Brandon_0001.jpg,Toshimitsu_Motegi/Toshimitsu_Motegi_0001.jpg,0,0.97670949
Michael_Shelby/Michael_Shelby_0001.jpg,Olene_Walker/Olene_Walker_0001.jpg,0,0.96806335
Michel_Kratochvil/Michel_Kratochvil_0001.jpg,Sheldon_Silver/Sheldon_Silver_0001.jpg,0,0.97303891
Mike_Eskew/Mike_Eskew_0001.jpg,Zarai_Toledo/Zarai_Toledo_0001.jpg,0,0.96889055
Mike_OConnell/Mike_OConnell_0001.jpg,Roberto_Lavagna/Roberto_Lavagna_0001.jpg,0,0.98143518
Mike_Sherman/Mike_Sherman_0001.jpg,Natalie_Maines/Natalie_Maines_0003.jpg,0,0.97053528
Mike_Sherman/Mike_Sherman_0001.jpg,Paige_Fitzgerald/Paige_Fitzgerald_0001.jpg,0,0.96989512
Milt_Heflin/Milt_Heflin_0001.jpg,Pier_Ferdinando_Casini/Pier_Ferdinando_Casini_0001.jpg,0,0.96656990
Nicholoas_DiMarzio/Nicholoas_DiMarzio_0001.jpg,Richard_Parsons/Richard_Parsons_0001.jpg,0,0.99232745
Nikki_McKibbin/Nikki_McKibbin_0001.jpg,Stephen_Swindal/Stephen_Swindal_0001.jpg,0,0.97631723
Nikki_McKibbin/Nikki_McKibbin_0001.jpg,Steven_Tyler/Steven_Tyler_0001.jpg,0,0.98485637
Osama_Al_Baz/Osama_Al_Baz_0001.jpg,Patricia_Wartusch/Patricia_Wartusch_0001.jpg,0,0.96597350
Osama_Al_Baz/Osama_Al_Baz_0001.jpg,Sandra_Day_OConner/Sandra_Day_OConner_0001.jpg,0,0.96611941
Patricia_Phillips/Patricia_Phillips_0001.jpg,Thierry_Falise/Thierry_Falise_0002.jpg,0,0.96549255
Paula_Locke/Paula_Locke_0001.jpg,Teri_Files/Teri_Files_0001.jpg,0,0.96507096
Peter_Bacanovic/Peter_Bacanovic_0002.jpg,Robert_Korzeniowski/Robert_Korzeniowski_0001.jpg,0,0.99164748
Pier_Ferdinando_Casini/Pier_Ferdinando_Casini_0001.jpg,Ratna_Sari_Dewi_Sukarno/Ratna_Sari_Dewi_Sukarno_0001.jpg,0,0.98153442
Priscilla_Presley/Priscilla_Presley_0002.jpg,Raul_Rivero/Raul_Rivero_0001.jpg,0,0.96462923
Raaf_Schefter/Raaf_Schefter_0001.jpg,Rick_Dinse/Rick_Dinse_0002.jpg,0,0.97954094
Richard_Sterner/Richard_Sterner_0001.jpg,Steven_Spielberg/Steven_Spielberg_0002.jpg,0,0.98715591
Rick_Dinse/Rick_Dinse_0002.jpg,Shavon_Earp/Shavon_Earp_0001.jpg,0,0.96946126
Roberto_Lavagna/Roberto_Lavagna_0001.jpg,Sandra_Bullock/Sandra_Bullock_0004.jpg,0,0.98235488
Rod_Stewart/Rod_Stewart_0001.jpg,Steffi_Graf/Steffi_Graf_0002.jpg,0,0.96084839
Rodolfo_Abalos/Rodolfo_Abalos_0001.jpg,Thierry_Falise/Thierry_Falise_0003.jpg,0,0.96434653
Roman_Tam/Roman_Tam_0001.jpg,Zalmay_Khalilzad/Zalmay_Khalilzad_0001.jpg,0,0.97036469
Scott_Hoch/Scott_Hoch_0001.jpg,Thomas_Stewart/Thomas_Stewart_0001.jpg,0,0.97977281
Seymour_Cassell/Seymour_Cassell_0001.jpg,Todd_Haynes/Todd_Haynes_0004.jpg,0,0.97042632
Shaun_Rusling/Shaun_Rusling_0001.jpg,Vincent_Sombrotto/Vincent_Sombrotto_0001.jpg,0,0.97144568
Sheldon_Silver/Sheldon_Silver_0001.jpg,Xavier_Malisse/Xavier_Malisse_0003.jpg,0,0.97032702
Stephane_Delajoux/Stephane_Delajoux_0001.jpg,Tristan_Gretzky/Tristan_Gretzky_0001.jpg,0,0.95402014
Takahiro_Mori/Takahiro_Mori_0001.jpg,Tony_Blair/Tony_Blair_0064.jpg,0,0.97524488
Thierry_Falise/Thierry_Falise_0002.jpg,Werner_Schlager/Werner_Schlager_0001.jpg,0,0.97433817
Abbas_Kiarostami/Abbas_Kiarostami_0001.jpg,Fujio_Mitarai/Fujio_Mitarai_0001.jpg,0,0.97378999
Abdullah/Abdullah_0001.jpg,Teresa_Heinz_Kerry/Teresa_Heinz_Kerry_0001.jpg,0,0.95495790
Abdullah/Abdullah_0003.jpg,Samuel_Waksal/Samuel_Waksal_0001.jpg,0,0.96591830
Abdullah/Abdullah_0004.jpg,Julio_Cesar_Franco/Julio_Cesar_Franco_0001.jpg,0,0.98361379
Abid_Hamid_Mahmud_Al-Tikriti/Abid_Hamid_Mahmud_Al-Tikriti_0001.jpg,Anjum_Hussain/Anjum_Hussain_0001.jpg,0,0.99281830
Abid_Hamid_Mahmud_Al-Tikriti/Abid_Hamid_Mahmud_Al-Tikriti_0002.jpg,Doris_Schroeder/Doris_Schroeder_0001.jpg,0,0.95937014
Adam_Freier/Adam_Freier_0001.jpg,Hillary_Clinton/Hillary_Clinton_0003.jpg,0,0.97003829
Adam_Freier/Adam_Freier_0001.jpg,Princess_Caroline/Princess_Caroline_0001.jpg,0,0.97634643
Adam_Freier/Adam_Freier_0001.jpg,Regina_Ip/Regina_Ip_0001.jpg,0,0.97282088
Alan_Ball/Alan_Ball_0001.jpg,Kristin_Scott_Thomas/Kristin_Scott_Thomas_0001.jpg,0,0.96803421
Alan_Ball/Alan_Ball_0002.jpg,Yuri_Malenchenko/Yuri_Malenchenko_0001.jpg,0,0.96835041
Albert_Costa/Albert_Costa_0006.jpg,Gary_Barnett/Gary_Barnett_0001.jpg,0,0.96456444
Albert_Costa/Albert_Costa_0006.jpg,John_Marburger/John_Marburger_0001.jpg,0,0.96180212
Albert_Costa/Albert_Costa_0006.jpg,Wen_Jiabao/Wen_Jiabao_0007.jpg,0,0.97175586
Alberta_Lee/Alberta_Lee_0001.jpg,Babe_Ruth/Babe_Ruth_0001.jpg,0,0.98131806
Alex_Popov/Alex_Popov_0001.jpg,Kent_Rominger/Kent_Rominger_0002.jpg,0,0.97358918
Alex_Popov/Alex_Popov_0001.jpg,Matthew_During/Matthew_During_0001.jpg,0,0.98700118
Ali_Khamenei/Ali_Khamenei_0002.jpg,Roberto_Canessa/Roberto_Canessa_0001.jpg,0,0.97929549
Amelia_Vega/Amelia_Vega_0001.jpg,Gina_Lollobrigida/Gina_Lollobrigida_0001.jpg,0,0.97894299
Amelia_Vega/Amelia_Vega_0005.jpg,Jim_Harrick/Jim_Harrick_0001.jpg,0,0.96728265
Amy_Pascal/Amy_Pascal_0001.jpg,Eduardo_Duhalde/Eduardo_Duhalde_0007.jpg,0,0.97831094
Amy_Pascal/Amy_Pascal_0001.jpg,Hank_Azaria/Hank_Azaria_0001.jpg,0,0.95545733
Amy_Pascal/Amy_Pascal_0001.jpg,John_Marburger/John_Marburger_0001.jpg,0,0.97007531
Amy_Redford/Amy_Redford_0001.jpg,Roman_Coppola/Roman_Coppola_0001.jpg,0,0.95991057
Amy_Redford/Amy_Redford_0001.jpg,Victor_Kraatz/Victor_Kraatz_0001.jpg,0,0.95815670
Anderson_Varejao/Anderson_Varejao_0001.jpg,Dennis_Oswald/Dennis_Oswald_0001.jpg,0,0.97004372
Anderson_Varejao/Anderson_Varejao_0001.jpg,Garth_Drabinsky/Garth_Drabinsky_0001.jpg,0,0.97470963
Andrei_Nikolishin/Andrei_Nikolishin_0001.jpg,Angelica_Romero/Angelica_Romero_0001.jpg,0,0.96555042
Andrew_Bernard/Andrew_Bernard_0001.jpg,Don_Nickles/Don_Nickles_0002.jpg,0,0.97408998
Andrew_Bernard/Andrew_Bernard_0001.jpg,Hassan_Wirajuda/Hassan_Wirajuda_0001.jpg,0,0.98743039
Andrew_Bernard/Andrew_Bernard_0001.jpg,Mark_Broxmeyer/Mark_Broxmeyer_0001.jpg,0,0.96765584
Andrew_Fastow/Andrew_Fastow_0001.jpg,Luca_Cordero_di_Montezemolo/Luca_Cordero_di_Montezemolo_0001.jpg,0,0.97714651
Andrew_Fastow/Andrew_Fastow_0001.jpg,Meghann_Shaughnessy/Meghann_Shaughnessy_0001.jpg,0,0.96836573
Andrew_Fastow/Andrew_Fastow_0001.jpg,Tomas_Malik/Tomas_Malik_0001.jpg,0,0.99059349
Andrew_Luster/Andrew_Luster_0001.jpg,Eric_Rosser/Eric_Rosser_0001.jpg,0,0.97127342
Andrew_Luster/Andrew_Luster_0001.jpg,Jose_Manuel_Durao_Barroso/Jose_Manuel_Durao_Barroso_0006.jpg,0,0.98417222
Andrew_Luster/Andrew_Luster_0001.jpg,Lisa_Murkowski/Lisa_Murkowski_0001.jpg,0,0.96648371
Anita_DeFrantz/Anita_DeFrantz_0001.jpg,Carla_Gay_Balingit/Carla_Gay_Balingit_0001.jpg,0,0.99490941
Anita_DeFrantz/Anita_DeFrantz_0001.jpg,Penny_Lancaster/Penny_Lancaster_0001.jpg,0,0.96903026
Anjum_Hussain/Anjum_Hussain_0001.jpg,David_Caraway/David_Caraway_0002.jpg,0,0.96783948
Anne_Cavers/Anne_Cavers_0001.jpg,James_Barksdale/James_Barksdale_0001.jpg,0,0.95228386
Anne_Cavers/Anne_Cavers_0001.jpg,Stephen_Oake/Stephen_Oake_0001.jpg,0,0.94831228
Anthony_Hazen/Anthony_Hazen_0001.jpg,Debra_Yang/Debra_Yang_0001.jpg,0,0.96482861
Antonio_Catania/Antonio_Catania_0001.jpg,Barry_Bonds/Barry_Bonds_0001.jpg,0,0.95918059
Antonio_Catania/Antonio_Catania_0001.jpg,Taylyn_Solomon/Taylyn_Solomon_0001.jpg,0,0.95775700
Aretha_Franklin/Aretha_Franklin_0001.jpg,Jean_Brumley/Jean_Brumley_0001.jpg,0,0.96604383
Aretha_Franklin/Aretha_Franklin_0001.jpg,Teruaki_Masumoto/Teruaki_Masumoto_0001.jpg,0,0.96855080
Art_Lopez/Art_Lopez_0001.jpg,Diane_Lane/Diane_Lane_0001.jpg,0,0.97083133
Arthur_Johnson/Arthur_Johnson_0001.jpg,Selma_Phoenix/Selma_Phoenix_0001.jpg,0,0.96812356
Arye_Mekel/Arye_Mekel_0002.jpg,Chung_Mong-joon/Chung_Mong-joon_0001.jpg,0,0.98287940
Arye_Mekel/Arye_Mekel_0002.jpg,Georgina_Papin/Georgina_Papin_0001.jpg,0,0.95687807
Babe_Ruth/Babe_Ruth_0001.jpg,Jim_Harrick/Jim_Harrick_0001.jpg,0,0.96297443
Babe_Ruth/Babe_Ruth_0001.jpg,Pete_Aldridge/Pete_Aldridge_0001.jpg,0,0.96664524
Barry_Bonds/Barry_Bonds_0001.jpg,James_Barksdale/James_Barksdale_0001.jpg,0,0.96240461
Barry_Bonds/Barry_Bonds_0001.jpg,Mickey_Sherman/Mickey_Sherman_0001.jpg,0,0.97483575
Barry_Switzer/Barry_Switzer_0001.jpg,Jiang_Zemin/Jiang_Zemin_0011.jpg,0,0.98141670
Barry_Switzer/Barry_Switzer_0001.jpg,Kirk_Ferentz/Kirk_Ferentz_0002.jpg,0,0.97256708
Bernard_Giraudeau/Bernard_Giraudeau_0001.jpg,Keira_Knightley/Keira_Knightley_0001.jpg,0,0.97500849
Bernard_Landry/Bernard_Landry_0003.jpg,Stacey_Jones/Stacey_Jones_0001.jpg,0,0.96415204
Bernard_Landry/Bernard_Landry_0004.jpg,Sylvia_Plachy/Sylvia_Plachy_0001.jpg,0,0.97876424
Biljana_Plavsic/Biljana_Plavsic_0001.jpg,Kieran_Prendergast/Kieran_Prendergast_0002.jpg,0,0.99008870
Bill_Cartwright/Bill_Cartwright_0001.jpg,Claude_Jorda/Claude_Jorda_0001.jpg,0,0.96815592
Bill_Lerach/Bill_Lerach_0001.jpg,Martin_Verkerk/Martin_Verkerk_0002.jpg,0,0.96683383
Bob_Hope/Bob_Hope_0001.jpg,Stanley_Ho/Stanley_Ho_0001.jpg,0,0.98050016
Bob_Hope/Bob_Hope_0005.jpg,Micah_Knorr/Micah_Knorr_0001.jpg,0,0.96367031
Bob_Hope/Bob_Hope_0005.jpg,Mitchell_Potter/Mitchell_Potter_0001.jpg,0,0.97924173
Bob_Menendez/Bob_Menendez_0001.jpg,David_Caraway/David_Caraway_0002.jpg,0,0.99108517
Bob_Menendez/Bob_Menendez_0001.jpg,Lauren_Hutton/Lauren_Hutton_0001.jpg,0,0.97159559
Bob_Riley/Bob_Riley_0001.jpg,Danny_Ainge/Danny_Ainge_0001.jpg,0,0.97852373
Bob_Riley/Bob_Riley_0001.jpg,Nastassia_Kinski/Nastassia_Kinski_0002.jpg,0,0.96118772
Bob_Riley/Bob_Riley_0001.jpg,Sheila_Wellstone/Sheila_Wellstone_0002.jpg,0,0.96807754
Brad_Wilk/Brad_Wilk_0001.jpg,Phil_Cline/Phil_Cline_0001.jpg,0,0.94970304
Brad_Wilk/Brad_Wilk_0001.jpg,Scott_Dalton/Scott_Dalton_0001.jpg,0,0.97844851
Brian_Grazier/Brian_Grazier_0001.jpg,Tomas_Malik/Tomas_Malik_0001.jpg,0,0.99318182
Brian_StPierre/Brian_StPierre_0001.jpg,Steve_Mariucci/Steve_Mariucci_0002.jpg,0,0.97859740
Cari_Davis/Cari_Davis_0001.jpg,Don_Henley/Don_Henley_0001.jpg,0,0.97070956
Cari_Davis/Cari_Davis_0001.jpg,Mark_Broxmeyer/Mark_Broxmeyer_0001.jpg,0,0.97322762
Carin_Koch/Carin_Koch_0001.jpg,John_Banko/John_Banko_0002.jpg,0,0.96205127
Carla_Gay_Balingit/Carla_Gay_Balingit_0001.jpg,Frank_Lautenberg/Frank_Lautenberg_0002.jpg,0,0.96377510
Carla_Gay_Balingit/Carla_Gay_Balingit_0001.jpg,Paula_Dobriansky/Paula_Dobriansky_0001.jpg,0,0.98702717
Carlos_Ruiz/Carlos_Ruiz_0001.jpg,Peter_Schultz/Peter_Schultz_0001.jpg,0,0.97158122
Carlos_Ruiz/Carlos_Ruiz_0003.jpg,Jennifer_Tilly/Jennifer_Tilly_0001.jpg,0,0.97133911
Carly_Fiorina/Carly_Fiorina_0002.jpg,Peter_Ueberroth/Peter_Ueberroth_0001.jpg,0,0.96457827
Catherine_Woodard/Catherine_Woodard_0001.jpg,Mike_Sweeney/Mike_Sweeney_0001.jpg,0,0.96945852
Chan_Ho_Park/Chan_Ho_Park_0001.jpg,Xiang_Xu/Xiang_Xu_0001.jpg,0,0.96540797
Chance_Mock/Chance_Mock_0001.jpg,Herb_Ritts/Herb_Ritts_0001.jpg,0,0.97324127
Chance_Mock/Chance_Mock_0001.jpg,Shafal_Mosed/Shafal_Mosed_0001.jpg,0,0.95902538
Chance_Mock/Chance_Mock_0001.jpg,Simona_Hradil/Simona_Hradil_0001.jpg,0,0.96867293
Chance_Mock/Chance_Mock_0001.jpg,Troy_Jenkins/Troy_Jenkins_0001.jpg,0,0.97562480
Charles_Taylor/Charles_Taylor_0007.jpg,Tom_Curley/Tom_Curley_0001.jpg,0,0.97349721
Chea_Sophara/Chea_Sophara_0001.jpg,John_Wolf/John_Wolf_0001.jpg,0,0.97356665
Chris_Cirino/Chris_Cirino_0001.jpg,Jen_Bice/Jen_Bice_0001.jpg,0,0.97040063
Chris_Cirino/Chris_Cirino_0001.jpg,Mary_Lou_Markakis/Mary_Lou_Markakis_0001.jpg,0,0.96888876
Chris_Cirino/Chris_Cirino_0001.jpg,Peri_Gilpin/Peri_Gilpin_0001.jpg,0,0.97031355
Christina_Sawaya/Christina_Sawaya_0001.jpg,Greg_Gilbert/Greg_Gilbert_0001.jpg,0,0.96539080
Chung_Mong-joon/Chung_Mong-joon_0001.jpg,David_Modell/David_Modell_0001.jpg,0,0.97685182
Chung_Mong-joon/Chung_Mong-joon_0001.jpg,Luca_Cordero_di_Montezemolo/Luca_Cordero_di_Montezemolo_0001.jpg,0,0.95794183
Chung_Mong-joon/Chung_Mong-joon_0001.jpg,Nick_Markakis/Nick_Markakis_0001.jpg,0,0.97154045
Chung_Mong-joon/Chung_Mong-joon_0002.jpg,John_Rusnak/John_Rusnak_0001.jpg,0,0.98863065
Claire_Leger/Claire_Leger_0001.jpg,David_Caraway/David_Caraway_0002.jpg,0,0.96486747
Claire_Leger/Claire_Leger_0001.jpg,Jerry_Sexton/Jerry_Sexton_0001.jpg,0,0.97291899
Claire_Leger/Claire_Leger_0001.jpg,Nobuyuki_Idei/Nobuyuki_Idei_0001.jpg,0,0.96675211
Clark_Randt/Clark_Randt_0001.jpg,Katie_Boone/Katie_Boone_0001.jpg,0,0.98405671
Clark_Randt/Clark_Randt_0001.jpg,Marc-Andre_Fleury/Marc-Andre_Fleury_0001.jpg,0,0.96397603
Clemente_de_la_Vega/Clemente_de_la_Vega_0001.jpg,Ron_Gonzales/Ron_Gonzales_0001.jpg,0,0.96414804
Colin_Campbell/Colin_Campbell_0001.jpg,Frank_Keating/Frank_Keating_0001.jpg,0,0.99616110
Colin_Campbell/Colin_Campbell_0001.jpg,Jean_Carnahan/Jean_Carnahan_0002.jpg,0,0.96927148
Colin_Campbell/Colin_Campbell_0001.jpg,Mitchell_Potter/Mitchell_Potter_0001.jpg,0,0.97384953
Colleen_Atwood/Colleen_Atwood_0001.jpg,Penelope_Cruz/Penelope_Cruz_0002.jpg,0,0.97233868
Craig_Morgan/Craig_Morgan_0001.jpg,Matthew_McConaughey/Matthew_McConaughey_0001.jpg,0,0.98378402
Dan_Duquette/Dan_Duquette_0001.jpg,Paddy_Torsney/Paddy_Torsney_0001.jpg,0,0.96412814
Daniel_Ortega/Daniel_Ortega_0001.jpg,Norah_Jones/Norah_Jones_0006.jpg,0,0.96619809
Daniel_Patrick_Moynihan/Daniel_Patrick_Moynihan_0001.jpg,Eglis_Yaima_Cruz/Eglis_Yaima_Cruz_0001.jpg,0,0.95101058
Daniel_Patrick_Moynihan/Daniel_Patrick_Moynihan_0001.jpg,Newton_Carlton_Slawson/Newton_Carlton_Slawson_0001.jpg,0,0.98907983
Daniel_Rouse/Daniel_Rouse_0001.jpg,Doris_Schroeder/Doris_Schroeder_0001.jpg,0,0.97330797
Daniel_Rouse/Daniel_Rouse_0001.jpg,Mike_Johanns/Mike_Johanns_0001.jpg,0,0.99466902
Daniell_Sunjata/Daniell_Sunjata_0001.jpg,Marc-Andre_Fleury/Marc-Andre_Fleury_0002.jpg,0,0.97676539
Danny_Ainge/Danny_Ainge_0001.jpg,Lee_Ann_Terlaji/Lee_Ann_Terlaji_0001.jpg,0,0.96870363
David_Leahy/David_Leahy_0001.jpg,Jerry_Sexton/Jerry_Sexton_0001.jpg,0,0.98194790
David_Scott_Morris/David_Scott_Morris_0001.jpg,Valerie_Thwaites/Valerie_Thwaites_0001.jpg,0,0.96902627
David_Zeplowitz/David_Zeplowitz_0001.jpg,Jerry_Springer/Jerry_Springer_0001.jpg,0,0.98471373
Dawn_Staley/Dawn_Staley_0001.jpg,Hasan_Wirayuda/Hasan_Wirayuda_0001.jpg,0,0.97404176
Debra_Rose/Debra_Rose_0001.jpg,Jonathan_Edwards/Jonathan_Edwards_0002.jpg,0,0.95242631
Debra_Yang/Debra_Yang_0001.jpg,Hashim_Thaci/Hashim_Thaci_0002.jpg,0,0.95327806
Debra_Yang/Debra_Yang_0001.jpg,Yekaterina_Guseva/Yekaterina_Guseva_0001.jpg,0,0.98367482
Denis_Fassou-Nguesso/Denis_Fassou-Nguesso_0001.jpg,William_Overlin/William_Overlin_0001.jpg,0,0.96734869
Derrick_Taylor/Derrick_Taylor_0001.jpg,Giuseppe_Morchio/Giuseppe_Morchio_0001.jpg,0,0.99087805
Derrick_Taylor/Derrick_Taylor_0001.jpg,William_Overlin/William_Overlin_0001.jpg,0,0.96794397
Dick_Cheney/Dick_Cheney_0005.jpg,James_Murdoch/James_Murdoch_0001.jpg,0,0.97354686
Dick_Cheney/Dick_Cheney_0008.jpg,Nobuyuki_Idei/Nobuyuki_Idei_0001.jpg,0,0.97732961
Dick_Smothers/Dick_Smothers_0001.jpg,Yoon_Won-Sik/Yoon_Won-Sik_0001.jpg,0,0.96829718
Dita_Von_Tesse/Dita_Von_Tesse_0001.jpg,Mohammed_Al-Douri/Mohammed_Al-Douri_0012.jpg,0,0.95834905
Don_Henley/Don_Henley_0001.jpg,Ernie_Eves/Ernie_Eves_0001.jpg,0,0.99553668
Don_Henley/Don_Henley_0001.jpg,Gil_Cates/Gil_Cates_0001.jpg,0,0.98240167
Don_Henley/Don_Henley_0001.jpg,Stephen_Frears/Stephen_Frears_0001.jpg,0,0.98040640
Don_Henley/Don_Henley_0001.jpg,Ziwang_Xu/Ziwang_Xu_0001.jpg,0,0.97356099
Donald_Regan/Donald_Regan_0001.jpg,John_Gruden/John_Gruden_0001.jpg,0,0.98493087
Doris_Schroeder/Doris_Schroeder_0002.jpg,Joe_Mantegna/Joe_Mantegna_0001.jpg,0,0.96330380
Eduardo_Duhalde/Eduardo_Duhalde_0001.jpg,Paula_Dobriansky/Paula_Dobriansky_0001.jpg,0,0.97009790
Eduardo_Duhalde/Eduardo_Duhalde_0002.jpg,Tab_Turner/Tab_Turner_0001.jpg,0,0.97803569
Eduardo_Duhalde/Eduardo_Duhalde_0013.jpg,James_Murdoch/James_Murdoch_0001.jpg,0,0.96795368
Edward_Egan/Edward_Egan_0001.jpg,Ernie_Fletcher/Ernie_Fletcher_0002.jpg,0,0.97608805
Edward_Johnson/Edward_Johnson_0001.jpg,Jessica_Capshaw/Jessica_Capshaw_0001.jpg,0,0.96306419
El_Hadji_Diouf/El_Hadji_Diouf_0001.jpg,Hitomi_Soga/Hitomi_Soga_0002.jpg,0,0.96896565
Emilio_Botin/Emilio_Botin_0001.jpg,Luca_Cordero_di_Montezemolo/Luca_Cordero_di_Montezemolo_0001.jpg,0,0.96209943
Emilio_Botin/Emilio_Botin_0001.jpg,Robert_Hyatt/Robert_Hyatt_0001.jpg,0,0.98272032
Enrique_Iglesias/Enrique_Iglesias_0001.jpg,Gisele_Bundchen/Gisele_Bundchen_0002.jpg,0,0.96730042
Eric_Bana/Eric_Bana_0001.jpg,Mike_Sweeney/Mike_Sweeney_0001.jpg,0,0.97840697
Eric_Bana/Eric_Bana_0001.jpg,Tab_Turner/Tab_Turner_0001.jpg,0,0.97251856
Eric_Benet/Eric_Benet_0001.jpg,Mohammad_Mustapha_Miro/Mohammad_Mustapha_Miro_0001.jpg,0,0.97184783
Eric_Rosser/Eric_Rosser_0001.jpg,Marc-Andre_Fleury/Marc-Andre_Fleury_0002.jpg,0,0.95280117
Eric_Rosser/Eric_Rosser_0001.jpg,Peter_Chan/Peter_Chan_0001.jpg,0,0.95423979
Ernie_Eves/Ernie_Eves_0002.jpg,Hana_Makhmalbaf/Hana_Makhmalbaf_0001.jpg,0,0.96475929
Fernando_Vargas/Fernando_Vargas_0001.jpg,Julio_Cesar_Franco/Julio_Cesar_Franco_0001.jpg,0,0.96246010
Fernando_Vargas/Fernando_Vargas_0003.jpg,Martin_Verkerk/Martin_Verkerk_0003.jpg,0,0.99002153
Flavia_Pennetta/Flavia_Pennetta_0001.jpg,Larry_Flynt/Larry_Flynt_0001.jpg,0,0.97937953
Flavia_Pennetta/Flavia_Pennetta_0001.jpg,Micah_Knorr/Micah_Knorr_0001.jpg,0,0.98498774
Flavia_Pennetta/Flavia_Pennetta_0001.jpg,Paul_Wellstone/Paul_Wellstone_0001.jpg,0,0.96608359
Frank_Keating/Frank_Keating_0001.jpg,Paul_McCartney/Paul_McCartney_0007.jpg,0,0.97851139
Frank_Lautenberg/Frank_Lautenberg_0002.jpg,Michael_Capellas/Michael_Capellas_0001.jpg,0,0.99356395
Frank_Lautenberg/Frank_Lautenberg_0002.jpg,Steve_Allee/Steve_Allee_0001.jpg,0,0.97798914
Fujio_Mitarai/Fujio_Mitarai_0001.jpg,Harvey_Weinstein/Harvey_Weinstein_0001.jpg,0,0.97607398
Gabriella_Bo/Gabriella_Bo_0001.jpg,Jeremy_Shockey/Jeremy_Shockey_0002.jpg,0,0.96977937
Gavyn_Arthur/Gavyn_Arthur_0001.jpg,Kevin_Hearn/Kevin_Hearn_0001.jpg,0,0.95983326
Gavyn_Arthur/Gavyn_Arthur_0001.jpg,Lynne_Slepian/Lynne_Slepian_0001.jpg,0,0.97427046
Gavyn_Arthur/Gavyn_Arthur_0001.jpg,Zahir_Shah/Zahir_Shah_0001.jpg,0,0.97589481
George_HW_Bush/George_HW_Bush_0007.jpg,George_Maxwell_Richards/George_Maxwell_Richards_0001.jpg,0,0.97698748
George_HW_Bush/George_HW_Bush_0013.jpg,Penny_Lancaster/Penny_Lancaster_0001.jpg,0,0.96873903
George_Maxwell_Richards/George_Maxwell_Richards_0001.jpg,Reggie_Miller/Reggie_Miller_0001.jpg,0,0.99173164
Georgina_Papin/Georgina_Papin_0001.jpg,Mary_Lou_Retton/Mary_Lou_Retton_0001.jpg,0,0.97872204
Georgina_Papin/Georgina_Papin_0001.jpg,Svend_Robinson/Svend_Robinson_0001.jpg,0,0.96573496
Gerry_Kelly/Gerry_Kelly_0001.jpg,Keira_Knightley/Keira_Knightley_0001.jpg,0,0.96015990
Giannina_Facio/Giannina_Facio_0001.jpg,Peri_Gilpin/Peri_Gilpin_0001.jpg,0,0.98946273
Gideon_Black/Gideon_Black_0001.jpg,Kevin_Hearn/Kevin_Hearn_0001.jpg,0,0.97123265
Gideon_Black/Gideon_Black_0001.jpg,Shafal_Mosed/Shafal_Mosed_0001.jpg,0,0.96413136
Gisele_Bundchen/Gisele_Bundchen_0002.jpg,Penny_Lancaster/Penny_Lancaster_0001.jpg,0,0.97896975
Giuseppe_Morchio/Giuseppe_Morchio_0001.jpg,Penny_Lancaster/Penny_Lancaster_0001.jpg,0,0.97362256
Greg_Frers/Greg_Frers_0001.jpg,Mohammed_Al-Douri/Mohammed_Al-Douri_0004.jpg,0,0.97449470
Greg_Gilbert/Greg_Gilbert_0001.jpg,Mehmet_Ali_Sahin/Mehmet_Ali_Sahin_0001.jpg,0,0.98748165
Gregorio_Honasan/Gregorio_Honasan_0001.jpg,Jim_Schwarz/Jim_Schwarz_0001.jpg,0,0.96257377
Gregorio_Honasan/Gregorio_Honasan_0001.jpg,Jonathan_Fine/Jonathan_Fine_0001.jpg,0,0.97668540
Gregorio_Honasan/Gregorio_Honasan_0001.jpg,Matt_Doherty/Matt_Doherty_0001.jpg,0,0.97530574
Hama_Arba_Diallo/Hama_Arba_Diallo_0001.jpg,Zhang_Yimou/Zhang_Yimou_0001.jpg,0,0.97507358
Hana_Makhmalbaf/Hana_Makhmalbaf_0001.jpg,Raquel_Welch/Raquel_Welch_0001.jpg,0,0.95810068
Hassan_Wirajuda/Hassan_Wirajuda_0001.jpg,Scott_Dalton/Scott_Dalton_0001.jpg,0,0.97085059
Hector_Babenco/Hector_Babenco_0002.jpg,Talisa_Bratt/Talisa_Bratt_0001.jpg,0,0.96640015
Herb_Ritts/Herb_Ritts_0001.jpg,Mark_Broxmeyer/Mark_Broxmeyer_0001.jpg,0,0.97603846
Hugh_Campbell/Hugh_Campbell_0001.jpg,Ken_Watanabe/Ken_Watanabe_0001.jpg,0,0.98228878
Hugh_Campbell/Hugh_Campbell_0001.jpg,Masamori_Tokuyama/Masamori_Tokuyama_0001.jpg,0,0.97998422
Hugh_Campbell/Hugh_Campbell_0001.jpg,Tom_Foy/Tom_Foy_0001.jpg,0,0.98578107
Imran_Khan/Imran_Khan_0001.jpg,Matt_Morris/Matt_Morris_0001.jpg,0,0.96360767
Imran_Khan/Imran_Khan_0001.jpg,Nancy_Humbert/Nancy_Humbert_0001.jpg,0,0.96830523
Ivan_Lee/Ivan_Lee_0001.jpg,Jennifer_Furminger/Jennifer_Furminger_0001.jpg,0,0.96628451
James_Hallock/James_Hallock_0001.jpg,Robert_Beck/Robert_Beck_0001.jpg,0,0.98429763
James_Murdoch/James_Murdoch_0001.jpg,Martina_McBride/Martina_McBride_0003.jpg,0,0.96215212
Jamie_Kellner/Jamie_Kellner_0001.jpg,Tomas_Malik/Tomas_Malik_0001.jpg,0,0.97800905
Jamie_King/Jamie_King_0001.jpg,Lauren_Hutton/Lauren_Hutton_0002.jpg,0,0.98958200
Jane_Fonda/Jane_Fonda_0002.jpg,Martha_Stewart/Martha_Stewart_0004.jpg,0,0.98197079
Janet_Leigh/Janet_Leigh_0001.jpg,Marianne_Stanley/Marianne_Stanley_0001.jpg,0,0.96426034
Jaromir_Jagr/Jaromir_Jagr_0001.jpg,Troy_Jenkins/Troy_Jenkins_0001.jpg,0,0.99407494
Jean_Brumley/Jean_Brumley_0002.jpg,Jim_Harrick/Jim_Harrick_0001.jpg,0,0.96006000
Jen_Bice/Jen_Bice_0001.jpg,Judi_Dench/Judi_Dench_0002.jpg,0,0.98826230
Jennifer_Furminger/Jennifer_Furminger_0001.jpg,Matthew_During/Matthew_During_0001.jpg,0,0.96343458
Jennifer_Tilly/Jennifer_Tilly_0001.jpg,Serge_Klarsfeld/Serge_Klarsfeld_0001.jpg,0,0.97082686
Jennifer_Tilly/Jennifer_Tilly_0001.jpg,Stella_Tennant/Stella_Tennant_0001.jpg,0,0.96603560
Jeremy_Shockey/Jeremy_Shockey_0002.jpg,Robert_Beck/Robert_Beck_0001.jpg,0,0.97813511
Jerry_Regier/Jerry_Regier_0002.jpg,Paulina_Rodriguez_Davila/Paulina_Rodriguez_Davila_0001.jpg,0,0.97117311
Jerry_Regier/Jerry_Regier_0003.jpg,Lee_Hyung-taik/Lee_Hyung-taik_0001.jpg,0,0.97059369
Jerry_Regier/Jerry_Regier_0003.jpg,Pete_Rose/Pete_Rose_0002.jpg,0,0.97209477
Jessica_Capshaw/Jessica_Capshaw_0001.jpg,Penelope_Cruz/Penelope_Cruz_0002.jpg,0,0.96854180
Jiang_Zemin/Jiang_Zemin_0004.jpg,Michelangelo_Antonioni/Michelangelo_Antonioni_0001.jpg,0,0.98036265
Jiang_Zemin/Jiang_Zemin_0013.jpg,Roman_Coppola/Roman_Coppola_0001.jpg,0,0.97538429
Jim_Sterk/Jim_Sterk_0001.jpg,Jonathan_Edwards/Jonathan_Edwards_0003.jpg,0,0.96866548
Jim_Sterk/Jim_Sterk_0001.jpg,Ken_Watanabe/Ken_Watanabe_0002.jpg,0,0.96082294
Joey_Harrington/Joey_Harrington_0001.jpg,Nick_Price/Nick_Price_0001.jpg,0,0.97665948
John_Lynch/John_Lynch_0001.jpg,Michael_Sullivan/Michael_Sullivan_0001.jpg,0,0.98447913
John_Robbins/John_Robbins_0001.jpg,Tom_Foy/Tom_Foy_0001.jpg,0,0.97501397
John_Thune/John_Thune_0001.jpg,Milan_Milutinovic/Milan_Milutinovic_0001.jpg,0,0.97386140
John_Velazquez/John_Velazquez_0001.jpg,Marco_Antonio_Barrera/Marco_Antonio_Barrera_0003.jpg,0,0.97881544
John_Velazquez/John_Velazquez_0001.jpg,Tammy_Lynn_Michaels/Tammy_Lynn_Michaels_0001.jpg,0,0.96010494
John_Wolf/John_Wolf_0002.jpg,Prince_Harry/Prince_Harry_0001.jpg,0,0.97170132
Jonathan_Byrd/Jonathan_Byrd_0001.jpg,Mike_Matheny/Mike_Matheny_0001.jpg,0,0.99105036
Jonathan_Byrd/Jonathan_Byrd_0001.jpg,Sheikh_Ahmed_Yassin/Sheikh_Ahmed_Yassin_0001.jpg,0,0.97607887
Jonathan_Horton/Jonathan_Horton_0001.jpg,Lee_Ann_Terlaji/Lee_Ann_Terlaji_0001.jpg,0,0.97494459
Jorge_Alberto_Galindo/Jorge_Alberto_Galindo_0001.jpg,Roger_King/Roger_King_0001.jpg,0,0.96917450
Joseph_Biden/Joseph_Biden_0005.jpg,Mahdi_Al_Bassam/Mahdi_Al_Bassam_0001.jpg,0,0.98596126
Joseph_Biden/Joseph_Biden_0005.jpg,Tung_Chee-hwa/Tung_Chee-hwa_0004.jpg,0,0.98328191
Judy_Genshaft/Judy_Genshaft_0001.jpg,Shane_Warne/Shane_Warne_0001.jpg,0,0.96540213
Jules_Asner/Jules_Asner_0001.jpg,Robert_Beck/Robert_Beck_0001.jpg,0,0.96045357
Julien_Varlet/Julien_Varlet_0001.jpg,Scott_Dalton/Scott_Dalton_0001.jpg,0,0.98479050
Kate_Burton/Kate_Burton_0001.jpg,Martha_Stewart/Martha_Stewart_0002.jpg,0,0.96820259
Kate_Richardson/Kate_Richardson_0001.jpg,Roman_Coppola/Roman_Coppola_0001.jpg,0,0.96214402
Katie_Boone/Katie_Boone_0001.jpg,Uthai_Pimchaichon/Uthai_Pimchaichon_0001.jpg,0,0.97570282
Katie_Smith/Katie_Smith_0001.jpg,Leland_Chapman/Leland_Chapman_0001.jpg,0,0.97921169
Katrin_Susi/Katrin_Susi_0001.jpg,Luca_Cordero_di_Montezemolo/Luca_Cordero_di_Montezemolo_0001.jpg,0,0.97228277
Kay_Bailey_Hutchison/Kay_Bailey_Hutchison_0001.jpg,Theodore_Tweed_Roosevelt/Theodore_Tweed_Roosevelt_0003.jpg,0,0.96374071
Kieran_Prendergast/Kieran_Prendergast_0001.jpg,Lachlan_Murdoch/Lachlan_Murdoch_0001.jpg,0,0.97216809
King_Abdullah_II/King_Abdullah_II_0004.jpg,Robert_Hyatt/Robert_Hyatt_0001.jpg,0,0.98178959
Kirk_Ferentz/Kirk_Ferentz_0002.jpg,Milan_Milutinovic/Milan_Milutinovic_0001.jpg,0,0.97837961
Lachlan_Murdoch/Lachlan_Murdoch_0001.jpg,Mickey_Sherman/Mickey_Sherman_0001.jpg,0,0.97720224
Larry_Flynt/Larry_Flynt_0001.jpg,Phil_Cline/Phil_Cline_0001.jpg,0,0.98388892
Larry_Greene/Larry_Greene_0001.jpg,Mike_Brey/Mike_Brey_0002.jpg,0,0.98063898
Laurence_Tribe/Laurence_Tribe_0001.jpg,Uthai_Pimchaichon/Uthai_Pimchaichon_0001.jpg,0,0.96809268
Lee_Ann_Terlaji/Lee_Ann_Terlaji_0001.jpg,Roman_Coppola/Roman_Coppola_0001.jpg,0,0.96369332
Lee_Yuan-tseh/Lee_Yuan-tseh_0001.jpg,Shafal_Mosed/Shafal_Mosed_0001.jpg,0,0.98366672
Lee_Yuan-tseh/Lee_Yuan-tseh_0001.jpg,Yuri_Malenchenko/Yuri_Malenchenko_0002.jpg,0,0.96562195
Leland_Chapman/Leland_Chapman_0001.jpg,Theodore_Tweed_Roosevelt/Theodore_Tweed_Roosevelt_0001.jpg,0,0.96269089
Leslie_Moonves/Leslie_Moonves_0002.jpg,Robert_Hyatt/Robert_Hyatt_0001.jpg,0,0.98350024
Lisa_Murkowski/Lisa_Murkowski_0001.jpg,Serge_Klarsfeld/Serge_Klarsfeld_0001.jpg,0,0.96533084
Magui_Serna/Magui_Serna_0001.jpg,Maura_Tierney/Maura_Tierney_0001.jpg,0,0.96766114
Mahdi_Al_Bassam/Mahdi_Al_Bassam_0001.jpg,Marc-Andre_Fleury/Marc-Andre_Fleury_0002.jpg,0,0.97662795
Mahdi_Al_Bassam/Mahdi_Al_Bassam_0001.jpg,Mother_Teresa/Mother_Teresa_0001.jpg,0,0.96760994
Malak_Habbak/Malak_Habbak_0001.jpg,Prince_Harry/Prince_Harry_0003.jpg,0,0.96844375
Manuel_Pellegrini/Manuel_Pellegrini_0001.jpg,Rolf_Eckrodt/Rolf_Eckrodt_0001.jpg,0,0.97434932
Manuela_Montebrun/Manuela_Montebrun_0001.jpg,Martina_McBride/Martina_McBride_0002.jpg,0,0.96793604
Manuela_Montebrun/Manuela_Montebrun_0001.jpg,Steven_Seagal/Steven_Seagal_0002.jpg,0,0.97547132
Marion_Fahnestock/Marion_Fahnestock_0001.jpg,Wen_Jiabao/Wen_Jiabao_0003.jpg,0,0.96861422
Mark_Hamister/Mark_Hamister_0001.jpg,Xiang_Xu/Xiang_Xu_0001.jpg,0,0.96276689
Martha_Martinez_Flores/Martha_Martinez_Flores_0001.jpg,Mike_Brey/Mike_Brey_0002.jpg,0,0.96663105
Martha_Stewart/Martha_Stewart_0005.jpg,Victor_Kraatz/Victor_Kraatz_0001.jpg,0,0.95952952
Martin_Lawrence/Martin_Lawrence_0001.jpg,Mickey_Sherman/Mickey_Sherman_0001.jpg,0,0.96483803
Martin_Lawrence/Martin_Lawrence_0001.jpg,Penny_Lancaster/Penny_Lancaster_0001.jpg,0,0.97283471
Martin_McCauley/Martin_McCauley_0002.jpg,Steven_Seagal/Steven_Seagal_0001.jpg,0,0.98536903
Martin_Verkerk/Martin_Verkerk_0001.jpg,Steven_Seagal/Steven_Seagal_0001.jpg,0,0.98827749
Martina_McBride/Martina_McBride_0003.jpg,Peter_Schultz/Peter_Schultz_0001.jpg,0,0.96930915
Masamori_Tokuyama/Masamori_Tokuyama_0001.jpg,Regina_Ip/Regina_Ip_0001.jpg,0,0.96601820
Masamori_Tokuyama/Masamori_Tokuyama_0001.jpg,Serge_Melac/Serge_Melac_0001.jpg,0,0.97350395
Matt_Doherty/Matt_Doherty_0002.jpg,Saoud_Al_Faisal/Saoud_Al_Faisal_0001.jpg,0,0.97168320
Meghann_Shaughnessy/Meghann_Shaughnessy_0001.jpg,William_Perry/William_Perry_0001.jpg,0,0.96928406
Mehmet_Ali_Sahin/Mehmet_Ali_Sahin_0001.jpg,Peri_Gilpin/Peri_Gilpin_0001.jpg,0,0.97060663
Mehmet_Ali_Sahin/Mehmet_Ali_Sahin_0001.jpg,Raquel_Welch/Raquel_Welch_0002.jpg,0,0.96471280
Michael_Capellas/Michael_Capellas_0001.jpg,Victor_Garber/Victor_Garber_0001.jpg,0,0.98939729
Mickey_Sherman/Mickey_Sherman_0001.jpg,Roman_Coppola/Roman_Coppola_0001.jpg,0,0.95267463
Mike_Brey/Mike_Brey_0002.jpg,Nick_Markakis/Nick_Markakis_0001.jpg,0,0.97996998
Mike_Johanns/Mike_Johanns_0001.jpg,Pascal_Lamy/Pascal_Lamy_0001.jpg,0,0.97826862
Mike_Matheny/Mike_Matheny_0001.jpg,Norm_Coleman/Norm_Coleman_0005.jpg,0,0.97279072
Mohammad_Mustapha_Miro/Mohammad_Mustapha_Miro_0001.jpg,Steve_Mariucci/Steve_Mariucci_0002.jpg,0,0.98353112
Mother_Teresa/Mother_Teresa_0001.jpg,Yekaterina_Guseva/Yekaterina_Guseva_0001.jpg,0,0.95461798
Nancy_Humbert/Nancy_Humbert_0001.jpg,Park_Na-kyong/Park_Na-kyong_0001.jpg,0,0.97926831
Nanni_Moretti/Nanni_Moretti_0001.jpg,Shigeru_Ishiba/Shigeru_Ishiba_0001.jpg,0,0.95654637
Natalia_Dmitrieva/Natalia_Dmitrieva_0001.jpg,Willie_Nelson/Willie_Nelson_0001.jpg,0,0.97376102
Natalie_Juniardi/Natalie_Juniardi_0001.jpg,Uthai_Pimchaichon/Uthai_Pimchaichon_0001.jpg,0,0.98273283
Nick_Price/Nick_Price_0001.jpg,Tab_Turner/Tab_Turner_0001.jpg,0,0.97874159
Norm_Coleman/Norm_Coleman_0004.jpg,Peri_Gilpin/Peri_Gilpin_0001.jpg,0,0.96866655
Norm_Coleman/Norm_Coleman_0007.jpg,Scott_McClellan/Scott_McClellan_0005.jpg,0,0.97323871
Paddy_Torsney/Paddy_Torsney_0001.jpg,Tung_Chee-hwa/Tung_Chee-hwa_0009.jpg,0,0.96214485
Park_Na-kyong/Park_Na-kyong_0001.jpg,Vecdi_Gonul/Vecdi_Gonul_0001.jpg,0,0.96665448
Patrick_Rafter/Patrick_Rafter_0001.jpg,Peter_Care/Peter_Care_0001.jpg,0,0.96654773
Pierre_Van_Hooijdonk/Pierre_Van_Hooijdonk_0001.jpg,Scott_McClellan/Scott_McClellan_0001.jpg,0,0.97266591
Regina_Ip/Regina_Ip_0001.jpg,Rohman_al-Ghozi/Rohman_al-Ghozi_0001.jpg,0,0.99060637
Renee_Zellweger/Renee_Zellweger_0009.jpg,Yuri_Malenchenko/Yuri_Malenchenko_0002.jpg,0,0.96893549
Rolf_Eckrodt/Rolf_Eckrodt_0002.jpg,Teresa_Heinz_Kerry/Teresa_Heinz_Kerry_0001.jpg,0,0.97476846
Rubens_Barrichello/Rubens_Barrichello_0010.jpg,Stella_Tennant/Stella_Tennant_0001.jpg,0,0.96921271
Saoud_Al_Faisal/Saoud_Al_Faisal_0001.jpg,Vecdi_Gonul/Vecdi_Gonul_0001.jpg,0,0.97460878
Scott_Dalton/Scott_Dalton_0001.jpg,Zach_Safrin/Zach_Safrin_0001.jpg,0,0.97523195
Scott_McClellan/Scott_McClellan_0002.jpg,Tom_Schnackenberg/Tom_Schnackenberg_0001.jpg,0,0.98383760
Todd_MacCulloch/Todd_MacCulloch_0001.jpg,Willie_Nelson/Willie_Nelson_0001.jpg,0,0.98249078
Tom_Curley/Tom_Curley_0001.jpg,Wanda_de_la_Jesus/Wanda_de_la_Jesus_0001.jpg,0,0.95224941
Troy_Jenkins/Troy_Jenkins_0001.jpg,Walid_Al-Awadi/Walid_Al-Awadi_0001.jpg,0,0.97699893
William_Overlin/William_Overlin_0001.jpg,Yekaterina_Guseva/Yekaterina_Guseva_0001.jpg,0,0.95755976
Aaron_Patterson/Aaron_Patterson_0001.jpg,Frank_Bell/Frank_Bell_0001.jpg,0,0.97527558
Abdoulaye_Wade/Abdoulaye_Wade_0004.jpg,Bruce_Weber/Bruce_Weber_0002.jpg,0,0.95943618
Abner_Martinez/Abner_Martinez_0001.jpg,Carlos_Alberto/Carlos_Alberto_0001.jpg,0,0.98581940
Adam_Sandler/Adam_Sandler_0002.jpg,Matthew_Ouimet/Matthew_Ouimet_0001.jpg,0,0.98834884
Adam_Sandler/Adam_Sandler_0003.jpg,Saeed_Anwar/Saeed_Anwar_0001.jpg,0,0.97471094
Adolfo_Aguilar_Zinser/Adolfo_Aguilar_Zinser_0003.jpg,Jaime_Pressly/Jaime_Pressly_0001.jpg,0,0.97069073
Agnelo_Queiroz/Agnelo_Queiroz_0001.jpg,Aung_San_Suu_Kyi/Aung_San_Suu_Kyi_0002.jpg,0,0.95961344
Agnelo_Queiroz/Agnelo_Queiroz_0001.jpg,Dave_Barr/Dave_Barr_0001.jpg,0,0.97364670
Aicha_El_Ouafi/Aicha_El_Ouafi_0003.jpg,Michael_Lechner/Michael_Lechner_0001.jpg,0,0.95917261
Akbar_Hashemi_Rafsanjani/Akbar_Hashemi_Rafsanjani_0001.jpg,Larry_Harris/Larry_Harris_0001.jpg,0,0.97064221
Al_Pacino/Al_Pacino_0002.jpg,Charles_Cope/Charles_Cope_0001.jpg,0,0.96834785
Alex_Barros/Alex_Barros_0001.jpg,Brandon_Jones/Brandon_Jones_0001.jpg,0,0.98500943
Alex_Barros/Alex_Barros_0002.jpg,Will_Smith/Will_Smith_0002.jpg,0,0.99445963
Alex_Ferguson/Alex_Ferguson_0001.jpg,Rainer_Gut/Rainer_Gut_0001.jpg,0,0.97996163
Alex_Wallau/Alex_Wallau_0001.jpg,Shireen_Amir_Begum/Shireen_Amir_Begum_0001.jpg,0,0.96008170
Alexandra_Jackson/Alexandra_Jackson_0001.jpg,Larry_Harris/Larry_Harris_0001.jpg,0,0.97225624
Alfonso_Portillo/Alfonso_Portillo_0001.jpg,Benito_Santiago/Benito_Santiago_0001.jpg,0,0.99068928
Alfonso_Portillo/Alfonso_Portillo_0001.jpg,Faye_Alibocus/Faye_Alibocus_0001.jpg,0,0.97213548
Alfonso_Portillo/Alfonso_Portillo_0001.jpg,Fidel_Castro/Fidel_Castro_0017.jpg,0,0.98730445
Ali_Abdullah_Saleh/Ali_Abdullah_Saleh_0001.jpg,Khalid_Qazi/Khalid_Qazi_0001.jpg,0,0.97327644
Allan_Houston/Allan_Houston_0001.jpg,Andy_Garcia/Andy_Garcia_0001.jpg,0,0.97930729
Allan_Houston/Allan_Houston_0001.jpg,Heidi_Klum/Heidi_Klum_0001.jpg,0,0.96085274
Allan_Houston/Allan_Houston_0001.jpg,Thomas_Mesereau_Jr/Thomas_Mesereau_Jr_0001.jpg,0,0.96418357
Ally_Sheedy/Ally_Sheedy_0001.jpg,Hugh_Carey/Hugh_Carey_0001.jpg,0,0.95932013
Ally_Sheedy/Ally_Sheedy_0001.jpg,Myung_Yang/Myung_Yang_0001.jpg,0,0.96723396
Amanda_Marsh/Amanda_Marsh_0001.jpg,Tony_Curtis/Tony_Curtis_0002.jpg,0,0.97107434
Anastasia_Myskina/Anastasia_Myskina_0001.jpg,Raul_Gonzalez/Raul_Gonzalez_0001.jpg,0,0.95962226
Anastasia_Myskina/Anastasia_Myskina_0003.jpg,Len_Jenoff/Len_Jenoff_0002.jpg,0,0.95402861
Andrzej_Tyszkiewicz/Andrzej_Tyszkiewicz_0001.jpg,Wes_Craven/Wes_Craven_0001.jpg,0,0.97904849
Andy_Griggs/Andy_Griggs_0001.jpg,Lech_Walesa/Lech_Walesa_0002.jpg,0,0.97089374
Andy_Rooney/Andy_Rooney_0001.jpg,Jessica_Simpson/Jessica_Simpson_0001.jpg,0,0.96736825
Anna_Nicole_Smith/Anna_Nicole_Smith_0002.jpg,Marcus_Garrettson/Marcus_Garrettson_0001.jpg,0,0.97788066
Antonio_Palocci/Antonio_Palocci_0003.jpg,Liza_Minnelli/Liza_Minnelli_0001.jpg,0,0.97850221
Antonio_Palocci/Antonio_Palocci_0005.jpg,JC_Chasez/JC_Chasez_0001.jpg,0,0.97693700
Antonio_Palocci/Antonio_Palocci_0005.jpg,Jose_Woldenberg/Jose_Woldenberg_0001.jpg,0,0.98591936
Antonio_Palocci/Antonio_Palocci_0006.jpg,John_Geoghan/John_Geoghan_0001.jpg,0,0.98829395
Antonio_Palocci/Antonio_Palocci_0008.jpg,Hans_Corell/Hans_Corell_0001.jpg,0,0.96892530
Arif_Mardin/Arif_Mardin_0001.jpg,Eduardo_Fischer/Eduardo_Fischer_0001.jpg,0,0.97841477
Arnaud_Lagardere/Arnaud_Lagardere_0001.jpg,Melanie_Griffith/Melanie_Griffith_0003.jpg,0,0.97627527
Ashton_Kutcher/Ashton_Kutcher_0002.jpg,Daniel_Barenboim/Daniel_Barenboim_0001.jpg,0,0.96507078
Asif_Hanif/Asif_Hanif_0001.jpg,Robbie_Williams/Robbie_Williams_0001.jpg,0,0.97670108
Asmaa_Assad/Asmaa_Assad_0001.jpg,Barry_Hinson/Barry_Hinson_0001.jpg,0,0.97014332
Aung_San_Suu_Kyi/Aung_San_Suu_Kyi_0001.jpg,Charla_Moye/Charla_Moye_0001.jpg,0,0.98861581
Azmi_Bishara/Azmi_Bishara_0001.jpg,Sammy_Sosa/Sammy_Sosa_0002.jpg,0,0.96891207
Barry_Hinson/Barry_Hinson_0001.jpg,Nino_DAngelo/Nino_DAngelo_0001.jpg,0,0.98326874
Barry_Zito/Barry_Zito_0002.jpg,Chris_Gratton/Chris_Gratton_0001.jpg,0,0.98800957
Bill_Graham/Bill_Graham_0008.jpg,Michelle_Hofland/Michelle_Hofland_0001.jpg,0,0.95430565
Bill_Graham/Bill_Graham_0009.jpg,Jacqueline_Marris/Jacqueline_Marris_0001.jpg,0,0.96276438
Bill_Readdy/Bill_Readdy_0001.jpg,Brendan_Gaughan/Brendan_Gaughan_0001.jpg,0,0.98102272
Bill_Readdy/Bill_Readdy_0001.jpg,Jaymon_Crabb/Jaymon_Crabb_0001.jpg,0,0.98467869
Bill_Readdy/Bill_Readdy_0001.jpg,Yasser_Arafat/Yasser_Arafat_0003.jpg,0,0.97314012
Billy_Rork/Billy_Rork_0001.jpg,Eva_Mendes/Eva_Mendes_0001.jpg,0,0.96905506
Billy_Rork/Billy_Rork_0001.jpg,German_Khan/German_Khan_0001.jpg,0,0.96833062
Billy_Rork/Billy_Rork_0001.jpg,Peter_Struck/Peter_Struck_0002.jpg,0,0.99788439
Bison_Dele/Bison_Dele_0001.jpg,Brian_McIntyre/Brian_McIntyre_0001.jpg,0,0.97235841
Bob_Dole/Bob_Dole_0002.jpg,Dai_Chul_Chyung/Dai_Chul_Chyung_0001.jpg,0,0.96310127
Bob_Dole/Bob_Dole_0002.jpg,John_Henry/John_Henry_0001.jpg,0,0.98205060
Bob_Dole/Bob_Dole_0003.jpg,Chris_Gratton/Chris_Gratton_0001.jpg,0,0.97079796
Bob_Dole/Bob_Dole_0003.jpg,Hugh_Carey/Hugh_Carey_0001.jpg,0,0.99346977
Bob_Geldof/Bob_Geldof_0001.jpg,Zoran_Djindjic/Zoran_Djindjic_0002.jpg,0,0.97057283
Bob_Geldof/Bob_Geldof_0002.jpg,Ed_Wade/Ed_Wade_0001.jpg,0,0.97107577
Bob_Holden/Bob_Holden_0001.jpg,Fernando_Leon_de_Aranoa/Fernando_Leon_de_Aranoa_0001.jpg,0,0.98263299
Bob_Iger/Bob_Iger_0001.jpg,Edie_Falco/Edie_Falco_0001.jpg,0,0.97196251
Bob_Iger/Bob_Iger_0001.jpg,Jean-Claude_Van_Damme/Jean-Claude_Van_Damme_0001.jpg,0,0.99183047
Brian_Clemens/Brian_Clemens_0001.jpg,Brian_Meadors/Brian_Meadors_0001.jpg,0,0.98861223
Brian_Clemens/Brian_Clemens_0001.jpg,Melanie_Griffith/Melanie_Griffith_0002.jpg,0,0.96711928
Brian_Heidik/Brian_Heidik_0002.jpg,Djabir_Said-Guerni/Djabir_Said-Guerni_0001.jpg,0,0.96722531
Brian_McIntyre/Brian_McIntyre_0001.jpg,Hans_Corell/Hans_Corell_0001.jpg,0,0.99615616
Brian_McIntyre/Brian_McIntyre_0001.jpg,Mohammed_Abulhasan/Mohammed_Abulhasan_0001.jpg,0,0.97056353
Brian_Pavlich/Brian_Pavlich_0001.jpg,Ruben_Wolkowyski/Ruben_Wolkowyski_0001.jpg,0,0.96712136
Brook_Robinson/Brook_Robinson_0001.jpg,Tom_McClintock/Tom_McClintock_0001.jpg,0,0.97516078
Brooke_Adams/Brooke_Adams_0001.jpg,Paula_Prentiss/Paula_Prentiss_0001.jpg,0,0.97578251
Brooke_Gordon/Brooke_Gordon_0001.jpg,Joschka_Fischer/Joschka_Fischer_0012.jpg,0,0.95904040
Bruce_Weber/Bruce_Weber_0001.jpg,Hal_Sellers/Hal_Sellers_0001.jpg,0,0.98683345
Bryan_Thomas/Bryan_Thomas_0001.jpg,Joey_Mantia/Joey_Mantia_0001.jpg,0,0.98912859
Bustam_A_Zedan_Aljanabi/Bustam_A_Zedan_Aljanabi_0001.jpg,Kajsa_Bergqvist/Kajsa_Bergqvist_0001.jpg,0,0.97225934
Calvin_Joseph_Coleman/Calvin_Joseph_Coleman_0001.jpg,Hassan_Nasrallah/Hassan_Nasrallah_0001.jpg,0,0.99242723
Carla_Sullivan/Carla_Sullivan_0001.jpg,Edie_Falco/Edie_Falco_0001.jpg,0,0.97271073
Carlos_Barragan/Carlos_Barragan_0001.jpg,Chen_Shui-bian/Chen_Shui-bian_0003.jpg,0,0.98920405
Carlos_Salinas/Carlos_Salinas_0001.jpg,Norman_Mailer/Norman_Mailer_0001.jpg,0,0.98640895
Carlos_Salinas/Carlos_Salinas_0001.jpg,Sonya_Walger/Sonya_Walger_0001.jpg,0,0.96159852
Carolyn_Dawn_Johnson/Carolyn_Dawn_Johnson_0003.jpg,Lydia_Shum/Lydia_Shum_0001.jpg,0,0.98029017
Carolyn_Kuhl/Carolyn_Kuhl_0001.jpg,Pierre_Boulanger/Pierre_Boulanger_0001.jpg,0,0.97484124
Celine_Dion/Celine_Dion_0002.jpg,John_Stallworth/John_Stallworth_0002.jpg,0,0.96434212
Celine_Dion/Celine_Dion_0005.jpg,Linda_Baboolal/Linda_Baboolal_0001.jpg,0,0.96563840
Celine_Dion/Celine_Dion_0005.jpg,Tom_Poston/Tom_Poston_0001.jpg,0,0.96635360
Chakib_Khelil/Chakib_Khelil_0002.jpg,Chuck_Woolery/Chuck_Woolery_0001.jpg,0,0.98490256
Charla_Moye/Charla_Moye_0001.jpg,Patti_Balgojevich/Patti_Balgojevich_0001.jpg,0,0.97937089
Charles_Cope/Charles_Cope_0001.jpg,Garry_Alejano/Garry_Alejano_0001.jpg,0,0.96490872
Charles_Holzner/Charles_Holzner_0001.jpg,Eurico_Guterres/Eurico_Guterres_0001.jpg,0,0.99058056
Charles_Holzner/Charles_Holzner_0001.jpg,Greg_Kinnear/Greg_Kinnear_0001.jpg,0,0.97038841
Chen_Shui-bian/Chen_Shui-bian_0003.jpg,Gaston_Gaudio/Gaston_Gaudio_0001.jpg,0,0.95983309
Chris_Gratton/Chris_Gratton_0001.jpg,Mario_Vasquez_Rana/Mario_Vasquez_Rana_0001.jpg,0,0.97054744
Chris_Kolanas/Chris_Kolanas_0001.jpg,Joshua_Gracin/Joshua_Gracin_0001.jpg,0,0.97760862
Claudia_Pechstein/Claudia_Pechstein_0002.jpg,Mireille_Jospin-Dandieu/Mireille_Jospin-Dandieu_0001.jpg,0,0.97888041
Clay_Aiken/Clay_Aiken_0001.jpg,Svetlana_Koroleva/Svetlana_Koroleva_0001.jpg,0,0.97582424
Colin_Powell/Colin_Powell_0095.jpg,Frank_Hsieh/Frank_Hsieh_0001.jpg,0,0.98134899
Craig_David/Craig_David_0001.jpg,Tom_McClintock/Tom_McClintock_0001.jpg,0,0.97545546
Craig_Wilson/Craig_Wilson_0001.jpg,Kajsa_Bergqvist/Kajsa_Bergqvist_0001.jpg,0,0.97846377
Cristina_Fernandez/Cristina_Fernandez_0002.jpg,Stephen_Cooper/Stephen_Cooper_0001.jpg,0,0.95355743
Curtis_Joseph/Curtis_Joseph_0001.jpg,Terrell_Suggs/Terrell_Suggs_0002.jpg,0,0.97934425
Cynthia_Rowley/Cynthia_Rowley_0001.jpg,Michael_Friedman/Michael_Friedman_0001.jpg,0,0.96632254
Damon_van_Dam/Damon_van_Dam_0002.jpg,Jason_Sorens/Jason_Sorens_0001.jpg,0,0.97858626
Daniel_Barenboim/Daniel_Barenboim_0001.jpg,Tyler_Grillo/Tyler_Grillo_0001.jpg,0,0.96237481
Daniel_Bruehl/Daniel_Bruehl_0001.jpg,Gus_Frerotte/Gus_Frerotte_0001.jpg,0,0.98304641
Daniel_Bruehl/Daniel_Bruehl_0001.jpg,Max_Mosley/Max_Mosley_0001.jpg,0,0.97205436
Daniel_Bruehl/Daniel_Bruehl_0001.jpg,Ramon_Cardenas/Ramon_Cardenas_0001.jpg,0,0.96579337
Daniele_Bergamin/Daniele_Bergamin_0001.jpg,Kenneth_Evans/Kenneth_Evans_0001.jpg,0,0.96486247
Danielle_Spencer/Danielle_Spencer_0001.jpg,Rachel_Wheatley/Rachel_Wheatley_0001.jpg,0,0.96971005
Darcy_Regier/Darcy_Regier_0001.jpg,William_Hurt/William_Hurt_0001.jpg,0,0.99464679
Dave_Matthews/Dave_Matthews_0001.jpg,Linda_Dano/Linda_Dano_0001.jpg,0,0.95243037
Dave_Matthews/Dave_Matthews_0001.jpg,Paul_Burrell/Paul_Burrell_0007.jpg,0,0.97600329
Dave_McNealey/Dave_McNealey_0001.jpg,Gerald_Riley/Gerald_Riley_0001.jpg,0,0.97244555
David_Bisbal/David_Bisbal_0001.jpg,Terri_Clark/Terri_Clark_0001.jpg,0,0.98008257
David_Chase/David_Chase_0001.jpg,Ekaterina_Dmitriev/Ekaterina_Dmitriev_0001.jpg,0,0.97305870
David_McCullough/David_McCullough_0001.jpg,Evo_Morales/Evo_Morales_0001.jpg,0,0.97665977
David_McKiernan/David_McKiernan_0001.jpg,Fernando_Leon_de_Aranoa/Fernando_Leon_de_Aranoa_0001.jpg,0,0.97648668
David_McKiernan/David_McKiernan_0001.jpg,Jane_Leeves/Jane_Leeves_0001.jpg,0,0.97647500
Dennis_Erickson/Dennis_Erickson_0002.jpg,Hisham_Halawi/Hisham_Halawi_0001.jpg,0,0.96775305
Dennis_Erickson/Dennis_Erickson_0002.jpg,Noer_Muis/Noer_Muis_0001.jpg,0,0.98957574
Derek_Lowe/Derek_Lowe_0002.jpg,Hisham_Halawi/Hisham_Halawi_0001.jpg,0,0.98003137
Derek_Lowe/Derek_Lowe_0002.jpg,Madonna/Madonna_0001.jpg,0,0.96342278
Derek_Lowe/Derek_Lowe_0002.jpg,Mohamed_Benaissa/Mohamed_Benaissa_0001.jpg,0,0.98515755
Diego_Colorado/Diego_Colorado_0001.jpg,Jason_Sorens/Jason_Sorens_0001.jpg,0,0.97921425
Diego_Colorado/Diego_Colorado_0001.jpg,John_Gordnick/John_Gordnick_0001.jpg,0,0.98163271
Diego_Diego_Lerman/Diego_Diego_Lerman_0001.jpg,Francisco_Flores/Francisco_Flores_0002.jpg,0,0.95833695
Diego_Diego_Lerman/Diego_Diego_Lerman_0001.jpg,Lesley_Coppin/Lesley_Coppin_0001.jpg,0,0.97499853
Djabir_Said-Guerni/Djabir_Said-Guerni_0001.jpg,Paul_Tracy/Paul_Tracy_0001.jpg,0,0.95060539
Djabir_Said-Guerni/Djabir_Said-Guerni_0001.jpg,Pedro_Solbes/Pedro_Solbes_0003.jpg,0,0.97038472
Dominik_Hrbaty/Dominik_Hrbaty_0001.jpg,Toshi_Izawa/Toshi_Izawa_0001.jpg,0,0.96561253
Donald_Keck/Donald_Keck_0001.jpg,Kyoko_Nakayama/Kyoko_Nakayama_0001.jpg,0,0.97361219
Donald_Keck/Donald_Keck_0001.jpg,Tom_Poston/Tom_Poston_0001.jpg,0,0.98231244
Donna_Walker/Donna_Walker_0001.jpg,Jacqueline_Marris/Jacqueline_Marris_0001.jpg,0,0.96641946
Dragan_Covic/Dragan_Covic_0001.jpg,Todd_Reid/Todd_Reid_0001.jpg,0,0.99073607
Dudley_Rogers/Dudley_Rogers_0001.jpg,Syed_Ibrahim/Syed_Ibrahim_0001.jpg,0,0.96175879
Dunn_Lampton/Dunn_Lampton_0001.jpg,Jessica_Simpson/Jessica_Simpson_0001.jpg,0,0.96724558
Dustin_Hoffman/Dustin_Hoffman_0001.jpg,Nicole_Parker/Nicole_Parker_0001.jpg,0,0.96049529
Ed_Wade/Ed_Wade_0001.jpg,Roger_Staubach/Roger_Staubach_0001.jpg,0,0.98174763
Ed_Wade/Ed_Wade_0001.jpg,Terri_Clark/Terri_Clark_0001.jpg,0,0.96261477
Eddie_Lucio/Eddie_Lucio_0001.jpg,Patti_Balgojevich/Patti_Balgojevich_0001.jpg,0,0.96507710
Eddie_Sutton/Eddie_Sutton_0001.jpg,James_Wattana/James_Wattana_0001.jpg,0,0.97275257
Eddie_Sutton/Eddie_Sutton_0001.jpg,Jeanne_Anne_Schroeder/Jeanne_Anne_Schroeder_0001.jpg,0,0.96873313
Eddie_Sutton/Eddie_Sutton_0002.jpg,Ronald_Ito/Ronald_Ito_0001.jpg,0,0.98699856
Eduardo_Fischer/Eduardo_Fischer_0001.jpg,Kimberly_Bruckner/Kimberly_Bruckner_0001.jpg,0,0.98293751
Edward_Lohn/Edward_Lohn_0001.jpg,Lily_Safra/Lily_Safra_0001.jpg,0,0.95309842
Edward_Lohn/Edward_Lohn_0001.jpg,Nino_DAngelo/Nino_DAngelo_0001.jpg,0,0.97661233
Ekaterina_Dmitriev/Ekaterina_Dmitriev_0001.jpg,Mitch_Kupchak/Mitch_Kupchak_0001.jpg,0,0.96888971
Eladio_Larez/Eladio_Larez_0001.jpg,Frank_Pallone/Frank_Pallone_0001.jpg,0,0.97118461
Eli_Broad/Eli_Broad_0001.jpg,Ravan_AG_Farhadi/Ravan_AG_Farhadi_0001.jpg,0,0.99090624
Elijah_Wood/Elijah_Wood_0002.jpg,Stefano_Gabbana/Stefano_Gabbana_0001.jpg,0,0.98559916
Elijah_Wood/Elijah_Wood_0003.jpg,Marcus_Garrettson/Marcus_Garrettson_0001.jpg,0,0.97502351
Elijan_Ingram/Elijan_Ingram_0001.jpg,Michelle_Hofland/Michelle_Hofland_0001.jpg,0,0.95773935
Elijan_Ingram/Elijan_Ingram_0001.jpg,Nastia_Liukin/Nastia_Liukin_0001.jpg,0,0.96418202
Elvis_Costello/Elvis_Costello_0001.jpg,Jaime_Pressly/Jaime_Pressly_0001.jpg,0,0.96335346
Emelie_Loit/Emelie_Loit_0001.jpg,Thomas_Mesereau_Jr/Thomas_Mesereau_Jr_0001.jpg,0,0.95318443
Eric_Staal/Eric_Staal_0001.jpg,Jerry_Lewis/Jerry_Lewis_0001.jpg,0,0.97498435
Erin_Hershey_Presley/Erin_Hershey_Presley_0001.jpg,Frank_Dunham_Jr/Frank_Dunham_Jr_0001.jpg,0,0.97303712
Erin_Hershey_Presley/Erin_Hershey_Presley_0001.jpg,Yukio_Hatoyama/Yukio_Hatoyama_0001.jpg,0,0.97017115
Eva_Mendes/Eva_Mendes_0001.jpg,Larry_Harris/Larry_Harris_0001.jpg,0,0.97720063
Faye_Alibocus/Faye_Alibocus_0001.jpg,Frank_Bell/Frank_Bell_0001.jpg,0,0.96846747
Faye_Alibocus/Faye_Alibocus_0001.jpg,Tommy_Tubberville/Tommy_Tubberville_0001.jpg,0,0.96620184
Felix_Mantilla/Felix_Mantilla_0001.jpg,Jerry_Lewis/Jerry_Lewis_0001.jpg,0,0.97363698
Fernando_Leon_de_Aranoa/Fernando_Leon_de_Aranoa_0001.jpg,John_Scarlett/John_Scarlett_0001.jpg,0,0.97999752
Fernando_Leon_de_Aranoa/Fernando_Leon_de_Aranoa_0001.jpg,Mike_Leach/Mike_Leach_0001.jpg,0,0.97784001
Fidel_Castro/Fidel_Castro_0007.jpg,Hu_Maoyuan/Hu_Maoyuan_0001.jpg,0,0.97620946
Francisco_Flores/Francisco_Flores_0004.jpg,Hisham_Halawi/Hisham_Halawi_0001.jpg,0,0.95772833
Frank_Bell/Frank_Bell_0001.jpg,Khatol_Mohammad_Zai/Khatol_Mohammad_Zai_0001.jpg,0,0.95981783
Frank_Dunham_Jr/Frank_Dunham_Jr_0001.jpg,Tom_McClintock/Tom_McClintock_0001.jpg,0,0.98656464
Frank_Hsieh/Frank_Hsieh_0001.jpg,Paula_Prentiss/Paula_Prentiss_0001.jpg,0,0.96697783
Frank_Pallone/Frank_Pallone_0001.jpg,Jim_Wall/Jim_Wall_0001.jpg,0,0.98004973
Frank_Pallone/Frank_Pallone_0001.jpg,Mary_Tyler_Moore/Mary_Tyler_Moore_0002.jpg,0,0.97003722
Frank_Schmoekel/Frank_Schmoekel_0001.jpg,Ronald_Ito/Ronald_Ito_0001.jpg,0,0.98486543
Franko_Simatovic/Franko_Simatovic_0002.jpg,Tyler_Grillo/Tyler_Grillo_0001.jpg,0,0.96576911
Franz_Gsell/Franz_Gsell_0001.jpg,John_Scarlett/John_Scarlett_0001.jpg,0,0.98113382
Franz_Gsell/Franz_Gsell_0001.jpg,Sarah_Jessica_Parker/Sarah_Jessica_Parker_0002.jpg,0,0.96206784
Fred_Eckhard/Fred_Eckhard_0001.jpg,Rachel_Wheatley/Rachel_Wheatley_0001.jpg,0,0.96841347
Garry_Alejano/Garry_Alejano_0001.jpg,Iban_Mayo/Iban_Mayo_0001.jpg,0,0.96906447
Garry_Alejano/Garry_Alejano_0001.jpg,Michael_Olowokandi/Michael_Olowokandi_0001.jpg,0,0.98068368
Garry_Alejano/Garry_Alejano_0001.jpg,Morgan_Freeman/Morgan_Freeman_0002.jpg,0,0.97765654
Garry_Alejano/Garry_Alejano_0001.jpg,Peter_Struck/Peter_Struck_0005.jpg,0,0.96653587
Gary_Marshall/Gary_Marshall_0001.jpg,Rashid_Qureshi/Rashid_Qureshi_0001.jpg,0,0.97046292
Gerald_Fitch/Gerald_Fitch_0001.jpg,Robin_Williams/Robin_Williams_0001.jpg,0,0.96255529
Gerald_Riley/Gerald_Riley_0001.jpg,Michael_Hagee/Michael_Hagee_0001.jpg,0,0.97807932
German_Khan/German_Khan_0001.jpg,Morgan_Freeman/Morgan_Freeman_0002.jpg,0,0.97116625
Grady_Little/Grady_Little_0001.jpg,Robert_Morvillo/Robert_Morvillo_0001.jpg,0,0.97162431
Hal_Sellers/Hal_Sellers_0001.jpg,Janet_Thorpe/Janet_Thorpe_0001.jpg,0,0.96959758
Hans_Corell/Hans_Corell_0001.jpg,John_Gordnick/John_Gordnick_0001.jpg,0,0.97039270
Heidi_Klum/Heidi_Klum_0002.jpg,Paul_Reiser/Paul_Reiser_0001.jpg,0,0.96960306
Heidi_Klum/Heidi_Klum_0003.jpg,Pedro_Solbes/Pedro_Solbes_0001.jpg,0,0.96886802
Hermando_Harton/Hermando_Harton_0001.jpg,Paris_Hilton/Paris_Hilton_0002.jpg,0,0.97028500
Holly_Robinson_Peete/Holly_Robinson_Peete_0001.jpg,Michael_Hagee/Michael_Hagee_0001.jpg,0,0.96230423
Howard_Ross/Howard_Ross_0001.jpg,Kajsa_Bergqvist/Kajsa_Bergqvist_0001.jpg,0,0.97707981
Howard_Ross/Howard_Ross_0001.jpg,Patsy_Hardy/Patsy_Hardy_0001.jpg,0,0.96090305
Hugh_Carey/Hugh_Carey_0001.jpg,Lawrence_Roberts/Lawrence_Roberts_0001.jpg,0,0.96981567
Hugh_Carey/Hugh_Carey_0001.jpg,Tracee_Treadwell/Tracee_Treadwell_0001.jpg,0,0.97491193
Iban_Mayo/Iban_Mayo_0002.jpg,Juan_Valencia_Osorio/Juan_Valencia_Osorio_0001.jpg,0,0.97472501
Iban_Mayo/Iban_Mayo_0002.jpg,Rosalie_Perkov/Rosalie_Perkov_0001.jpg,0,0.97546786
Ibrahim_Al-Marashi/Ibrahim_Al-Marashi_0001.jpg,John_Travolta/John_Travolta_0003.jpg,0,0.96926630
Ibrahim_Al-Marashi/Ibrahim_Al-Marashi_0001.jpg,Joshua_Gracin/Joshua_Gracin_0001.jpg,0,0.99036264
Imad_Moustapha/Imad_Moustapha_0002.jpg,Kyoko_Nakayama/Kyoko_Nakayama_0001.jpg,0,0.95350718
Ira_Einhorn/Ira_Einhorn_0001.jpg,John_Ruiz/John_Ruiz_0002.jpg,0,0.96720147
Jacqueline_Marris/Jacqueline_Marris_0001.jpg,Matthew_Ouimet/Matthew_Ouimet_0001.jpg,0,0.96150279
Jaime_Pressly/Jaime_Pressly_0001.jpg,Tiago_Splitter/Tiago_Splitter_0001.jpg,0,0.96948361
James_Brown/James_Brown_0001.jpg,Mary_Blige/Mary_Blige_0001.jpg,0,0.98913968
James_Brown/James_Brown_0001.jpg,Paul_Reiser/Paul_Reiser_0001.jpg,0,0.96482277
James_Mathis/James_Mathis_0001.jpg,Yuri_Fedotov/Yuri_Fedotov_0001.jpg,0,0.96453607
James_Wattana/James_Wattana_0001.jpg,Paul_Reiser/Paul_Reiser_0001.jpg,0,0.96454269
James_Wattana/James_Wattana_0001.jpg,Ron_Kirk/Ron_Kirk_0001.jpg,0,0.97629368
James_Young/James_Young_0001.jpg,Jeffrey_Scott_Postell/Jeffrey_Scott_Postell_0002.jpg,0,0.98282999
James_Young/James_Young_0001.jpg,Ronald_Harwood/Ronald_Harwood_0001.jpg,0,0.98712575
Jane_Leeves/Jane_Leeves_0001.jpg,Tom_McClintock/Tom_McClintock_0001.jpg,0,0.98892176
Janet_Crawford/Janet_Crawford_0001.jpg,Thomas_Scavone/Thomas_Scavone_0001.jpg,0,0.96751893
Jason_Sorens/Jason_Sorens_0001.jpg,Lidija_Djukanovic/Lidija_Djukanovic_0001.jpg,0,0.97605383
Jason_Vale/Jason_Vale_0001.jpg,Marcus_Garrettson/Marcus_Garrettson_0001.jpg,0,0.96618366
Jason_Vale/Jason_Vale_0001.jpg,Zoran_Djindjic/Zoran_Djindjic_0003.jpg,0,0.97312951
Jaymon_Crabb/Jaymon_Crabb_0001.jpg,Ted_Christopher/Ted_Christopher_0001.jpg,0,0.98920852
Jeff_Weaver/Jeff_Weaver_0001.jpg,Kyoko_Nakayama/Kyoko_Nakayama_0001.jpg,0,0.97716773
Jeff_Weaver/Jeff_Weaver_0001.jpg,Rosalie_Perkov/Rosalie_Perkov_0001.jpg,0,0.97574997
Jeffrey_Scott_Postell/Jeffrey_Scott_Postell_0001.jpg,Tara_Dawn_Christensen/Tara_Dawn_Christensen_0001.jpg,0,0.96348453
Jeffrey_Scott_Postell/Jeffrey_Scott_Postell_0002.jpg,Lesley_Coppin/Lesley_Coppin_0001.jpg,0,0.96940100
Jennifer_Capriati/Jennifer_Capriati_0026.jpg,Ruben_Wolkowyski/Ruben_Wolkowyski_0001.jpg,0,0.97365791
Jim_Bunning/Jim_Bunning_0001.jpg,Terence_Newman/Terence_Newman_0001.jpg,0,0.97031170
Jim_Jeffords/Jim_Jeffords_0001.jpg,Peter_Rasch/Peter_Rasch_0001.jpg,0,0.99284816
Jim_Jeffords/Jim_Jeffords_0001.jpg,Tom_Sizemore/Tom_Sizemore_0001.jpg,0,0.97533190
Job_Cohen/Job_Cohen_0001.jpg,John_Stockton/John_Stockton_0002.jpg,0,0.97790360
John_Franco/John_Franco_0001.jpg,Paul_Wolfowitz/Paul_Wolfowitz_0004.jpg,0,0.95849800
John_Gordnick/John_Gordnick_0001.jpg,Linda_Dano/Linda_Dano_0001.jpg,0,0.96193910
John_Gordnick/John_Gordnick_0001.jpg,Paul_Vathis/Paul_Vathis_0001.jpg,0,0.96787143
John_Gordnick/John_Gordnick_0001.jpg,Yasser_Arafat/Yasser_Arafat_0003.jpg,0,0.96008980
John_Stockton/John_Stockton_0004.jpg,Patsy_Hardy/Patsy_Hardy_0001.jpg,0,0.96525574
John_Travolta/John_Travolta_0002.jpg,Lech_Walesa/Lech_Walesa_0001.jpg,0,0.97887099
Juan_Valencia_Osorio/Juan_Valencia_Osorio_0001.jpg,Tom_Daschle/Tom_Daschle_0006.jpg,0,0.97898775
Juergen_Schrempp/Juergen_Schrempp_0001.jpg,Mitt_Romney/Mitt_Romney_0001.jpg,0,0.98307806
Julien_Boutter/Julien_Boutter_0001.jpg,Saeed_Anwar/Saeed_Anwar_0001.jpg,0,0.97423190
Kaisser_Bazan/Kaisser_Bazan_0001.jpg,Lawrence_Vito/Lawrence_Vito_0001.jpg,0,0.96765882
Kaisser_Bazan/Kaisser_Bazan_0001.jpg,Pierre_Lacroix/Pierre_Lacroix_0001.jpg,0,0.97843754
Kajsa_Bergqvist/Kajsa_Bergqvist_0001.jpg,Tayshaun_Prince/Tayshaun_Prince_0001.jpg,0,0.97709602
Keith_Snyder/Keith_Snyder_0001.jpg,Terri_Clark/Terri_Clark_0001.jpg,0,0.97420937
Kemal_Dervis/Kemal_Dervis_0003.jpg,Roger_Staubach/Roger_Staubach_0001.jpg,0,0.98469287
Kifah_Ajouri/Kifah_Ajouri_0001.jpg,Laurie_Pirtle/Laurie_Pirtle_0001.jpg,0,0.94662213
Kifah_Ajouri/Kifah_Ajouri_0001.jpg,Raul_Gonzalez/Raul_Gonzalez_0001.jpg,0,0.98118973
Kimberly_Bruckner/Kimberly_Bruckner_0001.jpg,Pete_Carroll/Pete_Carroll_0001.jpg,0,0.97230816
Kirk_Douglas/Kirk_Douglas_0001.jpg,Nida_Blanca/Nida_Blanca_0001.jpg,0,0.95410007
Larry_Harris/Larry_Harris_0001.jpg,Michael_Lechner/Michael_Lechner_0001.jpg,0,0.95303130
Larry_Lucchino/Larry_Lucchino_0001.jpg,Rudy_Tomjanovich/Rudy_Tomjanovich_0001.jpg,0,0.98036730
Latrell_Sprewell/Latrell_Sprewell_0001.jpg,Rosalie_Perkov/Rosalie_Perkov_0001.jpg,0,0.97023308
Laura_Schlessinger/Laura_Schlessinger_0001.jpg,Tony_Curtis/Tony_Curtis_0001.jpg,0,0.97975516
Laurie_Pirtle/Laurie_Pirtle_0001.jpg,Roberta_Combs/Roberta_Combs_0001.jpg,0,0.96834862
Lawrence_Roberts/Lawrence_Roberts_0001.jpg,Lynne_Thigpen/Lynne_Thigpen_0001.jpg,0,0.98475969
Lawrence_Roberts/Lawrence_Roberts_0001.jpg,Nick_Cassavetes/Nick_Cassavetes_0001.jpg,0,0.96235567
Lech_Walesa/Lech_Walesa_0002.jpg,Rick_Wagoner/Rick_Wagoner_0002.jpg,0,0.99291432
Len_Jenoff/Len_Jenoff_0002.jpg,Tom_Daschle/Tom_Daschle_0007.jpg,0,0.95892262
Lew_Rywin/Lew_Rywin_0001.jpg,Terri_Clark/Terri_Clark_0001.jpg,0,0.96683484
Linda_Dano/Linda_Dano_0001.jpg,Terence_Newman/Terence_Newman_0001.jpg,0,0.96271646
Lydia_Shum/Lydia_Shum_0001.jpg,Mario_Vasquez_Rana/Mario_Vasquez_Rana_0001.jpg,0,0.95988178
Lynne_Thigpen/Lynne_Thigpen_0001.jpg,Mary_Blige/Mary_Blige_0001.jpg,0,0.99799657
Malcolm_Glazer/Malcolm_Glazer_0001.jpg,Noer_Muis/Noer_Muis_0001.jpg,0,0.97779590
Malcolm_Glazer/Malcolm_Glazer_0001.jpg,Tabare_Vazquez/Tabare_Vazquez_0001.jpg,0,0.97874415
Marc_Bulger/Marc_Bulger_0001.jpg,Paul_Wolfowitz/Paul_Wolfowitz_0007.jpg,0,0.97242391
Marcus_Garrettson/Marcus_Garrettson_0001.jpg,Pham_Sy_Chien/Pham_Sy_Chien_0001.jpg,0,0.96380758
Marcus_Garrettson/Marcus_Garrettson_0001.jpg,Roberto_Carlos/Roberto_Carlos_0003.jpg,0,0.94644612
Maribel_Dominguez/Maribel_Dominguez_0001.jpg,Michael_Winterbottom/Michael_Winterbottom_0003.jpg,0,0.97534955
Marion_Barry/Marion_Barry_0001.jpg,Steve_Peace/Steve_Peace_0001.jpg,0,0.97626501
Mark_Hogan/Mark_Hogan_0001.jpg,Queen_Elizabeth_II/Queen_Elizabeth_II_0011.jpg,0,0.97534084
Mark_Hogan/Mark_Hogan_0001.jpg,Roger_Toussaint/Roger_Toussaint_0001.jpg,0,0.95844030
Mary_Blige/Mary_Blige_0001.jpg,Raul_Gonzalez/Raul_Gonzalez_0001.jpg,0,0.96458054
Massoud_Barzani/Massoud_Barzani_0001.jpg,Pierre_Lacroix/Pierre_Lacroix_0001.jpg,0,0.96924287
Max_Mosley/Max_Mosley_0001.jpg,Raul_Gonzalez/Raul_Gonzalez_0001.jpg,0,0.97047520
Melvin_Talbert/Melvin_Talbert_0001.jpg,Rudy_Tomjanovich/Rudy_Tomjanovich_0001.jpg,0,0.97128481
Michael_Hagee/Michael_Hagee_0001.jpg,Sonya_Walger/Sonya_Walger_0001.jpg,0,0.96255040
Michael_Killeen/Michael_Killeen_0001.jpg,Sammy_Sosa/Sammy_Sosa_0002.jpg,0,0.96940595
Michael_Olowokandi/Michael_Olowokandi_0001.jpg,Pete_Carroll/Pete_Carroll_0002.jpg,0,0.96981359
Michael_Winterbottom/Michael_Winterbottom_0001.jpg,Pierre_Boulanger/Pierre_Boulanger_0001.jpg,0,0.97847396
Mike_Price/Mike_Price_0002.jpg,Tom_Miller/Tom_Miller_0001.jpg,0,0.98884320
Milo_Maestrecampo/Milo_Maestrecampo_0001.jpg,Yuri_Fedotov/Yuri_Fedotov_0001.jpg,0,0.98106968
Milo_Maestrecampo/Milo_Maestrecampo_0002.jpg,Steve_Peace/Steve_Peace_0001.jpg,0,0.96526915
Milo_Maestrecampo/Milo_Maestrecampo_0003.jpg,Stacey_Dales-Schuman/Stacey_Dales-Schuman_0001.jpg,0,0.97235656
Mitt_Romney/Mitt_Romney_0001.jpg,Nida_Blanca/Nida_Blanca_0001.jpg,0,0.96127123
Mohamed_ElBaradei/Mohamed_ElBaradei_0008.jpg,Rachel_Wheatley/Rachel_Wheatley_0001.jpg,0,0.95760059
Mohammad_Aktar/Mohammad_Aktar_0001.jpg,Rafeeuddin_Ahmed/Rafeeuddin_Ahmed_0001.jpg,0,0.96117014
Mohammad_Aktar/Mohammad_Aktar_0001.jpg,Tom_McClintock/Tom_McClintock_0001.jpg,0,0.96585107
Mohammed_Abulhasan/Mohammed_Abulhasan_0001.jpg,Stephane_Rousseau/Stephane_Rousseau_0001.jpg,0,0.97232306
Mohammed_Abulhasan/Mohammed_Abulhasan_0001.jpg,Vladimiro_Montesinos/Vladimiro_Montesinos_0001.jpg,0,0.97635412
Nastia_Liukin/Nastia_Liukin_0001.jpg,Nicole_Parker/Nicole_Parker_0001.jpg,0,0.98388696
Nastia_Liukin/Nastia_Liukin_0001.jpg,Sharon_Davis/Sharon_Davis_0002.jpg,0,0.98625970
Nicolas_Latorre/Nicolas_Latorre_0001.jpg,Paula_Prentiss/Paula_Prentiss_0001.jpg,0,0.96807158
Nicolas_Latorre/Nicolas_Latorre_0001.jpg,Vassilis_Xiros/Vassilis_Xiros_0001.jpg,0,0.98427308
Nicolas_Latorre/Nicolas_Latorre_0001.jpg,William_Delahunt/William_Delahunt_0001.jpg,0,0.96287668
Pete_Sampras/Pete_Sampras_0010.jpg,Stan_Heath/Stan_Heath_0001.jpg,0,0.98452449
Phil_Vassar/Phil_Vassar_0002.jpg,Tabare_Vazquez/Tabare_Vazquez_0001.jpg,0,0.96558893
Philip_Zalewski/Philip_Zalewski_0001.jpg,Stefan_Holm/Stefan_Holm_0001.jpg,0,0.97707188
Roberto_Carlos/Roberto_Carlos_0001.jpg,Yasser_Arafat/Yasser_Arafat_0005.jpg,0,0.96656263
Roger_Cook/Roger_Cook_0001.jpg,Wilbert_Foy/Wilbert_Foy_0001.jpg,0,0.98016369
Roger_Staubach/Roger_Staubach_0001.jpg,Severino_Antinori/Severino_Antinori_0001.jpg,0,0.97830164
Ron_Kirk/Ron_Kirk_0001.jpg,Troy_Hudson/Troy_Hudson_0001.jpg,0,0.98714042
Sammy_Sosa/Sammy_Sosa_0002.jpg,Stan_Heath/Stan_Heath_0002.jpg,0,0.97993898
Sandra_Ceccarelli/Sandra_Ceccarelli_0001.jpg,Stephen_Cooper/Stephen_Cooper_0001.jpg,0,0.96286309
Sandra_Ceccarelli/Sandra_Ceccarelli_0001.jpg,Tom_Coughlin/Tom_Coughlin_0001.jpg,0,0.96878278
Shireen_Amir_Begum/Shireen_Amir_Begum_0001.jpg,Sushma_Swaraj/Sushma_Swaraj_0001.jpg,0,0.97798264
Sinead_OConnor/Sinead_OConnor_0001.jpg,Stephane_Rochon/Stephane_Rochon_0001.jpg,0,0.97535324
Adrian_Annus/Adrian_Annus_0001.jpg,Jorge_Marquez-Ruarte/Jorge_Marquez-Ruarte_0001.jpg,0,0.97290158
Adrian_Annus/Adrian_Annus_0001.jpg,Patrick_Bourrat/Patrick_Bourrat_0001.jpg,0,0.98344278
Adrian_Murrell/Adrian_Murrell_0001.jpg,Jose_Cevallos/Jose_Cevallos_0001.jpg,0,0.96988308
Adrian_Murrell/Adrian_Murrell_0001.jpg,Paul_Brandt/Paul_Brandt_0001.jpg,0,0.96473515
Ahmed_Ibrahim_Bilal/Ahmed_Ibrahim_Bilal_0001.jpg,Beatrice_Dalle/Beatrice_Dalle_0001.jpg,0,0.96345490
Ahmed_Ibrahim_Bilal/Ahmed_Ibrahim_Bilal_0001.jpg,Lee_Chang-dong/Lee_Chang-dong_0001.jpg,0,0.98139530
Aileen_Riggin_Soule/Aileen_Riggin_Soule_0001.jpg,Norio_Ohga/Norio_Ohga_0001.jpg,0,0.97945756
Aitor_Gonzalez/Aitor_Gonzalez_0002.jpg,Horace_Donovan_Reid/Horace_Donovan_Reid_0001.jpg,0,0.98470128
Ajit_Agarkar/Ajit_Agarkar_0001.jpg,Jesse_James/Jesse_James_0001.jpg,0,0.96001685
Akbar_Al_Baker/Akbar_Al_Baker_0001.jpg,Andrei_Konchalovsky/Andrei_Konchalovsky_0001.jpg,0,0.97148937
Akbar_Al_Baker/Akbar_Al_Baker_0001.jpg,Bobby_Goldwater/Bobby_Goldwater_0001.jpg,0,0.97205997
Alain_Cervantes/Alain_Cervantes_0001.jpg,Bob_Huggins/Bob_Huggins_0003.jpg,0,0.97880536
Alain_Cervantes/Alain_Cervantes_0001.jpg,Pierre_Png/Pierre_Png_0001.jpg,0,0.95793581
Alanna_Ubach/Alanna_Ubach_0001.jpg,Paul_Gascoigne/Paul_Gascoigne_0001.jpg,0,0.96650141
Alec_Baldwin/Alec_Baldwin_0004.jpg,Goh_Kun/Goh_Kun_0002.jpg,0,0.98179209
Alex_Holmes/Alex_Holmes_0001.jpg,Beatrice_Dalle/Beatrice_Dalle_0001.jpg,0,0.96966958
Alfred_Sant/Alfred_Sant_0001.jpg,Randall_Tobias/Randall_Tobias_0001.jpg,0,0.98223984
Alfredo_Moreno/Alfredo_Moreno_0001.jpg,Dyab_Abou_Jahjah/Dyab_Abou_Jahjah_0001.jpg,0,0.98194855
Alfredo_Moreno/Alfredo_Moreno_0001.jpg,Suzanne_Torrance/Suzanne_Torrance_0001.jpg,0,0.97189331
Alfredo_Pena/Alfredo_Pena_0001.jpg,Emmanuel_Milingo/Emmanuel_Milingo_0001.jpg,0,0.97126669
Alvaro_Noboa/Alvaro_Noboa_0001.jpg,Phan_Van_Khai/Phan_Van_Khai_0001.jpg,0,0.97838920
Alvaro_Noboa/Alvaro_Noboa_0002.jpg,Timothy_Rigas/Timothy_Rigas_0001.jpg,0,0.98342603
Amanda_Coetzer/Amanda_Coetzer_0001.jpg,Bridgette_Wilson-Sampras/Bridgette_Wilson-Sampras_0002.jpg,0,0.98776442
Amanda_Coetzer/Amanda_Coetzer_0001.jpg,Eddie_Jordan/Eddie_Jordan_0001.jpg,0,0.97405940
Amer_al-Saadi/Amer_al-Saadi_0004.jpg,Miguel_Cotto/Miguel_Cotto_0001.jpg,0,0.98239589
Amy_Brenneman/Amy_Brenneman_0001.jpg,Russell_Coutts/Russell_Coutts_0002.jpg,0,0.96987325
Amy_Brenneman/Amy_Brenneman_0001.jpg,Terje_Roed-Larsen/Terje_Roed-Larsen_0001.jpg,0,0.97102153
Andrew_Firestone/Andrew_Firestone_0001.jpg,Harry_Schmidt/Harry_Schmidt_0004.jpg,0,0.96508396
Andrew_Firestone/Andrew_Firestone_0001.jpg,Ian_Campbell/Ian_Campbell_0001.jpg,0,0.98040771
Andrew_Firestone/Andrew_Firestone_0001.jpg,Jose_Acasuso/Jose_Acasuso_0001.jpg,0,0.98983389
Andrew_Firestone/Andrew_Firestone_0001.jpg,Omar_Sharif/Omar_Sharif_0004.jpg,0,0.95936322
Andy_Graves/Andy_Graves_0001.jpg,Gil_de_Ferran/Gil_de_Ferran_0001.jpg,0,0.97297329
Angela_Alvarado_Rosa/Angela_Alvarado_Rosa_0001.jpg,Gerald_Calabrese/Gerald_Calabrese_0001.jpg,0,0.95043415
Angela_Alvarado_Rosa/Angela_Alvarado_Rosa_0001.jpg,Jeffrey_Jones/Jeffrey_Jones_0001.jpg,0,0.95858955
Anneli_Jaatteenmaki/Anneli_Jaatteenmaki_0002.jpg,Eric_Robert_Rudolph/Eric_Robert_Rudolph_0002.jpg,0,0.96493995
Anneli_Jaatteenmaki/Anneli_Jaatteenmaki_0002.jpg,Gerry_Adams/Gerry_Adams_0006.jpg,0,0.95919597
Anneli_Jaatteenmaki/Anneli_Jaatteenmaki_0002.jpg,Jorge_Marquez-Ruarte/Jorge_Marquez-Ruarte_0001.jpg,0,0.95944381
Anthony_Corso/Anthony_Corso_0001.jpg,Johnny_Benson/Johnny_Benson_0001.jpg,0,0.96336257
Anthony_Corso/Anthony_Corso_0001.jpg,Ray_Allen/Ray_Allen_0003.jpg,0,0.96783119
Anthony_Pico/Anthony_Pico_0001.jpg,Stephanie_Cohen_Aloro/Stephanie_Cohen_Aloro_0001.jpg,0,0.97315931
Ari_Fleischer/Ari_Fleischer_0001.jpg,Razali_Ismail/Razali_Ismail_0001.jpg,0,0.97541833
Ari_Fleischer/Ari_Fleischer_0009.jpg,Jean-Marc_de_La_Sabliere/Jean-Marc_de_La_Sabliere_0002.jpg,0,0.98844683
Arianna_Huffington/Arianna_Huffington_0004.jpg,Philippe_Gagnon/Philippe_Gagnon_0001.jpg,0,0.97041959
Arnaud_Clement/Arnaud_Clement_0001.jpg,Jeffrey_Jones/Jeffrey_Jones_0002.jpg,0,0.96538532
Arnaud_Clement/Arnaud_Clement_0001.jpg,King_Gyanendra/King_Gyanendra_0001.jpg,0,0.99289805
Arnaud_Clement/Arnaud_Clement_0002.jpg,Grady_Irvin_Jr/Grady_Irvin_Jr_0002.jpg,0,0.96807975
Arnold_Scott/Arnold_Scott_0001.jpg,Randy_Dryer/Randy_Dryer_0001.jpg,0,0.98668706
Art_Howe/Art_Howe_0002.jpg,Luciano_Bovicelli/Luciano_Bovicelli_0001.jpg,0,0.99157012
Art_Howe/Art_Howe_0003.jpg,Teresa_Worbis/Teresa_Worbis_0001.jpg,0,0.97400832
Artieas_Shanks/Artieas_Shanks_0001.jpg,Derek_King/Derek_King_0001.jpg,0,0.96894580
Astrid_Betancourt/Astrid_Betancourt_0001.jpg,Frederick_Madden/Frederick_Madden_0001.jpg,0,0.95966601
Barbara_De_Brun/Barbara_De_Brun_0001.jpg,Cosmo_Iacavazzi/Cosmo_Iacavazzi_0001.jpg,0,0.95111603
Barry_Collier/Barry_Collier_0001.jpg,Narendra_Modi/Narendra_Modi_0001.jpg,0,0.95942783
Ben_Affleck/Ben_Affleck_0003.jpg,Patricia_Hearst/Patricia_Hearst_0001.jpg,0,0.96631104
Ben_Affleck/Ben_Affleck_0004.jpg,Daniel_Scioli/Daniel_Scioli_0001.jpg,0,0.97817731
Ben_Affleck/Ben_Affleck_0007.jpg,Marcio_de_Souza/Marcio_de_Souza_0001.jpg,0,0.97209442
Ben_Broussard/Ben_Broussard_0001.jpg,Rudi_Voeller/Rudi_Voeller_0001.jpg,0,0.97140491
Betsy_Smith/Betsy_Smith_0002.jpg,Steven_Kinlock/Steven_Kinlock_0001.jpg,0,0.97203898
Betty_Williams/Betty_Williams_0001.jpg,Mary_Catherine_Correll/Mary_Catherine_Correll_0001.jpg,0,0.99036086
Bianca_Jagger/Bianca_Jagger_0001.jpg,Dario_Camuffo/Dario_Camuffo_0001.jpg,0,0.95493299
Bianca_Jagger/Bianca_Jagger_0001.jpg,Fabricio_Oberto/Fabricio_Oberto_0001.jpg,0,0.97228968
Bill_Callahan/Bill_Callahan_0001.jpg,Gina_Gershon/Gina_Gershon_0001.jpg,0,0.97609806
Bill_Kollar/Bill_Kollar_0001.jpg,Gina_Gershon/Gina_Gershon_0001.jpg,0,0.96593511
Bill_Kollar/Bill_Kollar_0001.jpg,Jose_Miguel_Aleman/Jose_Miguel_Aleman_0001.jpg,0,0.98249662
Bill_Kollar/Bill_Kollar_0001.jpg,Mae_Jemison/Mae_Jemison_0001.jpg,0,0.96554649
Bill_Kollar/Bill_Kollar_0001.jpg,Mohammed_Ashraf_Hafiz/Mohammed_Ashraf_Hafiz_0001.jpg,0,0.97604638
Bill_Kollar/Bill_Kollar_0001.jpg,Patty_Sheehan/Patty_Sheehan_0001.jpg,0,0.96925032
Bill_Parsons/Bill_Parsons_0001.jpg,Donna_Barrera/Donna_Barrera_0001.jpg,0,0.98046249
Bill_Stein/Bill_Stein_0001.jpg,Vanessa_Incontrada/Vanessa_Incontrada_0004.jpg,0,0.97467268
Blythe_Hartley/Blythe_Hartley_0001.jpg,Jackie_Dennis/Jackie_Dennis_0001.jpg,0,0.96432257
Blythe_Hartley/Blythe_Hartley_0002.jpg,Gil_de_Ferran/Gil_de_Ferran_0002.jpg,0,0.95264339
Bob_Curtis/Bob_Curtis_0001.jpg,Helen_Clark/Helen_Clark_0001.jpg,0,0.97261035
Bob_Huggins/Bob_Huggins_0003.jpg,Sylvester_Stallone/Sylvester_Stallone_0002.jpg,0,0.96735477
Bobby_Goldwater/Bobby_Goldwater_0001.jpg,John_Moxley/John_Moxley_0001.jpg,0,0.97985470
Bobby_Goldwater/Bobby_Goldwater_0001.jpg,Ulrich_Kueperkoch/Ulrich_Kueperkoch_0001.jpg,0,0.97671664
Bono/Bono_0003.jpg,Ian_Huntley/Ian_Huntley_0001.jpg,0,0.99304140
Brad_Garrett/Brad_Garrett_0001.jpg,Hoda_Asfor/Hoda_Asfor_0001.jpg,0,0.97117364
Brad_Garrett/Brad_Garrett_0004.jpg,Wang_Nan/Wang_Nan_0001.jpg,0,0.97995830
Brandon_Hammond/Brandon_Hammond_0001.jpg,Thomas_Kelly/Thomas_Kelly_0001.jpg,0,0.98410237
Brandon_Robinson/Brandon_Robinson_0001.jpg,Giovanny_Cordoba/Giovanny_Cordoba_0001.jpg,0,0.98804688
Brandon_Robinson/Brandon_Robinson_0001.jpg,Michael_Linscott/Michael_Linscott_0001.jpg,0,0.98657173
Brandon_Robinson/Brandon_Robinson_0001.jpg,Shi_Guangsheng/Shi_Guangsheng_0001.jpg,0,0.98113263
Brendan_Stai/Brendan_Stai_0001.jpg,Dan_Guerrero/Dan_Guerrero_0001.jpg,0,0.98295552
Brett_Boone/Brett_Boone_0001.jpg,Jean-Marc_de_La_Sabliere/Jean-Marc_de_La_Sabliere_0001.jpg,0,0.98921663
Brett_Boone/Brett_Boone_0001.jpg,Teresa_Worbis/Teresa_Worbis_0001.jpg,0,0.98548889
Brian_Billick/Brian_Billick_0001.jpg,Ian_Huntley/Ian_Huntley_0001.jpg,0,0.97732812
Brian_Billick/Brian_Billick_0001.jpg,John_Wayne/John_Wayne_0001.jpg,0,0.98268938
Brian_Billick/Brian_Billick_0001.jpg,Stephanie_Moore/Stephanie_Moore_0001.jpg,0,0.97093046
Brian_Olson/Brian_Olson_0001.jpg,Roberto_Tovar/Roberto_Tovar_0001.jpg,0,0.95513594
Bud_Selig/Bud_Selig_0001.jpg,Franz_Fischler/Franz_Fischler_0001.jpg,0,0.98808420
Bud_Selig/Bud_Selig_0003.jpg,John_Duprey/John_Duprey_0001.jpg,0,0.99055707
Carla_Moreno/Carla_Moreno_0001.jpg,Suzanne_Torrance/Suzanne_Torrance_0001.jpg,0,0.98950785
Carla_Moreno/Carla_Moreno_0001.jpg,Tang_Jiaxuan/Tang_Jiaxuan_0003.jpg,0,0.97291994
Carlos_Beltran/Carlos_Beltran_0001.jpg,Ulrich_Kueperkoch/Ulrich_Kueperkoch_0001.jpg,0,0.97439289
Carlos_Ghosn/Carlos_Ghosn_0001.jpg,Jim_Paxson/Jim_Paxson_0001.jpg,0,0.97235322
Carlos_Ghosn/Carlos_Ghosn_0002.jpg,Ray_Allen/Ray_Allen_0003.jpg,0,0.97358555
Carlton_Dotson/Carlton_Dotson_0001.jpg,Jim_Paxson/Jim_Paxson_0001.jpg,0,0.96965498
Carlton_Dotson/Carlton_Dotson_0001.jpg,Patrick_Bourrat/Patrick_Bourrat_0001.jpg,0,0.96823788
Carlton_Dotson/Carlton_Dotson_0001.jpg,Porter_Goss/Porter_Goss_0001.jpg,0,0.96272242
Carlton_Dotson/Carlton_Dotson_0001.jpg,Vyacheslav_Fetisov/Vyacheslav_Fetisov_0001.jpg,0,0.96971458
Cass_Ballenger/Cass_Ballenger_0001.jpg,Norio_Ohga/Norio_Ohga_0001.jpg,0,0.97167695
Cecile_de_France/Cecile_de_France_0001.jpg,Dyab_Abou_Jahjah/Dyab_Abou_Jahjah_0001.jpg,0,0.97001594
Cecile_de_France/Cecile_de_France_0001.jpg,Terrence_Kiel/Terrence_Kiel_0001.jpg,0,0.97388595
Charles_Bell/Charles_Bell_0001.jpg,Tatjana_Gsell/Tatjana_Gsell_0001.jpg,0,0.96804333
Charlotte_Rampling/Charlotte_Rampling_0001.jpg,Lana_Clarkson/Lana_Clarkson_0002.jpg,0,0.97619897
Chick_Hearn/Chick_Hearn_0001.jpg,Mohammed_Salmane/Mohammed_Salmane_0001.jpg,0,0.96642458
Christopher_Reeve/Christopher_Reeve_0004.jpg,Pauline_Landers/Pauline_Landers_0001.jpg,0,0.98249960
Christopher_Reeve/Christopher_Reeve_0004.jpg,Scott_OGrady/Scott_OGrady_0001.jpg,0,0.97561538
Cindy_Margolis/Cindy_Margolis_0001.jpg,Mark_Cuban/Mark_Cuban_0002.jpg,0,0.96838778
Claire_Danes/Claire_Danes_0002.jpg,Nadine_Vinzens/Nadine_Vinzens_0001.jpg,0,0.98583102
Claudio_Lopez/Claudio_Lopez_0001.jpg,Gabrielle_Rose/Gabrielle_Rose_0001.jpg,0,0.96193200
Collis_Temple_III/Collis_Temple_III_0001.jpg,Eva_Amurri/Eva_Amurri_0001.jpg,0,0.97175169
Collis_Temple_III/Collis_Temple_III_0001.jpg,Rob_Niedermayer/Rob_Niedermayer_0001.jpg,0,0.97451794
Collis_Temple_III/Collis_Temple_III_0001.jpg,Santiago_Botero/Santiago_Botero_0001.jpg,0,0.99023294
Collis_Temple_III/Collis_Temple_III_0001.jpg,Simon_Chalk/Simon_Chalk_0001.jpg,0,0.96718657
Conan_OBrien/Conan_OBrien_0001.jpg,Liliana_Cavani/Liliana_Cavani_0001.jpg,0,0.96646976
Corinna_Harfouch/Corinna_Harfouch_0001.jpg,Ivo_Dubs/Ivo_Dubs_0001.jpg,0,0.98798317
Corinna_Harfouch/Corinna_Harfouch_0001.jpg,Tim_Curry/Tim_Curry_0001.jpg,0,0.97356308
Cristina_Kirchner/Cristina_Kirchner_0001.jpg,Stefanie_De_Roux/Stefanie_De_Roux_0001.jpg,0,0.97565794
Dan_Boyle/Dan_Boyle_0001.jpg,Paul_Clark/Paul_Clark_0001.jpg,0,0.97194737
Dan_Boyle/Dan_Boyle_0001.jpg,Thabo_Mbeki/Thabo_Mbeki_0003.jpg,0,0.97645128
Daniel_Chin/Daniel_Chin_0001.jpg,Ian_Huntley/Ian_Huntley_0001.jpg,0,0.97115701
Daniel_Chin/Daniel_Chin_0001.jpg,Jim_Letten/Jim_Letten_0001.jpg,0,0.97023964
Daniel_Chin/Daniel_Chin_0001.jpg,Julia_Glass/Julia_Glass_0001.jpg,0,0.95585620
Daniel_Scioli/Daniel_Scioli_0001.jpg,Lena_Katina/Lena_Katina_0001.jpg,0,0.95628238
Daniel_Scioli/Daniel_Scioli_0001.jpg,Lindsay_Lohan/Lindsay_Lohan_0001.jpg,0,0.97740996
Dario_Camuffo/Dario_Camuffo_0001.jpg,Eli_Stutsman/Eli_Stutsman_0001.jpg,0,0.97578585
David_Brinkley/David_Brinkley_0001.jpg,Jeff_Bridges/Jeff_Bridges_0001.jpg,0,0.98791659
David_Brinkley/David_Brinkley_0001.jpg,Stephen_Arigbabu/Stephen_Arigbabu_0001.jpg,0,0.98566002
David_Montoya/David_Montoya_0001.jpg,Mary_Elizabeth_Mastrantonio/Mary_Elizabeth_Mastrantonio_0001.jpg,0,0.96987426
David_Siegel/David_Siegel_0001.jpg,Francis_Mer/Francis_Mer_0001.jpg,0,0.97909451
Dennis_Johnson/Dennis_Johnson_0001.jpg,Satnarine_Sharma/Satnarine_Sharma_0001.jpg,0,0.99181694
Denys_Arcand/Denys_Arcand_0001.jpg,Nadine_Vinzens/Nadine_Vinzens_0002.jpg,0,0.95418727
Derek_Jeter/Derek_Jeter_0001.jpg,Tian_Zhuang_Zhuang/Tian_Zhuang_Zhuang_0001.jpg,0,0.97258055
Derek_Jeter/Derek_Jeter_0003.jpg,Jolanta_Kwasniewski/Jolanta_Kwasniewski_0002.jpg,0,0.96048546
Derek_King/Derek_King_0001.jpg,Yasein_Taher/Yasein_Taher_0001.jpg,0,0.97397858
Derrick_Battie/Derrick_Battie_0001.jpg,Ian_Huntley/Ian_Huntley_0001.jpg,0,0.96616441
Diego_Armando_Maradona/Diego_Armando_Maradona_0001.jpg,Robert_Gordon_Card/Robert_Gordon_Card_0001.jpg,0,0.96601713
Don_King/Don_King_0001.jpg,Thomas_Kelly/Thomas_Kelly_0001.jpg,0,0.99381030
Don_King/Don_King_0001.jpg,Zurab_Tsereteli/Zurab_Tsereteli_0001.jpg,0,0.97378033
Donna_Barrera/Donna_Barrera_0001.jpg,Francis_Mer/Francis_Mer_0002.jpg,0,0.96878260
Donna_Shalala/Donna_Shalala_0002.jpg,Sereyvuth_Kem/Sereyvuth_Kem_0001.jpg,0,0.97720969
Duncan_Fletcher/Duncan_Fletcher_0001.jpg,John_Cusack/John_Cusack_0002.jpg,0,0.97625315
Duncan_Fletcher/Duncan_Fletcher_0001.jpg,Mike_Alden/Mike_Alden_0001.jpg,0,0.97629726
Dustin_Brown/Dustin_Brown_0001.jpg,Jose_Cevallos/Jose_Cevallos_0001.jpg,0,0.95027864
Dyab_Abou_Jahjah/Dyab_Abou_Jahjah_0001.jpg,John_Cornyn/John_Cornyn_0001.jpg,0,0.96788466
Ed_Mekertichian/Ed_Mekertichian_0001.jpg,Paul_Clark/Paul_Clark_0001.jpg,0,0.98090953
Edmund_Hillary/Edmund_Hillary_0002.jpg,Miguel_Cotto/Miguel_Cotto_0001.jpg,0,0.96275997
Elena_Likhovtseva/Elena_Likhovtseva_0001.jpg,Marty_Mornhinweg/Marty_Mornhinweg_0002.jpg,0,0.97872615
Eli_Stutsman/Eli_Stutsman_0001.jpg,Kalpana_Chawla/Kalpana_Chawla_0004.jpg,0,0.96816069
Eli_Stutsman/Eli_Stutsman_0001.jpg,Marcio_de_Souza/Marcio_de_Souza_0001.jpg,0,0.96777797
Eli_Stutsman/Eli_Stutsman_0001.jpg,Michael_Phelps/Michael_Phelps_0001.jpg,0,0.97882998
Elizabeth_Regan/Elizabeth_Regan_0001.jpg,Eugene_Teslovic/Eugene_Teslovic_0001.jpg,0,0.97216189
Emmanuel_Milingo/Emmanuel_Milingo_0001.jpg,Enrica_Fico/Enrica_Fico_0001.jpg,0,0.97328293
Enola_Rice/Enola_Rice_0001.jpg,Lana_Clarkson/Lana_Clarkson_0002.jpg,0,0.99222791
Erin_Runnion/Erin_Runnion_0003.jpg,Rob_Lowe/Rob_Lowe_0002.jpg,0,0.98518234
Eugene_Teslovic/Eugene_Teslovic_0001.jpg,Goh_Kun/Goh_Kun_0001.jpg,0,0.97489750
Eugene_Teslovic/Eugene_Teslovic_0001.jpg,Jean-Marc_de_La_Sabliere/Jean-Marc_de_La_Sabliere_0002.jpg,0,0.97543442
Eva_Amurri/Eva_Amurri_0001.jpg,Tanya_Holyk/Tanya_Holyk_0001.jpg,0,0.98177207
Fabricio_Oberto/Fabricio_Oberto_0001.jpg,Rudi_Voeller/Rudi_Voeller_0001.jpg,0,0.97117853
Felix_Sanchez/Felix_Sanchez_0001.jpg,Ian_Moran/Ian_Moran_0001.jpg,0,0.97059870
Fernando_Henrique_Cardoso/Fernando_Henrique_Cardoso_0001.jpg,Michael_Phelps/Michael_Phelps_0001.jpg,0,0.95715177
Fernando_Henrique_Cardoso/Fernando_Henrique_Cardoso_0008.jpg,Sherry_Fisher/Sherry_Fisher_0001.jpg,0,0.96021479
Francis_Mer/Francis_Mer_0002.jpg,Patrick_Bourrat/Patrick_Bourrat_0001.jpg,0,0.98227090
Franz_Fischler/Franz_Fischler_0002.jpg,Robert_Lange/Robert_Lange_0001.jpg,0,0.97333980
Frederick_Madden/Frederick_Madden_0001.jpg,Gary_Condit/Gary_Condit_0001.jpg,0,0.96492374
Gary_Bauer/Gary_Bauer_0001.jpg,Greg_Hodge/Greg_Hodge_0001.jpg,0,0.98988509
Gary_Condit/Gary_Condit_0001.jpg,Nathan_Lane/Nathan_Lane_0002.jpg,0,0.97929597
Gary_Locke/Gary_Locke_0001.jpg,Marcio_de_Souza/Marcio_de_Souza_0001.jpg,0,0.96925616
Gen_Meredith/Gen_Meredith_0001.jpg,Matthew_Vaughan/Matthew_Vaughan_0001.jpg,0,0.96728700
Gerry_Adams/Gerry_Adams_0008.jpg,Jamir_Miller/Jamir_Miller_0001.jpg,0,0.97120368
Gilles_Panizzi/Gilles_Panizzi_0001.jpg,Jim_Piper/Jim_Piper_0001.jpg,0,0.97385460
Gina_Gershon/Gina_Gershon_0001.jpg,Patricia_Garone/Patricia_Garone_0001.jpg,0,0.95285869
Gina_Gershon/Gina_Gershon_0001.jpg,Zhang_Ziyi/Zhang_Ziyi_0002.jpg,0,0.98304135
Giovanny_Cordoba/Giovanny_Cordoba_0001.jpg,Jackie_Sherrill/Jackie_Sherrill_0001.jpg,0,0.96148854
Giovanny_Cordoba/Giovanny_Cordoba_0001.jpg,Keith_Olbermann/Keith_Olbermann_0001.jpg,0,0.96918333
Grady_Irvin_Jr/Grady_Irvin_Jr_0002.jpg,Oracene_Williams/Oracene_Williams_0001.jpg,0,0.98237360
Graeme_Smith/Graeme_Smith_0001.jpg,John_Salazar/John_Salazar_0001.jpg,0,0.96840787
Graham_Bentley/Graham_Bentley_0001.jpg,Jason_Clermont/Jason_Clermont_0001.jpg,0,0.95785594
Guillaume_Depardieu/Guillaume_Depardieu_0001.jpg,Manuel_Llorente/Manuel_Llorente_0001.jpg,0,0.95840085
Gunter_Pleuger/Gunter_Pleuger_0001.jpg,Nicole_Kidman/Nicole_Kidman_0002.jpg,0,0.96557689
Gunter_Pleuger/Gunter_Pleuger_0002.jpg,Robby_Ginepri/Robby_Ginepri_0001.jpg,0,0.96945333
Gunter_Pleuger/Gunter_Pleuger_0003.jpg,Vaclav_Klaus/Vaclav_Klaus_0001.jpg,0,0.98409933
Hanns_Schumacher/Hanns_Schumacher_0001.jpg,Martin_Gecht/Martin_Gecht_0001.jpg,0,0.99173003
Henri_Proglio/Henri_Proglio_0001.jpg,Ibrahim_Haddad/Ibrahim_Haddad_0001.jpg,0,0.99510586
Henri_Proglio/Henri_Proglio_0001.jpg,Jeffery_Hendren/Jeffery_Hendren_0001.jpg,0,0.98228729
Hermann_Maier/Hermann_Maier_0001.jpg,Phan_Van_Khai/Phan_Van_Khai_0001.jpg,0,0.95575070
Hermann_Maier/Hermann_Maier_0002.jpg,Stephen_Arigbabu/Stephen_Arigbabu_0001.jpg,0,0.98493713
Hideki_Sato/Hideki_Sato_0001.jpg,Peter_Mugyeni/Peter_Mugyeni_0001.jpg,0,0.97228795
Hideki_Sato/Hideki_Sato_0001.jpg,Troy_Aikman/Troy_Aikman_0001.jpg,0,0.97721136
Hoda_Asfor/Hoda_Asfor_0001.jpg,Juergen_Peters/Juergen_Peters_0001.jpg,0,0.96827817
Hoda_Asfor/Hoda_Asfor_0001.jpg,Lindsay_Lohan/Lindsay_Lohan_0001.jpg,0,0.98076642
Horace_Donovan_Reid/Horace_Donovan_Reid_0001.jpg,Rob_Lowe/Rob_Lowe_0001.jpg,0,0.96579671
Hunter_Kemper/Hunter_Kemper_0001.jpg,Marsha_Thomason/Marsha_Thomason_0001.jpg,0,0.96401876
Ian_Campbell/Ian_Campbell_0001.jpg,Mike_Alden/Mike_Alden_0001.jpg,0,0.99018669
Ian_Huntley/Ian_Huntley_0001.jpg,Jalen_Rose/Jalen_Rose_0001.jpg,0,0.97545922
Ian_Huntley/Ian_Huntley_0001.jpg,Sebastian_Saja/Sebastian_Saja_0002.jpg,0,0.98314792
Ian_Moran/Ian_Moran_0001.jpg,Stephanie_Cohen_Aloro/Stephanie_Cohen_Aloro_0001.jpg,0,0.98229349
Ian_Thorpe/Ian_Thorpe_0005.jpg,Mickey_Gilley/Mickey_Gilley_0001.jpg,0,0.98244584
Ignacio_Antonio_Velasco/Ignacio_Antonio_Velasco_0001.jpg,Rich_Brooks/Rich_Brooks_0001.jpg,0,0.97714245
Iran_Brown/Iran_Brown_0001.jpg,Margaret_Caruso/Margaret_Caruso_0001.jpg,0,0.95834833
Isabelle_Huppert/Isabelle_Huppert_0001.jpg,Marcio_de_Souza/Marcio_de_Souza_0001.jpg,0,0.96785891
Isabelle_Huppert/Isabelle_Huppert_0002.jpg,Phan_Van_Khai/Phan_Van_Khai_0003.jpg,0,0.95825815
Ivan_Shvedoff/Ivan_Shvedoff_0001.jpg,Josh_Childress/Josh_Childress_0001.jpg,0,0.97201872
Ivan_Shvedoff/Ivan_Shvedoff_0001.jpg,Miguel_Estrada/Miguel_Estrada_0002.jpg,0,0.95948964
Ivan_Shvedoff/Ivan_Shvedoff_0001.jpg,Vojislav_Seselj/Vojislav_Seselj_0001.jpg,0,0.98616272
Izzat_Ibrahim/Izzat_Ibrahim_0001.jpg,Jerry_Rice/Jerry_Rice_0001.jpg,0,0.97299302
Jacques_Villeneuve/Jacques_Villeneuve_0001.jpg,Wim_Duisenberg/Wim_Duisenberg_0001.jpg,0,0.97539783
Jalen_Rose/Jalen_Rose_0001.jpg,Suzanne_Torrance/Suzanne_Torrance_0001.jpg,0,0.96795774
James_Butts/James_Butts_0001.jpg,Nicole_Kidman/Nicole_Kidman_0002.jpg,0,0.96728647
James_Butts/James_Butts_0002.jpg,Jerry_Colangelo/Jerry_Colangelo_0001.jpg,0,0.97238868
James_Butts/James_Butts_0002.jpg,Sherry_Fisher/Sherry_Fisher_0001.jpg,0,0.97437072
James_May/James_May_0001.jpg,Trevor_McDonald/Trevor_McDonald_0001.jpg,0,0.97192037
James_May/James_May_0001.jpg,Vaclav_Klaus/Vaclav_Klaus_0002.jpg,0,0.99116719
Jamie_Cooke/Jamie_Cooke_0001.jpg,Kalpana_Chawla/Kalpana_Chawla_0005.jpg,0,0.97178924
Jamie_Cooke/Jamie_Cooke_0001.jpg,Mickey_Rooney/Mickey_Rooney_0001.jpg,0,0.96207535
Jamir_Miller/Jamir_Miller_0001.jpg,Laura_Hernandez/Laura_Hernandez_0001.jpg,0,0.97202313
Jana_Pittman/Jana_Pittman_0001.jpg,Liv_Tyler/Liv_Tyler_0001.jpg,0,0.98995435
Jason_Clermont/Jason_Clermont_0001.jpg,Jose_Carlo_Fernandez/Jose_Carlo_Fernandez_0001.jpg,0,0.98182428
Jason_Clermont/Jason_Clermont_0001.jpg,Patty_Duke/Patty_Duke_0001.jpg,0,0.96174073
Jeff_Bridges/Jeff_Bridges_0001.jpg,Landon_Donovan/Landon_Donovan_0001.jpg,0,0.96875381
Jeff_Bridges/Jeff_Bridges_0001.jpg,Patty_Duke/Patty_Duke_0001.jpg,0,0.97372615
Jeffery_Hendren/Jeffery_Hendren_0001.jpg,Jeremy_Wotherspoon/Jeremy_Wotherspoon_0001.jpg,0,0.97378230
Jennifer_McCoy/Jennifer_McCoy_0001.jpg,Manuel_Llorente/Manuel_Llorente_0001.jpg,0,0.96132106
Jennifer_McCoy/Jennifer_McCoy_0001.jpg,William_Cocksedge/William_Cocksedge_0001.jpg,0,0.96542716
Jerry_Colangelo/Jerry_Colangelo_0001.jpg,Vin_Diesel/Vin_Diesel_0002.jpg,0,0.97015929
Jerry_Rice/Jerry_Rice_0001.jpg,Joe_Gatti/Joe_Gatti_0002.jpg,0,0.96882749
Jessica_Brungo/Jessica_Brungo_0001.jpg,Landon_Donovan/Landon_Donovan_0001.jpg,0,0.97940981
Jim_OBrien/Jim_OBrien_0001.jpg,Nadine_Vinzens/Nadine_Vinzens_0001.jpg,0,0.96227396
Jim_Paxson/Jim_Paxson_0001.jpg,Robert_Gordon_Card/Robert_Gordon_Card_0001.jpg,0,0.96712500
Joe_Gatti/Joe_Gatti_0002.jpg,Mike_Samp/Mike_Samp_0001.jpg,0,0.96666718
Joel_Todd/Joel_Todd_0001.jpg,John_Fox/John_Fox_0001.jpg,0,0.97705984
Joel_Todd/Joel_Todd_0001.jpg,Momir_Nikolic/Momir_Nikolic_0001.jpg,0,0.96579850
John_Cornyn/John_Cornyn_0001.jpg,Jose_Mourinho/Jose_Mourinho_0002.jpg,0,0.96477795
John_Cornyn/John_Cornyn_0001.jpg,Robert_Weitzel/Robert_Weitzel_0001.jpg,0,0.98579264
John_Cornyn/John_Cornyn_0001.jpg,Toshihiko_Fukui/Toshihiko_Fukui_0002.jpg,0,0.98045522
John_Dallager/John_Dallager_0001.jpg,Jose_Canseco_Sr/Jose_Canseco_Sr_0001.jpg,0,0.98284268
John_Spencer/John_Spencer_0002.jpg,Stephanie_Moore/Stephanie_Moore_0001.jpg,0,0.97338349
John_Walsh/John_Walsh_0001.jpg,Kalpana_Chawla/Kalpana_Chawla_0001.jpg,0,0.98233521
John_Wright/John_Wright_0001.jpg,Sandra_Milo/Sandra_Milo_0001.jpg,0,0.97190362
John_Wright/John_Wright_0001.jpg,Trevor_McDonald/Trevor_McDonald_0001.jpg,0,0.96899104
Johnny_Benson/Johnny_Benson_0001.jpg,Lana_Clarkson/Lana_Clarkson_0002.jpg,0,0.97094631
Johnny_Benson/Johnny_Benson_0001.jpg,Teresa_Worbis/Teresa_Worbis_0001.jpg,0,0.98332840
Jolanta_Kwasniewski/Jolanta_Kwasniewski_0002.jpg,Martin_Howard/Martin_Howard_0001.jpg,0,0.95959502
Jose_Canseco_Sr/Jose_Canseco_Sr_0001.jpg,Julia_Glass/Julia_Glass_0001.jpg,0,0.97896761
Jose_Mourinho/Jose_Mourinho_0001.jpg,Joseph_LePore/Joseph_LePore_0001.jpg,0,0.98923683
Jose_Mourinho/Jose_Mourinho_0002.jpg,LeRoy_Millette_Jr/LeRoy_Millette_Jr_0001.jpg,0,0.97811162
Jose_Vicente_Rangel/Jose_Vicente_Rangel_0001.jpg,Leuris_Pupo/Leuris_Pupo_0001.jpg,0,0.97711766
Jose_Vicente_Rangel/Jose_Vicente_Rangel_0001.jpg,Scott_OGrady/Scott_OGrady_0001.jpg,0,0.96758378
Joy_Lee_Sadler/Joy_Lee_Sadler_0001.jpg,Laurie_Chan/Laurie_Chan_0001.jpg,0,0.98307806
Joy_Lee_Sadler/Joy_Lee_Sadler_0001.jpg,Norio_Ohga/Norio_Ohga_0001.jpg,0,0.97593367
Joy_Lee_Sadler/Joy_Lee_Sadler_0001.jpg,Stephanie_Moore/Stephanie_Moore_0001.jpg,0,0.97315753
Karen_Pereiras/Karen_Pereiras_0001.jpg,Michael_Phelps/Michael_Phelps_0002.jpg,0,0.98682553
Keith_Brown/Keith_Brown_0001.jpg,Nicole_Kidman/Nicole_Kidman_0017.jpg,0,0.97885919
Keith_Brown/Keith_Brown_0001.jpg,William_Harrison/William_Harrison_0001.jpg,0,0.99690437
Keith_Van_Horn/Keith_Van_Horn_0001.jpg,Sherry_Fisher/Sherry_Fisher_0001.jpg,0,0.97239721
Kelli_White/Kelli_White_0001.jpg,Rudi_Voeller/Rudi_Voeller_0001.jpg,0,0.95714998
King_Gyanendra/King_Gyanendra_0001.jpg,Otto_Reich/Otto_Reich_0001.jpg,0,0.97874451
Lana_Clarkson/Lana_Clarkson_0001.jpg,Mike_Samp/Mike_Samp_0001.jpg,0,0.96591556
Landon_Donovan/Landon_Donovan_0001.jpg,Robby_Ginepri/Robby_Ginepri_0001.jpg,0,0.96987796
Larry_Tanenbaum/Larry_Tanenbaum_0001.jpg,Mike_Samp/Mike_Samp_0001.jpg,0,0.97800970
Laura_Ziskin/Laura_Ziskin_0001.jpg,Reyyan_Uzuner/Reyyan_Uzuner_0001.jpg,0,0.98966205
Laura_Ziskin/Laura_Ziskin_0001.jpg,Robert_Gordon_Card/Robert_Gordon_Card_0001.jpg,0,0.97120410
LeRoy_Millette_Jr/LeRoy_Millette_Jr_0001.jpg,Leuris_Pupo/Leuris_Pupo_0001.jpg,0,0.95666802
Lee_Chang-dong/Lee_Chang-dong_0001.jpg,Phil_Bredesen/Phil_Bredesen_0001.jpg,0,0.97235209
Liliana_Cavani/Liliana_Cavani_0001.jpg,Richard_Pennington/Richard_Pennington_0001.jpg,0,0.96599865
Lindsay_Lohan/Lindsay_Lohan_0001.jpg,Mireya_Elisa_Moscoso_Rodriguez/Mireya_Elisa_Moscoso_Rodriguez_0001.jpg,0,0.97485924
Lloyd_Ward/Lloyd_Ward_0002.jpg,Tina_Andrews/Tina_Andrews_0001.jpg,0,0.97332895
Mark_Heller/Mark_Heller_0001.jpg,Nicolas_Kiefer/Nicolas_Kiefer_0001.jpg,0,0.97598863
Mark_Heller/Mark_Heller_0001.jpg,Parris_Glendening/Parris_Glendening_0001.jpg,0,0.95522702
Mark_Heller/Mark_Heller_0001.jpg,Peter_Hillary/Peter_Hillary_0002.jpg,0,0.95830208
Martin_Gecht/Martin_Gecht_0001.jpg,Peter_Hillary/Peter_Hillary_0001.jpg,0,0.98752820
Mary_Elizabeth_Mastrantonio/Mary_Elizabeth_Mastrantonio_0001.jpg,Vaclav_Klaus/Vaclav_Klaus_0001.jpg,0,0.95562541
Michael_Arif/Michael_Arif_0001.jpg,Sean_Patrick_OMalley/Sean_Patrick_OMalley_0003.jpg,0,0.97996271
Michael_Linscott/Michael_Linscott_0001.jpg,Tom_Brady/Tom_Brady_0002.jpg,0,0.99452972
Mick_Jagger/Mick_Jagger_0003.jpg,Oracene_Williams/Oracene_Williams_0001.jpg,0,0.97128832
Mo_Elleithee/Mo_Elleithee_0001.jpg,Tanya_Holyk/Tanya_Holyk_0001.jpg,0,0.98081577
Mohammed_Ashraf_Hafiz/Mohammed_Ashraf_Hafiz_0001.jpg,Rod_Bryden/Rod_Bryden_0001.jpg,0,0.96298623
Mukhtar_Alytnbayev/Mukhtar_Alytnbayev_0001.jpg,Oracene_Williams/Oracene_Williams_0001.jpg,0,0.97355747
Patricia_Garone/Patricia_Garone_0001.jpg,Sean_Patrick_OMalley/Sean_Patrick_OMalley_0002.jpg,0,0.97304142
Patricia_Hearst/Patricia_Hearst_0001.jpg,Scott_Dickson/Scott_Dickson_0001.jpg,0,0.96721536
Patty_Duke/Patty_Duke_0001.jpg,Simon_Chalk/Simon_Chalk_0001.jpg,0,0.97089112
Paul_Bettany/Paul_Bettany_0001.jpg,Ulrich_Kueperkoch/Ulrich_Kueperkoch_0001.jpg,0,0.98800063
Paul_Gascoigne/Paul_Gascoigne_0003.jpg,Tian_Liang/Tian_Liang_0001.jpg,0,0.96251929
Paul_Greengrass/Paul_Greengrass_0001.jpg,Tim_Pawlenty/Tim_Pawlenty_0001.jpg,0,0.97600281
Perry_Compton/Perry_Compton_0001.jpg,William_Shatner/William_Shatner_0001.jpg,0,0.98884922
Peter_Camejo/Peter_Camejo_0001.jpg,Ruth_Christofferson/Ruth_Christofferson_0001.jpg,0,0.98576254
Porter_Goss/Porter_Goss_0001.jpg,Tara_Kirk/Tara_Kirk_0001.jpg,0,0.96343052
Rand_Miller/Rand_Miller_0001.jpg,Robert_Nillson/Robert_Nillson_0001.jpg,0,0.97978109
Rich_Brooks/Rich_Brooks_0001.jpg,Sharess_Harrell/Sharess_Harrell_0001.jpg,0,0.96571183
Richard_Pennington/Richard_Pennington_0001.jpg,Robby_Ginepri/Robby_Ginepri_0002.jpg,0,0.97194242
Robert_Gordon_Card/Robert_Gordon_Card_0001.jpg,William_Shatner/William_Shatner_0001.jpg,0,0.98183638
Robert_Kipkoech_Cheruiyot/Robert_Kipkoech_Cheruiyot_0001.jpg,Sally_Kirkland/Sally_Kirkland_0003.jpg,0,0.96922278
Robert_Kipkoech_Cheruiyot/Robert_Kipkoech_Cheruiyot_0001.jpg,Steve_Park/Steve_Park_0001.jpg,0,0.97882521
Russell_Coutts/Russell_Coutts_0001.jpg,Tian_Liang/Tian_Liang_0001.jpg,0,0.97393548
Sandra_Milo/Sandra_Milo_0001.jpg,Satnarine_Sharma/Satnarine_Sharma_0001.jpg,0,0.97021437
Steve_Nesbitt/Steve_Nesbitt_0001.jpg,Win_Aung/Win_Aung_0004.jpg,0,0.97607583
Sylvester_Stallone/Sylvester_Stallone_0007.jpg,TJ_Ford/TJ_Ford_0001.jpg,0,0.98281872
Sylvie_Guillem/Sylvie_Guillem_0001.jpg,Vadim_Devyatovskiy/Vadim_Devyatovskiy_0001.jpg,0,0.96622258
Tara_Kirk/Tara_Kirk_0001.jpg,Win_Aung/Win_Aung_0001.jpg,0,0.97943962
Aaron_Guiel/Aaron_Guiel_0001.jpg,Pascal_Rheaume/Pascal_Rheaume_0001.jpg,0,0.97881556
Aaron_Guiel/Aaron_Guiel_0001.jpg,Steve_Zahn/Steve_Zahn_0001.jpg,0,0.97733545
Adrian_Nastase/Adrian_Nastase_0002.jpg,Princess_Victoria/Princess_Victoria_0001.jpg,0,0.95832515
Ahmed_Chalabi/Ahmed_Chalabi_0001.jpg,Rosario_Dawson/Rosario_Dawson_0001.jpg,0,0.96865487
Ahmed_Ghazi/Ahmed_Ghazi_0001.jpg,Julia_Tymoshenko/Julia_Tymoshenko_0003.jpg,0,0.95830297
Ahmet_Demir/Ahmet_Demir_0001.jpg,Wally_Szczerbiak/Wally_Szczerbiak_0001.jpg,0,0.97460866
Ain_Seppik/Ain_Seppik_0001.jpg,Gerhard_Schroeder/Gerhard_Schroeder_0055.jpg,0,0.97628057
Ain_Seppik/Ain_Seppik_0001.jpg,Misty_Dawn_Clymer/Misty_Dawn_Clymer_0001.jpg,0,0.96714044
Ain_Seppik/Ain_Seppik_0001.jpg,Raoul_Ruiz/Raoul_Ruiz_0001.jpg,0,0.97314799
Ain_Seppik/Ain_Seppik_0001.jpg,Susan_Whelan/Susan_Whelan_0001.jpg,0,0.95619798
Aishwarya_Rai/Aishwarya_Rai_0001.jpg,Chloe_Sevigny/Chloe_Sevigny_0001.jpg,0,0.96907640
Aishwarya_Rai/Aishwarya_Rai_0001.jpg,Dinah_Turner/Dinah_Turner_0001.jpg,0,0.97435313
Aishwarya_Rai/Aishwarya_Rai_0001.jpg,Rosario_Dawson/Rosario_Dawson_0001.jpg,0,0.99260283
Alan_Zemaitis/Alan_Zemaitis_0001.jpg,Lauren_Killian/Lauren_Killian_0001.jpg,0,0.97257620
Alex_Cejka/Alex_Cejka_0001.jpg,Taufik_Hidayat/Taufik_Hidayat_0002.jpg,0,0.97865629
Alexandre_Daigle/Alexandre_Daigle_0001.jpg,Brent_Coles/Brent_Coles_0001.jpg,0,0.97201967
Ali_Bin_Hussein/Ali_Bin_Hussein_0001.jpg,Ben_Cahoon/Ben_Cahoon_0001.jpg,0,0.98333973
Ali_Bin_Hussein/Ali_Bin_Hussein_0001.jpg,Oswald_Gruebel/Oswald_Gruebel_0001.jpg,0,0.97843897
Ali_Bin_Hussein/Ali_Bin_Hussein_0001.jpg,Raf_Vallone/Raf_Vallone_0001.jpg,0,0.96883309
Alimzhan_Tokhtakhounov/Alimzhan_Tokhtakhounov_0001.jpg,Jeane_Kirkpatrick/Jeane_Kirkpatrick_0001.jpg,0,0.97175318
Alimzhan_Tokhtakhounov/Alimzhan_Tokhtakhounov_0002.jpg,Butch_Davis/Butch_Davis_0001.jpg,0,0.97054297
Alisha_Richman/Alisha_Richman_0001.jpg,Camille_Lewis/Camille_Lewis_0001.jpg,0,0.97136217
Alisha_Richman/Alisha_Richman_0001.jpg,Katerina_Smrzova/Katerina_Smrzova_0001.jpg,0,0.99202001
Alisha_Richman/Alisha_Richman_0001.jpg,Miguel_Rosseto/Miguel_Rosseto_0001.jpg,0,0.96312177
Amelie_Mauresmo/Amelie_Mauresmo_0003.jpg,Laura_Flessel/Laura_Flessel_0001.jpg,0,0.97155321
Amelie_Mauresmo/Amelie_Mauresmo_0018.jpg,Bob_Colvin/Bob_Colvin_0001.jpg,0,0.98974097
Ana_Claudia_Talancon/Ana_Claudia_Talancon_0001.jpg,Piers_Sellers/Piers_Sellers_0001.jpg,0,0.97424001
Andrea_Kiser/Andrea_Kiser_0001.jpg,Ellen_Barkin/Ellen_Barkin_0001.jpg,0,0.97046375
Andrea_Kiser/Andrea_Kiser_0001.jpg,Imre_Kertasz/Imre_Kertasz_0001.jpg,0,0.96813220
Andrea_Kiser/Andrea_Kiser_0001.jpg,Matt_Dillon/Matt_Dillon_0001.jpg,0,0.97003955
Andrea_Kiser/Andrea_Kiser_0001.jpg,Yann_Martel/Yann_Martel_0002.jpg,0,0.97277790
Andres_DAlessandro/Andres_DAlessandro_0001.jpg,Leticia_Van_de_Putte/Leticia_Van_de_Putte_0001.jpg,0,0.97547907
Andres_DAlessandro/Andres_DAlessandro_0001.jpg,Ronaldo_Luis_Nazario_de_Lima/Ronaldo_Luis_Nazario_de_Lima_0001.jpg,0,0.98463392
Anette_Hosoi/Anette_Hosoi_0001.jpg,Rolf_Zimmermann/Rolf_Zimmermann_0001.jpg,0,0.97451127
Anette_Hosoi/Anette_Hosoi_0001.jpg,Sheila_Taormina/Sheila_Taormina_0001.jpg,0,0.98692989
Anette_Hosoi/Anette_Hosoi_0001.jpg,Tora_Takagi/Tora_Takagi_0001.jpg,0,0.97227454
Angelo_Reyes/Angelo_Reyes_0001.jpg,Chip_Knight/Chip_Knight_0001.jpg,0,0.98735601
Angelo_Reyes/Angelo_Reyes_0001.jpg,Oliver_Neuville/Oliver_Neuville_0001.jpg,0,0.96274328
Anne_Heche/Anne_Heche_0001.jpg,Sasha_Alexander/Sasha_Alexander_0001.jpg,0,0.97167957
Anne_Heche/Anne_Heche_0001.jpg,Tanya_Lindenmuth/Tanya_Lindenmuth_0001.jpg,0,0.99018466
Antje_Buschschulte/Antje_Buschschulte_0001.jpg,Jerry_Angelo/Jerry_Angelo_0001.jpg,0,0.96636522
Anton_Balasingham/Anton_Balasingham_0001.jpg,Matt_Siebrandt/Matt_Siebrandt_0001.jpg,0,0.96521443
Anton_Balasingham/Anton_Balasingham_0001.jpg,Will_Ferrell/Will_Ferrell_0001.jpg,0,0.98631454
Armando_Avila_Panchame/Armando_Avila_Panchame_0001.jpg,Monica_Gabrielle/Monica_Gabrielle_0001.jpg,0,0.96872932
Armando_Avila_Panchame/Armando_Avila_Panchame_0001.jpg,Retief_Goosen/Retief_Goosen_0001.jpg,0,0.97618157
BJ_Habibie/BJ_Habibie_0001.jpg,Craig_MacTavish/Craig_MacTavish_0001.jpg,0,0.98556423
Baz_Luhrmann/Baz_Luhrmann_0001.jpg,Danny_Avalon/Danny_Avalon_0001.jpg,0,0.98307407
Begum_Khaleda_Zia/Begum_Khaleda_Zia_0001.jpg,Eric_Idle/Eric_Idle_0001.jpg,0,0.96478510
Begum_Khaleda_Zia/Begum_Khaleda_Zia_0001.jpg,Michael_Andretti/Michael_Andretti_0001.jpg,0,0.97193635
Begum_Khaleda_Zia/Begum_Khaleda_Zia_0001.jpg,Picabo_Street/Picabo_Street_0001.jpg,0,0.99286413
Ben_Cahoon/Ben_Cahoon_0001.jpg,Nate_Blackwell/Nate_Blackwell_0001.jpg,0,0.96406472
Ben_Cahoon/Ben_Cahoon_0001.jpg,Roy_Williams/Roy_Williams_0003.jpg,0,0.98356891
Ben_Curtis/Ben_Curtis_0003.jpg,Jim_Calhoun/Jim_Calhoun_0001.jpg,0,0.97770065
Benicio_Del_Toro/Benicio_Del_Toro_0001.jpg,Elizabeth_Taylor/Elizabeth_Taylor_0001.jpg,0,0.97044945
Benicio_Del_Toro/Benicio_Del_Toro_0001.jpg,Ismail_Khan/Ismail_Khan_0001.jpg,0,0.96951079
Benicio_Del_Toro/Benicio_Del_Toro_0001.jpg,Tonya_Payne/Tonya_Payne_0001.jpg,0,0.97189438
Bijan_Namdar_Zangeneh/Bijan_Namdar_Zangeneh_0001.jpg,Petro_Symonenko/Petro_Symonenko_0001.jpg,0,0.97973901
Billy_Graham/Billy_Graham_0001.jpg,Karin_Pilsaeter/Karin_Pilsaeter_0001.jpg,0,0.96987695
Billy_Graham/Billy_Graham_0001.jpg,Piers_Sellers/Piers_Sellers_0001.jpg,0,0.96988440
Billy_Graham/Billy_Graham_0002.jpg,Howard_Wilkinson/Howard_Wilkinson_0001.jpg,0,0.98522484
Bob_Colvin/Bob_Colvin_0002.jpg,Janet_Napolitano/Janet_Napolitano_0001.jpg,0,0.98527056
Boris_Henry/Boris_Henry_0001.jpg,John_Reid/John_Reid_0002.jpg,0,0.96398401
Brandon_Boyd/Brandon_Boyd_0001.jpg,James_Brosnahan/James_Brosnahan_0001.jpg,0,0.97179592
Brandon_Boyd/Brandon_Boyd_0001.jpg,Neil_Moritz/Neil_Moritz_0001.jpg,0,0.97500002
Brent_Coles/Brent_Coles_0001.jpg,Zoe_Ball/Zoe_Ball_0001.jpg,0,0.97223008
Brett_Hull/Brett_Hull_0001.jpg,Gregorio_Rosal/Gregorio_Rosal_0001.jpg,0,0.96935546
Brett_Hull/Brett_Hull_0001.jpg,Kirsten_Clark/Kirsten_Clark_0001.jpg,0,0.97540498
Brett_Hull/Brett_Hull_0001.jpg,Ralph_Nader/Ralph_Nader_0001.jpg,0,0.95701921
Brett_Perry/Brett_Perry_0001.jpg,Neri_Marcore/Neri_Marcore_0001.jpg,0,0.95616293
Bruce_Willis/Bruce_Willis_0001.jpg,Carlos_Juarez/Carlos_Juarez_0001.jpg,0,0.97162521
Bruce_Willis/Bruce_Willis_0001.jpg,Jim_Carrey/Jim_Carrey_0001.jpg,0,0.96798575
Bruce_Willis/Bruce_Willis_0001.jpg,Petria_Thomas/Petria_Thomas_0002.jpg,0,0.96241218
Bryant_Young/Bryant_Young_0001.jpg,Jim_Bollman/Jim_Bollman_0001.jpg,0,0.96825504
Bryant_Young/Bryant_Young_0001.jpg,Maurice_Cheeks/Maurice_Cheeks_0001.jpg,0,0.99477386
Buddy_Ryan/Buddy_Ryan_0001.jpg,James_Brosnahan/James_Brosnahan_0001.jpg,0,0.99424279
Buddy_Ryan/Buddy_Ryan_0001.jpg,Nancy_Reagan/Nancy_Reagan_0002.jpg,0,0.96130633
Butch_Davis/Butch_Davis_0002.jpg,Herta_Daeubler-Gmelin/Herta_Daeubler-Gmelin_0002.jpg,0,0.98328078
Byron_Scott/Byron_Scott_0001.jpg,Jane_Clayson/Jane_Clayson_0001.jpg,0,0.97493112
Camille_Lewis/Camille_Lewis_0001.jpg,Lincoln_Chafee/Lincoln_Chafee_0001.jpg,0,0.96339309
Camille_Lewis/Camille_Lewis_0001.jpg,Nathirah_Hussein/Nathirah_Hussein_0001.jpg,0,0.99259162
Carol_Burnett/Carol_Burnett_0001.jpg,Raf_Vallone/Raf_Vallone_0001.jpg,0,0.96328270
Carol_Niedermayer/Carol_Niedermayer_0001.jpg,Kristin_Scott/Kristin_Scott_0001.jpg,0,0.98457181
Catherine_Ndereba/Catherine_Ndereba_0001.jpg,Janet_Napolitano/Janet_Napolitano_0004.jpg,0,0.97274452
Chandrika_Kumaratunga/Chandrika_Kumaratunga_0001.jpg,Kevin_Satterfield/Kevin_Satterfield_0001.jpg,0,0.97346175
Charles_Mathews/Charles_Mathews_0001.jpg,Will_Ferrell/Will_Ferrell_0001.jpg,0,0.97985458
Charles_Mathews/Charles_Mathews_0002.jpg,Kristin_Scott/Kristin_Scott_0001.jpg,0,0.96976799
Charlie_Garner/Charlie_Garner_0001.jpg,Luo_Linquan/Luo_Linquan_0001.jpg,0,0.98283947
Charlie_Williams/Charlie_Williams_0001.jpg,Julia_Tymoshenko/Julia_Tymoshenko_0001.jpg,0,0.95882607
Cheryl_Ford/Cheryl_Ford_0001.jpg,Chris_Cookson/Chris_Cookson_0001.jpg,0,0.97047675
Chip_Knight/Chip_Knight_0001.jpg,Ronald_Post/Ronald_Post_0001.jpg,0,0.97892958
Chloe_Sevigny/Chloe_Sevigny_0001.jpg,Emyr_Jones_Parry/Emyr_Jones_Parry_0001.jpg,0,0.97065014
Chloe_Sevigny/Chloe_Sevigny_0001.jpg,Petria_Thomas/Petria_Thomas_0003.jpg,0,0.97895396
Chris_Cornell/Chris_Cornell_0001.jpg,Desmon_Farmer/Desmon_Farmer_0001.jpg,0,0.96787155
Christine_Ebersole/Christine_Ebersole_0002.jpg,Paul_Walker/Paul_Walker_0001.jpg,0,0.96482629
Christoph_Daum/Christoph_Daum_0001.jpg,Scott_Hubbard/Scott_Hubbard_0001.jpg,0,0.99261999
Christopher_Conyers/Christopher_Conyers_0001.jpg,Michael_Milton/Michael_Milton_0001.jpg,0,0.97977149
Christopher_Conyers/Christopher_Conyers_0001.jpg,Raoul_Ruiz/Raoul_Ruiz_0001.jpg,0,0.96275032
Chuck_Bednarik/Chuck_Bednarik_0001.jpg,Mario_Jardel/Mario_Jardel_0001.jpg,0,0.96334881
Cindy_Zagorski/Cindy_Zagorski_0001.jpg,Rosie_Perez/Rosie_Perez_0001.jpg,0,0.98543406
Claudia_Schiffer/Claudia_Schiffer_0001.jpg,Lynn_Abraham/Lynn_Abraham_0002.jpg,0,0.97952497
Claudia_Schiffer/Claudia_Schiffer_0003.jpg,Lin_Yung_Hsi/Lin_Yung_Hsi_0001.jpg,0,0.97257614
Colin_Cowie/Colin_Cowie_0001.jpg,Mstislav_Rostropovich/Mstislav_Rostropovich_0001.jpg,0,0.95965111
Condoleezza_Rice/Condoleezza_Rice_0002.jpg,Mehmet_Okur/Mehmet_Okur_0001.jpg,0,0.98153579
Condoleezza_Rice/Condoleezza_Rice_0007.jpg,Ryan_Nyquist/Ryan_Nyquist_0001.jpg,0,0.97113007
Costas_Simitis/Costas_Simitis_0002.jpg,Lorraine_Fenton/Lorraine_Fenton_0001.jpg,0,0.97681999
Craig_MacTavish/Craig_MacTavish_0001.jpg,Vince_Dooley/Vince_Dooley_0001.jpg,0,0.97489792
Cristina_Saralegui/Cristina_Saralegui_0001.jpg,Dave_Robertson/Dave_Robertson_0001.jpg,0,0.96303588
Cruz_Bustamante/Cruz_Bustamante_0002.jpg,Dean_Barkley/Dean_Barkley_0003.jpg,0,0.98209327
Cyndi_Thompson/Cyndi_Thompson_0001.jpg,Nicolas_Escude/Nicolas_Escude_0002.jpg,0,0.96915114
Cyndi_Thompson/Cyndi_Thompson_0002.jpg,Owen_Nolan/Owen_Nolan_0001.jpg,0,0.96663505
Dalia_Rabin-Pelosoff/Dalia_Rabin-Pelosoff_0001.jpg,Sean_Combs/Sean_Combs_0001.jpg,0,0.95781088
Daniel_Darnell/Daniel_Darnell_0001.jpg,Malcolm_Jamal_Warner/Malcolm_Jamal_Warner_0001.jpg,0,0.96727657
Danny_Avalon/Danny_Avalon_0001.jpg,Sean_Penn/Sean_Penn_0002.jpg,0,0.97730839
David_Blaine/David_Blaine_0001.jpg,Nicholas_Tse/Nicholas_Tse_0002.jpg,0,0.97636378
David_Blaine/David_Blaine_0001.jpg,Ramon_Delgado/Ramon_Delgado_0001.jpg,0,0.98839027
David_Heymann/David_Heymann_0003.jpg,Norm_Macdonald/Norm_Macdonald_0001.jpg,0,0.97159272
David_Surrett/David_Surrett_0001.jpg,Michael_Taylor/Michael_Taylor_0001.jpg,0,0.97716057
David_Tornberg/David_Tornberg_0001.jpg,Ricky_Ponting/Ricky_Ponting_0001.jpg,0,0.98618579
Deece_Eckstein/Deece_Eckstein_0001.jpg,Diana_Munz/Diana_Munz_0001.jpg,0,0.96620548
Deece_Eckstein/Deece_Eckstein_0001.jpg,Tommy_Lewis/Tommy_Lewis_0001.jpg,0,0.95989597
Denis_Coderre/Denis_Coderre_0001.jpg,Don_Siegelman/Don_Siegelman_0001.jpg,0,0.97627342
Denis_Coderre/Denis_Coderre_0001.jpg,John_Eder/John_Eder_0001.jpg,0,0.99204409
Desmon_Farmer/Desmon_Farmer_0001.jpg,Lin_Yung_Hsi/Lin_Yung_Hsi_0001.jpg,0,0.98013026
Diana_Krall/Diana_Krall_0004.jpg,Ramon_Delgado/Ramon_Delgado_0001.jpg,0,0.96548027
Dick_Armey/Dick_Armey_0001.jpg,Mehmet_Okur/Mehmet_Okur_0001.jpg,0,0.98161054
Dinah_Turner/Dinah_Turner_0001.jpg,Mekhi_Phifer/Mekhi_Phifer_0001.jpg,0,0.97431159
Dinah_Turner/Dinah_Turner_0001.jpg,Tammy_Helm/Tammy_Helm_0001.jpg,0,0.97210544
Don_Boudria/Don_Boudria_0001.jpg,Roy_Chaderton/Roy_Chaderton_0001.jpg,0,0.97968048
Don_Boudria/Don_Boudria_0001.jpg,Sananda_Maitreya/Sananda_Maitreya_0001.jpg,0,0.95858997
Don_Matthews/Don_Matthews_0001.jpg,Kirsten_Clark/Kirsten_Clark_0001.jpg,0,0.97714245
Don_Matthews/Don_Matthews_0001.jpg,Pa_Kou_Hang/Pa_Kou_Hang_0001.jpg,0,0.98697299
Don_Matthews/Don_Matthews_0001.jpg,Peter_Arnett/Peter_Arnett_0002.jpg,0,0.98091155
Don_Siegelman/Don_Siegelman_0002.jpg,Elizabeth_Taylor/Elizabeth_Taylor_0002.jpg,0,0.96171659
Donald_Pettit/Donald_Pettit_0001.jpg,Edward_James_Olmos/Edward_James_Olmos_0002.jpg,0,0.97210789
Doug_Collins/Doug_Collins_0001.jpg,Kristanna_Loken/Kristanna_Loken_0005.jpg,0,0.97068304
Dyana_Calub/Dyana_Calub_0001.jpg,Ronald_Post/Ronald_Post_0001.jpg,0,0.96750480
Earl_Counter/Earl_Counter_0001.jpg,Joe_Friedberg/Joe_Friedberg_0001.jpg,0,0.97273636
Edward_Albee/Edward_Albee_0001.jpg,Nicola_Bono/Nicola_Bono_0001.jpg,0,0.95780540
Edward_Belvin/Edward_Belvin_0001.jpg,Jacqueline_Gold/Jacqueline_Gold_0001.jpg,0,0.97903639
Edward_James_Olmos/Edward_James_Olmos_0002.jpg,Mariano_Zabaleta/Mariano_Zabaleta_0001.jpg,0,0.98343444
Elin_Nordegren/Elin_Nordegren_0001.jpg,George_Brumley_III/George_Brumley_III_0001.jpg,0,0.95852959
Elin_Nordegren/Elin_Nordegren_0001.jpg,Samantha_Daniels/Samantha_Daniels_0001.jpg,0,0.96539694
Elin_Nordegren/Elin_Nordegren_0002.jpg,Leszek_Miller/Leszek_Miller_0003.jpg,0,0.97211444
Elisabeth_Welch/Elisabeth_Welch_0001.jpg,Piers_Sellers/Piers_Sellers_0001.jpg,0,0.98942077
Elizabeth_Taylor/Elizabeth_Taylor_0001.jpg,Olympia_Dukakis/Olympia_Dukakis_0001.jpg,0,0.98348504
Ellen_DeGeneres/Ellen_DeGeneres_0002.jpg,Lorraine_Fenton/Lorraine_Fenton_0001.jpg,0,0.96680826
Elva_Hsiao/Elva_Hsiao_0001.jpg,Samantha_Daniels/Samantha_Daniels_0001.jpg,0,0.97125834
Emma_Watson/Emma_Watson_0002.jpg,Henry_Hyde/Henry_Hyde_0001.jpg,0,0.96959186
Emyr_Jones_Parry/Emyr_Jones_Parry_0001.jpg,Sally_Clark/Sally_Clark_0001.jpg,0,0.97653961
Eric_Ryan_Donnelly/Eric_Ryan_Donnelly_0001.jpg,Iain_Duncan_Smith/Iain_Duncan_Smith_0001.jpg,0,0.97432685
Ernesto_Zedillo/Ernesto_Zedillo_0001.jpg,Lenny_Kravitz/Lenny_Kravitz_0001.jpg,0,0.97768408
Ernesto_Zedillo/Ernesto_Zedillo_0001.jpg,Megan_Mullally/Megan_Mullally_0002.jpg,0,0.96594465
Erwin_Mapasseng/Erwin_Mapasseng_0001.jpg,Hilary_Duff/Hilary_Duff_0003.jpg,0,0.97857177
Evelyn_Lauder/Evelyn_Lauder_0001.jpg,Nathan_Powell/Nathan_Powell_0001.jpg,0,0.96680164
Fernando_Hierro/Fernando_Hierro_0001.jpg,Prince_Charles/Prince_Charles_0002.jpg,0,0.96179473
Flavia_Delaroli/Flavia_Delaroli_0002.jpg,John_Warner/John_Warner_0004.jpg,0,0.95838630
Flavia_Delaroli/Flavia_Delaroli_0002.jpg,Vanessa_Laine/Vanessa_Laine_0001.jpg,0,0.98619890
Fran_Drescher/Fran_Drescher_0001.jpg,Warren_Truss/Warren_Truss_0001.jpg,0,0.96513778
Fran_Drescher/Fran_Drescher_0002.jpg,Jay_Leno/Jay_Leno_0003.jpg,0,0.96710265
Frank_Murkowski/Frank_Murkowski_0001.jpg,James_Brosnahan/James_Brosnahan_0001.jpg,0,0.98910874
Frank_Stallone/Frank_Stallone_0001.jpg,Tommy_Lewis/Tommy_Lewis_0001.jpg,0,0.95597786
Frank_Stallone/Frank_Stallone_0002.jpg,Toni_Braxton/Toni_Braxton_0002.jpg,0,0.95540679
Gary_Coleman/Gary_Coleman_0001.jpg,Koichi_Tanaka/Koichi_Tanaka_0001.jpg,0,0.97928536
Gary_Coleman/Gary_Coleman_0001.jpg,Uri_Lopolianski/Uri_Lopolianski_0001.jpg,0,0.97035718
Gary_Sayler/Gary_Sayler_0001.jpg,Ralph_Sampson/Ralph_Sampson_0001.jpg,0,0.97754824
George_Brumley_III/George_Brumley_III_0001.jpg,Will_Ferrell/Will_Ferrell_0001.jpg,0,0.98578614
George_Lopez/George_Lopez_0005.jpg,Iain_Duncan_Smith/Iain_Duncan_Smith_0001.jpg,0,0.97699767
Georgina_Bardach/Georgina_Bardach_0001.jpg,Henry_Hilow/Henry_Hilow_0001.jpg,0,0.96025133
Gilberto_Rodriguez_Orejuela/Gilberto_Rodriguez_Orejuela_0003.jpg,Lennox_Lewis/Lennox_Lewis_0001.jpg,0,0.97431886
Gilberto_Rodriguez_Orejuela/Gilberto_Rodriguez_Orejuela_0003.jpg,Nancy_Demme/Nancy_Demme_0001.jpg,0,0.96550012
Gordon_Lightfoot/Gordon_Lightfoot_0001.jpg,Lima_Azimi/Lima_Azimi_0001.jpg,0,0.96757877
Gordon_Lightfoot/Gordon_Lightfoot_0001.jpg,Robert_Nardelli/Robert_Nardelli_0001.jpg,0,0.98663974
Gracia_Burnham/Gracia_Burnham_0001.jpg,Jim_Calhoun/Jim_Calhoun_0001.jpg,0,0.97229266
Gregorio_Rosal/Gregorio_Rosal_0001.jpg,Richard_Greenberg/Richard_Greenberg_0001.jpg,0,0.97954333
Guenter_Verheugen/Guenter_Verheugen_0001.jpg,Kaspar_Villiger/Kaspar_Villiger_0001.jpg,0,0.98753017
Guillermo_Canas/Guillermo_Canas_0001.jpg,Tim_Duncan/Tim_Duncan_0002.jpg,0,0.96846902
Guillermo_Canas/Guillermo_Canas_0002.jpg,Michalis_Chrisohoides/Michalis_Chrisohoides_0001.jpg,0,0.97152233
Hal_McCoy/Hal_McCoy_0001.jpg,Rudolph_Holton/Rudolph_Holton_0001.jpg,0,0.97051901
Hank_Aaron/Hank_Aaron_0001.jpg,Steve_Valentine/Steve_Valentine_0001.jpg,0,0.96943355
Hans_Eichel/Hans_Eichel_0001.jpg,Jimmy_Iovine/Jimmy_Iovine_0001.jpg,0,0.96797740
Hashan_Tillakaratne/Hashan_Tillakaratne_0001.jpg,John_Warner/John_Warner_0003.jpg,0,0.96619797
Heath_Ledger/Heath_Ledger_0002.jpg,Melissa_Stark/Melissa_Stark_0001.jpg,0,0.97742701
Henry_Hilow/Henry_Hilow_0001.jpg,Monica_Gabrielle/Monica_Gabrielle_0001.jpg,0,0.96017241
Herta_Daeubler-Gmelin/Herta_Daeubler-Gmelin_0002.jpg,Koichi_Tanaka/Koichi_Tanaka_0001.jpg,0,0.97915411
Hilary_Duff/Hilary_Duff_0001.jpg,Luther_Htu/Luther_Htu_0001.jpg,0,0.98304188
Hun_Sen/Hun_Sen_0002.jpg,John_Rigas/John_Rigas_0002.jpg,0,0.97213829
Idi_Amin/Idi_Amin_0001.jpg,Stephen_Silas/Stephen_Silas_0001.jpg,0,0.99292111
Isabel_Orellana/Isabel_Orellana_0001.jpg,Spike_Helmick/Spike_Helmick_0001.jpg,0,0.96766895
Ismael_Miranda/Ismael_Miranda_0001.jpg,Janela_Jara/Janela_Jara_0001.jpg,0,0.96819305
Ismael_Miranda/Ismael_Miranda_0001.jpg,Peter_Greenspun/Peter_Greenspun_0001.jpg,0,0.97634518
Ismail_Khan/Ismail_Khan_0001.jpg,Malcolm_Jamal_Warner/Malcolm_Jamal_Warner_0001.jpg,0,0.97307277
JK_Rowling/JK_Rowling_0005.jpg,Sasha_Alexander/Sasha_Alexander_0001.jpg,0,0.97764426
Jackie_Chan/Jackie_Chan_0003.jpg,Jennifer_Gratz/Jennifer_Gratz_0001.jpg,0,0.96413481
Jacqueline_Edwards/Jacqueline_Edwards_0001.jpg,Meg_Wakeman/Meg_Wakeman_0001.jpg,0,0.98202533
Jacqueline_Edwards/Jacqueline_Edwards_0001.jpg,Noor_Mohammed/Noor_Mohammed_0001.jpg,0,0.97834253
James_Baker/James_Baker_0001.jpg,Mike_Tice/Mike_Tice_0001.jpg,0,0.97779226
James_Harris/James_Harris_0001.jpg,Keith_Bogans/Keith_Bogans_0002.jpg,0,0.99630511
James_Layug/James_Layug_0001.jpg,Ralph_Sampson/Ralph_Sampson_0001.jpg,0,0.98075628
Jane_Clayson/Jane_Clayson_0001.jpg,Rene_Antonio_Leon_Rodriguez/Rene_Antonio_Leon_Rodriguez_0001.jpg,0,0.95796871
Jane_Kaczmarek/Jane_Kaczmarek_0002.jpg,Morris_Watts/Morris_Watts_0001.jpg,0,0.96441686
Jane_Russell/Jane_Russell_0001.jpg,Martin_ONeill/Martin_ONeill_0001.jpg,0,0.96706426
Janela_Jara/Janela_Jara_0001.jpg,Kirsten_Clark/Kirsten_Clark_0001.jpg,0,0.97787917
Janela_Jara/Janela_Jara_0001.jpg,Pa_Kou_Hang/Pa_Kou_Hang_0001.jpg,0,0.98343801
Janela_Jara/Janela_Jara_0001.jpg,Ricky_Cottrill/Ricky_Cottrill_0001.jpg,0,0.97769541
Janet_Napolitano/Janet_Napolitano_0002.jpg,Laurie_Laychak/Laurie_Laychak_0001.jpg,0,0.97671747
Javier_Camara/Javier_Camara_0001.jpg,Nate_Blackwell/Nate_Blackwell_0001.jpg,0,0.96920568
Jeane_Kirkpatrick/Jeane_Kirkpatrick_0001.jpg,Jeff_Van_Gundy/Jeff_Van_Gundy_0003.jpg,0,0.94654298
Jeane_Kirkpatrick/Jeane_Kirkpatrick_0001.jpg,Richard_Greenberg/Richard_Greenberg_0001.jpg,0,0.97321820
Jeff_Van_Gundy/Jeff_Van_Gundy_0001.jpg,Richard_Naughton/Richard_Naughton_0001.jpg,0,0.97580636
Jeffrey_Katzenberg/Jeffrey_Katzenberg_0001.jpg,Susan_Whelan/Susan_Whelan_0001.jpg,0,0.94758677
Jennette_Bradley/Jennette_Bradley_0001.jpg,Tammy_Helm/Tammy_Helm_0001.jpg,0,0.96285748
Jim_Furyk/Jim_Furyk_0006.jpg,Linn_Thornton/Linn_Thornton_0001.jpg,0,0.97000515
John_Eastman/John_Eastman_0001.jpg,Ricky_Ponting/Ricky_Ponting_0001.jpg,0,0.98136270
John_F_Kennedy_Jr/John_F_Kennedy_Jr_0002.jpg,Nathan_Powell/Nathan_Powell_0001.jpg,0,0.98007286
John_Garamendi/John_Garamendi_0001.jpg,Petro_Symonenko/Petro_Symonenko_0002.jpg,0,0.96337682
John_Madden/John_Madden_0001.jpg,Sara_Silverman/Sara_Silverman_0001.jpg,0,0.97179186
Jose_Luis_Rodriguez_Zapatero/Jose_Luis_Rodriguez_Zapatero_0001.jpg,Rene_Antonio_Leon_Rodriguez/Rene_Antonio_Leon_Rodriguez_0001.jpg,0,0.97265148
Jose_Luis_Rodriguez_Zapatero/Jose_Luis_Rodriguez_Zapatero_0001.jpg,Steve_Lenard/Steve_Lenard_0001.jpg,0,0.98118484
Jose_Santos/Jose_Santos_0001.jpg,Michael_Boyce/Michael_Boyce_0001.jpg,0,0.97176653
Joseph_Kabila/Joseph_Kabila_0001.jpg,Rose_Linkins/Rose_Linkins_0001.jpg,0,0.95848656
Juan_Francisco_Palencia/Juan_Francisco_Palencia_0001.jpg,Kristanna_Loken/Kristanna_Loken_0002.jpg,0,0.96488118
Juan_Francisco_Palencia/Juan_Francisco_Palencia_0001.jpg,Warren_Truss/Warren_Truss_0001.jpg,0,0.96440887
Juan_Roman_Riquelme/Juan_Roman_Riquelme_0001.jpg,Ralph_Sampson/Ralph_Sampson_0001.jpg,0,0.98445463
Julia_Tymoshenko/Julia_Tymoshenko_0002.jpg,Luis_Sanchez/Luis_Sanchez_0001.jpg,0,0.96110344
Karin_Pilsaeter/Karin_Pilsaeter_0001.jpg,Mike_Flanagan/Mike_Flanagan_0001.jpg,0,0.97384584
Karin_Pilsaeter/Karin_Pilsaeter_0001.jpg,Petria_Thomas/Petria_Thomas_0003.jpg,0,0.97343069
Keith_Bogans/Keith_Bogans_0002.jpg,Martin_ONeill/Martin_ONeill_0001.jpg,0,0.96925557
Kelly_Leigh/Kelly_Leigh_0001.jpg,Spike_Helmick/Spike_Helmick_0001.jpg,0,0.96693128
Ken_Macha/Ken_Macha_0003.jpg,Tommy_Lewis/Tommy_Lewis_0001.jpg,0,0.96329010
Kenneth_Carlsen/Kenneth_Carlsen_0001.jpg,Robin_Cook/Robin_Cook_0001.jpg,0,0.96939296
Kevin_Borseth/Kevin_Borseth_0001.jpg,Michael_Caine/Michael_Caine_0004.jpg,0,0.96633434
Koichi_Tanaka/Koichi_Tanaka_0001.jpg,Ricardo_Lopez_Murphy/Ricardo_Lopez_Murphy_0001.jpg,0,0.97151685
Kristin_Scott/Kristin_Scott_0001.jpg,Max_Mayfield/Max_Mayfield_0002.jpg,0,0.97437119
Laura_Flessel/Laura_Flessel_0001.jpg,Owen_Nolan/Owen_Nolan_0001.jpg,0,0.96659362
Lauren_Killian/Lauren_Killian_0002.jpg,Tommy_Lewis/Tommy_Lewis_0001.jpg,0,0.96784079
Laurie_Laychak/Laurie_Laychak_0001.jpg,Pa_Kou_Hang/Pa_Kou_Hang_0001.jpg,0,0.97177434
Lawrence_Di_Rita/Lawrence_Di_Rita_0001.jpg,Mekhi_Phifer/Mekhi_Phifer_0001.jpg,0,0.97648257
Lennox_Lewis/Lennox_Lewis_0003.jpg,Monte_Kiffin/Monte_Kiffin_0001.jpg,0,0.97258818
Leon_Lai/Leon_Lai_0001.jpg,Monica_Lewinsky/Monica_Lewinsky_0001.jpg,0,0.97824252
Leon_Lai/Leon_Lai_0001.jpg,Sun_Myung_Moon/Sun_Myung_Moon_0001.jpg,0,0.96488839
Lily_Tomlin/Lily_Tomlin_0001.jpg,Marcos_Daniel_Jimenez/Marcos_Daniel_Jimenez_0001.jpg,0,0.95016444
Lily_Tomlin/Lily_Tomlin_0002.jpg,Sim_Yong/Sim_Yong_0001.jpg,0,0.99087536
Linn_Thornton/Linn_Thornton_0001.jpg,Sherri_Coale/Sherri_Coale_0001.jpg,0,0.96596920
Linn_Thornton/Linn_Thornton_0001.jpg,Tom_Cruise/Tom_Cruise_0002.jpg,0,0.95537996
Lloyd_Mudiwa/Lloyd_Mudiwa_0001.jpg,Sebastien_Grosjean/Sebastien_Grosjean_0001.jpg,0,0.98655915
Lois_Smart/Lois_Smart_0001.jpg,Tavis_Smiley/Tavis_Smiley_0001.jpg,0,0.97241378
Luis_Sanchez/Luis_Sanchez_0001.jpg,Petro_Symonenko/Petro_Symonenko_0001.jpg,0,0.97512996
Luo_Linquan/Luo_Linquan_0001.jpg,Martin_ONeill/Martin_ONeill_0001.jpg,0,0.95878315
Luther_Htu/Luther_Htu_0001.jpg,Steve_Karsay/Steve_Karsay_0001.jpg,0,0.96610665
Lynn_Abraham/Lynn_Abraham_0001.jpg,Michael_Keaton/Michael_Keaton_0002.jpg,0,0.96312976
Lynn_Abraham/Lynn_Abraham_0002.jpg,Mariano_Zabaleta/Mariano_Zabaleta_0001.jpg,0,0.96636438
Mark_Richt/Mark_Richt_0003.jpg,Wilton_Gregory/Wilton_Gregory_0001.jpg,0,0.97463751
Martha_Smith/Martha_Smith_0001.jpg,Ray_Sherman/Ray_Sherman_0001.jpg,0,0.97016352
Martin_ONeill/Martin_ONeill_0001.jpg,Mike_Weir/Mike_Weir_0011.jpg,0,0.97263920
Mary-Kate_Olsen/Mary-Kate_Olsen_0001.jpg,Sim_Yong/Sim_Yong_0001.jpg,0,0.96343338
Matt_Siebrandt/Matt_Siebrandt_0001.jpg,Rodney_Dangerfield/Rodney_Dangerfield_0001.jpg,0,0.96729040
Maurice_Cheeks/Maurice_Cheeks_0001.jpg,Steve_Austin/Steve_Austin_0001.jpg,0,0.97978199
Mehmet_Okur/Mehmet_Okur_0001.jpg,Randy_Travis/Randy_Travis_0001.jpg,0,0.98577809
Michael_McNeely/Michael_McNeely_0001.jpg,Sean_Combs/Sean_Combs_0001.jpg,0,0.96942246
Michael_Milton/Michael_Milton_0001.jpg,Wilfredo_Moreno/Wilfredo_Moreno_0001.jpg,0,0.98356992
Michael_Powell/Michael_Powell_0001.jpg,Scott_Weiland/Scott_Weiland_0001.jpg,0,0.97240156
Miguel_Rosseto/Miguel_Rosseto_0001.jpg,Pascal_Rheaume/Pascal_Rheaume_0001.jpg,0,0.99064267
Miguel_Rosseto/Miguel_Rosseto_0001.jpg,Ricky_Ponting/Ricky_Ponting_0002.jpg,0,0.98883998
Mike_Flanagan/Mike_Flanagan_0001.jpg,Mohammed_Baqir_al-Hakim/Mohammed_Baqir_al-Hakim_0002.jpg,0,0.97695076
Mike_Tice/Mike_Tice_0001.jpg,Patti_Smith/Patti_Smith_0001.jpg,0,0.95870209
Mohammed_Baqir_al-Hakim/Mohammed_Baqir_al-Hakim_0002.jpg,Tatyana_Tomashova/Tatyana_Tomashova_0001.jpg,0,0.95616400
Mufti_Mohammad_Syed/Mufti_Mohammad_Syed_0001.jpg,Raoul_Ruiz/Raoul_Ruiz_0004.jpg,0,0.98231983
Nancy_Demme/Nancy_Demme_0001.jpg,Roger_Mahony/Roger_Mahony_0001.jpg,0,0.96851051
Nancy_Reagan/Nancy_Reagan_0001.jpg,Rafael_Bielsa/Rafael_Bielsa_0001.jpg,0,0.95885700
Natasha_McElhone/Natasha_McElhone_0002.jpg,Robert_Nardelli/Robert_Nardelli_0001.jpg,0,0.96800756
Nathirah_Hussein/Nathirah_Hussein_0001.jpg,Susan_Whelan/Susan_Whelan_0001.jpg,0,0.96777737
Neil_Moritz/Neil_Moritz_0001.jpg,Roy_Williams/Roy_Williams_0002.jpg,0,0.97210902
Neil_Moritz/Neil_Moritz_0001.jpg,Xanana_Gusmao/Xanana_Gusmao_0005.jpg,0,0.98259425
Nelson_Shanks/Nelson_Shanks_0001.jpg,Pedro_Martinez/Pedro_Martinez_0001.jpg,0,0.98002249
Nelson_Shanks/Nelson_Shanks_0001.jpg,Ren_Qingjin/Ren_Qingjin_0001.jpg,0,0.99062395
Noor_Mohammed/Noor_Mohammed_0001.jpg,Scott_Weiland/Scott_Weiland_0001.jpg,0,0.95951456
Oswald_Gruebel/Oswald_Gruebel_0001.jpg,Richard_Penniman/Richard_Penniman_0001.jpg,0,0.97054541
Parthiv_Patel/Parthiv_Patel_0001.jpg,Tonya_Payne/Tonya_Payne_0001.jpg,0,0.96789789
Pauley_Perrette/Pauley_Perrette_0001.jpg,Roy_Williams/Roy_Williams_0004.jpg,0,0.95991790
Peter_Arnett/Peter_Arnett_0002.jpg,Rodney_Dangerfield/Rodney_Dangerfield_0001.jpg,0,0.98273855
Peter_Greenspun/Peter_Greenspun_0001.jpg,Rod_Thorn/Rod_Thorn_0001.jpg,0,0.97823095
Peter_Harvey/Peter_Harvey_0001.jpg,Warren_Truss/Warren_Truss_0001.jpg,0,0.96680784
Raja_Ramani/Raja_Ramani_0001.jpg,Richard_Greenberg/Richard_Greenberg_0001.jpg,0,0.97660637
Raja_Ramani/Raja_Ramani_0001.jpg,Will_Young/Will_Young_0001.jpg,0,0.96352762
Ralph_Sampson/Ralph_Sampson_0001.jpg,Samantha_Daniels/Samantha_Daniels_0001.jpg,0,0.96979827
Raoul_Ruiz/Raoul_Ruiz_0003.jpg,Tirunesh_Dibaba/Tirunesh_Dibaba_0001.jpg,0,0.96667737
Ren_Qingjin/Ren_Qingjin_0001.jpg,Wilton_Gregory/Wilton_Gregory_0001.jpg,0,0.97723043
Ricardo_Lopez_Murphy/Ricardo_Lopez_Murphy_0002.jpg,Roberto_Robaina/Roberto_Robaina_0001.jpg,0,0.98021936
Ricky_Ponting/Ricky_Ponting_0001.jpg,Ronaldo_Luis_Nazario_de_Lima/Ronaldo_Luis_Nazario_de_Lima_0004.jpg,0,0.97422671
Robin_Cook/Robin_Cook_0001.jpg,Wilton_Gregory/Wilton_Gregory_0001.jpg,0,0.98334569
Roger_Federer/Roger_Federer_0004.jpg,Steve_Backley/Steve_Backley_0002.jpg,0,0.96393943
Ronald_Post/Ronald_Post_0001.jpg,Steve_Karsay/Steve_Karsay_0001.jpg,0,0.97916526
Ryan_Nyquist/Ryan_Nyquist_0001.jpg,Winona_Ryder/Winona_Ryder_0022.jpg,0,0.97658491
Sally_Clark/Sally_Clark_0001.jpg,Scott_Ritter/Scott_Ritter_0002.jpg,0,0.96826530
Samantha_Daniels/Samantha_Daniels_0001.jpg,Taufik_Hidayat/Taufik_Hidayat_0003.jpg,0,0.98105425
Sherri_Coale/Sherri_Coale_0001.jpg,Troy_Garity/Troy_Garity_0001.jpg,0,0.98607045
Steve_Valentine/Steve_Valentine_0001.jpg,Toni_Braxton/Toni_Braxton_0002.jpg,0,0.96891439
Tammy_Helm/Tammy_Helm_0001.jpg,Tom_Smothers/Tom_Smothers_0001.jpg,0,0.97062671
Tanya_Lindenmuth/Tanya_Lindenmuth_0001.jpg,Tora_Takagi/Tora_Takagi_0001.jpg,0,0.96903479
Toni_Braxton/Toni_Braxton_0003.jpg,Yann_Martel/Yann_Martel_0002.jpg,0,0.97318697
AJ_Lamas/AJ_Lamas_0001.jpg,Chris_Penn/Chris_Penn_0001.jpg,0,0.96918142
Ahmed_Qureia/Ahmed_Qureia_0001.jpg,Stanley_McChrystal/Stanley_McChrystal_0003.jpg,0,0.97929597
Ahmet_Necdet_Sezer/Ahmet_Necdet_Sezer_0001.jpg,John_Rowe/John_Rowe_0001.jpg,0,0.99071884
Alan_Dreher/Alan_Dreher_0001.jpg,Emily_Mason/Emily_Mason_0001.jpg,0,0.96977103
Alan_Dreher/Alan_Dreher_0001.jpg,Francisco_Santos/Francisco_Santos_0001.jpg,0,0.98429024
Alan_Dreher/Alan_Dreher_0001.jpg,Robert_Bullock/Robert_Bullock_0002.jpg,0,0.97741544
Alan_Mulally/Alan_Mulally_0002.jpg,Tomomi_Morita/Tomomi_Morita_0001.jpg,0,0.96492726
Alan_Stonecipher/Alan_Stonecipher_0001.jpg,Luis_Gonzalez/Luis_Gonzalez_0001.jpg,0,0.98234987
Alberto_Ruiz_Gallardon/Alberto_Ruiz_Gallardon_0001.jpg,James_Smith/James_Smith_0002.jpg,0,0.96950889
Alessandra_Cerna/Alessandra_Cerna_0001.jpg,John_Darby/John_Darby_0001.jpg,0,0.96093273
Alessandra_Cerna/Alessandra_Cerna_0001.jpg,John_Rowland/John_Rowland_0002.jpg,0,0.97528148
Alessandra_Cerna/Alessandra_Cerna_0001.jpg,Marina_Canetti/Marina_Canetti_0001.jpg,0,0.98608583
Alessandra_Cerna/Alessandra_Cerna_0001.jpg,Randy_Jackson/Randy_Jackson_0001.jpg,0,0.97396070
Alessandra_Cerna/Alessandra_Cerna_0001.jpg,Richard_Jewell/Richard_Jewell_0001.jpg,0,0.96488017
Alex_Cabrera/Alex_Cabrera_0001.jpg,Fred_Huff/Fred_Huff_0001.jpg,0,0.97738779
Alex_Cabrera/Alex_Cabrera_0001.jpg,Tommy_Franks/Tommy_Franks_0009.jpg,0,0.97264045
Alex_Corretja/Alex_Corretja_0001.jpg,Jacky_Cheung/Jacky_Cheung_0001.jpg,0,0.97343946
Alexandra_Spann/Alexandra_Spann_0001.jpg,Beth_Blough/Beth_Blough_0001.jpg,0,0.98009074
Ali_Hammoud/Ali_Hammoud_0001.jpg,Randy_Jackson/Randy_Jackson_0001.jpg,0,0.97011667
Almeida_Baptista/Almeida_Baptista_0001.jpg,Jan_Peter_Balkenende/Jan_Peter_Balkenende_0001.jpg,0,0.96097994
Almeida_Baptista/Almeida_Baptista_0001.jpg,Jason_Mewes/Jason_Mewes_0001.jpg,0,0.96976161
Almeida_Baptista/Almeida_Baptista_0001.jpg,Taoufik_Mathlouthi/Taoufik_Mathlouthi_0001.jpg,0,0.96578062
Amanda_Bynes/Amanda_Bynes_0002.jpg,Grant_Rossenmeyer/Grant_Rossenmeyer_0001.jpg,0,0.96867609
Amy_Cotton/Amy_Cotton_0001.jpg,Matt_Walters/Matt_Walters_0001.jpg,0,0.98010558
Amy_Cotton/Amy_Cotton_0001.jpg,Roberto_Guaterroma/Roberto_Guaterroma_0001.jpg,0,0.96492368
Andrew_Jarecki/Andrew_Jarecki_0001.jpg,Barbara_Boxer/Barbara_Boxer_0001.jpg,0,0.97823018
Andrew_Jarecki/Andrew_Jarecki_0001.jpg,Tessa_Jowell/Tessa_Jowell_0001.jpg,0,0.97632158
Andy_North/Andy_North_0001.jpg,Eric_Hinske/Eric_Hinske_0001.jpg,0,0.98032075
Andy_North/Andy_North_0001.jpg,Marina_Kuptsova/Marina_Kuptsova_0001.jpg,0,0.96794367
Andy_North/Andy_North_0001.jpg,Phil_Bennett/Phil_Bennett_0001.jpg,0,0.99296230
Angela_Merkel/Angela_Merkel_0002.jpg,Hal_Gehman/Hal_Gehman_0001.jpg,0,0.96852803
Angela_Merkel/Angela_Merkel_0003.jpg,Anna_Jones/Anna_Jones_0001.jpg,0,0.97722119
Angela_Merkel/Angela_Merkel_0003.jpg,Frank_Griswold/Frank_Griswold_0001.jpg,0,0.98017883
Anna_Jones/Anna_Jones_0001.jpg,Ray_Romano/Ray_Romano_0008.jpg,0,0.97033536
Anthony_LaPaglia/Anthony_LaPaglia_0001.jpg,Roberto_Guaterroma/Roberto_Guaterroma_0001.jpg,0,0.98277950
Arlen_Specter/Arlen_Specter_0001.jpg,Bill_Butler/Bill_Butler_0001.jpg,0,0.98505545
Arlen_Specter/Arlen_Specter_0002.jpg,Barbara_Boxer/Barbara_Boxer_0001.jpg,0,0.97573531
Atal_Bihari_Vajpayee/Atal_Bihari_Vajpayee_0003.jpg,Ruben_Sierra/Ruben_Sierra_0001.jpg,0,0.98028111
Atsushi_Sato/Atsushi_Sato_0001.jpg,Monica_Serra/Monica_Serra_0001.jpg,0,0.97073460
Baburam_Bhattari/Baburam_Bhattari_0001.jpg,Muhammad_Saeed_al-Sahhaf/Muhammad_Saeed_al-Sahhaf_0004.jpg,0,0.96920216
Barry_Alvarez/Barry_Alvarez_0001.jpg,John_Jones/John_Jones_0001.jpg,0,0.99888587
Bill_Belichick/Bill_Belichick_0001.jpg,John_Petty/John_Petty_0001.jpg,0,0.98316550
Bill_Belichick/Bill_Belichick_0001.jpg,Phillipe_Comtois/Phillipe_Comtois_0001.jpg,0,0.98209232
Bill_Belichick/Bill_Belichick_0002.jpg,Roger_Machado/Roger_Machado_0001.jpg,0,0.96985298
Bill_Byrne/Bill_Byrne_0001.jpg,Bill_Sizemore/Bill_Sizemore_0001.jpg,0,0.98358756
Bill_Curry/Bill_Curry_0001.jpg,Ellen_Martin/Ellen_Martin_0001.jpg,0,0.95710570
Bill_Curry/Bill_Curry_0001.jpg,Richard_Langille/Richard_Langille_0001.jpg,0,0.97629720
Bill_Curry/Bill_Curry_0001.jpg,Roberto_Guaterroma/Roberto_Guaterroma_0001.jpg,0,0.98363405
Billy_Beane/Billy_Beane_0001.jpg,Tom_Welch/Tom_Welch_0001.jpg,0,0.98570651
Boris_Trajkovski/Boris_Trajkovski_0001.jpg,Laurent_Gbagbo/Laurent_Gbagbo_0002.jpg,0,0.96653950
Brad_Brownell/Brad_Brownell_0001.jpg,Hussam_Mohammed_Amin/Hussam_Mohammed_Amin_0001.jpg,0,0.94646519
Brandon_Fails/Brandon_Fails_0001.jpg,Christian_Lirette/Christian_Lirette_0001.jpg,0,0.97481984
Brandon_Fails/Brandon_Fails_0001.jpg,Ellen_Engleman/Ellen_Engleman_0002.jpg,0,0.96466029
Brandon_Inge/Brandon_Inge_0001.jpg,Eric_Lloyd/Eric_Lloyd_0001.jpg,0,0.97523272
Brenda_Magana/Brenda_Magana_0001.jpg,Nikolay_Davydenko/Nikolay_Davydenko_0001.jpg,0,0.96590632
Brian_Jordan/Brian_Jordan_0001.jpg,Joe_Cravens/Joe_Cravens_0001.jpg,0,0.96850872
Brian_Lara/Brian_Lara_0001.jpg,John_Darby/John_Darby_0001.jpg,0,0.96834219
Brian_Lara/Brian_Lara_0001.jpg,Stanley_Nelson/Stanley_Nelson_0001.jpg,0,0.99679959
Calvin_Harrison/Calvin_Harrison_0001.jpg,Luis_Gonzalez_Macchi/Luis_Gonzalez_Macchi_0003.jpg,0,0.97522414
Calvin_Harrison/Calvin_Harrison_0001.jpg,Richard_Gephardt/Richard_Gephardt_0009.jpg,0,0.97025561
Calvin_Harrison/Calvin_Harrison_0001.jpg,Suzanne_Fox/Suzanne_Fox_0001.jpg,0,0.96302027
Camilla_Parker_Bowles/Camilla_Parker_Bowles_0002.jpg,Gustavo_Franco/Gustavo_Franco_0001.jpg,0,0.96088988
Carina_Lau_Ka-ling/Carina_Lau_Ka-ling_0001.jpg,Lin_Yi-fu/Lin_Yi-fu_0001.jpg,0,0.99319947
Carlos_Ortega/Carlos_Ortega_0003.jpg,Lionel_Hampton/Lionel_Hampton_0001.jpg,0,0.98123348
Carolina_Kluft/Carolina_Kluft_0003.jpg,Gwen_Stefani/Gwen_Stefani_0001.jpg,0,0.98019296
Carson_Palmer/Carson_Palmer_0003.jpg,Richard_Jewell/Richard_Jewell_0001.jpg,0,0.98342150
Catherine_Deneuve/Catherine_Deneuve_0004.jpg,Jade_Jagger/Jade_Jagger_0001.jpg,0,0.98012698
Catriona_Le_May_Doan/Catriona_Le_May_Doan_0001.jpg,Craig_Burley/Craig_Burley_0001.jpg,0,0.97050625
Catriona_Le_May_Doan/Catriona_Le_May_Doan_0001.jpg,Phil_Mickelson/Phil_Mickelson_0001.jpg,0,0.97042716
Charlie_Deane/Charlie_Deane_0001.jpg,Queen_Silvia/Queen_Silvia_0001.jpg,0,0.95265007
Charlotte_Church/Charlotte_Church_0001.jpg,Kaoru_Hasuike/Kaoru_Hasuike_0001.jpg,0,0.96745986
Charlotte_Church/Charlotte_Church_0001.jpg,Sourav_Ganguly/Sourav_Ganguly_0001.jpg,0,0.97169864
Cheryl_Hines/Cheryl_Hines_0001.jpg,Du_Qinglin/Du_Qinglin_0001.jpg,0,0.98192191
Cheryl_Hines/Cheryl_Hines_0001.jpg,Lane_Odom/Lane_Odom_0001.jpg,0,0.96356177
Chin-Hui_Tsao/Chin-Hui_Tsao_0001.jpg,Rosemarie_Stack/Rosemarie_Stack_0001.jpg,0,0.96746957
Choi_Sung-hong/Choi_Sung-hong_0004.jpg,Debra_Messing/Debra_Messing_0001.jpg,0,0.96899861
Choi_Sung-hong/Choi_Sung-hong_0004.jpg,Frederique_van_der_Wal/Frederique_van_der_Wal_0001.jpg,0,0.96541178
Chris_Penn/Chris_Penn_0001.jpg,Phil_Bennett/Phil_Bennett_0001.jpg,0,0.99678522
Chris_Penn/Chris_Penn_0001.jpg,Taoufik_Mathlouthi/Taoufik_Mathlouthi_0001.jpg,0,0.98365527
Christian_Lirette/Christian_Lirette_0001.jpg,Sargis_Sargsian/Sargis_Sargsian_0001.jpg,0,0.96010381
Christina_Aguilera/Christina_Aguilera_0002.jpg,Joshua_Harapko/Joshua_Harapko_0001.jpg,0,0.96729708
Christina_Aguilera/Christina_Aguilera_0004.jpg,Jerry_Falwell/Jerry_Falwell_0002.jpg,0,0.96680248
Christopher_Amolsch/Christopher_Amolsch_0001.jpg,Steve_Pagliuca/Steve_Pagliuca_0001.jpg,0,0.98264277
Christopher_Matero/Christopher_Matero_0001.jpg,Valery_Giscard_dEstaing/Valery_Giscard_dEstaing_0001.jpg,0,0.97640342
Claudine_Farrell/Claudine_Farrell_0001.jpg,Mike_Miller/Mike_Miller_0002.jpg,0,0.97764027
Clive_Woodward/Clive_Woodward_0001.jpg,Douglas_Faneuil/Douglas_Faneuil_0001.jpg,0,0.96951628
Clive_Woodward/Clive_Woodward_0001.jpg,Jose_Sarney/Jose_Sarney_0002.jpg,0,0.97657478
Coretta_Scott_King/Coretta_Scott_King_0001.jpg,Robert_Torricelli/Robert_Torricelli_0001.jpg,0,0.96131563
Cori_Enghusen/Cori_Enghusen_0001.jpg,Ernie_Stewart/Ernie_Stewart_0001.jpg,0,0.98125947
Courtney_Love/Courtney_Love_0001.jpg,Jennifer_Aniston/Jennifer_Aniston_0003.jpg,0,0.98885977
Courtney_Love/Courtney_Love_0001.jpg,Ruben_Sierra/Ruben_Sierra_0001.jpg,0,0.97198212
Craig_Burley/Craig_Burley_0001.jpg,Stanley_McChrystal/Stanley_McChrystal_0003.jpg,0,0.98305684
Daniel_Coats/Daniel_Coats_0001.jpg,Kathryn_Grayson/Kathryn_Grayson_0001.jpg,0,0.95771205
Daniel_Day-Lewis/Daniel_Day-Lewis_0003.jpg,Scott_Yates/Scott_Yates_0001.jpg,0,0.96791708
Daniela_Hantuchova/Daniela_Hantuchova_0001.jpg,Jan_Peter_Balkenende/Jan_Peter_Balkenende_0001.jpg,0,0.95635146
Danny_Green/Danny_Green_0001.jpg,Rodrigo_Rato/Rodrigo_Rato_0001.jpg,0,0.96798801
Darin_Erstad/Darin_Erstad_0001.jpg,Steve_Fehr/Steve_Fehr_0001.jpg,0,0.98381346
Daryl_Smith/Daryl_Smith_0001.jpg,Reese_Witherspoon/Reese_Witherspoon_0004.jpg,0,0.97279966
David_Hanson/David_Hanson_0001.jpg,Richard_Norton-Taylor/Richard_Norton-Taylor_0001.jpg,0,0.96199322
David_Hilt/David_Hilt_0001.jpg,Hipolito_Mejia/Hipolito_Mejia_0003.jpg,0,0.98382735
Dennis_Franchione/Dennis_Franchione_0001.jpg,Hugh_Miller/Hugh_Miller_0001.jpg,0,0.97353894
Dennis_Kucinich/Dennis_Kucinich_0003.jpg,Sam_Torrance/Sam_Torrance_0002.jpg,0,0.96549505
Dennis_Kucinich/Dennis_Kucinich_0004.jpg,Radovan_Karadzic/Radovan_Karadzic_0001.jpg,0,0.97825909
Dennis_Kucinich/Dennis_Kucinich_0006.jpg,Iain_Anderson/Iain_Anderson_0001.jpg,0,0.98317575
Derek_Bond/Derek_Bond_0001.jpg,John_Jumper/John_Jumper_0001.jpg,0,0.96333867
Diane_Ladd/Diane_Ladd_0001.jpg,Trevor_Watson/Trevor_Watson_0001.jpg,0,0.95881367
Dick_Latessa/Dick_Latessa_0001.jpg,John_Burnett/John_Burnett_0001.jpg,0,0.97994399
Dick_Latessa/Dick_Latessa_0002.jpg,Martha_Beatriz_Roque/Martha_Beatriz_Roque_0001.jpg,0,0.96330369
Didier_Defago/Didier_Defago_0001.jpg,Jerry_Falwell/Jerry_Falwell_0002.jpg,0,0.96439409
Don_Hewitt/Don_Hewitt_0001.jpg,Guennadi_Chipouline/Guennadi_Chipouline_0001.jpg,0,0.99155724
Donald_Carty/Donald_Carty_0001.jpg,Ernie_Stewart/Ernie_Stewart_0001.jpg,0,0.98515928
Donald_Carty/Donald_Carty_0001.jpg,Jeffrey_Immelt/Jeffrey_Immelt_0002.jpg,0,0.96852005
Donald_Carty/Donald_Carty_0001.jpg,Vladimir_Putin/Vladimir_Putin_0034.jpg,0,0.98044968
Du_Qinglin/Du_Qinglin_0001.jpg,Meryl_Streep/Meryl_Streep_0007.jpg,0,0.96592289
Dustan_Mohr/Dustan_Mohr_0001.jpg,Edward_Flynn/Edward_Flynn_0001.jpg,0,0.96384299
Dustan_Mohr/Dustan_Mohr_0001.jpg,Enrik_Vendt/Enrik_Vendt_0001.jpg,0,0.96692282
Dustan_Mohr/Dustan_Mohr_0001.jpg,Nikolay_Davydenko/Nikolay_Davydenko_0001.jpg,0,0.96678770
Dustan_Mohr/Dustan_Mohr_0001.jpg,Sourav_Ganguly/Sourav_Ganguly_0005.jpg,0,0.97115803
Dustan_Mohr/Dustan_Mohr_0001.jpg,Theo_Angelopoulos/Theo_Angelopoulos_0001.jpg,0,0.96507263
E_Clay_Shaw/E_Clay_Shaw_0001.jpg,Jerry_Jones/Jerry_Jones_0001.jpg,0,0.99290311
Eduard_Shevardnadze/Eduard_Shevardnadze_0003.jpg,Martha_Lucia_Ramirez/Martha_Lucia_Ramirez_0001.jpg,0,0.96232569
Edward_Flynn/Edward_Flynn_0001.jpg,Madeleine_Albright/Madeleine_Albright_0002.jpg,0,0.97232103
Edward_Lu/Edward_Lu_0001.jpg,Robert_Zoellick/Robert_Zoellick_0007.jpg,0,0.98181832
Edwina_Currie/Edwina_Currie_0004.jpg,Eric_Hinske/Eric_Hinske_0002.jpg,0,0.96666622
Elena_de_Chavez/Elena_de_Chavez_0001.jpg,Jack_Goodman/Jack_Goodman_0001.jpg,0,0.96108627
Elizabeth_Shue/Elizabeth_Shue_0001.jpg,Odai_Hussein/Odai_Hussein_0001.jpg,0,0.96678132
Elizabeth_Shue/Elizabeth_Shue_0002.jpg,Princess_Hisako/Princess_Hisako_0001.jpg,0,0.96952462
Elizabeth_Shue/Elizabeth_Shue_0002.jpg,Terry_Stotts/Terry_Stotts_0001.jpg,0,0.97137874
Ellen_Engleman/Ellen_Engleman_0001.jpg,Guennadi_Chipouline/Guennadi_Chipouline_0001.jpg,0,0.96732032
Ellen_Saracini/Ellen_Saracini_0001.jpg,Ray_Romano/Ray_Romano_0006.jpg,0,0.96186793
Elsa_Zylberstein/Elsa_Zylberstein_0002.jpg,Matt_Braker/Matt_Braker_0001.jpg,0,0.97112048
Elvis_Stojko/Elvis_Stojko_0001.jpg,Jerry_Falwell/Jerry_Falwell_0001.jpg,0,0.96486533
Elvis_Stojko/Elvis_Stojko_0001.jpg,Robert_Mueller/Robert_Mueller_0005.jpg,0,0.97497618
Emma_Thompson/Emma_Thompson_0003.jpg,Nathan_Doudney/Nathan_Doudney_0001.jpg,0,0.97835797
Emmit_Smith/Emmit_Smith_0002.jpg,Rafael_Ramirez/Rafael_Ramirez_0004.jpg,0,0.98804945
Enrik_Vendt/Enrik_Vendt_0001.jpg,Lane_Odom/Lane_Odom_0001.jpg,0,0.98157990
Enrique_Oliu/Enrique_Oliu_0001.jpg,Markus_Naslund/Markus_Naslund_0001.jpg,0,0.98856175
Enrique_Oliu/Enrique_Oliu_0001.jpg,William_McDonough/William_McDonough_0001.jpg,0,0.98755509
Eric_Hinske/Eric_Hinske_0001.jpg,Juan_Antonio_Samaranch/Juan_Antonio_Samaranch_0001.jpg,0,0.96337837
Eric_Lloyd/Eric_Lloyd_0001.jpg,Jessica_Alba/Jessica_Alba_0002.jpg,0,0.97847986
Eric_Lloyd/Eric_Lloyd_0001.jpg,Valery_Giscard_dEstaing/Valery_Giscard_dEstaing_0001.jpg,0,0.97369063
Ernie_Harwell/Ernie_Harwell_0001.jpg,Queen_Beatrix/Queen_Beatrix_0003.jpg,0,0.97052938
Felipe_Perez_Roque/Felipe_Perez_Roque_0002.jpg,MC_Hammer/MC_Hammer_0001.jpg,0,0.97122717
Frank_Griswold/Frank_Griswold_0001.jpg,Yana_Klochkova/Yana_Klochkova_0001.jpg,0,0.97895372
Frank_Zappa/Frank_Zappa_0001.jpg,Markus_Naslund/Markus_Naslund_0001.jpg,0,0.97809768
Frederique_van_der_Wal/Frederique_van_der_Wal_0001.jpg,Pedro_Mahecha/Pedro_Mahecha_0001.jpg,0,0.95934033
Frederique_van_der_Wal/Frederique_van_der_Wal_0001.jpg,Raja_Zafar-ul-Haq/Raja_Zafar-ul-Haq_0001.jpg,0,0.96005952
Gary_Leon_Ridgway/Gary_Leon_Ridgway_0001.jpg,Robert_Wagner/Robert_Wagner_0001.jpg,0,0.98543108
Gary_Leon_Ridgway/Gary_Leon_Ridgway_0001.jpg,Scott_Yates/Scott_Yates_0001.jpg,0,0.98609632
Gary_Leon_Ridgway/Gary_Leon_Ridgway_0001.jpg,Yana_Klochkova/Yana_Klochkova_0001.jpg,0,0.97197700
Gene_Keady/Gene_Keady_0001.jpg,Mark_Sacco/Mark_Sacco_0001.jpg,0,0.96096814
George_Gregan/George_Gregan_0001.jpg,John_Negroponte/John_Negroponte_0027.jpg,0,0.96377480
Glen_DaSilva/Glen_DaSilva_0001.jpg,Rachel_Hunter/Rachel_Hunter_0004.jpg,0,0.96824276
Glen_DaSilva/Glen_DaSilva_0001.jpg,Robert_Mugabe/Robert_Mugabe_0002.jpg,0,0.96987480
Glen_Sather/Glen_Sather_0001.jpg,Leslie_Caldwell/Leslie_Caldwell_0003.jpg,0,0.96542430
Glen_Sather/Glen_Sather_0001.jpg,Trevor_Watson/Trevor_Watson_0001.jpg,0,0.96383375
Goran_Zivkovic/Goran_Zivkovic_0001.jpg,Lee_Soo-hyuck/Lee_Soo-hyuck_0002.jpg,0,0.97209150
Goran_Zivkovic/Goran_Zivkovic_0001.jpg,Martha_Sahagun_de_Fox/Martha_Sahagun_de_Fox_0001.jpg,0,0.96570647
Goran_Zivkovic/Goran_Zivkovic_0001.jpg,Shane_Reynolds/Shane_Reynolds_0001.jpg,0,0.96585876
Grant_Rossenmeyer/Grant_Rossenmeyer_0001.jpg,Trevor_Watson/Trevor_Watson_0001.jpg,0,0.95657051
Gregory_Hines/Gregory_Hines_0001.jpg,Marcus_Gronholm/Marcus_Gronholm_0002.jpg,0,0.97210395
Guennadi_Chipouline/Guennadi_Chipouline_0001.jpg,Tom_Lantos/Tom_Lantos_0001.jpg,0,0.97498238
Guillermo_Ortiz/Guillermo_Ortiz_0001.jpg,Nestor_Santillan/Nestor_Santillan_0001.jpg,0,0.97149932
Guillermo_Ortiz/Guillermo_Ortiz_0002.jpg,Strom_Thurmond/Strom_Thurmond_0002.jpg,0,0.99151242
Gus_Van_Sant/Gus_Van_Sant_0003.jpg,Natalie_Stewart/Natalie_Stewart_0001.jpg,0,0.97205853
Gwen_Stefani/Gwen_Stefani_0001.jpg,Hugh_Miller/Hugh_Miller_0001.jpg,0,0.96780384
Gwendal_Peizerat/Gwendal_Peizerat_0003.jpg,Turner_Stevenson/Turner_Stevenson_0001.jpg,0,0.97463882
Hal_Gehman/Hal_Gehman_0001.jpg,Scott_Yates/Scott_Yates_0001.jpg,0,0.97184747
Hamad_Bin_Isa_al-Khalifa/Hamad_Bin_Isa_al-Khalifa_0001.jpg,Marta_Dominguz/Marta_Dominguz_0001.jpg,0,0.95722377
Harrison_Ford/Harrison_Ford_0002.jpg,Marcus_Gronholm/Marcus_Gronholm_0001.jpg,0,0.99269259
Harvey_Wachsman/Harvey_Wachsman_0001.jpg,Narayan_Singh_Pun/Narayan_Singh_Pun_0001.jpg,0,0.97281855
Heather_Locklear/Heather_Locklear_0001.jpg,John_Mayer/John_Mayer_0003.jpg,0,0.97338456
Heather_Locklear/Heather_Locklear_0001.jpg,Pablo_Khulental/Pablo_Khulental_0001.jpg,0,0.96803331
Hichiro_Naemura/Hichiro_Naemura_0002.jpg,Richard_Jewell/Richard_Jewell_0001.jpg,0,0.97778785
Hipolito_Mejia/Hipolito_Mejia_0003.jpg,Jim_Ahern/Jim_Ahern_0001.jpg,0,0.97493196
Holly_Hunter/Holly_Hunter_0003.jpg,Joshua_Perper/Joshua_Perper_0001.jpg,0,0.96548682
Hugh_Hefner/Hugh_Hefner_0001.jpg,Sam_Mendes/Sam_Mendes_0001.jpg,0,0.95887047
Iain_Anderson/Iain_Anderson_0001.jpg,James_Kopp/James_Kopp_0002.jpg,0,0.97867489
Iain_Anderson/Iain_Anderson_0001.jpg,Recep_Tayyip_Erdogan/Recep_Tayyip_Erdogan_0012.jpg,0,0.98227131
Ilan_Goldfajn/Ilan_Goldfajn_0001.jpg,Jennifer_Aniston/Jennifer_Aniston_0017.jpg,0,0.96020174
Ilie_Nastase/Ilie_Nastase_0001.jpg,Michael_Lopez-Alegria/Michael_Lopez-Alegria_0001.jpg,0,0.98280525
Intisar_Ajouri/Intisar_Ajouri_0003.jpg,Lin_Yi-fu/Lin_Yi-fu_0001.jpg,0,0.96664751
Itamar_Franco/Itamar_Franco_0001.jpg,Jessica_Alba/Jessica_Alba_0001.jpg,0,0.95843434
Jack_Goodman/Jack_Goodman_0001.jpg,Kirsten_Dunst/Kirsten_Dunst_0001.jpg,0,0.99258614
Jack_Goodman/Jack_Goodman_0001.jpg,Saburo_Kawabuchi/Saburo_Kawabuchi_0002.jpg,0,0.97365403
Jack_Nicholson/Jack_Nicholson_0001.jpg,Pat_Wharton/Pat_Wharton_0001.jpg,0,0.96938068
Jack_Valenti/Jack_Valenti_0001.jpg,Shinzo_Abe/Shinzo_Abe_0001.jpg,0,0.98162997
Jake_Plummer/Jake_Plummer_0001.jpg,Jose_Dirceu/Jose_Dirceu_0002.jpg,0,0.97585303
Jakob_Kellenberger/Jakob_Kellenberger_0001.jpg,Lara_Logan/Lara_Logan_0001.jpg,0,0.96003127
Jakob_Kellenberger/Jakob_Kellenberger_0001.jpg,Pedro_Mahecha/Pedro_Mahecha_0001.jpg,0,0.96720821
James_Maguire/James_Maguire_0001.jpg,Ronald_Reagan/Ronald_Reagan_0001.jpg,0,0.97890288
James_Smith/James_Smith_0002.jpg,Kyra_Sedgwick/Kyra_Sedgwick_0001.jpg,0,0.96638799
Jason_Statham/Jason_Statham_0001.jpg,Kwame_Kilpatrick/Kwame_Kilpatrick_0001.jpg,0,0.97244376
Jawad_Boulus/Jawad_Boulus_0001.jpg,Narayan_Singh_Pun/Narayan_Singh_Pun_0001.jpg,0,0.96395779
Jean-Rene_Fourtou/Jean-Rene_Fourtou_0001.jpg,Roh_Moo-hyun/Roh_Moo-hyun_0028.jpg,0,0.97128975
Jeannette_Biedermann/Jeannette_Biedermann_0001.jpg,Kenny_Brack/Kenny_Brack_0001.jpg,0,0.97073460
Jennifer_Granholm/Jennifer_Granholm_0001.jpg,Trudi_Lacey/Trudi_Lacey_0001.jpg,0,0.98706746
Jerelle_Kraus/Jerelle_Kraus_0001.jpg,Warren_Beatty/Warren_Beatty_0001.jpg,0,0.97461343
Jesus_Cardenal/Jesus_Cardenal_0001.jpg,Pablo_Khulental/Pablo_Khulental_0001.jpg,0,0.95958018
Jim_Hendry/Jim_Hendry_0001.jpg,Larry_Beinfest/Larry_Beinfest_0001.jpg,0,0.99372542
Joan_Claybrook/Joan_Claybrook_0002.jpg,Pablo_Latras/Pablo_Latras_0001.jpg,0,0.97013450
Joaquin_Sanchez/Joaquin_Sanchez_0001.jpg,Richard_Armitage/Richard_Armitage_0001.jpg,0,0.96182156
Joe_Cocker/Joe_Cocker_0001.jpg,Martha_Beatriz_Roque/Martha_Beatriz_Roque_0001.jpg,0,0.96940905
Joe_Cocker/Joe_Cocker_0001.jpg,Randy_Jackson/Randy_Jackson_0001.jpg,0,0.97163630
Joe_Cravens/Joe_Cravens_0001.jpg,Sam_Mendes/Sam_Mendes_0001.jpg,0,0.98485595
John_Barnett/John_Barnett_0001.jpg,Kathryn_Grayson/Kathryn_Grayson_0001.jpg,0,0.96819860
John_Darby/John_Darby_0001.jpg,Masum_Turker/Masum_Turker_0003.jpg,0,0.96516621
John_Ferguson/John_Ferguson_0001.jpg,Paul_Schrader/Paul_Schrader_0001.jpg,0,0.97776735
John_Paul_DeJoria/John_Paul_DeJoria_0001.jpg,Paul_Pierce/Paul_Pierce_0001.jpg,0,0.96584761
John_Reilly/John_Reilly_0002.jpg,Princess_Hisako/Princess_Hisako_0001.jpg,0,0.97941357
John_Rowland/John_Rowland_0002.jpg,Steve_Kerr/Steve_Kerr_0001.jpg,0,0.97832060
Johnny_Depp/Johnny_Depp_0001.jpg,Leo_Mullin/Leo_Mullin_0001.jpg,0,0.96755481
Johnny_Depp/Johnny_Depp_0001.jpg,Trudi_Lacey/Trudi_Lacey_0001.jpg,0,0.96856356
Johnny_Htu/Johnny_Htu_0001.jpg,Roger_Machado/Roger_Machado_0001.jpg,0,0.96550822
Jose_Dirceu/Jose_Dirceu_0001.jpg,Robert_Torricelli/Robert_Torricelli_0003.jpg,0,0.97848767
Juan_Antonio_Samaranch/Juan_Antonio_Samaranch_0001.jpg,Stefan_Koubek/Stefan_Koubek_0001.jpg,0,0.97598410
Juergen_Braehmer/Juergen_Braehmer_0001.jpg,Shawn_Bradley/Shawn_Bradley_0001.jpg,0,0.97593462
Juergen_Braehmer/Juergen_Braehmer_0001.jpg,Travis_Rudolph/Travis_Rudolph_0001.jpg,0,0.97564489
Kathryn_Grayson/Kathryn_Grayson_0001.jpg,Queen_Beatrix/Queen_Beatrix_0004.jpg,0,0.98943216
Kathryn_Grayson/Kathryn_Grayson_0001.jpg,Ruben_Sierra/Ruben_Sierra_0001.jpg,0,0.96287370
Kathryn_Grayson/Kathryn_Grayson_0001.jpg,Shannon_OBrien/Shannon_OBrien_0002.jpg,0,0.98653179
Katie_Holmes/Katie_Holmes_0001.jpg,Park_Jung_Sung/Park_Jung_Sung_0001.jpg,0,0.96847188
Kenny_Brack/Kenny_Brack_0001.jpg,Lin_Yi-fu/Lin_Yi-fu_0001.jpg,0,0.97051936
Kwame_Kilpatrick/Kwame_Kilpatrick_0001.jpg,Shannon_OBrien/Shannon_OBrien_0002.jpg,0,0.97312748
Kyra_Sedgwick/Kyra_Sedgwick_0001.jpg,Reese_Witherspoon/Reese_Witherspoon_0003.jpg,0,0.99216211
Kyra_Sedgwick/Kyra_Sedgwick_0001.jpg,Richard_Hellfant/Richard_Hellfant_0001.jpg,0,0.95863360
Kyra_Sedgwick/Kyra_Sedgwick_0001.jpg,Wilbert_Elki_Meza_Majino/Wilbert_Elki_Meza_Majino_0001.jpg,0,0.95774400
Lance_Bass/Lance_Bass_0003.jpg,Queen_Rania/Queen_Rania_0005.jpg,0,0.97012573
Lara_Logan/Lara_Logan_0001.jpg,Turner_Stevenson/Turner_Stevenson_0001.jpg,0,0.97251499
Laszlo_Kovacs/Laszlo_Kovacs_0001.jpg,Luke_Ridnour/Luke_Ridnour_0001.jpg,0,0.96981204
Laszlo_Kovacs/Laszlo_Kovacs_0001.jpg,Olesya_Bonabarenko/Olesya_Bonabarenko_0002.jpg,0,0.96931267
Lee_Byung-woong/Lee_Byung-woong_0001.jpg,William_Hochul/William_Hochul_0002.jpg,0,0.97446311
Lee_Soo-hyuck/Lee_Soo-hyuck_0001.jpg,Robert_Bullock/Robert_Bullock_0001.jpg,0,0.96095049
Leslie_Caldwell/Leslie_Caldwell_0001.jpg,Shane_Reynolds/Shane_Reynolds_0001.jpg,0,0.96965927
Leslie_Caldwell/Leslie_Caldwell_0002.jpg,Turner_Stevenson/Turner_Stevenson_0001.jpg,0,0.97481918
Li_Zhaoxing/Li_Zhaoxing_0004.jpg,Susan_Sarandon/Susan_Sarandon_0004.jpg,0,0.98184323
Linda_Mason/Linda_Mason_0001.jpg,Rupert_Murdoch/Rupert_Murdoch_0002.jpg,0,0.96073830
Liu_Mingkang/Liu_Mingkang_0002.jpg,Pedro_Pauleta/Pedro_Pauleta_0001.jpg,0,0.97244132
Liu_Ye/Liu_Ye_0001.jpg,Ruben_Sierra/Ruben_Sierra_0001.jpg,0,0.96977293
Liu_Ye/Liu_Ye_0001.jpg,Steve_Alford/Steve_Alford_0001.jpg,0,0.97220773
Loretta_Lynn_Harper/Loretta_Lynn_Harper_0001.jpg,Michel_Temer/Michel_Temer_0002.jpg,0,0.98922735
Luis_Gonzalez/Luis_Gonzalez_0001.jpg,Warren_Beatty/Warren_Beatty_0001.jpg,0,0.97274345
Madeleine_Albright/Madeleine_Albright_0002.jpg,Martha_Lucia_Ramirez/Martha_Lucia_Ramirez_0002.jpg,0,0.98685467
Maha_Habib/Maha_Habib_0001.jpg,Princess_Elisabeth/Princess_Elisabeth_0001.jpg,0,0.98627704
Marc_Anthony/Marc_Anthony_0001.jpg,Michael_Pfleger/Michael_Pfleger_0001.jpg,0,0.97598714
Marcus_Gronholm/Marcus_Gronholm_0001.jpg,Teresa_Graves/Teresa_Graves_0001.jpg,0,0.96925205
Marcus_Gronholm/Marcus_Gronholm_0001.jpg,Tommy_Franks/Tommy_Franks_0008.jpg,0,0.97650540
Marina_Canetti/Marina_Canetti_0001.jpg,Saied_Hadi_al_Mudarissi/Saied_Hadi_al_Mudarissi_0001.jpg,0,0.96882188
Mario_Alfaro-Lopez/Mario_Alfaro-Lopez_0001.jpg,Richard_Armitage/Richard_Armitage_0006.jpg,0,0.96488571
Mario_Alfaro-Lopez/Mario_Alfaro-Lopez_0001.jpg,Tom_Lantos/Tom_Lantos_0001.jpg,0,0.97348803
Mark_Dacey/Mark_Dacey_0001.jpg,Turner_Stevenson/Turner_Stevenson_0001.jpg,0,0.98086476
Mark_Dacey/Mark_Dacey_0002.jpg,Steve_Cox/Steve_Cox_0001.jpg,0,0.98154259
Mark_Kelly/Mark_Kelly_0001.jpg,Mark_Lazarus/Mark_Lazarus_0001.jpg,0,0.97416639
Mark_Lazarus/Mark_Lazarus_0001.jpg,Ronnie_Jagday/Ronnie_Jagday_0001.jpg,0,0.96365201
Mark_Sacco/Mark_Sacco_0001.jpg,Tono_Suratman/Tono_Suratman_0001.jpg,0,0.95095837
Markus_Naslund/Markus_Naslund_0001.jpg,Robert_Wagner/Robert_Wagner_0001.jpg,0,0.96351254
Martin_Kristof/Martin_Kristof_0001.jpg,Taia_Balk/Taia_Balk_0001.jpg,0,0.96633339
Matt_Anderson/Matt_Anderson_0001.jpg,Seth_Gorney/Seth_Gorney_0001.jpg,0,0.98766702
Matt_Braker/Matt_Braker_0001.jpg,Surakait_Sathirathai/Surakait_Sathirathai_0001.jpg,0,0.97238773
Matt_Roney/Matt_Roney_0001.jpg,Wilbert_Elki_Meza_Majino/Wilbert_Elki_Meza_Majino_0001.jpg,0,0.98556447
Michael_Bolton/Michael_Bolton_0001.jpg,Robert_Bullock/Robert_Bullock_0002.jpg,0,0.97626132
Michael_Pfleger/Michael_Pfleger_0001.jpg,Robert_Ehrlich/Robert_Ehrlich_0002.jpg,0,0.99424571
Michael_Schumacher/Michael_Schumacher_0017.jpg,Natalie_Imbruglia/Natalie_Imbruglia_0001.jpg,0,0.96096295
Michael_Shane_Jolly/Michael_Shane_Jolly_0001.jpg,Trudi_Lacey/Trudi_Lacey_0001.jpg,0,0.95319581
Michel_Temer/Michel_Temer_0001.jpg,Paul_Shanley/Paul_Shanley_0001.jpg,0,0.97880614
Michelle_Yeoh/Michelle_Yeoh_0005.jpg,Saburo_Kawabuchi/Saburo_Kawabuchi_0001.jpg,0,0.97653365
Mike_Helton/Mike_Helton_0001.jpg,Octavio_Lara/Octavio_Lara_0001.jpg,0,0.96529013
Mike_Miller/Mike_Miller_0002.jpg,Toby_Keith/Toby_Keith_0001.jpg,0,0.98064744
Monica_Seles/Monica_Seles_0002.jpg,Queen_Beatrix/Queen_Beatrix_0004.jpg,0,0.96003032
Nancy_Sinatra/Nancy_Sinatra_0001.jpg,Sargis_Sargsian/Sargis_Sargsian_0001.jpg,0,0.96528441
Pablo_Khulental/Pablo_Khulental_0001.jpg,Rosemarie_Stack/Rosemarie_Stack_0002.jpg,0,0.95810485
Park_Jung_Sung/Park_Jung_Sung_0001.jpg,Robert_Bullock/Robert_Bullock_0002.jpg,0,0.97353876
Paul_Pierce/Paul_Pierce_0002.jpg,Robert_Bullock/Robert_Bullock_0002.jpg,0,0.97466254
Pedro_Pauleta/Pedro_Pauleta_0001.jpg,Robert_Tyrrell/Robert_Tyrrell_0001.jpg,0,0.96656692
Pedro_Pauleta/Pedro_Pauleta_0001.jpg,Tommy_Franks/Tommy_Franks_0014.jpg,0,0.96870172
Phil_Morris/Phil_Morris_0001.jpg,Priscilla_Owen/Priscilla_Owen_0002.jpg,0,0.97425252
Phil_Morris/Phil_Morris_0001.jpg,Roberto_Guaterroma/Roberto_Guaterroma_0001.jpg,0,0.97855783
Phil_Morris/Phil_Morris_0001.jpg,Yuri_Luzhkov/Yuri_Luzhkov_0001.jpg,0,0.97462457
Queen_Rania/Queen_Rania_0003.jpg,Ronnie_Jagday/Ronnie_Jagday_0001.jpg,0,0.96975493
Radovan_Karadzic/Radovan_Karadzic_0001.jpg,Richard_Langille/Richard_Langille_0001.jpg,0,0.95623219
Randy_Jackson/Randy_Jackson_0001.jpg,Steve_Alford/Steve_Alford_0001.jpg,0,0.97050560
Reese_Witherspoon/Reese_Witherspoon_0001.jpg,Sam_Torrance/Sam_Torrance_0001.jpg,0,0.96473145
Reese_Witherspoon/Reese_Witherspoon_0002.jpg,Toni_Jennings/Toni_Jennings_0001.jpg,0,0.98362535
Rina_Lazo/Rina_Lazo_0001.jpg,Ronald_Reagan/Ronald_Reagan_0001.jpg,0,0.97648394
Robert_Ehrlich/Robert_Ehrlich_0002.jpg,Ron_Lantz/Ron_Lantz_0001.jpg,0,0.98508728
Robert_Mugabe/Robert_Mugabe_0001.jpg,Tessa_Jowell/Tessa_Jowell_0001.jpg,0,0.95963770
Robert_Torricelli/Robert_Torricelli_0003.jpg,Taoufik_Mathlouthi/Taoufik_Mathlouthi_0001.jpg,0,0.97482002
Robert_Tyrrell/Robert_Tyrrell_0001.jpg,Yuri_Luzhkov/Yuri_Luzhkov_0001.jpg,0,0.98792607
Robert_Wagner/Robert_Wagner_0001.jpg,Tommy_Franks/Tommy_Franks_0011.jpg,0,0.97748280
Robin_Wright_Penn/Robin_Wright_Penn_0001.jpg,Sam_Torrance/Sam_Torrance_0003.jpg,0,0.96708834
Robin_Wright_Penn/Robin_Wright_Penn_0001.jpg,Yoko_Ono/Yoko_Ono_0006.jpg,0,0.98228776
Rogelio_Ramos/Rogelio_Ramos_0001.jpg,Ryan_Newman/Ryan_Newman_0001.jpg,0,0.98244750
Roman_Polanski/Roman_Polanski_0004.jpg,Toby_Keith/Toby_Keith_0001.jpg,0,0.97090852
Ronnie_Jagday/Ronnie_Jagday_0001.jpg,Sidney_Kimmel/Sidney_Kimmel_0001.jpg,0,0.96963465
Scott_Yates/Scott_Yates_0001.jpg,Steve_Cox/Steve_Cox_0001.jpg,0,0.97624850
Sean_Patrick_Thomas/Sean_Patrick_Thomas_0001.jpg,William_Hochul/William_Hochul_0001.jpg,0,0.96831125
Sharon_Osbourne/Sharon_Osbourne_0002.jpg,Shimon_Peres/Shimon_Peres_0006.jpg,0,0.94963056
Stefan_Koubek/Stefan_Koubek_0001.jpg,Steve_Alford/Steve_Alford_0001.jpg,0,0.97697794
Teri_Garr/Teri_Garr_0001.jpg,Yana_Klochkova/Yana_Klochkova_0001.jpg,0,0.97829419
Warren_Beatty/Warren_Beatty_0002.jpg,William_McDonough/William_McDonough_0001.jpg,0,0.98684841
Aaron_Eckhart/Aaron_Eckhart_0001.jpg,Akiko_Morigami/Akiko_Morigami_0001.jpg,0,0.96273959
Aaron_Eckhart/Aaron_Eckhart_0001.jpg,AnFernce_Negron/AnFernce_Negron_0001.jpg,0,0.96653128
Aaron_Eckhart/Aaron_Eckhart_0001.jpg,Sadie_Frost/Sadie_Frost_0001.jpg,0,0.96803331
Abdel_Aziz_Al-Hakim/Abdel_Aziz_Al-Hakim_0001.jpg,Joe_Darrell/Joe_Darrell_0001.jpg,0,0.96914822
Abdullah_al-Attiyah/Abdullah_al-Attiyah_0001.jpg,Rachel_Wadsworth/Rachel_Wadsworth_0001.jpg,0,0.96452320
Abdullah_al-Attiyah/Abdullah_al-Attiyah_0002.jpg,John_Lisowski/John_Lisowski_0001.jpg,0,0.96662241
Abraham_Foxman/Abraham_Foxman_0001.jpg,Doug_Melvin/Doug_Melvin_0002.jpg,0,0.98603016
Abraham_Foxman/Abraham_Foxman_0001.jpg,Nikki_Reed/Nikki_Reed_0001.jpg,0,0.97110283
Adam_Rich/Adam_Rich_0001.jpg,Jean-Claude_Trichet/Jean-Claude_Trichet_0001.jpg,0,0.98102027
Adam_Rich/Adam_Rich_0001.jpg,John_Goold/John_Goold_0001.jpg,0,0.96833456
Adam_Rich/Adam_Rich_0001.jpg,Lisa_Girman/Lisa_Girman_0001.jpg,0,0.99171317
Adam_Rich/Adam_Rich_0001.jpg,Roger_Clemens/Roger_Clemens_0001.jpg,0,0.97443879
Adam_Rich/Adam_Rich_0001.jpg,Suzanne_Somers/Suzanne_Somers_0001.jpg,0,0.97040421
Adrian_Fernandez/Adrian_Fernandez_0001.jpg,Nicolas_Massu/Nicolas_Massu_0001.jpg,0,0.97614872
Aiysha_Smith/Aiysha_Smith_0001.jpg,Yossi_Beilin/Yossi_Beilin_0001.jpg,0,0.96010959
Akiko_Morigami/Akiko_Morigami_0001.jpg,Shane_Mosley/Shane_Mosley_0001.jpg,0,0.96895385
Alastair_Johnston/Alastair_Johnston_0001.jpg,Aleksander_Kwasniewski/Aleksander_Kwasniewski_0004.jpg,0,0.98751098
Alastair_Johnston/Alastair_Johnston_0001.jpg,Bill_Duffey/Bill_Duffey_0001.jpg,0,0.98273754
Albert_Brooks/Albert_Brooks_0001.jpg,Robinson_Stevenin/Robinson_Stevenin_0001.jpg,0,0.96966481
Albert_Brooks/Albert_Brooks_0001.jpg,Sheila_Copps/Sheila_Copps_0003.jpg,0,0.96598232
Aleksander_Kwasniewski/Aleksander_Kwasniewski_0001.jpg,Guangdong_Ou_Guangyuan/Guangdong_Ou_Guangyuan_0001.jpg,0,0.95729792
Aleksander_Kwasniewski/Aleksander_Kwasniewski_0002.jpg,George_Plimpton/George_Plimpton_0001.jpg,0,0.98205936
Aleksander_Kwasniewski/Aleksander_Kwasniewski_0002.jpg,Juan_Jose_Lucas/Juan_Jose_Lucas_0001.jpg,0,0.97055364
Aleksander_Kwasniewski/Aleksander_Kwasniewski_0003.jpg,Billy_Crawford/Billy_Crawford_0001.jpg,0,0.97655475
Aleksander_Voloshin/Aleksander_Voloshin_0001.jpg,Kristen_Rivera/Kristen_Rivera_0001.jpg,0,0.96832204
Alessandro_Nesta/Alessandro_Nesta_0001.jpg,Paul_Kelleher/Paul_Kelleher_0001.jpg,0,0.96896720
Alfredo_di_Stefano/Alfredo_di_Stefano_0001.jpg,Chris_Moore/Chris_Moore_0001.jpg,0,0.97399062
Alfredo_di_Stefano/Alfredo_di_Stefano_0001.jpg,Maryn_McKenna/Maryn_McKenna_0001.jpg,0,0.96034783
Alfredo_di_Stefano/Alfredo_di_Stefano_0001.jpg,Shamai_Leibowitz/Shamai_Leibowitz_0001.jpg,0,0.95964420
Ali_Naimi/Ali_Naimi_0005.jpg,Morris_Dees/Morris_Dees_0001.jpg,0,0.96860504
Aline_Chretien/Aline_Chretien_0001.jpg,Guillermo_Coria/Guillermo_Coria_0017.jpg,0,0.97435701
Amy_Yasbeck/Amy_Yasbeck_0001.jpg,Chawki_Armali/Chawki_Armali_0001.jpg,0,0.95773053
AnFernce_Negron/AnFernce_Negron_0001.jpg,Kristen_Rivera/Kristen_Rivera_0001.jpg,0,0.99502039
Andrew_Cuomo/Andrew_Cuomo_0002.jpg,Todd_Petit/Todd_Petit_0001.jpg,0,0.97359329
Anil_Ramsook/Anil_Ramsook_0001.jpg,Takeo_Hiranuma/Takeo_Hiranuma_0001.jpg,0,0.97369206
Annie_Chaplin/Annie_Chaplin_0001.jpg,Charles_Tannok/Charles_Tannok_0001.jpg,0,0.97515696
Antanas_Valionis/Antanas_Valionis_0001.jpg,William_Rehnquist/William_Rehnquist_0001.jpg,0,0.96870768
Avril_Lavigne/Avril_Lavigne_0001.jpg,Shia_LaBeouf/Shia_LaBeouf_0002.jpg,0,0.96754479
Barbara_Becker/Barbara_Becker_0001.jpg,Chris_Noth/Chris_Noth_0001.jpg,0,0.95587426
Barbara_Becker/Barbara_Becker_0001.jpg,Franz_Beckenbauer/Franz_Beckenbauer_0002.jpg,0,0.96307695
Barbora_Strycova/Barbora_Strycova_0001.jpg,Christiane_Wulff/Christiane_Wulff_0001.jpg,0,0.97718334
Barry_Diller/Barry_Diller_0001.jpg,Meles_Zenawi/Meles_Zenawi_0001.jpg,0,0.98564911
Bartosz_Kizierowski/Bartosz_Kizierowski_0001.jpg,Faye_Wong/Faye_Wong_0001.jpg,0,0.96678060
Ben_Wallace/Ben_Wallace_0001.jpg,Nia_Vardalos/Nia_Vardalos_0005.jpg,0,0.96897745
Bernard_Lord/Bernard_Lord_0001.jpg,Joxel_Garcia/Joxel_Garcia_0001.jpg,0,0.97593260
Bernard_Lord/Bernard_Lord_0002.jpg,Bing_Crosby/Bing_Crosby_0001.jpg,0,0.97876334
Beyonce_Knowles/Beyonce_Knowles_0001.jpg,Maurice_Papon/Maurice_Papon_0001.jpg,0,0.96757007
Bill_Duffey/Bill_Duffey_0001.jpg,Jong_Wook_Lee/Jong_Wook_Lee_0001.jpg,0,0.97561240
Bill_Guerin/Bill_Guerin_0001.jpg,Julie_Goodenough/Julie_Goodenough_0001.jpg,0,0.96629059
Bill_Herrion/Bill_Herrion_0001.jpg,Fernando_Valenzuela/Fernando_Valenzuela_0001.jpg,0,0.97010195
Bill_Herrion/Bill_Herrion_0001.jpg,Johnny_Unitas/Johnny_Unitas_0002.jpg,0,0.97432774
Bill_Richardson/Bill_Richardson_0001.jpg,George_McCloud/George_McCloud_0001.jpg,0,0.97842574
Billy_Andrade/Billy_Andrade_0001.jpg,Kellie_Coffey/Kellie_Coffey_0001.jpg,0,0.95531863
Billy_Crawford/Billy_Crawford_0001.jpg,Jim_Edmonds/Jim_Edmonds_0002.jpg,0,0.97224700
Billy_Edelin/Billy_Edelin_0001.jpg,Himmler_Rebu/Himmler_Rebu_0001.jpg,0,0.99272090
Bing_Crosby/Bing_Crosby_0001.jpg,Stephen_Webster/Stephen_Webster_0001.jpg,0,0.96983391
Bixente_LIzarazu/Bixente_LIzarazu_0001.jpg,Chris_Bell/Chris_Bell_0002.jpg,0,0.96262693
Bixente_LIzarazu/Bixente_LIzarazu_0001.jpg,Todd_Wike/Todd_Wike_0001.jpg,0,0.96310705
Blythe_Danner/Blythe_Danner_0002.jpg,Hank_McKinnell/Hank_McKinnell_0001.jpg,0,0.97285300
Bob_Eskridge/Bob_Eskridge_0001.jpg,Marco_Pantani/Marco_Pantani_0001.jpg,0,0.96993548
Bob_Hartley/Bob_Hartley_0001.jpg,Lou_Piniella/Lou_Piniella_0003.jpg,0,0.98761278
Bob_Krueger/Bob_Krueger_0001.jpg,Gordana_Grubin/Gordana_Grubin_0001.jpg,0,0.96303725
Bob_Krueger/Bob_Krueger_0001.jpg,Mariana_Pollack/Mariana_Pollack_0001.jpg,0,0.96394688
Bob_Sulkin/Bob_Sulkin_0001.jpg,Branko_Crvenkovski/Branko_Crvenkovski_0003.jpg,0,0.98581904
Bobby_Kielty/Bobby_Kielty_0001.jpg,Robert_Horan/Robert_Horan_0002.jpg,0,0.99243629
Brajesh_Mishra/Brajesh_Mishra_0001.jpg,Mark_Podlesny/Mark_Podlesny_0001.jpg,0,0.96330631
Brandon_Knight/Brandon_Knight_0001.jpg,Claudia_Cardinale/Claudia_Cardinale_0001.jpg,0,0.96181142
Brandon_Knight/Brandon_Knight_0001.jpg,Phil_Donahue/Phil_Donahue_0001.jpg,0,0.97192127
Brandon_Lloyd/Brandon_Lloyd_0001.jpg,Cha_Yung-gu/Cha_Yung-gu_0001.jpg,0,0.98023212
Brandon_Lloyd/Brandon_Lloyd_0001.jpg,James_Coburn/James_Coburn_0001.jpg,0,0.98725653
Brian_Schneider/Brian_Schneider_0001.jpg,Michael_Rolinee/Michael_Rolinee_0001.jpg,0,0.98167616
Bruce_Springsteen/Bruce_Springsteen_0004.jpg,Ion_Tiriac/Ion_Tiriac_0001.jpg,0,0.96300238
Cameron_Diaz/Cameron_Diaz_0002.jpg,Shia_LaBeouf/Shia_LaBeouf_0001.jpg,0,0.97695595
Cameron_Diaz/Cameron_Diaz_0005.jpg,Nadia_Petrova/Nadia_Petrova_0002.jpg,0,0.97313213
Carla_Gugino/Carla_Gugino_0001.jpg,Kelly_Osbourne/Kelly_Osbourne_0001.jpg,0,0.96954286
Carla_Gugino/Carla_Gugino_0001.jpg,Kenny_Chesney/Kenny_Chesney_0001.jpg,0,0.96471745
Carla_Gugino/Carla_Gugino_0001.jpg,Michael_Douglas/Michael_Douglas_0003.jpg,0,0.96020442
Carla_Gugino/Carla_Gugino_0001.jpg,Miguel_Aldana_Ibarra/Miguel_Aldana_Ibarra_0001.jpg,0,0.95979655
Carlos_Fasciolo/Carlos_Fasciolo_0001.jpg,Debbie_Allen/Debbie_Allen_0001.jpg,0,0.96183622
Carol_Williams/Carol_Williams_0001.jpg,Gorden_Tallis/Gorden_Tallis_0001.jpg,0,0.97739732
Carrie-Anne_Moss/Carrie-Anne_Moss_0002.jpg,Horacio_Julio_Pina/Horacio_Julio_Pina_0001.jpg,0,0.96393907
Carrie-Anne_Moss/Carrie-Anne_Moss_0004.jpg,Michael_Goldrich/Michael_Goldrich_0001.jpg,0,0.96262503
Casey_Crowder/Casey_Crowder_0001.jpg,Keiko_Sofia_Fujimori/Keiko_Sofia_Fujimori_0001.jpg,0,0.98609674
Casey_Crowder/Casey_Crowder_0001.jpg,Phoenix_Chang/Phoenix_Chang_0001.jpg,0,0.98178875
Cha_Yung-gu/Cha_Yung-gu_0001.jpg,Takeo_Hiranuma/Takeo_Hiranuma_0001.jpg,0,0.98765725
Charlene_Barshefsky/Charlene_Barshefsky_0001.jpg,James_Coburn/James_Coburn_0001.jpg,0,0.96300167
Charles_Tannok/Charles_Tannok_0001.jpg,Larry_Coker/Larry_Coker_0004.jpg,0,0.96564120
Charlie_Hunnam/Charlie_Hunnam_0001.jpg,Hestrie_Cloette/Hestrie_Cloette_0001.jpg,0,0.96555823
Charlie_Hunnam/Charlie_Hunnam_0001.jpg,Veronica_Lake/Veronica_Lake_0001.jpg,0,0.97027671
Charlton_Heston/Charlton_Heston_0004.jpg,Desiree_Lemosi/Desiree_Lemosi_0001.jpg,0,0.97387290
Chawki_Armali/Chawki_Armali_0001.jpg,Shoshannah_Stern/Shoshannah_Stern_0001.jpg,0,0.96463710
Chris_Bell/Chris_Bell_0002.jpg,Pharrell_Williams/Pharrell_Williams_0001.jpg,0,0.97068739
Chris_Forsyth/Chris_Forsyth_0001.jpg,Nikki_Reed/Nikki_Reed_0002.jpg,0,0.96394134
Chris_Neil/Chris_Neil_0001.jpg,John_Kerry/John_Kerry_0014.jpg,0,0.97618246
Chris_Noth/Chris_Noth_0001.jpg,Takeshi_Kitano/Takeshi_Kitano_0001.jpg,0,0.97125524
Christine_Arron/Christine_Arron_0001.jpg,Robert_Duvall/Robert_Duvall_0005.jpg,0,0.95623803
Christine_Arron/Christine_Arron_0001.jpg,Steve_McManaman/Steve_McManaman_0001.jpg,0,0.96139663
Chuck_Hagel/Chuck_Hagel_0001.jpg,Jeff_Roehm/Jeff_Roehm_0001.jpg,0,0.97256088
Chuck_Hagel/Chuck_Hagel_0001.jpg,Margaret_Hasley/Margaret_Hasley_0001.jpg,0,0.94886601
Chuck_Hagel/Chuck_Hagel_0001.jpg,Sebastian_Porto/Sebastian_Porto_0001.jpg,0,0.96444494
Cliff_Ellis/Cliff_Ellis_0001.jpg,John_Lisowski/John_Lisowski_0001.jpg,0,0.96345496
Clifford_Etienne/Clifford_Etienne_0001.jpg,Pharrell_Williams/Pharrell_Williams_0001.jpg,0,0.99327540
Clifford_Etienne/Clifford_Etienne_0001.jpg,Ray_Lewis/Ray_Lewis_0001.jpg,0,0.98188967
Clive_Lloyd/Clive_Lloyd_0001.jpg,Harland_Braun/Harland_Braun_0001.jpg,0,0.96455896
Colin_Montgomerie/Colin_Montgomerie_0001.jpg,Horacio_Julio_Pina/Horacio_Julio_Pina_0001.jpg,0,0.96412921
Daniel_Montenegro/Daniel_Montenegro_0001.jpg,Gustavo_Cisneros/Gustavo_Cisneros_0001.jpg,0,0.97754884
Daniel_Montenegro/Daniel_Montenegro_0001.jpg,Nadia_Petrova/Nadia_Petrova_0004.jpg,0,0.95996416
Daniel_Montenegro/Daniel_Montenegro_0001.jpg,Omar_Khan_Sharif/Omar_Khan_Sharif_0001.jpg,0,0.98096752
Daniel_Montenegro/Daniel_Montenegro_0001.jpg,Rick_Santorum/Rick_Santorum_0001.jpg,0,0.97313857
Danny_Glover/Danny_Glover_0001.jpg,Morris_Dees/Morris_Dees_0001.jpg,0,0.97468400
Danny_Glover/Danny_Glover_0001.jpg,Patrice_Chereau/Patrice_Chereau_0002.jpg,0,0.96265042
David_Trimble/David_Trimble_0004.jpg,John_Elway/John_Elway_0001.jpg,0,0.97848296
David_Wolf/David_Wolf_0002.jpg,Emanuel_Ginobili/Emanuel_Ginobili_0004.jpg,0,0.98328096
David_Wolf/David_Wolf_0002.jpg,Kathleen_Glynn/Kathleen_Glynn_0002.jpg,0,0.97158086
David_Wolf/David_Wolf_0002.jpg,Venus_Williams/Venus_Williams_0006.jpg,0,0.97630799
Debbie_Allen/Debbie_Allen_0001.jpg,Sebastian_Cuattrin/Sebastian_Cuattrin_0001.jpg,0,0.96498376
Demetrius_Ferraciu/Demetrius_Ferraciu_0002.jpg,Edward_Seaga/Edward_Seaga_0001.jpg,0,0.96514064
Denise_Johnson/Denise_Johnson_0001.jpg,Nikki_Cascone/Nikki_Cascone_0001.jpg,0,0.97671628
Denise_Johnson/Denise_Johnson_0002.jpg,Emanuel_Ginobili/Emanuel_Ginobili_0003.jpg,0,0.95568442
Denise_Johnson/Denise_Johnson_0002.jpg,Filippo_Inzaghi/Filippo_Inzaghi_0002.jpg,0,0.96278000
Dennis_Powell/Dennis_Powell_0001.jpg,Horst_Koehler/Horst_Koehler_0003.jpg,0,0.99001932
Dennis_Powell/Dennis_Powell_0001.jpg,Michael_Chiklis/Michael_Chiklis_0002.jpg,0,0.97363365
Desiree_Lemosi/Desiree_Lemosi_0002.jpg,Dion_Glover/Dion_Glover_0001.jpg,0,0.97107309
Dion_Glover/Dion_Glover_0001.jpg,Michael_Weiss/Michael_Weiss_0001.jpg,0,0.96488297
Doug_Melvin/Doug_Melvin_0001.jpg,Gustavo_Cisneros/Gustavo_Cisneros_0001.jpg,0,0.96828628
Doug_Melvin/Doug_Melvin_0003.jpg,Emma_Nicholson/Emma_Nicholson_0001.jpg,0,0.96599716
Doug_Racine/Doug_Racine_0001.jpg,Marisol_Breton/Marisol_Breton_0001.jpg,0,0.97231948
Ed_Book/Ed_Book_0001.jpg,Nur_Jaafar/Nur_Jaafar_0001.jpg,0,0.97397482
Ed_Case/Ed_Case_0001.jpg,Sadam_Hassan/Sadam_Hassan_0001.jpg,0,0.98101187
Edward_Seaga/Edward_Seaga_0001.jpg,George_Roy_Hill/George_Roy_Hill_0001.jpg,0,0.98566729
Edward_Seaga/Edward_Seaga_0001.jpg,Sarah_Price/Sarah_Price_0001.jpg,0,0.95726013
Eileen_Spina/Eileen_Spina_0001.jpg,Jeff_Bzdelik/Jeff_Bzdelik_0001.jpg,0,0.96756852
Ekke_Hard_Forberg/Ekke_Hard_Forberg_0001.jpg,Nikki_Reed/Nikki_Reed_0001.jpg,0,0.97156823
Elena_Bereznaya/Elena_Bereznaya_0001.jpg,Lene_Espersen/Lene_Espersen_0001.jpg,0,0.98659682
Elena_Bereznaya/Elena_Bereznaya_0001.jpg,Mario_Lobo_Zagallo/Mario_Lobo_Zagallo_0001.jpg,0,0.96865571
Elena_Bereznaya/Elena_Bereznaya_0001.jpg,Rick_Stansbury/Rick_Stansbury_0002.jpg,0,0.97148967
Elisha_Cuthbert/Elisha_Cuthbert_0001.jpg,Mariana_Pollack/Mariana_Pollack_0002.jpg,0,0.96834236
Eliza_Manningham-Buller/Eliza_Manningham-Buller_0001.jpg,Lawrence_MacAulay/Lawrence_MacAulay_0002.jpg,0,0.96891844
Eric_Clapton/Eric_Clapton_0002.jpg,Niall_Connolly/Niall_Connolly_0001.jpg,0,0.99205095
Eric_Taino/Eric_Taino_0001.jpg,Michael_Goldrich/Michael_Goldrich_0001.jpg,0,0.97805429
Farida_Ragoonanan/Farida_Ragoonanan_0001.jpg,Jorge_Enrique_Jimenez/Jorge_Enrique_Jimenez_0001.jpg,0,0.96667916
Felix_Trinidad/Felix_Trinidad_0001.jpg,Joe_Darrell/Joe_Darrell_0001.jpg,0,0.97641200
Felix_Trinidad/Felix_Trinidad_0001.jpg,Justine_Pasek/Justine_Pasek_0004.jpg,0,0.97122079
Fernando_Valenzuela/Fernando_Valenzuela_0001.jpg,Luis_Figo/Luis_Figo_0003.jpg,0,0.97811127
Fernando_Valenzuela/Fernando_Valenzuela_0001.jpg,Nicolas_Macrozonaris/Nicolas_Macrozonaris_0001.jpg,0,0.98471177
Filippo_Inzaghi/Filippo_Inzaghi_0001.jpg,Mohammed_Al_Hindi/Mohammed_Al_Hindi_0001.jpg,0,0.97099388
Filippo_Inzaghi/Filippo_Inzaghi_0001.jpg,Shanna_Zolman/Shanna_Zolman_0001.jpg,0,0.96295452
Francis_Ricciardone/Francis_Ricciardone_0001.jpg,Sven_Goran_Eriksson/Sven_Goran_Eriksson_0001.jpg,0,0.99537086
Franz_Beckenbauer/Franz_Beckenbauer_0001.jpg,Gerald_Ford/Gerald_Ford_0001.jpg,0,0.98597062
Franz_Beckenbauer/Franz_Beckenbauer_0002.jpg,Rick_Bragg/Rick_Bragg_0001.jpg,0,0.97787929
George_Foreman/George_Foreman_0002.jpg,Ralph_Goodale/Ralph_Goodale_0001.jpg,0,0.97565037
George_Pataki/George_Pataki_0001.jpg,James_Dingemans/James_Dingemans_0001.jpg,0,0.97487384
George_Pataki/George_Pataki_0002.jpg,Masahiko_Nagasawa/Masahiko_Nagasawa_0002.jpg,0,0.97076631
George_Plimpton/George_Plimpton_0001.jpg,Ximena_Bohorquez/Ximena_Bohorquez_0001.jpg,0,0.95937657
Gerald_Ford/Gerald_Ford_0001.jpg,Kurt_Budke/Kurt_Budke_0001.jpg,0,0.99159169
Gerald_Ford/Gerald_Ford_0001.jpg,Li_Peng/Li_Peng_0001.jpg,0,0.97019392
Giselle_Estefania_Tavarelli/Giselle_Estefania_Tavarelli_0001.jpg,John_Sununu/John_Sununu_0001.jpg,0,0.95996940
Giulio_Andreotti/Giulio_Andreotti_0001.jpg,Kurt_Russell/Kurt_Russell_0002.jpg,0,0.97693270
Giulio_Andreotti/Giulio_Andreotti_0001.jpg,Michael_Denzel/Michael_Denzel_0001.jpg,0,0.96051991
Gonzalo_Sanchez_de_Lozada/Gonzalo_Sanchez_de_Lozada_0003.jpg,Shannyn_Sossamon/Shannyn_Sossamon_0001.jpg,0,0.96621192
Graciano_Rocchigiani/Graciano_Rocchigiani_0001.jpg,Juan_Jose_Lucas/Juan_Jose_Lucas_0001.jpg,0,0.96816647
Gregory_Geoffroy/Gregory_Geoffroy_0001.jpg,Sybille_Schmid/Sybille_Schmid_0001.jpg,0,0.95636463
Gregory_Geoffroy/Gregory_Geoffroy_0002.jpg,Kosuke_Kitajima/Kosuke_Kitajima_0001.jpg,0,0.98208141
Gregory_Geoffroy/Gregory_Geoffroy_0002.jpg,Wycliffe_Grousbeck/Wycliffe_Grousbeck_0001.jpg,0,0.98147750
Guangdong_Ou_Guangyuan/Guangdong_Ou_Guangyuan_0001.jpg,Li_Ruihuan/Li_Ruihuan_0001.jpg,0,0.99520665
Guangdong_Ou_Guangyuan/Guangdong_Ou_Guangyuan_0001.jpg,Nicole/Nicole_0001.jpg,0,0.97350723
Gustavo_Cisneros/Gustavo_Cisneros_0001.jpg,Steve_Blake/Steve_Blake_0001.jpg,0,0.96918696
Gustavo_Noboa/Gustavo_Noboa_0001.jpg,Lea_Fastow/Lea_Fastow_0002.jpg,0,0.96124506
Habib_Hisham/Habib_Hisham_0001.jpg,Pat_Rochester/Pat_Rochester_0001.jpg,0,0.97493947
Habib_Hisham/Habib_Hisham_0001.jpg,Paul_Wilson/Paul_Wilson_0001.jpg,0,0.97048372
Habib_Rizieq/Habib_Rizieq_0001.jpg,Olivia_Newton-John/Olivia_Newton-John_0002.jpg,0,0.97050190
Habib_Rizieq/Habib_Rizieq_0003.jpg,Kenny_Chesney/Kenny_Chesney_0001.jpg,0,0.97918379
Hal_Sutton/Hal_Sutton_0002.jpg,Kellie_Coffey/Kellie_Coffey_0001.jpg,0,0.95677084
Harland_Braun/Harland_Braun_0001.jpg,Kathryn_Tucker/Kathryn_Tucker_0001.jpg,0,0.96057475
Hassanal_Bolkiah/Hassanal_Bolkiah_0001.jpg,Michael_Leavitt/Michael_Leavitt_0001.jpg,0,0.98882973
Hestrie_Cloette/Hestrie_Cloette_0001.jpg,Nicholas_Byron/Nicholas_Byron_0002.jpg,0,0.96758848
Hitoshi_Tanaka/Hitoshi_Tanaka_0001.jpg,Ramon_Ponce_de_Leon/Ramon_Ponce_de_Leon_0001.jpg,0,0.98799205
Horacio_Julio_Pina/Horacio_Julio_Pina_0001.jpg,Zaini_Abdullah/Zaini_Abdullah_0001.jpg,0,0.97446007
Huang_Suey-Sheng/Huang_Suey-Sheng_0001.jpg,Lucrecia_Orozco/Lucrecia_Orozco_0001.jpg,0,0.97754014
Huang_Suey-Sheng/Huang_Suey-Sheng_0001.jpg,Paul_Cerjan/Paul_Cerjan_0001.jpg,0,0.98733693
Huang_Suey-Sheng/Huang_Suey-Sheng_0001.jpg,Robinson_Stevenin/Robinson_Stevenin_0001.jpg,0,0.97000808
Ian_Knop/Ian_Knop_0001.jpg,Michel_Minard/Michel_Minard_0001.jpg,0,0.97540927
Ilan_Ramon/Ilan_Ramon_0003.jpg,Tatiana_Kennedy_Schlossberg/Tatiana_Kennedy_Schlossberg_0001.jpg,0,0.97846878
Ion_Tiriac/Ion_Tiriac_0001.jpg,Lawrence_MacAulay/Lawrence_MacAulay_0001.jpg,0,0.98428571
Ismail_Abu_Shanab/Ismail_Abu_Shanab_0001.jpg,Michael_Denzel/Michael_Denzel_0001.jpg,0,0.98268044
Ismail_Abu_Shanab/Ismail_Abu_Shanab_0001.jpg,Rebecca_Romijn-Stamos/Rebecca_Romijn-Stamos_0001.jpg,0,0.96076524
Jack_Welch/Jack_Welch_0001.jpg,Keizo_Yamada/Keizo_Yamada_0001.jpg,0,0.98562473
James_Dingemans/James_Dingemans_0001.jpg,Robert_Duvall/Robert_Duvall_0005.jpg,0,0.98989928
James_Dingemans/James_Dingemans_0001.jpg,William_Morrow/William_Morrow_0001.jpg,0,0.97601235
Jamie_Lee_Curtis/Jamie_Lee_Curtis_0001.jpg,William_Joppy/William_Joppy_0001.jpg,0,0.97658807
Jamie_Martin/Jamie_Martin_0001.jpg,Patrick_Ewing/Patrick_Ewing_0001.jpg,0,0.97232527
Jan_Bjoerklund/Jan_Bjoerklund_0001.jpg,Li_Ruihuan/Li_Ruihuan_0001.jpg,0,0.98805517
Jan_Paul_Miller/Jan_Paul_Miller_0001.jpg,Paradorn_Srichaphan/Paradorn_Srichaphan_0008.jpg,0,0.96598184
Jay_Garner/Jay_Garner_0003.jpg,Reggie_Sanders/Reggie_Sanders_0001.jpg,0,0.99413657
Jeff_Bzdelik/Jeff_Bzdelik_0001.jpg,Zach_Parise/Zach_Parise_0001.jpg,0,0.99184334
Jerry_Oliver/Jerry_Oliver_0001.jpg,Rudolf_Schuster/Rudolf_Schuster_0001.jpg,0,0.97437418
Jerry_Oliver/Jerry_Oliver_0001.jpg,Stefaan_Declerk/Stefaan_Declerk_0001.jpg,0,0.96902382
Jerry_Sloan/Jerry_Sloan_0001.jpg,Julianne_Moore/Julianne_Moore_0009.jpg,0,0.97214460
Jerry_Sloan/Jerry_Sloan_0001.jpg,Keiko_Sofia_Fujimori/Keiko_Sofia_Fujimori_0001.jpg,0,0.96388364
Jerry_Sloan/Jerry_Sloan_0001.jpg,Nikki_Cascone/Nikki_Cascone_0001.jpg,0,0.96861935
Jim_Anderson/Jim_Anderson_0001.jpg,Jose_Luis_Santiago_Vasconcelos/Jose_Luis_Santiago_Vasconcelos_0001.jpg,0,0.96925634
Jim_Anderson/Jim_Anderson_0001.jpg,Mikhail_Wehbe/Mikhail_Wehbe_0001.jpg,0,0.98362708
Joaquim_Levy/Joaquim_Levy_0001.jpg,Judy_Vassar/Judy_Vassar_0001.jpg,0,0.97454244
Joe_Leonard/Joe_Leonard_0001.jpg,Kristen_Rivera/Kristen_Rivera_0001.jpg,0,0.96402144
John_Baldacci/John_Baldacci_0001.jpg,Nona_Gaye/Nona_Gaye_0001.jpg,0,0.96120459
John_Baldacci/John_Baldacci_0001.jpg,Shia_LaBeouf/Shia_LaBeouf_0001.jpg,0,0.96364391
John_Elway/John_Elway_0001.jpg,Mahmoud_Diyab_al-Ahmed/Mahmoud_Diyab_al-Ahmed_0001.jpg,0,0.96876419
John_Kerry/John_Kerry_0009.jpg,Raja_Ibrahim/Raja_Ibrahim_0001.jpg,0,0.96529895
John_Kerry/John_Kerry_0014.jpg,Pat_Rochester/Pat_Rochester_0001.jpg,0,0.96710193
John_Lisowski/John_Lisowski_0001.jpg,Michelle_Kwan/Michelle_Kwan_0001.jpg,0,0.95398986
John_Malkovich/John_Malkovich_0002.jpg,Paradorn_Srichaphan/Paradorn_Srichaphan_0007.jpg,0,0.96224511
John_Malkovich/John_Malkovich_0003.jpg,Mona_Locke/Mona_Locke_0001.jpg,0,0.96364325
John_Malkovich/John_Malkovich_0003.jpg,Richard_Palmer/Richard_Palmer_0001.jpg,0,0.96244466
John_McCallum/John_McCallum_0001.jpg,Oliver_Phelps/Oliver_Phelps_0001.jpg,0,0.97652686
John_McCallum/John_McCallum_0002.jpg,Rick_Bragg/Rick_Bragg_0001.jpg,0,0.97608906
John_McEnroe/John_McEnroe_0002.jpg,Shane_Mosley/Shane_Mosley_0001.jpg,0,0.97276187
John_Prescott/John_Prescott_0001.jpg,Will_Ofenheusle/Will_Ofenheusle_0001.jpg,0,0.98687243
Johnnie_Lynn/Johnnie_Lynn_0001.jpg,Larry_Coker/Larry_Coker_0004.jpg,0,0.98394442
Johnnie_Lynn/Johnnie_Lynn_0001.jpg,Richard_Palmer/Richard_Palmer_0001.jpg,0,0.96825254
Johnny_Unitas/Johnny_Unitas_0001.jpg,Mark_Foley/Mark_Foley_0001.jpg,0,0.96976864
Jonathan_Karsh/Jonathan_Karsh_0001.jpg,Samantha_Ledster/Samantha_Ledster_0001.jpg,0,0.96505129
Joxel_Garcia/Joxel_Garcia_0001.jpg,Lena_Olin/Lena_Olin_0001.jpg,0,0.95910156
Joy_Bryant/Joy_Bryant_0001.jpg,Richard_Chamberlain/Richard_Chamberlain_0001.jpg,0,0.97014624
Julianne_Moore/Julianne_Moore_0004.jpg,Shia_LaBeouf/Shia_LaBeouf_0001.jpg,0,0.97323596
Julio_Iglesias_Jr/Julio_Iglesias_Jr_0001.jpg,Ramon_Ponce_de_Leon/Ramon_Ponce_de_Leon_0001.jpg,0,0.97221977
Justin_Timberlake/Justin_Timberlake_0001.jpg,Suzanne_Somers/Suzanne_Somers_0001.jpg,0,0.97569120
Kathleen_Glynn/Kathleen_Glynn_0002.jpg,Susilo_Bambang_Yudhoyono/Susilo_Bambang_Yudhoyono_0001.jpg,0,0.97124088
Kathryn_Morris/Kathryn_Morris_0001.jpg,Minnie_Driver/Minnie_Driver_0002.jpg,0,0.97042555
Kathryn_Tucker/Kathryn_Tucker_0001.jpg,Stella_McCartney/Stella_McCartney_0001.jpg,0,0.96078694
Katie_Couric/Katie_Couric_0001.jpg,Sanjay_Gupta/Sanjay_Gupta_0001.jpg,0,0.96285945
Keiko_Sofia_Fujimori/Keiko_Sofia_Fujimori_0001.jpg,Sureyya_Ayhan/Sureyya_Ayhan_0001.jpg,0,0.97758245
Kellie_Coffey/Kellie_Coffey_0001.jpg,Todd_Petit/Todd_Petit_0001.jpg,0,0.96761394
Kenny_Chesney/Kenny_Chesney_0001.jpg,Steve_Coogan/Steve_Coogan_0001.jpg,0,0.97214425
Kevin_Tarrant/Kevin_Tarrant_0001.jpg,Marisol_Breton/Marisol_Breton_0001.jpg,0,0.97211140
Kristen_Rivera/Kristen_Rivera_0001.jpg,Valdas_Adamkus/Valdas_Adamkus_0002.jpg,0,0.96439618
Kurt_Russell/Kurt_Russell_0002.jpg,Mahmoud_Diyab_al-Ahmed/Mahmoud_Diyab_al-Ahmed_0001.jpg,0,0.97453654
Kurt_Tanabe/Kurt_Tanabe_0001.jpg,William_Jackson/William_Jackson_0001.jpg,0,0.96188235
Kyle_McLaren/Kyle_McLaren_0001.jpg,Sofia_Milos/Sofia_Milos_0001.jpg,0,0.96081358
Kyle_McLaren/Kyle_McLaren_0001.jpg,Will_Ofenheusle/Will_Ofenheusle_0001.jpg,0,0.98084813
Kyle_Shewfelt/Kyle_Shewfelt_0001.jpg,Larry_Coker/Larry_Coker_0002.jpg,0,0.98613864
Lawrence_Foley/Lawrence_Foley_0001.jpg,Rachel_Wadsworth/Rachel_Wadsworth_0001.jpg,0,0.96241617
Lea_Fastow/Lea_Fastow_0001.jpg,Uday_Hussein/Uday_Hussein_0001.jpg,0,0.97075456
Lesia_Burlak/Lesia_Burlak_0001.jpg,Nur_Jaafar/Nur_Jaafar_0001.jpg,0,0.97250593
Lori_Berenson/Lori_Berenson_0001.jpg,Rudolf_Schuster/Rudolf_Schuster_0001.jpg,0,0.97273028
Lucio_Angulo/Lucio_Angulo_0001.jpg,Sarah_Price/Sarah_Price_0001.jpg,0,0.95840526
Lucio_Gutierrez/Lucio_Gutierrez_0010.jpg,Pedro_Malan/Pedro_Malan_0005.jpg,0,0.97013611
Margaret_Hasley/Margaret_Hasley_0001.jpg,Michael_Denzel/Michael_Denzel_0001.jpg,0,0.95675278
Mark_Redman/Mark_Redman_0001.jpg,Stephen_Funk/Stephen_Funk_0001.jpg,0,0.96413338
Mark_Salter/Mark_Salter_0001.jpg,Shanna_Zolman/Shanna_Zolman_0001.jpg,0,0.97220540
Martin_Luther_King_III/Martin_Luther_King_III_0001.jpg,Maryn_McKenna/Maryn_McKenna_0001.jpg,0,0.95899475
Mary_Bono/Mary_Bono_0001.jpg,Todd_Wike/Todd_Wike_0001.jpg,0,0.96992278
Matt_LeBlanc/Matt_LeBlanc_0001.jpg,Robert_Redford/Robert_Redford_0002.jpg,0,0.97457480
Mauro_Viza/Mauro_Viza_0001.jpg,William_Jackson/William_Jackson_0001.jpg,0,0.97227418
Max_Baucus/Max_Baucus_0001.jpg,Paradorn_Srichaphan/Paradorn_Srichaphan_0005.jpg,0,0.97443688
Max_Baucus/Max_Baucus_0001.jpg,Yossi_Beilin/Yossi_Beilin_0002.jpg,0,0.99363697
Meles_Zenawi/Meles_Zenawi_0001.jpg,Nawabzada_Nasrullah_Khan/Nawabzada_Nasrullah_Khan_0001.jpg,0,0.96932888
Melissa_Mulloy/Melissa_Mulloy_0001.jpg,Paula_Abdul/Paula_Abdul_0001.jpg,0,0.96720397
Melissa_Mulloy/Melissa_Mulloy_0001.jpg,Roger_Lyons/Roger_Lyons_0001.jpg,0,0.96470684
Michael_Chiklis/Michael_Chiklis_0001.jpg,Mohammed_Al_Hindi/Mohammed_Al_Hindi_0001.jpg,0,0.96866667
Michael_Chiklis/Michael_Chiklis_0001.jpg,Steve_Rush/Steve_Rush_0001.jpg,0,0.98026311
Michael_Doleac/Michael_Doleac_0001.jpg,Nur_Jaafar/Nur_Jaafar_0001.jpg,0,0.97628760
Michael_Goldrich/Michael_Goldrich_0001.jpg,Suzanne_Somers/Suzanne_Somers_0001.jpg,0,0.96795380
Michael_Kahn/Michael_Kahn_0001.jpg,Rick_Caruso/Rick_Caruso_0001.jpg,0,0.98192990
Michel_Minard/Michel_Minard_0001.jpg,Suzanne_Gaudet/Suzanne_Gaudet_0001.jpg,0,0.97183633
Michelle_Bachelet/Michelle_Bachelet_0001.jpg,Sami_Al-Arian/Sami_Al-Arian_0001.jpg,0,0.97383636
Miguel_Angel_Rodriguez/Miguel_Angel_Rodriguez_0001.jpg,Sasha_Cohen/Sasha_Cohen_0001.jpg,0,0.97281528
Mike_Bryan/Mike_Bryan_0001.jpg,Shanna_Zolman/Shanna_Zolman_0001.jpg,0,0.96882987
Mike_Montgomery/Mike_Montgomery_0001.jpg,Ray_Lewis/Ray_Lewis_0001.jpg,0,0.96475875
Milton_Wynants/Milton_Wynants_0001.jpg,Stuart_Townsend/Stuart_Townsend_0001.jpg,0,0.98323607
Miyako_Miyazaki/Miyako_Miyazaki_0002.jpg,Munir_Akram/Munir_Akram_0002.jpg,0,0.97161680
Morris_Dees/Morris_Dees_0001.jpg,Shamai_Leibowitz/Shamai_Leibowitz_0001.jpg,0,0.95445001
Morris_Dees/Morris_Dees_0001.jpg,Suzie_McConnell_Serio/Suzie_McConnell_Serio_0001.jpg,0,0.95949829
Nathalie_Gagnon/Nathalie_Gagnon_0001.jpg,Richard_Reid/Richard_Reid_0001.jpg,0,0.96051705
Nicklas_Lidstrom/Nicklas_Lidstrom_0001.jpg,Norman_Jewison/Norman_Jewison_0001.jpg,0,0.98842418
Nicklas_Lidstrom/Nicklas_Lidstrom_0001.jpg,Sadie_Frost/Sadie_Frost_0003.jpg,0,0.97515690
Nicole_Hiltz/Nicole_Hiltz_0001.jpg,Zaini_Abdullah/Zaini_Abdullah_0001.jpg,0,0.97218424
Nona_Gaye/Nona_Gaye_0001.jpg,Paul_Cerjan/Paul_Cerjan_0001.jpg,0,0.96045053
Oscar_Bolanos/Oscar_Bolanos_0001.jpg,Phil_Donahue/Phil_Donahue_0001.jpg,0,0.98375803
Oscar_Bolanos/Oscar_Bolanos_0001.jpg,Tatiana_Kennedy_Schlossberg/Tatiana_Kennedy_Schlossberg_0001.jpg,0,0.96540582
Pascal_Quignard/Pascal_Quignard_0003.jpg,Patrick_Ewing/Patrick_Ewing_0002.jpg,0,0.96970952
Pat_Rochester/Pat_Rochester_0001.jpg,Phoenix_Chang/Phoenix_Chang_0001.jpg,0,0.99137300
Pat_Rochester/Pat_Rochester_0001.jpg,Will_Ofenheusle/Will_Ofenheusle_0001.jpg,0,0.97014290
Paul_Farley/Paul_Farley_0001.jpg,Platon_Lebedev/Platon_Lebedev_0001.jpg,0,0.98915070
Paula_Abdul/Paula_Abdul_0001.jpg,Robert_Vowler/Robert_Vowler_0001.jpg,0,0.97073591
Pharrell_Williams/Pharrell_Williams_0001.jpg,Tyrone_Medley/Tyrone_Medley_0001.jpg,0,0.97767615
Phoenix_Chang/Phoenix_Chang_0001.jpg,Platon_Lebedev/Platon_Lebedev_0001.jpg,0,0.96623397
Rachel_Wadsworth/Rachel_Wadsworth_0001.jpg,Richard_Palmer/Richard_Palmer_0001.jpg,0,0.97055745
Raymond_Odierno/Raymond_Odierno_0001.jpg,Richard_Reid/Richard_Reid_0001.jpg,0,0.96879333
Reggie_Sanders/Reggie_Sanders_0001.jpg,Rick_Santorum/Rick_Santorum_0002.jpg,0,0.96244425
Richard_Chamberlain/Richard_Chamberlain_0001.jpg,Steve_Patterson/Steve_Patterson_0001.jpg,0,0.96356529
Richard_Ward/Richard_Ward_0001.jpg,Steve_Redgrave/Steve_Redgrave_0001.jpg,0,0.98731542
Robert_Vowler/Robert_Vowler_0001.jpg,Tab_Baldwin/Tab_Baldwin_0001.jpg,0,0.97374099
Roy_Rogers/Roy_Rogers_0001.jpg,Steven_Feldman/Steven_Feldman_0001.jpg,0,0.95900536
Scott_Rolen/Scott_Rolen_0001.jpg,William_Murabito/William_Murabito_0001.jpg,0,0.98930329
Sofia_Milos/Sofia_Milos_0001.jpg,Steve_Nash/Steve_Nash_0003.jpg,0,0.96291733
Sofia_Milos/Sofia_Milos_0001.jpg,Will_Ofenheusle/Will_Ofenheusle_0001.jpg,0,0.96142173
Sonja_Kesselschlager/Sonja_Kesselschlager_0001.jpg,Tim_Robbins/Tim_Robbins_0003.jpg,0,0.95302099
Takeo_Hiranuma/Takeo_Hiranuma_0001.jpg,Ty_Votaw/Ty_Votaw_0001.jpg,0,0.97839648
Ted_Washington/Ted_Washington_0001.jpg,Ximena_Bohorquez/Ximena_Bohorquez_0001.jpg,0,0.96602094
Ty_Votaw/Ty_Votaw_0001.jpg,William_Webster/William_Webster_0001.jpg,0,0.98116916
Abdullah_Nasseef/Abdullah_Nasseef_0001.jpg,Bruce_Paltrow/Bruce_Paltrow_0001.jpg,0,0.95854127
Abdullah_Nasseef/Abdullah_Nasseef_0001.jpg,Howard_Smith/Howard_Smith_0002.jpg,0,0.97913641
Abdullah_Nasseef/Abdullah_Nasseef_0001.jpg,Jan_De_Bont/Jan_De_Bont_0001.jpg,0,0.95944911
Abdullah_Nasseef/Abdullah_Nasseef_0001.jpg,Jim_Nochols/Jim_Nochols_0001.jpg,0,0.97309828
Abdullah_Nasseef/Abdullah_Nasseef_0001.jpg,Oleg_Romantsev/Oleg_Romantsev_0001.jpg,0,0.98253739
Adam_Kennedy/Adam_Kennedy_0001.jpg,Charlie_Sheen/Charlie_Sheen_0001.jpg,0,0.99009287
Adrian_McPherson/Adrian_McPherson_0002.jpg,Eduardo_Chillida/Eduardo_Chillida_0001.jpg,0,0.96118623
Al_Davis/Al_Davis_0001.jpg,Julian_Fantino/Julian_Fantino_0001.jpg,0,0.97747660
Alan_Greenspan/Alan_Greenspan_0004.jpg,Kent_McCord/Kent_McCord_0001.jpg,0,0.96425319
Alastair_Campbell/Alastair_Campbell_0004.jpg,Li_Ka-shing/Li_Ka-shing_0001.jpg,0,0.97391295
Alexa_Vega/Alexa_Vega_0001.jpg,Tony_Shalhoub/Tony_Shalhoub_0001.jpg,0,0.95737487
Alexander_Downer/Alexander_Downer_0002.jpg,Zeljko_Rebraca/Zeljko_Rebraca_0001.jpg,0,0.98551357
Alexander_Downer/Alexander_Downer_0003.jpg,Luis_Berrondo/Luis_Berrondo_0001.jpg,0,0.96163881
Alexandra_Pelosi/Alexandra_Pelosi_0001.jpg,Ken_Kutaragi/Ken_Kutaragi_0001.jpg,0,0.96622777
Alexandre_Herchcovitch/Alexandre_Herchcovitch_0001.jpg,Karen_Clarkson/Karen_Clarkson_0001.jpg,0,0.96758854
Alice_Fisher/Alice_Fisher_0001.jpg,Gene_Sauers/Gene_Sauers_0001.jpg,0,0.96176696
Alicia_Witt/Alicia_Witt_0001.jpg,Jorge_Moreno/Jorge_Moreno_0001.jpg,0,0.96894062
Alicia_Witt/Alicia_Witt_0001.jpg,Lino_Oviedo/Lino_Oviedo_0001.jpg,0,0.96522361
Allan_Wagner/Allan_Wagner_0001.jpg,Larry_Campbell/Larry_Campbell_0001.jpg,0,0.97739309
Allan_Wagner/Allan_Wagner_0001.jpg,Rita_Moreno/Rita_Moreno_0001.jpg,0,0.95975929
Alvaro_Silva_Calderon/Alvaro_Silva_Calderon_0002.jpg,Stepan_Demirchian/Stepan_Demirchian_0001.jpg,0,0.95709467
Alvaro_Uribe/Alvaro_Uribe_0014.jpg,Patricia_Clarkson/Patricia_Clarkson_0001.jpg,0,0.96687591
Ana_Sebastiao/Ana_Sebastiao_0001.jpg,Marcos_Cafu/Marcos_Cafu_0001.jpg,0,0.96963525
Ana_Sebastiao/Ana_Sebastiao_0001.jpg,Raza_Rabbani/Raza_Rabbani_0001.jpg,0,0.96115124
Andrea_De_Cruz/Andrea_De_Cruz_0001.jpg,Dionne_Warwick/Dionne_Warwick_0001.jpg,0,0.97442615
Andrea_De_Cruz/Andrea_De_Cruz_0001.jpg,Ismail_Cem/Ismail_Cem_0001.jpg,0,0.96879947
Andrea_De_Cruz/Andrea_De_Cruz_0001.jpg,Natalya_Sazanovich/Natalya_Sazanovich_0001.jpg,0,0.97869122
Andrea_De_Cruz/Andrea_De_Cruz_0001.jpg,Yoon_Young-kwan/Yoon_Young-kwan_0001.jpg,0,0.97982538
Andres_Manuel_Lopez_Obrador/Andres_Manuel_Lopez_Obrador_0001.jpg,Jim_Parque/Jim_Parque_0001.jpg,0,0.98534441
Andres_Manuel_Lopez_Obrador/Andres_Manuel_Lopez_Obrador_0001.jpg,Norman_Mineta/Norman_Mineta_0001.jpg,0,0.98426336
Andrew_Bunner/Andrew_Bunner_0002.jpg,Oscar_Elias_Biscet/Oscar_Elias_Biscet_0002.jpg,0,0.97626346
Andrew_Weissmann/Andrew_Weissmann_0001.jpg,Ernie_Els/Ernie_Els_0002.jpg,0,0.98086464
Andy_Warhol/Andy_Warhol_0001.jpg,Edith_Masai/Edith_Masai_0001.jpg,0,0.96659636
Andy_Warhol/Andy_Warhol_0001.jpg,Paul-Henri_Mathieu/Paul-Henri_Mathieu_0002.jpg,0,0.98316151
Anibal_Ibarra/Anibal_Ibarra_0002.jpg,David_Przybyszewski/David_Przybyszewski_0001.jpg,0,0.98827755
Anthony_Ervin/Anthony_Ervin_0001.jpg,Juan_Roman_Carrasco/Juan_Roman_Carrasco_0001.jpg,0,0.97911018
Antonio_Elias_Saca/Antonio_Elias_Saca_0001.jpg,Peter_Holmberg/Peter_Holmberg_0001.jpg,0,0.98137891
Antonio_Elias_Saca/Antonio_Elias_Saca_0001.jpg,Thomas_Fargo/Thomas_Fargo_0004.jpg,0,0.97725415
Antonio_Trillanes/Antonio_Trillanes_0001.jpg,Katrin_Cartlidge/Katrin_Cartlidge_0001.jpg,0,0.97147584
Antonio_Trillanes/Antonio_Trillanes_0003.jpg,Terry_Gilliam/Terry_Gilliam_0001.jpg,0,0.97366160
Asa_Hutchinson/Asa_Hutchinson_0002.jpg,Gary_Sinise/Gary_Sinise_0001.jpg,0,0.98707998
Ascencion_Barajas/Ascencion_Barajas_0001.jpg,Chris_Hernandez/Chris_Hernandez_0001.jpg,0,0.97503555
Ashley_Judd/Ashley_Judd_0001.jpg,Joan_Jett/Joan_Jett_0001.jpg,0,0.96186626
Ashley_Postell/Ashley_Postell_0001.jpg,Cassandra_Heise/Cassandra_Heise_0001.jpg,0,0.98524517
Ashley_Postell/Ashley_Postell_0001.jpg,Tony_Clement/Tony_Clement_0001.jpg,0,0.96772367
Ashraf_Ghani/Ashraf_Ghani_0001.jpg,Boris_Berezovsky/Boris_Berezovsky_0001.jpg,0,0.98392510
Ashraf_Ghani/Ashraf_Ghani_0001.jpg,Qian_Qichen/Qian_Qichen_0001.jpg,0,0.95801687
Asif_Ali_Zardari/Asif_Ali_Zardari_0001.jpg,Steny_Hoyer/Steny_Hoyer_0001.jpg,0,0.95562029
Assad_Ahmadi/Assad_Ahmadi_0001.jpg,Percy_Gibson/Percy_Gibson_0001.jpg,0,0.98120934
Barbara_Walters/Barbara_Walters_0001.jpg,Jewel_Howard-Taylor/Jewel_Howard-Taylor_0001.jpg,0,0.98058981
Barbara_Walters/Barbara_Walters_0001.jpg,Peter_Greenaway/Peter_Greenaway_0001.jpg,0,0.96049595
Barry_Williams/Barry_Williams_0001.jpg,Wang_Fei/Wang_Fei_0001.jpg,0,0.97808444
Benazir_Bhutto/Benazir_Bhutto_0004.jpg,Jane_Pauley/Jane_Pauley_0002.jpg,0,0.98099852
Benazir_Bhutto/Benazir_Bhutto_0005.jpg,Karen_Clarkson/Karen_Clarkson_0001.jpg,0,0.99156463
Bijan_Darvish/Bijan_Darvish_0001.jpg,Franco_Dragone/Franco_Dragone_0001.jpg,0,0.97940820
Bijan_Darvish/Bijan_Darvish_0002.jpg,Frank_Taylor/Frank_Taylor_0001.jpg,0,0.96662086
Bilal_Erdogan/Bilal_Erdogan_0001.jpg,Lubomir_Zaoralek/Lubomir_Zaoralek_0001.jpg,0,0.98396415
Bill_Self/Bill_Self_0001.jpg,Yang_Jianli/Yang_Jianli_0001.jpg,0,0.96905583
Bill_Simon/Bill_Simon_0001.jpg,Edward_Said/Edward_Said_0002.jpg,0,0.99049634
Billy_Gilman/Billy_Gilman_0001.jpg,Howard_Smith/Howard_Smith_0002.jpg,0,0.96928775
Billy_Sollie/Billy_Sollie_0001.jpg,Mark_Swartz/Mark_Swartz_0001.jpg,0,0.96548611
Billy_Sollie/Billy_Sollie_0002.jpg,Hussein_Malik/Hussein_Malik_0001.jpg,0,0.98048478
Blas_Ople/Blas_Ople_0001.jpg,Evan_Marriott/Evan_Marriott_0001.jpg,0,0.97502637
Blas_Ople/Blas_Ople_0001.jpg,Felipe_Fernandez/Felipe_Fernandez_0001.jpg,0,0.97140819
Blas_Ople/Blas_Ople_0001.jpg,Peter_Costello/Peter_Costello_0001.jpg,0,0.97212780
Bob_Cantrell/Bob_Cantrell_0001.jpg,Gerard_Kleisterlee/Gerard_Kleisterlee_0001.jpg,0,0.98498720
Bob_Cantrell/Bob_Cantrell_0001.jpg,Mary_Landrieu/Mary_Landrieu_0003.jpg,0,0.97302210
Bob_Goldman/Bob_Goldman_0001.jpg,Leigh_Winchell/Leigh_Winchell_0001.jpg,0,0.98993713
Bob_Goldman/Bob_Goldman_0001.jpg,Maggie_Smith/Maggie_Smith_0001.jpg,0,0.98098391
Boris_Berezovsky/Boris_Berezovsky_0002.jpg,Leander_Paes/Leander_Paes_0001.jpg,0,0.96453434
Brad_Gushue/Brad_Gushue_0001.jpg,Johannes_Rau/Johannes_Rau_0001.jpg,0,0.96678579
Brad_Miller/Brad_Miller_0001.jpg,Irina_Lobacheva/Irina_Lobacheva_0001.jpg,0,0.97199613
Brad_Miller/Brad_Miller_0001.jpg,Percy_Gibson/Percy_Gibson_0001.jpg,0,0.98388195
Brenda_van_Dam/Brenda_van_Dam_0001.jpg,Norbert_van_Heyst/Norbert_van_Heyst_0001.jpg,0,0.97146022
Brian_Cashman/Brian_Cashman_0001.jpg,Delphine_Chuillot/Delphine_Chuillot_0001.jpg,0,0.96768337
Brian_Cashman/Brian_Cashman_0001.jpg,Russell_Simmons/Russell_Simmons_0003.jpg,0,0.96409553
Brian_Cook/Brian_Cook_0001.jpg,Matt_Welsh/Matt_Welsh_0001.jpg,0,0.97846138
Bruno_Junquiera/Bruno_Junquiera_0001.jpg,Oscar_DLeon/Oscar_DLeon_0001.jpg,0,0.97855288
Bulent_Ecevit/Bulent_Ecevit_0006.jpg,Eduardo_Romero/Eduardo_Romero_0001.jpg,0,0.97371924
Bulent_Ecevit/Bulent_Ecevit_0006.jpg,Gilberto_Simoni/Gilberto_Simoni_0001.jpg,0,0.96691477
Candie_Kung/Candie_Kung_0001.jpg,Steve_Allan/Steve_Allan_0001.jpg,0,0.95961636
Carlo_Ancelotti/Carlo_Ancelotti_0001.jpg,John_Tyson/John_Tyson_0001.jpg,0,0.97043705
Carlos_Vives/Carlos_Vives_0002.jpg,Randy_Johnson/Randy_Johnson_0001.jpg,0,0.98338628
Caroline_Dhavernas/Caroline_Dhavernas_0001.jpg,Evgeni_Plushenko/Evgeni_Plushenko_0001.jpg,0,0.97235119
Caroline_Dhavernas/Caroline_Dhavernas_0001.jpg,Jeremy_Fogel/Jeremy_Fogel_0001.jpg,0,0.96737278
Carson_Daly/Carson_Daly_0001.jpg,John_Moe/John_Moe_0001.jpg,0,0.97840774
Carson_Daly/Carson_Daly_0001.jpg,Tracy_Wyle/Tracy_Wyle_0001.jpg,0,0.96652412
Cassandra_Heise/Cassandra_Heise_0001.jpg,Shaukat_Aziz/Shaukat_Aziz_0002.jpg,0,0.96270329
Cate_Blanchett/Cate_Blanchett_0003.jpg,Gina_Centrello/Gina_Centrello_0001.jpg,0,0.96646804
Cate_Blanchett/Cate_Blanchett_0003.jpg,Ryan_Goodman/Ryan_Goodman_0001.jpg,0,0.97130215
Catherine_Donkers/Catherine_Donkers_0001.jpg,Eminem/Eminem_0001.jpg,0,0.98292202
Cedric_Benson/Cedric_Benson_0001.jpg,Marcus_Allen/Marcus_Allen_0001.jpg,0,0.99667579
Cedric_Benson/Cedric_Benson_0001.jpg,Robert_Lee_Yates_Jr/Robert_Lee_Yates_Jr_0001.jpg,0,0.97082961
Cedric_Benson/Cedric_Benson_0001.jpg,Stacy_Nelson/Stacy_Nelson_0001.jpg,0,0.97420859
Chistian_Stahl/Chistian_Stahl_0001.jpg,Eliane_Karp/Eliane_Karp_0001.jpg,0,0.96473932
Chris_Cooper/Chris_Cooper_0002.jpg,Irfan_Ahmed/Irfan_Ahmed_0001.jpg,0,0.95772755
Chris_Cooper/Chris_Cooper_0002.jpg,Rick_Bland/Rick_Bland_0001.jpg,0,0.99298656
Chris_Hernandez/Chris_Hernandez_0001.jpg,Mauricio_Pochetino/Mauricio_Pochetino_0001.jpg,0,0.97407854
Chris_Hernandez/Chris_Hernandez_0001.jpg,Tonga/Tonga_0001.jpg,0,0.96164525
Chris_Hernandez/Chris_Hernandez_0001.jpg,Wolfgang_Schuessel/Wolfgang_Schuessel_0001.jpg,0,0.96490747
Chris_Tucker/Chris_Tucker_0002.jpg,Jennifer_Pena/Jennifer_Pena_0001.jpg,0,0.97161043
Chris_Tucker/Chris_Tucker_0002.jpg,Takuma_Sato/Takuma_Sato_0001.jpg,0,0.97571391
Chris_Whitney/Chris_Whitney_0001.jpg,Tom_Scully/Tom_Scully_0001.jpg,0,0.96248090
Christine_Gregoire/Christine_Gregoire_0004.jpg,Robert_Lee_Yates_Jr/Robert_Lee_Yates_Jr_0001.jpg,0,0.98533207
Christine_Gregoire/Christine_Gregoire_0004.jpg,Wang_Hailan/Wang_Hailan_0001.jpg,0,0.96922684
Christine_Rau/Christine_Rau_0001.jpg,Jerry_Hall/Jerry_Hall_0001.jpg,0,0.97197843
Christine_Rau/Christine_Rau_0001.jpg,Mel_Brooks/Mel_Brooks_0001.jpg,0,0.96358794
Christopher_Russell/Christopher_Russell_0001.jpg,Colleen_OClair/Colleen_OClair_0001.jpg,0,0.97086108
Christopher_Whittle/Christopher_Whittle_0001.jpg,Felipe_Fernandez/Felipe_Fernandez_0001.jpg,0,0.96076012
Colleen_OClair/Colleen_OClair_0001.jpg,Tom_Hanusik/Tom_Hanusik_0001.jpg,0,0.96690309
Curtis_Rodriguez/Curtis_Rodriguez_0001.jpg,John_Blaney/John_Blaney_0002.jpg,0,0.96531105
Curtis_Rodriguez/Curtis_Rodriguez_0001.jpg,Kathleen_Kennedy_Townsend/Kathleen_Kennedy_Townsend_0003.jpg,0,0.96697259
Dale_Bosworth/Dale_Bosworth_0001.jpg,Frank_Taylor/Frank_Taylor_0001.jpg,0,0.98599082
Dale_Bosworth/Dale_Bosworth_0001.jpg,Vladimir_Golovlyov/Vladimir_Golovlyov_0001.jpg,0,0.98628777
Dan_Quayle/Dan_Quayle_0001.jpg,Jim_Ryan/Jim_Ryan_0001.jpg,0,0.99305129
Dan_Quayle/Dan_Quayle_0001.jpg,Nick_Turner/Nick_Turner_0001.jpg,0,0.97675371
Dan_Quayle/Dan_Quayle_0001.jpg,William_Umbach/William_Umbach_0001.jpg,0,0.99066758
Danny_Morgan/Danny_Morgan_0001.jpg,Jeff_George/Jeff_George_0001.jpg,0,0.97011542
Danny_Morgan/Danny_Morgan_0001.jpg,John_Allen_Muhammad/John_Allen_Muhammad_0010.jpg,0,0.97031283
Darla_Moore/Darla_Moore_0001.jpg,Paul_Johnson/Paul_Johnson_0001.jpg,0,0.97283435
Darrell_Royal/Darrell_Royal_0001.jpg,Louis_Van_Gaal/Louis_Van_Gaal_0001.jpg,0,0.99105918
Dave_McGinnis/Dave_McGinnis_0001.jpg,Michel_Therrien/Michel_Therrien_0001.jpg,0,0.99116588
David_Przybyszewski/David_Przybyszewski_0001.jpg,Elena_Bovina/Elena_Bovina_0002.jpg,0,0.98247147
Delphine_Chuillot/Delphine_Chuillot_0001.jpg,Jim_Parque/Jim_Parque_0001.jpg,0,0.98219776
Demetrin_Veal/Demetrin_Veal_0001.jpg,Robert_Hanssen/Robert_Hanssen_0001.jpg,0,0.95992434
Dennis_Hastert/Dennis_Hastert_0005.jpg,Lubomir_Zaoralek/Lubomir_Zaoralek_0001.jpg,0,0.97589195
Dewayne_White/Dewayne_White_0001.jpg,Joe_DeLamielleure/Joe_DeLamielleure_0001.jpg,0,0.97345084
Dick_Posthumus/Dick_Posthumus_0001.jpg,Jeff_George/Jeff_George_0001.jpg,0,0.98759842
Dick_Posthumus/Dick_Posthumus_0001.jpg,Jim_Wong/Jim_Wong_0001.jpg,0,0.98056269
Din_Samsudin/Din_Samsudin_0001.jpg,Pupi_Avati/Pupi_Avati_0002.jpg,0,0.97219676
Dionne_Warwick/Dionne_Warwick_0001.jpg,Janine_Pietsch/Janine_Pietsch_0001.jpg,0,0.97446740
Dominique_Perben/Dominique_Perben_0001.jpg,Osmond_Smith/Osmond_Smith_0001.jpg,0,0.98658073
Doug_Duncan/Doug_Duncan_0001.jpg,Kevin_Spacey/Kevin_Spacey_0002.jpg,0,0.96735144
Doug_Duncan/Doug_Duncan_0002.jpg,John_Allen_Muhammad/John_Allen_Muhammad_0002.jpg,0,0.97551847
Eddy_Hartenstein/Eddy_Hartenstein_0001.jpg,Lyudmila_Putin/Lyudmila_Putin_0001.jpg,0,0.96914887
Eddy_Hartenstein/Eddy_Hartenstein_0001.jpg,Matthias_Sammer/Matthias_Sammer_0001.jpg,0,0.97871792
Eddy_Hartenstein/Eddy_Hartenstein_0001.jpg,Sabah_Al-Ahmad_Al-Jaber_Al-Sabah/Sabah_Al-Ahmad_Al-Jaber_Al-Sabah_0001.jpg,0,0.98286158
Eduardo_Chillida/Eduardo_Chillida_0001.jpg,Stephen_Crampton/Stephen_Crampton_0001.jpg,0,0.97765237
Eduardo_Romero/Eduardo_Romero_0001.jpg,Robert_Kocharian/Robert_Kocharian_0005.jpg,0,0.97313309
Edward_Greenspan/Edward_Greenspan_0001.jpg,Roy_Halladay/Roy_Halladay_0001.jpg,0,0.98418146
Edward_Greenspan/Edward_Greenspan_0001.jpg,Sidney_Poitier/Sidney_Poitier_0001.jpg,0,0.98276478
Edward_Kennedy/Edward_Kennedy_0001.jpg,Mathilda_Karel_Spak/Mathilda_Karel_Spak_0001.jpg,0,0.97348344
Edward_Kennedy/Edward_Kennedy_0002.jpg,Jennifer_Pena/Jennifer_Pena_0001.jpg,0,0.96507329
Edward_Said/Edward_Said_0001.jpg,Frank_Abagnale_Jr/Frank_Abagnale_Jr_0001.jpg,0,0.96053207
Eminem/Eminem_0001.jpg,Wolfgang_Clement/Wolfgang_Clement_0001.jpg,0,0.97920513
Enrique_Bolanos/Enrique_Bolanos_0004.jpg,Janine_Pietsch/Janine_Pietsch_0001.jpg,0,0.97111648
Enrique_Bolanos/Enrique_Bolanos_0004.jpg,Liam_Neeson/Liam_Neeson_0002.jpg,0,0.97142756
Ernie_Els/Ernie_Els_0002.jpg,Marcus_Allen/Marcus_Allen_0001.jpg,0,0.98623264
Evgeni_Plushenko/Evgeni_Plushenko_0001.jpg,Queen_Sofia/Queen_Sofia_0001.jpg,0,0.97062171
Evgeni_Plushenko/Evgeni_Plushenko_0001.jpg,Riek_Blanjaar/Riek_Blanjaar_0001.jpg,0,0.97124112
Franco_Dragone/Franco_Dragone_0002.jpg,Louis_Van_Gaal/Louis_Van_Gaal_0001.jpg,0,0.98611987
Franco_Frattini/Franco_Frattini_0001.jpg,Irina_Lobacheva/Irina_Lobacheva_0001.jpg,0,0.95972997
Frank_Abagnale_Jr/Frank_Abagnale_Jr_0001.jpg,Nate_Hybl/Nate_Hybl_0001.jpg,0,0.97777987
Frank_Shea/Frank_Shea_0001.jpg,Rob_Moore/Rob_Moore_0001.jpg,0,0.99047440
Frank_Taylor/Frank_Taylor_0001.jpg,Jason_Jennings/Jason_Jennings_0001.jpg,0,0.97611535
Gabriel_Batistuta/Gabriel_Batistuta_0001.jpg,Peter_Costello/Peter_Costello_0001.jpg,0,0.97550988
Gabriel_Jorge_Ferreia/Gabriel_Jorge_Ferreia_0001.jpg,Zulfiqar_Ahmed/Zulfiqar_Ahmed_0001.jpg,0,0.96751201
Gary_Doer/Gary_Doer_0003.jpg,Wang_Hailan/Wang_Hailan_0001.jpg,0,0.99104989
Gary_Sinise/Gary_Sinise_0001.jpg,Roy_Halladay/Roy_Halladay_0001.jpg,0,0.97378552
Gene_Hackman/Gene_Hackman_0001.jpg,Queen_Noor/Queen_Noor_0001.jpg,0,0.96915454
Gene_Sauers/Gene_Sauers_0001.jpg,Gina_Centrello/Gina_Centrello_0001.jpg,0,0.95263016
Geoff_Dixon/Geoff_Dixon_0001.jpg,Jean_Todt/Jean_Todt_0001.jpg,0,0.95867157
George_Allen/George_Allen_0001.jpg,Roy_Halladay/Roy_Halladay_0001.jpg,0,0.94444597
George_Allen/George_Allen_0001.jpg,Wan_Yanhai/Wan_Yanhai_0001.jpg,0,0.97226775
George_Harrison/George_Harrison_0001.jpg,Robert_Lee_Yates_Jr/Robert_Lee_Yates_Jr_0001.jpg,0,0.98545796
Georgi_Parvanov/Georgi_Parvanov_0001.jpg,Luis_Fonsi/Luis_Fonsi_0001.jpg,0,0.96987307
Gianni_Agnelli/Gianni_Agnelli_0001.jpg,Marco_Irizarry/Marco_Irizarry_0001.jpg,0,0.96332151
Gilberto_Simoni/Gilberto_Simoni_0001.jpg,Julio_Cesar_Chavez/Julio_Cesar_Chavez_0001.jpg,0,0.99126744
Gong_Ruina/Gong_Ruina_0001.jpg,Hong_Myung/Hong_Myung_0001.jpg,0,0.97560894
Gong_Ruina/Gong_Ruina_0001.jpg,Qian_Qichen/Qian_Qichen_0001.jpg,0,0.99234051
Gro_Harlem_Brundtland/Gro_Harlem_Brundtland_0002.jpg,Turner_Gill/Turner_Gill_0001.jpg,0,0.97612906
Hector_Grullon/Hector_Grullon_0001.jpg,Jeong_Se-hyun/Jeong_Se-hyun_0009.jpg,0,0.98081899
Henk_Bekedam/Henk_Bekedam_0001.jpg,Koichi_Haraguchi/Koichi_Haraguchi_0001.jpg,0,0.97859192
Henk_Bekedam/Henk_Bekedam_0001.jpg,Manuel_Gehring/Manuel_Gehring_0001.jpg,0,0.98471081
Henk_Bekedam/Henk_Bekedam_0001.jpg,Michael_Kirby/Michael_Kirby_0001.jpg,0,0.98733830
Hiroki_Gomi/Hiroki_Gomi_0001.jpg,Kenneth_Cooper/Kenneth_Cooper_0001.jpg,0,0.96307182
Hiroki_Gomi/Hiroki_Gomi_0001.jpg,Sophia_Loren/Sophia_Loren_0002.jpg,0,0.95449418
Irina_Lobacheva/Irina_Lobacheva_0001.jpg,Steve_Allan/Steve_Allan_0001.jpg,0,0.96260238
Ismail_Cem/Ismail_Cem_0001.jpg,Linda_Amicangioli/Linda_Amicangioli_0001.jpg,0,0.94648588
Jack_Osbourne/Jack_Osbourne_0001.jpg,Kent_McCord/Kent_McCord_0001.jpg,0,0.97826767
Jack_Straw/Jack_Straw_0001.jpg,Manuel_Gehring/Manuel_Gehring_0001.jpg,0,0.96923107
Jack_Straw/Jack_Straw_0003.jpg,Norman_Mineta/Norman_Mineta_0001.jpg,0,0.97229147
James_Ballenger/James_Ballenger_0001.jpg,Raza_Rabbani/Raza_Rabbani_0001.jpg,0,0.98336196
James_Coviello/James_Coviello_0001.jpg,Judith_Nathan/Judith_Nathan_0001.jpg,0,0.96705437
James_Coviello/James_Coviello_0001.jpg,Robert_F_Kennedy_Jr/Robert_F_Kennedy_Jr_0001.jpg,0,0.97715414
James_Morris/James_Morris_0002.jpg,Silvio_Fernandez/Silvio_Fernandez_0002.jpg,0,0.96985269
James_Schultz/James_Schultz_0001.jpg,Tim_Curley/Tim_Curley_0001.jpg,0,0.97974855
James_W_Kennedy/James_W_Kennedy_0001.jpg,John_Connolly/John_Connolly_0001.jpg,0,0.98673439
James_W_Kennedy/James_W_Kennedy_0001.jpg,Toutai_Kefu/Toutai_Kefu_0001.jpg,0,0.96162432
James_Williams/James_Williams_0001.jpg,Phillip_Seymor_Hoffmann/Phillip_Seymor_Hoffmann_0001.jpg,0,0.97767603
James_Williams/James_Williams_0001.jpg,Shaun_Pollock/Shaun_Pollock_0001.jpg,0,0.99257207
Jan_Ullrich/Jan_Ullrich_0003.jpg,Javier_Weber/Javier_Weber_0001.jpg,0,0.97218883
Jane_Menelaus/Jane_Menelaus_0001.jpg,Junichiro_Koizumi/Junichiro_Koizumi_0042.jpg,0,0.96642655
Jane_Menelaus/Jane_Menelaus_0001.jpg,Sophia_Loren/Sophia_Loren_0001.jpg,0,0.97572917
Jason_Petty/Jason_Petty_0001.jpg,Mayumi_Moriyama/Mayumi_Moriyama_0001.jpg,0,0.97203732
Jean_Todt/Jean_Todt_0001.jpg,Roger_Etchegaray/Roger_Etchegaray_0001.jpg,0,0.96651119
Jennifer_Pena/Jennifer_Pena_0001.jpg,Sonia_Lopez/Sonia_Lopez_0001.jpg,0,0.97590274
Jennifer_Pena/Jennifer_Pena_0001.jpg,Tony_LaRussa/Tony_LaRussa_0001.jpg,0,0.96037704
Jennifer_Rodriguez/Jennifer_Rodriguez_0001.jpg,Terry_Gilliam/Terry_Gilliam_0001.jpg,0,0.96911532
Jennifer_Rodriguez/Jennifer_Rodriguez_0002.jpg,Joanna_Poitier/Joanna_Poitier_0001.jpg,0,0.96438670
Jennifer_Rodriguez/Jennifer_Rodriguez_0002.jpg,Tony_Fernandes/Tony_Fernandes_0001.jpg,0,0.95659530
Jerome_Golmard/Jerome_Golmard_0001.jpg,Kristin_Chenoweth/Kristin_Chenoweth_0001.jpg,0,0.98483413
Jewel_Howard-Taylor/Jewel_Howard-Taylor_0001.jpg,Ken_Kutaragi/Ken_Kutaragi_0001.jpg,0,0.96341723
Jim_Parque/Jim_Parque_0001.jpg,Michael_Adams/Michael_Adams_0001.jpg,0,0.97895038
Jim_Parque/Jim_Parque_0001.jpg,Rachel_Leigh_Cook/Rachel_Leigh_Cook_0001.jpg,0,0.97457027
Jim_Ryan/Jim_Ryan_0001.jpg,Luis_Berrondo/Luis_Berrondo_0001.jpg,0,0.98338890
Jimmy_Gobble/Jimmy_Gobble_0001.jpg,Robert_De_Niro/Robert_De_Niro_0005.jpg,0,0.96540087
Joan_Collins/Joan_Collins_0001.jpg,Zydrunas_Ilgauskas/Zydrunas_Ilgauskas_0001.jpg,0,0.94246364
Joan_Jett/Joan_Jett_0001.jpg,Kevin_James/Kevin_James_0001.jpg,0,0.96001732
Joanna_Poitier/Joanna_Poitier_0001.jpg,Michael_Moore/Michael_Moore_0001.jpg,0,0.97467571
Joe_Lieberman/Joe_Lieberman_0010.jpg,Joe_Mantello/Joe_Mantello_0001.jpg,0,0.96371412
Johannes_Rau/Johannes_Rau_0001.jpg,Oleksandr_Moroz/Oleksandr_Moroz_0001.jpg,0,0.98284352
John_Connolly/John_Connolly_0001.jpg,Mel_Gibson/Mel_Gibson_0001.jpg,0,0.98965293
John_Connolly/John_Connolly_0001.jpg,Michael_Moore/Michael_Moore_0003.jpg,0,0.98993200
John_Connolly/John_Connolly_0001.jpg,Norman_Mineta/Norman_Mineta_0001.jpg,0,0.98808211
John_Connolly/John_Connolly_0001.jpg,Uzi_Even/Uzi_Even_0001.jpg,0,0.98837519
John_Cruz/John_Cruz_0001.jpg,Sean_Astin/Sean_Astin_0003.jpg,0,0.98909748
John_Cruz/John_Cruz_0001.jpg,Steven_Briggs/Steven_Briggs_0001.jpg,0,0.98745048
John_Hartson/John_Hartson_0001.jpg,Oscar_Elias_Biscet/Oscar_Elias_Biscet_0002.jpg,0,0.96372581
Joseph_Deiss/Joseph_Deiss_0001.jpg,Tony_Fernandes/Tony_Fernandes_0001.jpg,0,0.96067178
Joseph_Lopez/Joseph_Lopez_0001.jpg,Rick_Pitino/Rick_Pitino_0001.jpg,0,0.97525382
Julian_Fantino/Julian_Fantino_0001.jpg,Quin_Snyder/Quin_Snyder_0001.jpg,0,0.95147061
Julio_Cesar_Chavez/Julio_Cesar_Chavez_0001.jpg,Tom_Brennan/Tom_Brennan_0001.jpg,0,0.97936732
Junichi_Inamoto/Junichi_Inamoto_0001.jpg,Oleg_Romantsev/Oleg_Romantsev_0001.jpg,0,0.98429036
Junichiro_Koizumi/Junichiro_Koizumi_0020.jpg,Tony_Fernandes/Tony_Fernandes_0001.jpg,0,0.97398311
Karen_Clarkson/Karen_Clarkson_0001.jpg,Kristen_Breitweiser/Kristen_Breitweiser_0003.jpg,0,0.97215265
Karol_Kucera/Karol_Kucera_0001.jpg,Qian_Qichen/Qian_Qichen_0001.jpg,0,0.96484613
Karol_Kucera/Karol_Kucera_0001.jpg,Turner_Gill/Turner_Gill_0001.jpg,0,0.97138727
Katrin_Cartlidge/Katrin_Cartlidge_0001.jpg,Tony_LaRussa/Tony_LaRussa_0001.jpg,0,0.95485198
Keith_Osik/Keith_Osik_0001.jpg,Pupi_Avati/Pupi_Avati_0001.jpg,0,0.97701418
Kenneth_Cooper/Kenneth_Cooper_0001.jpg,Norman_Mineta/Norman_Mineta_0001.jpg,0,0.96823812
Kent_McCord/Kent_McCord_0001.jpg,Natasha_Henstridge/Natasha_Henstridge_0001.jpg,0,0.98402888
Kevin_James/Kevin_James_0001.jpg,Roy_Halladay/Roy_Halladay_0001.jpg,0,0.98412657
Kevin_James/Kevin_James_0001.jpg,Suzanne_Haik_Terrell/Suzanne_Haik_Terrell_0001.jpg,0,0.97604996
Kevin_James/Kevin_James_0001.jpg,Yang_Jianli/Yang_Jianli_0001.jpg,0,0.97938240
Kevin_Spacey/Kevin_Spacey_0002.jpg,Ray_Evernham/Ray_Evernham_0001.jpg,0,0.97637087
Koji_Uehara/Koji_Uehara_0001.jpg,Rob_Moore/Rob_Moore_0001.jpg,0,0.95623481
Krishna_Bhadur_Mahara/Krishna_Bhadur_Mahara_0001.jpg,Peter_Holmberg/Peter_Holmberg_0001.jpg,0,0.97685570
Krishna_Bhadur_Mahara/Krishna_Bhadur_Mahara_0001.jpg,Silvio_Fernandez/Silvio_Fernandez_0002.jpg,0,0.99544817
Kristen_Breitweiser/Kristen_Breitweiser_0001.jpg,Tatiana_Shchegoleva/Tatiana_Shchegoleva_0001.jpg,0,0.97261626
Laila_Ali/Laila_Ali_0003.jpg,Tony_Fernandes/Tony_Fernandes_0001.jpg,0,0.97849834
Larry_Johnson/Larry_Johnson_0001.jpg,Terry_Gilliam/Terry_Gilliam_0001.jpg,0,0.96920002
Larry_Johnson/Larry_Johnson_0002.jpg,Marc_Racicot/Marc_Racicot_0001.jpg,0,0.96320772
Larry_Johnson/Larry_Johnson_0002.jpg,Tom_Hanusik/Tom_Hanusik_0001.jpg,0,0.96847558
Lars_Von_Trier/Lars_Von_Trier_0001.jpg,Zhang_Wenkang/Zhang_Wenkang_0002.jpg,0,0.97798294
Leander_Paes/Leander_Paes_0001.jpg,Ralph_Firman/Ralph_Firman_0001.jpg,0,0.97539115
Leo_Ramirez/Leo_Ramirez_0001.jpg,Sabah_Al-Ahmad_Al-Jaber_Al-Sabah/Sabah_Al-Ahmad_Al-Jaber_Al-Sabah_0001.jpg,0,0.96853077
Leonardo_Del_Vecchio/Leonardo_Del_Vecchio_0001.jpg,Maggie_Smith/Maggie_Smith_0001.jpg,0,0.97238654
Leonardo_Del_Vecchio/Leonardo_Del_Vecchio_0001.jpg,Tatiana_Shchegoleva/Tatiana_Shchegoleva_0001.jpg,0,0.97231090
Liam_Neeson/Liam_Neeson_0001.jpg,Paul_Kagame/Paul_Kagame_0002.jpg,0,0.96785378
Lokendra_Bahadur_Chand/Lokendra_Bahadur_Chand_0001.jpg,Steffeny_Holtz/Steffeny_Holtz_0001.jpg,0,0.95578992
Louis_Van_Gaal/Louis_Van_Gaal_0001.jpg,Natasha_Henstridge/Natasha_Henstridge_0001.jpg,0,0.96818262
Lubomir_Zaoralek/Lubomir_Zaoralek_0001.jpg,Luis_Berrondo/Luis_Berrondo_0001.jpg,0,0.96171749
Lubomir_Zaoralek/Lubomir_Zaoralek_0001.jpg,William_Umbach/William_Umbach_0001.jpg,0,0.96473956
Luis_Berrondo/Luis_Berrondo_0001.jpg,Rita_Moreno/Rita_Moreno_0002.jpg,0,0.96535826
Luis_Fonsi/Luis_Fonsi_0001.jpg,Oscar_DLeon/Oscar_DLeon_0001.jpg,0,0.97651887
Luis_Fonsi/Luis_Fonsi_0001.jpg,Steven_Briggs/Steven_Briggs_0001.jpg,0,0.97699487
Luis_Rosario_Huertas/Luis_Rosario_Huertas_0001.jpg,Mary_Steenburgen/Mary_Steenburgen_0002.jpg,0,0.95820224
Makiko_Tanaka/Makiko_Tanaka_0001.jpg,Peter_Greenaway/Peter_Greenaway_0001.jpg,0,0.96553361
Manijeh_Hekmat/Manijeh_Hekmat_0001.jpg,Roger_Winter/Roger_Winter_0001.jpg,0,0.96734047
Manijeh_Hekmat/Manijeh_Hekmat_0001.jpg,T_Boone_Pickens/T_Boone_Pickens_0001.jpg,0,0.96334946
Marcelo_Salas/Marcelo_Salas_0002.jpg,Tara_VanDerveer/Tara_VanDerveer_0001.jpg,0,0.96324551
Marco_Irizarry/Marco_Irizarry_0001.jpg,Yang_Jianli/Yang_Jianli_0001.jpg,0,0.97068608
Mariangel_Ruiz_Torrealba/Mariangel_Ruiz_Torrealba_0003.jpg,Pupi_Avati/Pupi_Avati_0001.jpg,0,0.96165878
Marisa_Tomei/Marisa_Tomei_0002.jpg,Peter_Costello/Peter_Costello_0002.jpg,0,0.96973157
Mark_Polansky/Mark_Polansky_0001.jpg,Miranda_Gaddis/Miranda_Gaddis_0001.jpg,0,0.96419895
Mary_Landrieu/Mary_Landrieu_0003.jpg,Percy_Gibson/Percy_Gibson_0001.jpg,0,0.96573091
Mathilda_Karel_Spak/Mathilda_Karel_Spak_0001.jpg,Mauricio_Macri/Mauricio_Macri_0001.jpg,0,0.97089261
Mathilda_Karel_Spak/Mathilda_Karel_Spak_0001.jpg,Tamara_Brooks/Tamara_Brooks_0002.jpg,0,0.97804093
Matt_Welsh/Matt_Welsh_0001.jpg,Randy_Johnson/Randy_Johnson_0001.jpg,0,0.96808159
Mel_Brooks/Mel_Brooks_0002.jpg,Shoshana_Johnson/Shoshana_Johnson_0001.jpg,0,0.96883595
Michael_Kirby/Michael_Kirby_0001.jpg,Ranil_Wickremasinghe/Ranil_Wickremasinghe_0002.jpg,0,0.95850158
Michael_Sheehan/Michael_Sheehan_0001.jpg,Robert_Hanssen/Robert_Hanssen_0001.jpg,0,0.96231079
Michel_Duclos/Michel_Duclos_0001.jpg,Quin_Snyder/Quin_Snyder_0001.jpg,0,0.99212247
Michel_Duclos/Michel_Duclos_0001.jpg,Suh_Young-hoon/Suh_Young-hoon_0001.jpg,0,0.97097874
Mike_Gable/Mike_Gable_0001.jpg,Mohamed_Hammam/Mohamed_Hammam_0001.jpg,0,0.98291129
Mikhail_Khodorkovsky/Mikhail_Khodorkovsky_0001.jpg,Rita_Moreno/Rita_Moreno_0002.jpg,0,0.95632303
Mireya_Moscoso/Mireya_Moscoso_0004.jpg,San_Lan/San_Lan_0001.jpg,0,0.96848887
Mohamed_Hammam/Mohamed_Hammam_0001.jpg,Roger_Moore/Roger_Moore_0004.jpg,0,0.97365719
Nabil_Shaath/Nabil_Shaath_0003.jpg,Silvie_Cabero/Silvie_Cabero_0001.jpg,0,0.96836877
Naomi_Hayashi/Naomi_Hayashi_0001.jpg,Prakash_Hinduja/Prakash_Hinduja_0001.jpg,0,0.97644842
Natalya_Sazanovich/Natalya_Sazanovich_0001.jpg,Pupi_Avati/Pupi_Avati_0004.jpg,0,0.96561742
Nikki_Teasley/Nikki_Teasley_0001.jpg,Ryan_Goodman/Ryan_Goodman_0001.jpg,0,0.96903312
Oleksandr_Moroz/Oleksandr_Moroz_0001.jpg,Robert_De_Niro/Robert_De_Niro_0001.jpg,0,0.96981370
Oscar_DLeon/Oscar_DLeon_0001.jpg,Steven_Curtis_Chapman/Steven_Curtis_Chapman_0001.jpg,0,0.96756649
Paul_Byrd/Paul_Byrd_0001.jpg,Wolfgang_Schwarz/Wolfgang_Schwarz_0001.jpg,0,0.98330641
Paul_Wollnough/Paul_Wollnough_0001.jpg,Philip_Cummings/Philip_Cummings_0001.jpg,0,0.96918201
Paul_Wollnough/Paul_Wollnough_0001.jpg,Yuvraj_Singh/Yuvraj_Singh_0001.jpg,0,0.97060770
Penelope_Taylor/Penelope_Taylor_0001.jpg,Wang_Fei/Wang_Fei_0001.jpg,0,0.97218174
Peter_Caruana/Peter_Caruana_0001.jpg,Philip_Cummings/Philip_Cummings_0001.jpg,0,0.97108305
Phillip_Seymor_Hoffmann/Phillip_Seymor_Hoffmann_0001.jpg,Silvio_Fernandez/Silvio_Fernandez_0001.jpg,0,0.96683908
Phillips_Idowu/Phillips_Idowu_0001.jpg,Prince_Naruhito/Prince_Naruhito_0002.jpg,0,0.98143065
Princess_Masako/Princess_Masako_0002.jpg,Thomas_Wilkens/Thomas_Wilkens_0001.jpg,0,0.96670836
Quin_Snyder/Quin_Snyder_0001.jpg,Vagit_Alekperov/Vagit_Alekperov_0001.jpg,0,0.97899401
Ranil_Wickremasinghe/Ranil_Wickremasinghe_0003.jpg,Stacy_Nelson/Stacy_Nelson_0001.jpg,0,0.96543258
Reina_Hayes/Reina_Hayes_0001.jpg,Steffeny_Holtz/Steffeny_Holtz_0001.jpg,0,0.98870444
Rick_Pitino/Rick_Pitino_0003.jpg,Tony_Clement/Tony_Clement_0001.jpg,0,0.97917128
Ricky_Martin/Ricky_Martin_0002.jpg,Roger_Etchegaray/Roger_Etchegaray_0001.jpg,0,0.96049613
Robert_F_Kennedy_Jr/Robert_F_Kennedy_Jr_0001.jpg,Ron_Dittemore/Ron_Dittemore_0001.jpg,0,0.98008215
Sidney_Poitier/Sidney_Poitier_0001.jpg,Svend_Aage_Jensby/Svend_Aage_Jensby_0001.jpg,0,0.98141646
Aaron_Tippin/Aaron_Tippin_0001.jpg,Enos_Slaughter/Enos_Slaughter_0001.jpg,0,0.95829254
Aaron_Tippin/Aaron_Tippin_0001.jpg,Juan_Carlos_Ortega/Juan_Carlos_Ortega_0001.jpg,0,0.96654189
Aaron_Tippin/Aaron_Tippin_0001.jpg,Marlon_Devonish/Marlon_Devonish_0001.jpg,0,0.97041804
Adam_Ant/Adam_Ant_0001.jpg,John_Perrota/John_Perrota_0001.jpg,0,0.98529780
Adam_Ant/Adam_Ant_0001.jpg,Noel_Forgeard/Noel_Forgeard_0001.jpg,0,0.97899950
Adam_Ant/Adam_Ant_0001.jpg,Richard_Regenhard/Richard_Regenhard_0001.jpg,0,0.96493238
Adam_Mair/Adam_Mair_0001.jpg,Daniel_Osorno/Daniel_Osorno_0001.jpg,0,0.96243757
Adoor_Gopalakarishnan/Adoor_Gopalakarishnan_0001.jpg,Nathalia_Gillot/Nathalia_Gillot_0001.jpg,0,0.97265625
Alain_Ducasse/Alain_Ducasse_0001.jpg,Paul_ONeill/Paul_ONeill_0002.jpg,0,0.97323990
Alan_Greer/Alan_Greer_0001.jpg,Alan_Trammell/Alan_Trammell_0001.jpg,0,0.98299158
Alan_Greer/Alan_Greer_0001.jpg,Bob_Hayes/Bob_Hayes_0001.jpg,0,0.97074747
Alan_Trammell/Alan_Trammell_0001.jpg,Heidi_Fleiss/Heidi_Fleiss_0002.jpg,0,0.95527995
Alan_Trammell/Alan_Trammell_0001.jpg,Julie_Taymor/Julie_Taymor_0002.jpg,0,0.96286422
Aldo_Paredes/Aldo_Paredes_0001.jpg,Suzanne_Mubarak/Suzanne_Mubarak_0001.jpg,0,0.96121264
Aldo_Paredes/Aldo_Paredes_0002.jpg,Zafarullah_Khan_Jamali/Zafarullah_Khan_Jamali_0001.jpg,0,0.97843784
Alecos_Markides/Alecos_Markides_0001.jpg,Darryl_Stingley/Darryl_Stingley_0001.jpg,0,0.96439791
Alecos_Markides/Alecos_Markides_0001.jpg,Wolfgang_Schneiderhan/Wolfgang_Schneiderhan_0001.jpg,0,0.97824484
Alejandro_Avila/Alejandro_Avila_0003.jpg,Benjamin_Franklin/Benjamin_Franklin_0001.jpg,0,0.97678876
Alejandro_Avila/Alejandro_Avila_0003.jpg,Darrell_Porter/Darrell_Porter_0001.jpg,0,0.98267990
Alek_Wek/Alek_Wek_0001.jpg,Barbara_Bodine/Barbara_Bodine_0001.jpg,0,0.95114064
Alek_Wek/Alek_Wek_0001.jpg,Nasser_al-Kidwa/Nasser_al-Kidwa_0001.jpg,0,0.97386914
Alek_Wek/Alek_Wek_0001.jpg,Ray_Bradbury/Ray_Bradbury_0001.jpg,0,0.97110969
Alina_Kabaeva/Alina_Kabaeva_0001.jpg,Donald_Trump/Donald_Trump_0001.jpg,0,0.97713780
Alina_Kabaeva/Alina_Kabaeva_0001.jpg,Jayson_Williams/Jayson_Williams_0002.jpg,0,0.96912336
Alyse_Beaupre/Alyse_Beaupre_0001.jpg,Elmar_Brok/Elmar_Brok_0001.jpg,0,0.97910726
Alyse_Beaupre/Alyse_Beaupre_0001.jpg,Helo_Pinheiro/Helo_Pinheiro_0001.jpg,0,0.97950256
Alyse_Beaupre/Alyse_Beaupre_0001.jpg,Hunter_Bates/Hunter_Bates_0001.jpg,0,0.97691631
Ambrose_Lee/Ambrose_Lee_0001.jpg,Ben_Chandler/Ben_Chandler_0001.jpg,0,0.97751439
Amy_Gale/Amy_Gale_0001.jpg,Herman_Edwards/Herman_Edwards_0001.jpg,0,0.96077806
Anastasia_Kelesidou/Anastasia_Kelesidou_0001.jpg,Brendan_Hansen/Brendan_Hansen_0002.jpg,0,0.97074938
Anastasia_Kelesidou/Anastasia_Kelesidou_0001.jpg,Thomas_Wyman/Thomas_Wyman_0002.jpg,0,0.96825349
Andrew_Niccol/Andrew_Niccol_0001.jpg,Prince_Felipe/Prince_Felipe_0001.jpg,0,0.95861292
Andrew_Sabey/Andrew_Sabey_0001.jpg,Federico_Castelan_Sayre/Federico_Castelan_Sayre_0001.jpg,0,0.95988917
Andrew_Sabey/Andrew_Sabey_0001.jpg,Greg_Rusedski/Greg_Rusedski_0001.jpg,0,0.98394704
Andy_Madikians/Andy_Madikians_0001.jpg,Jon_Gruden/Jon_Gruden_0001.jpg,0,0.95429671
Andy_Madikians/Andy_Madikians_0001.jpg,Pedro_Alvarez/Pedro_Alvarez_0001.jpg,0,0.97461581
Andy_Madikians/Andy_Madikians_0001.jpg,Pierce_Brosnan/Pierce_Brosnan_0001.jpg,0,0.96364260
Andy_Perez/Andy_Perez_0001.jpg,Elena_Dementieva/Elena_Dementieva_0001.jpg,0,0.97401738
Andy_Perez/Andy_Perez_0001.jpg,Stephen_Joseph/Stephen_Joseph_0001.jpg,0,0.98173380
Angie_Martinez/Angie_Martinez_0001.jpg,Ruth_Pearce/Ruth_Pearce_0001.jpg,0,0.98354077
Ann_Godbehere/Ann_Godbehere_0001.jpg,Tom_Watson/Tom_Watson_0001.jpg,0,0.96763819
Anne_McLellan/Anne_McLellan_0001.jpg,Tim_Howard/Tim_Howard_0001.jpg,0,0.96978223
Annette_Bening/Annette_Bening_0001.jpg,Ross_Verba/Ross_Verba_0001.jpg,0,0.97032905
Anthony_Hopkins/Anthony_Hopkins_0002.jpg,Orlando_Bloom/Orlando_Bloom_0001.jpg,0,0.97338116
Antonio_Bernardo/Antonio_Bernardo_0001.jpg,Billy_Donovan/Billy_Donovan_0001.jpg,0,0.98886311
Antonio_Bernardo/Antonio_Bernardo_0001.jpg,Dwain_Kyles/Dwain_Kyles_0001.jpg,0,0.98185641
Antonio_Bernardo/Antonio_Bernardo_0001.jpg,Elizabeth_Hill/Elizabeth_Hill_0001.jpg,0,0.96857315
Antonio_Bernardo/Antonio_Bernardo_0001.jpg,Guy_Hemmings/Guy_Hemmings_0001.jpg,0,0.96984631
Antonio_Bernardo/Antonio_Bernardo_0001.jpg,Kareena_Kapoor/Kareena_Kapoor_0001.jpg,0,0.96180505
Anzori_Kikalishvili/Anzori_Kikalishvili_0001.jpg,Carlos_Quintanilla_Schmidt/Carlos_Quintanilla_Schmidt_0002.jpg,0,0.98367500
Anzori_Kikalishvili/Anzori_Kikalishvili_0001.jpg,Earl_Fritts/Earl_Fritts_0001.jpg,0,0.97457242
Anzori_Kikalishvili/Anzori_Kikalishvili_0001.jpg,Salman_Rushdie/Salman_Rushdie_0001.jpg,0,0.97503352
Aram_Adler/Aram_Adler_0001.jpg,Cesar_Gaviria/Cesar_Gaviria_0003.jpg,0,0.97646862
Aram_Adler/Aram_Adler_0001.jpg,Deepa_Mehta/Deepa_Mehta_0001.jpg,0,0.96917307
Arie_Haan/Arie_Haan_0001.jpg,Tony_Parker/Tony_Parker_0002.jpg,0,0.95837611
Ariel_Sharon/Ariel_Sharon_0030.jpg,David_Ballantyne/David_Ballantyne_0001.jpg,0,0.97397196
Art_Hoffmann/Art_Hoffmann_0002.jpg,Juan_Carlos_Ortega/Juan_Carlos_Ortega_0001.jpg,0,0.96493036
Atiabet_Ijan_Amabel/Atiabet_Ijan_Amabel_0001.jpg,John_Perrota/John_Perrota_0001.jpg,0,0.96513176
Augustin_Calleri/Augustin_Calleri_0003.jpg,Lee_Jun/Lee_Jun_0002.jpg,0,0.97678769
Barry_Nakell/Barry_Nakell_0001.jpg,Maria_Simon/Maria_Simon_0001.jpg,0,0.96415555
Basdeo_Panday/Basdeo_Panday_0001.jpg,Filippo_Volandri/Filippo_Volandri_0001.jpg,0,0.96625042
Ben_Betts/Ben_Betts_0001.jpg,Kimi_Raikkonen/Kimi_Raikkonen_0003.jpg,0,0.96653569
Ben_Braun/Ben_Braun_0001.jpg,Cecilia_Chang/Cecilia_Chang_0001.jpg,0,0.97014856
Ben_Braun/Ben_Braun_0001.jpg,Horace_Newcomb/Horace_Newcomb_0001.jpg,0,0.98578918
Ben_Chandler/Ben_Chandler_0001.jpg,Larry_Hagman/Larry_Hagman_0001.jpg,0,0.98376167
Ben_Lee/Ben_Lee_0001.jpg,Horace_Newcomb/Horace_Newcomb_0001.jpg,0,0.98520064
Ben_Stein/Ben_Stein_0001.jpg,David_Canary/David_Canary_0001.jpg,0,0.97962564
Ben_Stein/Ben_Stein_0001.jpg,Lionel_Richie/Lionel_Richie_0002.jpg,0,0.96221113
Bernadette_Peters/Bernadette_Peters_0001.jpg,Ed_Smart/Ed_Smart_0001.jpg,0,0.97269428
Bertie_Ahern/Bertie_Ahern_0004.jpg,Jim_Leach/Jim_Leach_0001.jpg,0,0.97329819
Bill_OReilly/Bill_OReilly_0001.jpg,Jim_Wessling/Jim_Wessling_0001.jpg,0,0.98929179
Billy_Boyd/Billy_Boyd_0001.jpg,Sid_Caesar/Sid_Caesar_0001.jpg,0,0.98755276
Billy_Donovan/Billy_Donovan_0001.jpg,Brandon_Spann/Brandon_Spann_0001.jpg,0,0.97714877
Billy_Donovan/Billy_Donovan_0001.jpg,Cabas/Cabas_0001.jpg,0,0.99056935
Billy_Donovan/Billy_Donovan_0001.jpg,William_Nessen/William_Nessen_0001.jpg,0,0.97003889
Binyamin_Ben-Eliezer/Binyamin_Ben-Eliezer_0001.jpg,Jenny_Romero/Jenny_Romero_0001.jpg,0,0.96918279
Bo_Ryan/Bo_Ryan_0002.jpg,Heidi_Fleiss/Heidi_Fleiss_0003.jpg,0,0.96161723
Bob_Beauprez/Bob_Beauprez_0002.jpg,Hedayat_Amin_Arsala/Hedayat_Amin_Arsala_0001.jpg,0,0.99226660
Bob_Beauprez/Bob_Beauprez_0002.jpg,John_Norquist/John_Norquist_0001.jpg,0,0.97923648
Bob_Hayes/Bob_Hayes_0001.jpg,Zhu_Rongji/Zhu_Rongji_0008.jpg,0,0.97408605
Brady_Rodgers/Brady_Rodgers_0001.jpg,Jenna_Elfman/Jenna_Elfman_0001.jpg,0,0.98482180
Brandon_Larson/Brandon_Larson_0001.jpg,Chita_Rivera/Chita_Rivera_0001.jpg,0,0.96099734
Brendan_Hansen/Brendan_Hansen_0002.jpg,Dorothy_Wilson/Dorothy_Wilson_0001.jpg,0,0.96361017
Caio_Blat/Caio_Blat_0001.jpg,Sanja_Papic/Sanja_Papic_0001.jpg,0,0.97222471
Carlos_Quintanilla_Schmidt/Carlos_Quintanilla_Schmidt_0001.jpg,Nova_Esther_Guthrie/Nova_Esther_Guthrie_0001.jpg,0,0.96102047
Carlos_Quintanilla_Schmidt/Carlos_Quintanilla_Schmidt_0002.jpg,Chris_Thomas/Chris_Thomas_0001.jpg,0,0.96397614
Carroll_Weimer/Carroll_Weimer_0001.jpg,Chris_Pronger/Chris_Pronger_0001.jpg,0,0.96896136
Carroll_Weimer/Carroll_Weimer_0001.jpg,Debbie_Reynolds/Debbie_Reynolds_0002.jpg,0,0.96583843
Cecilia_Bolocco/Cecilia_Bolocco_0001.jpg,John_Perrota/John_Perrota_0001.jpg,0,0.96826768
Cecilia_Bolocco/Cecilia_Bolocco_0001.jpg,Kurt_Schottenheimer/Kurt_Schottenheimer_0001.jpg,0,0.97543293
Celia_Cruz/Celia_Cruz_0001.jpg,Rob_Ramsay/Rob_Ramsay_0001.jpg,0,0.99045908
Charlie_Zaa/Charlie_Zaa_0002.jpg,Theo_Epstein/Theo_Epstein_0002.jpg,0,0.97451234
Chris_Pronger/Chris_Pronger_0001.jpg,Edgar_Savisaar/Edgar_Savisaar_0001.jpg,0,0.98097593
Christian_Longo/Christian_Longo_0002.jpg,David_Carradine/David_Carradine_0001.jpg,0,0.96944928
Christian_Wulff/Christian_Wulff_0002.jpg,Kjell_Magne_Bondevik/Kjell_Magne_Bondevik_0003.jpg,0,0.99339581
Cindy_Klassen/Cindy_Klassen_0001.jpg,Val_Ackerman/Val_Ackerman_0001.jpg,0,0.99177110
Cindy_Taylor/Cindy_Taylor_0001.jpg,Fabian_Vargas/Fabian_Vargas_0001.jpg,0,0.97244370
Claudette_Robinson/Claudette_Robinson_0001.jpg,Eric_Fehr/Eric_Fehr_0001.jpg,0,0.98133057
Clifford_Robinson/Clifford_Robinson_0001.jpg,Magdalena_Maleeva/Magdalena_Maleeva_0002.jpg,0,0.97107112
Clifford_Robinson/Clifford_Robinson_0001.jpg,Shirley_Jones/Shirley_Jones_0001.jpg,0,0.97109187
Clifford_Robinson/Clifford_Robinson_0001.jpg,Tim_Howard/Tim_Howard_0001.jpg,0,0.98764753
Colin_Jackson/Colin_Jackson_0001.jpg,Marcelo_Ebrard/Marcelo_Ebrard_0003.jpg,0,0.96321660
Colin_Jackson/Colin_Jackson_0002.jpg,Hunter_Bates/Hunter_Bates_0001.jpg,0,0.96601701
Columba_Bush/Columba_Bush_0001.jpg,Larry_Anderson/Larry_Anderson_0001.jpg,0,0.96085823
Columba_Bush/Columba_Bush_0001.jpg,Neil_Goldman/Neil_Goldman_0001.jpg,0,0.96061093
Craig_Fitzgibbon/Craig_Fitzgibbon_0001.jpg,Joe_Dumars/Joe_Dumars_0001.jpg,0,0.97243220
Cristian_Barros/Cristian_Barros_0001.jpg,Steve_Largent/Steve_Largent_0001.jpg,0,0.96627289
Curtis_Strange/Curtis_Strange_0001.jpg,Kurt_Schottenheimer/Kurt_Schottenheimer_0001.jpg,0,0.98298311
Curtis_Strange/Curtis_Strange_0001.jpg,Raul_Chacon/Raul_Chacon_0001.jpg,0,0.97372913
Dan_Kellner/Dan_Kellner_0001.jpg,Freda_Black/Freda_Black_0001.jpg,0,0.98420304
Dan_LaCoutre/Dan_LaCoutre_0001.jpg,Gustavo_Kuerten/Gustavo_Kuerten_0002.jpg,0,0.99528265
Dan_Monson/Dan_Monson_0001.jpg,Jim_Flaherty/Jim_Flaherty_0001.jpg,0,0.98133898
Dan_Monson/Dan_Monson_0001.jpg,Rafael_Vinoly/Rafael_Vinoly_0001.jpg,0,0.97323549
Darrell_Porter/Darrell_Porter_0002.jpg,Robert_Towne/Robert_Towne_0001.jpg,0,0.95982242
Dave_Campo/Dave_Campo_0002.jpg,Jenny_Romero/Jenny_Romero_0001.jpg,0,0.95976138
David_Ballantyne/David_Ballantyne_0001.jpg,Diana_Taurasi/Diana_Taurasi_0002.jpg,0,0.95832098
David_Carradine/David_Carradine_0001.jpg,Kobe_Bryant/Kobe_Bryant_0001.jpg,0,0.96109056
David_Dodge/David_Dodge_0001.jpg,Francois_Botha/Francois_Botha_0001.jpg,0,0.99383783
David_Dodge/David_Dodge_0001.jpg,Larry_Anderson/Larry_Anderson_0001.jpg,0,0.98343444
David_Dodge/David_Dodge_0002.jpg,Thomas_Wyman/Thomas_Wyman_0002.jpg,0,0.99158800
David_Heyman/David_Heyman_0001.jpg,Rod_Paige/Rod_Paige_0001.jpg,0,0.97553194
David_Oh/David_Oh_0001.jpg,Desiree_McKenzie/Desiree_McKenzie_0001.jpg,0,0.96854240
David_Oh/David_Oh_0001.jpg,Joe_Garner/Joe_Garner_0001.jpg,0,0.96067387
David_Spade/David_Spade_0002.jpg,Denise_Locke/Denise_Locke_0001.jpg,0,0.96623635
David_Suazo/David_Suazo_0001.jpg,Jane_Krakowski/Jane_Krakowski_0001.jpg,0,0.97050476
David_Wells/David_Wells_0001.jpg,Mary_Hill/Mary_Hill_0001.jpg,0,0.96988273
David_Wells/David_Wells_0001.jpg,Yannos_Papantoniou/Yannos_Papantoniou_0001.jpg,0,0.97353530
Dawna_LoPiccolo/Dawna_LoPiccolo_0001.jpg,Jean-Claude_Juncker/Jean-Claude_Juncker_0002.jpg,0,0.98167837
Debbie_Reynolds/Debbie_Reynolds_0001.jpg,Nick_Nolte/Nick_Nolte_0001.jpg,0,0.96186280
Deniz_Baykal/Deniz_Baykal_0001.jpg,Kathy_Bates/Kathy_Bates_0001.jpg,0,0.96997130
Deniz_Baykal/Deniz_Baykal_0001.jpg,Robin_Wagner/Robin_Wagner_0001.jpg,0,0.95468313
Desiree_McKenzie/Desiree_McKenzie_0001.jpg,John_Danforth/John_Danforth_0001.jpg,0,0.95882976
Dick_Devine/Dick_Devine_0001.jpg,Michael_Jackson/Michael_Jackson_0009.jpg,0,0.96731335
Dinora_Rosales/Dinora_Rosales_0001.jpg,Robbie_Fowler/Robbie_Fowler_0001.jpg,0,0.96826327
Dirk_Kempthorne/Dirk_Kempthorne_0001.jpg,Janusz_Kaminski/Janusz_Kaminski_0001.jpg,0,0.97290623
Donald_Evans/Donald_Evans_0002.jpg,Fred_Funk/Fred_Funk_0002.jpg,0,0.97716177
Dorothy_Wilson/Dorothy_Wilson_0001.jpg,Jim_Thome/Jim_Thome_0001.jpg,0,0.97697496
Drew_Gooden/Drew_Gooden_0001.jpg,Kimi_Raikkonen/Kimi_Raikkonen_0003.jpg,0,0.97154629
Dwain_Kyles/Dwain_Kyles_0001.jpg,Gregory_Peck/Gregory_Peck_0001.jpg,0,0.96862996
Ed_Smart/Ed_Smart_0003.jpg,Jason_Gardner/Jason_Gardner_0001.jpg,0,0.96147698
Edgar_Savisaar/Edgar_Savisaar_0001.jpg,Kirk_Doerger/Kirk_Doerger_0001.jpg,0,0.98731023
Edward_Burns/Edward_Burns_0001.jpg,Paul_ONeill/Paul_ONeill_0001.jpg,0,0.97458863
Elmar_Brok/Elmar_Brok_0001.jpg,Jose_Jose/Jose_Jose_0001.jpg,0,0.96703601
Emily_Mortimer/Emily_Mortimer_0001.jpg,Maria_Simon/Maria_Simon_0001.jpg,0,0.99286890
Enos_Slaughter/Enos_Slaughter_0001.jpg,Qais_al-Kazali/Qais_al-Kazali_0001.jpg,0,0.95837355
Eric_Fehr/Eric_Fehr_0001.jpg,Lee_Jun/Lee_Jun_0002.jpg,0,0.96585613
Eric_Fehr/Eric_Fehr_0001.jpg,Tamara_Mowry/Tamara_Mowry_0001.jpg,0,0.96479332
Faisal_Saleh_Hayat/Faisal_Saleh_Hayat_0001.jpg,Marwan_Barghouthi/Marwan_Barghouthi_0001.jpg,0,0.98934847
Federico_Castelan_Sayre/Federico_Castelan_Sayre_0001.jpg,Jimmy_Jimenez/Jimmy_Jimenez_0001.jpg,0,0.97714525
Fiona_Milne/Fiona_Milne_0001.jpg,Hartmut_Mehdorn/Hartmut_Mehdorn_0001.jpg,0,0.96464676
Fiona_Milne/Fiona_Milne_0001.jpg,Josh_Kronfeld/Josh_Kronfeld_0001.jpg,0,0.96587050
Floyd_Keith/Floyd_Keith_0001.jpg,Halle_Berry/Halle_Berry_0001.jpg,0,0.96625948
Franklin_Brown/Franklin_Brown_0001.jpg,Michael_Jackson/Michael_Jackson_0010.jpg,0,0.97574365
Franklin_Brown/Franklin_Brown_0001.jpg,Tamara_Mowry/Tamara_Mowry_0001.jpg,0,0.96207309
Franklin_Brown/Franklin_Brown_0001.jpg,Yolanda_King/Yolanda_King_0001.jpg,0,0.96758360
Freda_Black/Freda_Black_0001.jpg,Rod_Paige/Rod_Paige_0001.jpg,0,0.96871632
Fruit_Chan/Fruit_Chan_0001.jpg,Kjell_Magne_Bondevik/Kjell_Magne_Bondevik_0003.jpg,0,0.98439300
Gary_Winnick/Gary_Winnick_0001.jpg,Michael_Patrick_King/Michael_Patrick_King_0002.jpg,0,0.98097700
George_Robertson/George_Robertson_0005.jpg,Robbie_Mc_Ewen/Robbie_Mc_Ewen_0001.jpg,0,0.96254319
Gloria_Trevi/Gloria_Trevi_0004.jpg,William_Ragland/William_Ragland_0001.jpg,0,0.97350693
Grace_Dodd/Grace_Dodd_0001.jpg,Henrique_Meirelles/Henrique_Meirelles_0001.jpg,0,0.95679891
Graeme_Lloyd/Graeme_Lloyd_0001.jpg,Humberto_Coelho/Humberto_Coelho_0001.jpg,0,0.97617567
Graeme_Lloyd/Graeme_Lloyd_0001.jpg,Laura_Pausini/Laura_Pausini_0001.jpg,0,0.96190798
Greg_Rusedski/Greg_Rusedski_0002.jpg,Horace_Newcomb/Horace_Newcomb_0001.jpg,0,0.97626090
Greg_Rusedski/Greg_Rusedski_0003.jpg,Javier_Bardem/Javier_Bardem_0001.jpg,0,0.96567535
Greg_Rusedski/Greg_Rusedski_0003.jpg,Marcos_Milinkovic/Marcos_Milinkovic_0001.jpg,0,0.99155986
Gregory_Peck/Gregory_Peck_0001.jpg,Jacqueline_Obradors/Jacqueline_Obradors_0001.jpg,0,0.95594168
Guillermo_Ruiz_Polanco/Guillermo_Ruiz_Polanco_0001.jpg,Jon_Constance/Jon_Constance_0001.jpg,0,0.98955238
Gustavo_Kuerten/Gustavo_Kuerten_0001.jpg,Rani_Mukherjee/Rani_Mukherjee_0001.jpg,0,0.97255605
Halle_Berry/Halle_Berry_0012.jpg,Janet_Chandler/Janet_Chandler_0001.jpg,0,0.97028691
Hartmut_Mehdorn/Hartmut_Mehdorn_0001.jpg,Natanaela_Barnova/Natanaela_Barnova_0001.jpg,0,0.97605062
Hartmut_Mehdorn/Hartmut_Mehdorn_0001.jpg,Sanja_Papic/Sanja_Papic_0001.jpg,0,0.97021925
Hartmut_Mehdorn/Hartmut_Mehdorn_0001.jpg,Svetlana_Belousova/Svetlana_Belousova_0001.jpg,0,0.96872294
Haydar_Aliyev/Haydar_Aliyev_0001.jpg,Nuon_Chea/Nuon_Chea_0001.jpg,0,0.98563647
Heather_Willson/Heather_Willson_0001.jpg,Lynn_Redgrave/Lynn_Redgrave_0003.jpg,0,0.97322464
Hector_Mitelman/Hector_Mitelman_0001.jpg,Jon_Gruden/Jon_Gruden_0002.jpg,0,0.99079216
Helo_Pinheiro/Helo_Pinheiro_0001.jpg,Robert_Durst/Robert_Durst_0001.jpg,0,0.96523094
Herman_Edwards/Herman_Edwards_0001.jpg,Patrick_Eaves/Patrick_Eaves_0001.jpg,0,0.98465014
Hermogenes_Ebdane_Jr/Hermogenes_Ebdane_Jr_0001.jpg,Sanja_Papic/Sanja_Papic_0001.jpg,0,0.97163165
Horace_Newcomb/Horace_Newcomb_0001.jpg,Stephan_Eberharter/Stephan_Eberharter_0001.jpg,0,0.96549928
Hugo_Colace/Hugo_Colace_0001.jpg,Kim_Yun-kyu/Kim_Yun-kyu_0001.jpg,0,0.97031218
Humberto_Coelho/Humberto_Coelho_0001.jpg,Sue_Wicks/Sue_Wicks_0002.jpg,0,0.96983242
Hunter_Bates/Hunter_Bates_0001.jpg,Pedro_Alvarez/Pedro_Alvarez_0001.jpg,0,0.97110546
Hunter_Bates/Hunter_Bates_0001.jpg,William_Rosenberg/William_Rosenberg_0001.jpg,0,0.97062373
Igor_Trunov/Igor_Trunov_0001.jpg,Peter_Sejna/Peter_Sejna_0001.jpg,0,0.98027241
Ivan_Stambolic/Ivan_Stambolic_0001.jpg,Michael_Bloomberg/Michael_Bloomberg_0018.jpg,0,0.98016495
Jack_LaLanne/Jack_LaLanne_0001.jpg,Yves_Brodeur/Yves_Brodeur_0001.jpg,0,0.97079659
Jacqueline_Obradors/Jacqueline_Obradors_0001.jpg,Julie_Taymor/Julie_Taymor_0001.jpg,0,0.99636668
Jada_Pinkett_Smith/Jada_Pinkett_Smith_0002.jpg,Jenny_Romero/Jenny_Romero_0001.jpg,0,0.97837675
James_Cunningham/James_Cunningham_0003.jpg,Stephen_Daldry/Stephen_Daldry_0001.jpg,0,0.98203421
James_Gibson/James_Gibson_0001.jpg,Roger_Corbett/Roger_Corbett_0001.jpg,0,0.96420532
James_Parker/James_Parker_0001.jpg,Saeed_Mortazavi/Saeed_Mortazavi_0001.jpg,0,0.97447634
Jane_Krakowski/Jane_Krakowski_0001.jpg,Shingo_Suetsugu/Shingo_Suetsugu_0001.jpg,0,0.96810222
Janice_Goldfinger/Janice_Goldfinger_0001.jpg,Pyar_Jung_Thapa/Pyar_Jung_Thapa_0001.jpg,0,0.95427418
Janusz_Kaminski/Janusz_Kaminski_0001.jpg,Lisa_Stone/Lisa_Stone_0001.jpg,0,0.96465683
Jason_Lezak/Jason_Lezak_0001.jpg,John_Bolton/John_Bolton_0004.jpg,0,0.97057414
Jason_Lezak/Jason_Lezak_0001.jpg,Simon_Cowell/Simon_Cowell_0001.jpg,0,0.97939670
Javier_Vazquez/Javier_Vazquez_0001.jpg,Karin_Stoiber/Karin_Stoiber_0002.jpg,0,0.96692985
Jay_Rasulo/Jay_Rasulo_0001.jpg,Nova_Esther_Guthrie/Nova_Esther_Guthrie_0001.jpg,0,0.97409201
Jean-Marc_Olive/Jean-Marc_Olive_0001.jpg,John_Timoney/John_Timoney_0001.jpg,0,0.97957003
Jean-Marc_Olive/Jean-Marc_Olive_0001.jpg,Tino_Martinez/Tino_Martinez_0001.jpg,0,0.97932887
Jeri_Ryan/Jeri_Ryan_0001.jpg,Nova_Esther_Guthrie/Nova_Esther_Guthrie_0001.jpg,0,0.97873390
Jeri_Ryan/Jeri_Ryan_0001.jpg,Peter_Goldmark/Peter_Goldmark_0001.jpg,0,0.96688098
Jeri_Ryan/Jeri_Ryan_0001.jpg,Scott_Sullivan/Scott_Sullivan_0002.jpg,0,0.97482204
Jeri_Ryan/Jeri_Ryan_0001.jpg,Skip_Prosser/Skip_Prosser_0001.jpg,0,0.97758389
Jesse_James_Leija/Jesse_James_Leija_0002.jpg,Joaquin_Phoenix/Joaquin_Phoenix_0001.jpg,0,0.97700697
Jesse_James_Leija/Jesse_James_Leija_0002.jpg,Nick_Nolte/Nick_Nolte_0004.jpg,0,0.97264117
Jesse_Ventura/Jesse_Ventura_0002.jpg,Lela_Rochon/Lela_Rochon_0001.jpg,0,0.96331364
Jessica_Biel/Jessica_Biel_0001.jpg,Jim_Fassel/Jim_Fassel_0001.jpg,0,0.96997249
Jim_Flaherty/Jim_Flaherty_0001.jpg,Mark_Andrew/Mark_Andrew_0001.jpg,0,0.97991711
Jim_Tressel/Jim_Tressel_0003.jpg,Ralf_Schumacher/Ralf_Schumacher_0003.jpg,0,0.97612178
Jimmy_Jimenez/Jimmy_Jimenez_0001.jpg,Miles_Stewart/Miles_Stewart_0001.jpg,0,0.97628558
Jimmy_Lee/Jimmy_Lee_0001.jpg,Nova_Esther_Guthrie/Nova_Esther_Guthrie_0001.jpg,0,0.97507316
Joan_Laporta/Joan_Laporta_0003.jpg,Roy_Romanow/Roy_Romanow_0001.jpg,0,0.97513521
Joaquin_Phoenix/Joaquin_Phoenix_0001.jpg,Rainer_Geulen/Rainer_Geulen_0001.jpg,0,0.95869404
Joe_Dumars/Joe_Dumars_0002.jpg,Timothy_McVeigh/Timothy_McVeigh_0001.jpg,0,0.96974027
John_Bolton/John_Bolton_0014.jpg,Kim_Yun-kyu/Kim_Yun-kyu_0001.jpg,0,0.98066020
John_Kerr/John_Kerr_0001.jpg,Li_Changchun/Li_Changchun_0001.jpg,0,0.96628445
John_Swofford/John_Swofford_0002.jpg,Sok_An/Sok_An_0001.jpg,0,0.98298776
Juan_Fernandez/Juan_Fernandez_0001.jpg,Paul_Krueger/Paul_Krueger_0001.jpg,0,0.98042899
Juan_Fernandez/Juan_Fernandez_0001.jpg,Suzanne_Mubarak/Suzanne_Mubarak_0001.jpg,0,0.95559466
Justin_Wilson/Justin_Wilson_0001.jpg,Larry_Hagman/Larry_Hagman_0001.jpg,0,0.95336604
Justin_Wilson/Justin_Wilson_0001.jpg,Ray_Bradbury/Ray_Bradbury_0001.jpg,0,0.96087098
Kara_Lynn_Joyce/Kara_Lynn_Joyce_0001.jpg,Zach_Pillar/Zach_Pillar_0001.jpg,0,0.94981319
Kim_Chinn/Kim_Chinn_0001.jpg,Robert_Flodquist/Robert_Flodquist_0001.jpg,0,0.95755339
Kim_Chinn/Kim_Chinn_0001.jpg,Ruth_Harlow/Ruth_Harlow_0002.jpg,0,0.97645605
Kim_Yong-il/Kim_Yong-il_0002.jpg,Linda_Ham/Linda_Ham_0001.jpg,0,0.96212405
Kwon_Yang-sook/Kwon_Yang-sook_0003.jpg,Tommy_Robredo/Tommy_Robredo_0001.jpg,0,0.96343833
Lane_Bryant/Lane_Bryant_0001.jpg,Yannos_Papantoniou/Yannos_Papantoniou_0001.jpg,0,0.95874798
Larry_Hagman/Larry_Hagman_0001.jpg,Teddy_Kollek/Teddy_Kollek_0001.jpg,0,0.98924726
Larry_Hagman/Larry_Hagman_0001.jpg,Val_Ackerman/Val_Ackerman_0001.jpg,0,0.97008777
Laura_Gobai/Laura_Gobai_0001.jpg,Robin_Wagner/Robin_Wagner_0001.jpg,0,0.96686471
Laura_Pausini/Laura_Pausini_0001.jpg,Thad_Matta/Thad_Matta_0001.jpg,0,0.96839660
Laura_Romero/Laura_Romero_0001.jpg,Paula_Zahn/Paula_Zahn_0002.jpg,0,0.96201402
Lee_Jun/Lee_Jun_0001.jpg,Ruth_Pearce/Ruth_Pearce_0001.jpg,0,0.97100347
Lee_Jun/Lee_Jun_0002.jpg,Stephen_Friedman/Stephen_Friedman_0001.jpg,0,0.96257174
Lela_Rochon/Lela_Rochon_0001.jpg,Michael_Haneke/Michael_Haneke_0001.jpg,0,0.96182847
Lela_Rochon/Lela_Rochon_0001.jpg,Yannos_Papantoniou/Yannos_Papantoniou_0001.jpg,0,0.95698750
Lesley_Flood/Lesley_Flood_0001.jpg,Peter_Goldmark/Peter_Goldmark_0001.jpg,0,0.96271038
Li_Changchun/Li_Changchun_0001.jpg,Pieter_Bouw/Pieter_Bouw_0001.jpg,0,0.97703612
Lina_Krasnoroutskaya/Lina_Krasnoroutskaya_0001.jpg,Troy_Polamalu/Troy_Polamalu_0001.jpg,0,0.96602458
Linda_Lingle/Linda_Lingle_0001.jpg,Victor_Hanescu/Victor_Hanescu_0001.jpg,0,0.97189760
Lisa_Stone/Lisa_Stone_0001.jpg,Rod_Paige/Rod_Paige_0001.jpg,0,0.96626258
Lisa_Stone/Lisa_Stone_0001.jpg,Scott_Sullivan/Scott_Sullivan_0002.jpg,0,0.96731424
Lou_Lang/Lou_Lang_0001.jpg,Nova_Esther_Guthrie/Nova_Esther_Guthrie_0001.jpg,0,0.97656143
Luc_Montagnier/Luc_Montagnier_0001.jpg,Paul_Krueger/Paul_Krueger_0001.jpg,0,0.98163974
Luc_Montagnier/Luc_Montagnier_0001.jpg,Pedro_Alvarez/Pedro_Alvarez_0001.jpg,0,0.97738570
Luc_Montagnier/Luc_Montagnier_0001.jpg,Pierre_Pettigrew/Pierre_Pettigrew_0002.jpg,0,0.98158604
Luis_Guzman/Luis_Guzman_0001.jpg,Patsy_Kensit/Patsy_Kensit_0001.jpg,0,0.97093010
Marcelo_Ebrard/Marcelo_Ebrard_0002.jpg,Mike_Scioscia/Mike_Scioscia_0002.jpg,0,0.98833358
Marcelo_Rios/Marcelo_Rios_0004.jpg,Maria_Shriver/Maria_Shriver_0003.jpg,0,0.97491229
Marcelo_Rios/Marcelo_Rios_0004.jpg,Pierre_Pettigrew/Pierre_Pettigrew_0001.jpg,0,0.95872194
Marcelo_Rios/Marcelo_Rios_0004.jpg,Saeed_Mortazavi/Saeed_Mortazavi_0001.jpg,0,0.98745275
Margaret_Thatcher/Margaret_Thatcher_0001.jpg,Pedro_Alvarez/Pedro_Alvarez_0001.jpg,0,0.96665817
Margaret_Thatcher/Margaret_Thatcher_0001.jpg,Salman_Rushdie/Salman_Rushdie_0002.jpg,0,0.96060109
Maria_Simon/Maria_Simon_0001.jpg,Mona_Rishmawi/Mona_Rishmawi_0001.jpg,0,0.97161162
Maria_Simon/Maria_Simon_0001.jpg,Robert_Durst/Robert_Durst_0001.jpg,0,0.96961653
Marlon_Devonish/Marlon_Devonish_0001.jpg,Patrick_Clawsen/Patrick_Clawsen_0001.jpg,0,0.98979563
Max_von_Sydow/Max_von_Sydow_0001.jpg,Zhu_Rongji/Zhu_Rongji_0001.jpg,0,0.97350729
Mel_Karmazin/Mel_Karmazin_0001.jpg,Pierre_Pettigrew/Pierre_Pettigrew_0001.jpg,0,0.98115063
Melana_Scantlin/Melana_Scantlin_0001.jpg,William_Ragland/William_Ragland_0001.jpg,0,0.97365099
Michael_Bloomberg/Michael_Bloomberg_0015.jpg,Ozzy_Osbourne/Ozzy_Osbourne_0002.jpg,0,0.97286540
Michael_J_Fox/Michael_J_Fox_0001.jpg,Ricky_Barnes/Ricky_Barnes_0001.jpg,0,0.97929245
Michael_J_Fox/Michael_J_Fox_0001.jpg,Thomas_Daily/Thomas_Daily_0001.jpg,0,0.97572732
Micky_Ward/Micky_Ward_0001.jpg,Takenori_Kanzaki/Takenori_Kanzaki_0001.jpg,0,0.98174345
Mike_Babcock/Mike_Babcock_0001.jpg,Tony_Parker/Tony_Parker_0002.jpg,0,0.95966315
Mike_Martz/Mike_Martz_0005.jpg,William_Burns/William_Burns_0001.jpg,0,0.98243028
Mira_Sorvino/Mira_Sorvino_0001.jpg,Simon_Cowell/Simon_Cowell_0002.jpg,0,0.97531784
Mira_Sorvino/Mira_Sorvino_0001.jpg,Tom_Tunney/Tom_Tunney_0001.jpg,0,0.97354949
Miroljub/Miroljub_0002.jpg,Theo_Epstein/Theo_Epstein_0001.jpg,0,0.96257031
Mitzi_Gaynor/Mitzi_Gaynor_0001.jpg,Ruth_Harlow/Ruth_Harlow_0001.jpg,0,0.96430540
Mohammed_Dahlan/Mohammed_Dahlan_0001.jpg,Ronald_White/Ronald_White_0001.jpg,0,0.97940487
Natanaela_Barnova/Natanaela_Barnova_0001.jpg,Nuon_Chea/Nuon_Chea_0001.jpg,0,0.96866292
Noel_Forgeard/Noel_Forgeard_0001.jpg,Zach_Pillar/Zach_Pillar_0001.jpg,0,0.97919363
Normand_Legault/Normand_Legault_0001.jpg,Omar_Vizquel/Omar_Vizquel_0001.jpg,0,0.97598910
Normand_Legault/Normand_Legault_0001.jpg,Rupert_Grint/Rupert_Grint_0003.jpg,0,0.96203619
Nova_Esther_Guthrie/Nova_Esther_Guthrie_0001.jpg,Stephen_Joseph/Stephen_Joseph_0001.jpg,0,0.97677743
Ontario_Lett/Ontario_Lett_0001.jpg,Wallace_Capel/Wallace_Capel_0001.jpg,0,0.97556120
Orlando_Bloom/Orlando_Bloom_0001.jpg,Ray_Liotta/Ray_Liotta_0001.jpg,0,0.99073637
Patrick_Clawsen/Patrick_Clawsen_0001.jpg,Sandra_Banning/Sandra_Banning_0001.jpg,0,0.98196429
Paul_Coppin/Paul_Coppin_0002.jpg,Rick_Husband/Rick_Husband_0001.jpg,0,0.98461509
Paul_Murphy/Paul_Murphy_0001.jpg,Qazi_Hussain_Ahmed/Qazi_Hussain_Ahmed_0001.jpg,0,0.98199928
Paul_Newman/Paul_Newman_0001.jpg,Robert_Blake/Robert_Blake_0003.jpg,0,0.99431509
Paula_Zahn/Paula_Zahn_0001.jpg,Tamara_Mowry/Tamara_Mowry_0001.jpg,0,0.96588647
Peter_Ahearn/Peter_Ahearn_0001.jpg,Romain_Duris/Romain_Duris_0001.jpg,0,0.97149175
Peter_Gabriel/Peter_Gabriel_0001.jpg,Peter_OToole/Peter_OToole_0001.jpg,0,0.97040021
Peter_Lundgren/Peter_Lundgren_0001.jpg,William_Rosenberg/William_Rosenberg_0001.jpg,0,0.97435302
Peter_OToole/Peter_OToole_0001.jpg,Qazi_Afzal/Qazi_Afzal_0001.jpg,0,0.96988720
Qais_al-Kazali/Qais_al-Kazali_0001.jpg,Ringo_Starr/Ringo_Starr_0001.jpg,0,0.98727018
Randy_Brown/Randy_Brown_0001.jpg,Val_Ackerman/Val_Ackerman_0001.jpg,0,0.96419692
Rani_Mukherjee/Rani_Mukherjee_0001.jpg,Timothy_McVeigh/Timothy_McVeigh_0001.jpg,0,0.97261465
Ringo_Starr/Ringo_Starr_0001.jpg,Zach_Pillar/Zach_Pillar_0001.jpg,0,0.99084044
Roger_Corbett/Roger_Corbett_0001.jpg,Tocker_Pudwill/Tocker_Pudwill_0001.jpg,0,0.96673560
Ruth_Harlow/Ruth_Harlow_0001.jpg,Virgina_Ruano_Pascal/Virgina_Ruano_Pascal_0001.jpg,0,0.96461791
Sandra_Banning/Sandra_Banning_0001.jpg,Wolfgang_Schneiderhan/Wolfgang_Schneiderhan_0001.jpg,0,0.96283746
Scott_Wolf/Scott_Wolf_0002.jpg,Troy_Polamalu/Troy_Polamalu_0001.jpg,0,0.97132903
Sergei_Alexandrovitch_Ordzhonikidze/Sergei_Alexandrovitch_Ordzhonikidze_0001.jpg,Yolanda_King/Yolanda_King_0001.jpg,0,0.96720594
Shane_Loux/Shane_Loux_0001.jpg,Val_Ackerman/Val_Ackerman_0001.jpg,0,0.98457456
Shawn_Marion/Shawn_Marion_0001.jpg,Shirley_Jones/Shirley_Jones_0001.jpg,0,0.96433938
Slobodan_Milosevic/Slobodan_Milosevic_0002.jpg,Sok_An/Sok_An_0001.jpg,0,0.97865582
