image_a,image_b,label,cosine_score
Abel_Pacheco/Abel_Pacheco_0001.jpg,Abel_Pacheco/Abel_Pacheco_0004.jpg,1,0.45508462
Akhmed_Zakayev/Akhmed_Zakayev_0001.jpg,Akhmed_Zakayev/Akhmed_Zakayev_0003.jpg,1,0.79887462
Akhmed_Zakayev/Akhmed_Zakayev_0002.jpg,Akhmed_Zakayev/Akhmed_Zakayev_0003.jpg,1,0.71670383
Amber_Tamblyn/Amber_Tamblyn_0001.jpg,Amber_Tamblyn/Amber_Tamblyn_0002.jpg,1,0.65385699
Anders_Fogh_Rasmussen/Anders_Fogh_Rasmussen_0001.jpg,Anders_Fogh_Rasmussen/Anders_Fogh_Rasmussen_0003.jpg,1,0.60561746
Anders_Fogh_Rasmussen/Anders_Fogh_Rasmussen_0001.jpg,Anders_Fogh_Rasmussen/Anders_Fogh_Rasmussen_0004.jpg,1,0.54328680
Angela_Bassett/Angela_Bassett_0001.jpg,Angela_Bassett/Angela_Bassett_0005.jpg,1,0.62046778
Angela_Bassett/Angela_Bassett_0002.jpg,Angela_Bassett/Angela_Bassett_0005.jpg,1,0.49654078
Angela_Bassett/Angela_Bassett_0003.jpg,Angela_Bassett/Angela_Bassett_0004.jpg,1,0.03286345
Ann_Veneman/Ann_Veneman_0003.jpg,Ann_Veneman/Ann_Veneman_0005.jpg,1,0.64949381
Ann_Veneman/Ann_Veneman_0006.jpg,Ann_Veneman/Ann_Veneman_0010.jpg,1,0.28413707
Ann_Veneman/Ann_Veneman_0010.jpg,Ann_Veneman/Ann_Veneman_0011.jpg,1,0.27924275
Anthony_Fauci/Anthony_Fauci_0001.jpg,Anthony_Fauci/Anthony_Fauci_0002.jpg,1,0.62185174
Antony_Leung/Antony_Leung_0001.jpg,Antony_Leung/Antony_Leung_0002.jpg,1,0.57574201
Antony_Leung/Antony_Leung_0002.jpg,Antony_Leung/Antony_Leung_0003.jpg,1,0.58729243
Anwar_Ibrahim/Anwar_Ibrahim_0001.jpg,Anwar_Ibrahim/Anwar_Ibrahim_0002.jpg,1,0.46506506
Augusto_Pinochet/Augusto_Pinochet_0001.jpg,Augusto_Pinochet/Augusto_Pinochet_0002.jpg,1,0.86558199
Barbara_Brezigar/Barbara_Brezigar_0001.jpg,Barbara_Brezigar/Barbara_Brezigar_0002.jpg,1,0.57147533
Benjamin_Netanyahu/Benjamin_Netanyahu_0001.jpg,Benjamin_Netanyahu/Benjamin_Netanyahu_0004.jpg,1,0.71026886
Benjamin_Netanyahu/Benjamin_Netanyahu_0004.jpg,Benjamin_Netanyahu/Benjamin_Netanyahu_0005.jpg,1,0.45065966
Bernard_Law/Bernard_Law_0002.jpg,Bernard_Law/Bernard_Law_0003.jpg,1,0.46789256
Bernard_Law/Bernard_Law_0003.jpg,Bernard_Law/Bernard_Law_0004.jpg,1,0.63789099
Bertrand_Bonello/Bertrand_Bonello_0001.jpg,Bertrand_Bonello/Bertrand_Bonello_0002.jpg,1,0.62591803
Bill_Frist/Bill_Frist_0002.jpg,Bill_Frist/Bill_Frist_0009.jpg,1,0.32586855
Bill_Frist/Bill_Frist_0004.jpg,Bill_Frist/Bill_Frist_0005.jpg,1,0.16753119
Bob_Graham/Bob_Graham_0002.jpg,Bob_Graham/Bob_Graham_0004.jpg,1,0.61039978
Bob_Graham/Bob_Graham_0003.jpg,Bob_Graham/Bob_Graham_0006.jpg,1,0.67310071
Bob_Graham/Bob_Graham_0004.jpg,Bob_Graham/Bob_Graham_0006.jpg,1,0.51981580
Bob_Graham/Bob_Graham_0005.jpg,Bob_Graham/Bob_Graham_0006.jpg,1,0.54460216
Boris_Becker/Boris_Becker_0002.jpg,Boris_Becker/Boris_Becker_0006.jpg,1,0.38442156
Brad_Johnson/Brad_Johnson_0001.jpg,Brad_Johnson/Brad_Johnson_0003.jpg,1,0.48963934
Brad_Johnson/Brad_Johnson_0002.jpg,Brad_Johnson/Brad_Johnson_0003.jpg,1,0.61878204
Brad_Johnson/Brad_Johnson_0002.jpg,Brad_Johnson/Brad_Johnson_0004.jpg,1,0.50850868
Brian_Griese/Brian_Griese_0001.jpg,Brian_Griese/Brian_Griese_0002.jpg,1,0.62530982
Candice_Bergen/Candice_Bergen_0001.jpg,Candice_Bergen/Candice_Bergen_0002.jpg,1,0.34432447
Candice_Bergen/Candice_Bergen_0002.jpg,Candice_Bergen/Candice_Bergen_0003.jpg,1,0.48625639
Carla_Myers/Carla_Myers_0001.jpg,Carla_Myers/Carla_Myers_0002.jpg,1,0.60088778
Cathy_Freeman/Cathy_Freeman_0001.jpg,Cathy_Freeman/Cathy_Freeman_0002.jpg,1,0.37473291
Chang_Dae-whan/Chang_Dae-whan_0001.jpg,Chang_Dae-whan/Chang_Dae-whan_0002.jpg,1,0.68560112
Charles_Grassley/Charles_Grassley_0001.jpg,Charles_Grassley/Charles_Grassley_0002.jpg,1,0.54671240
Clare_Short/Clare_Short_0001.jpg,Clare_Short/Clare_Short_0003.jpg,1,0.54254329
Clare_Short/Clare_Short_0001.jpg,Clare_Short/Clare_Short_0004.jpg,1,0.55301732
Corinne_Coman/Corinne_Coman_0001.jpg,Corinne_Coman/Corinne_Coman_0002.jpg,1,0.69513029
Dai_Bachtiar/Dai_Bachtiar_0001.jpg,Dai_Bachtiar/Dai_Bachtiar_0002.jpg,1,0.54962361
Dale_Earnhardt_Jr/Dale_Earnhardt_Jr_0001.jpg,Dale_Earnhardt_Jr/Dale_Earnhardt_Jr_0003.jpg,1,0.25446475
David_Caruso/David_Caruso_0001.jpg,David_Caruso/David_Caruso_0002.jpg,1,0.52021372
Demi_Moore/Demi_Moore_0001.jpg,Demi_Moore/Demi_Moore_0003.jpg,1,0.51811773
Dick_Vermeil/Dick_Vermeil_0001.jpg,Dick_Vermeil/Dick_Vermeil_0002.jpg,1,0.44358072
Doris_Roberts/Doris_Roberts_0001.jpg,Doris_Roberts/Doris_Roberts_0002.jpg,1,0.48228684
Doris_Roberts/Doris_Roberts_0001.jpg,Doris_Roberts/Doris_Roberts_0003.jpg,1,0.45713615
Drew_Barrymore/Drew_Barrymore_0001.jpg,Drew_Barrymore/Drew_Barrymore_0002.jpg,1,0.18052849
Edmund_Stoiber/Edmund_Stoiber_0004.jpg,Edmund_Stoiber/Edmund_Stoiber_0007.jpg,1,0.65055090
Edmund_Stoiber/Edmund_Stoiber_0005.jpg,Edmund_Stoiber/Edmund_Stoiber_0007.jpg,1,0.50458086
Edmund_Stoiber/Edmund_Stoiber_0007.jpg,Edmund_Stoiber/Edmund_Stoiber_0012.jpg,1,0.48382109
Edmund_Stoiber/Edmund_Stoiber_0009.jpg,Edmund_Stoiber/Edmund_Stoiber_0011.jpg,1,0.61495221
Elinor_Caplan/Elinor_Caplan_0001.jpg,Elinor_Caplan/Elinor_Caplan_0002.jpg,1,0.61351705
Emmanuelle_Beart/Emmanuelle_Beart_0001.jpg,Emmanuelle_Beart/Emmanuelle_Beart_0002.jpg,1,0.56717491
Emmanuelle_Beart/Emmanuelle_Beart_0001.jpg,Emmanuelle_Beart/Emmanuelle_Beart_0003.jpg,1,0.79660082
Federico_Trillo/Federico_Trillo_0001.jpg,Federico_Trillo/Federico_Trillo_0002.jpg,1,0.44197923
Federico_Trillo/Federico_Trillo_0001.jpg,Federico_Trillo/Federico_Trillo_0003.jpg,1,0.36848864
Federico_Trillo/Federico_Trillo_0002.jpg,Federico_Trillo/Federico_Trillo_0003.jpg,1,0.58735776
Francis_Ford_Coppola/Francis_Ford_Coppola_0001.jpg,Francis_Ford_Coppola/Francis_Ford_Coppola_0002.jpg,1,0.63530242
Fred_Thompson/Fred_Thompson_0001.jpg,Fred_Thompson/Fred_Thompson_0002.jpg,1,0.61472690
Fred_Thompson/Fred_Thompson_0001.jpg,Fred_Thompson/Fred_Thompson_0003.jpg,1,0.62555385
Fred_Thompson/Fred_Thompson_0002.jpg,Fred_Thompson/Fred_Thompson_0003.jpg,1,0.67651570
Garry_Trudeau/Garry_Trudeau_0001.jpg,Garry_Trudeau/Garry_Trudeau_0002.jpg,1,0.66672444
Gary_Williams/Gary_Williams_0001.jpg,Gary_Williams/Gary_Williams_0002.jpg,1,0.54060578
Gene_Robinson/Gene_Robinson_0001.jpg,Gene_Robinson/Gene_Robinson_0002.jpg,1,0.56433070
Gene_Robinson/Gene_Robinson_0001.jpg,Gene_Robinson/Gene_Robinson_0003.jpg,1,0.33414310
Gene_Robinson/Gene_Robinson_0002.jpg,Gene_Robinson/Gene_Robinson_0003.jpg,1,0.38672239
George_Galloway/George_Galloway_0001.jpg,George_Galloway/George_Galloway_0003.jpg,1,0.39190042
George_Galloway/George_Galloway_0002.jpg,George_Galloway/George_Galloway_0003.jpg,1,0.77886063
George_Galloway/George_Galloway_0002.jpg,George_Galloway/George_Galloway_0004.jpg,1,0.38787681
Geraldine_Chaplin/Geraldine_Chaplin_0001.jpg,Geraldine_Chaplin/Geraldine_Chaplin_0002.jpg,1,0.71763533
Geraldine_Chaplin/Geraldine_Chaplin_0001.jpg,Geraldine_Chaplin/Geraldine_Chaplin_0004.jpg,1,0.56394601
Geraldine_Chaplin/Geraldine_Chaplin_0003.jpg,Geraldine_Chaplin/Geraldine_Chaplin_0004.jpg,1,0.69877952
Gerardo_Gambala/Gerardo_Gambala_0001.jpg,Gerardo_Gambala/Gerardo_Gambala_0002.jpg,1,0.61008281
Gian_Marco/Gian_Marco_0001.jpg,Gian_Marco/Gian_Marco_0002.jpg,1,0.58032256
Gian_Marco/Gian_Marco_0002.jpg,Gian_Marco/Gian_Marco_0003.jpg,1,0.45490825
Gillian_Anderson/Gillian_Anderson_0001.jpg,Gillian_Anderson/Gillian_Anderson_0002.jpg,1,0.46524304
Gordon_Brown/Gordon_Brown_0006.jpg,Gordon_Brown/Gordon_Brown_0009.jpg,1,0.54539317
Gordon_Brown/Gordon_Brown_0010.jpg,Gordon_Brown/Gordon_Brown_0013.jpg,1,0.39653710
Grant_Hackett/Grant_Hackett_0001.jpg,Grant_Hackett/Grant_Hackett_0002.jpg,1,0.71944612
Grant_Hackett/Grant_Hackett_0001.jpg,Grant_Hackett/Grant_Hackett_0003.jpg,1,0.72660279
Grant_Hackett/Grant_Hackett_0001.jpg,Grant_Hackett/Grant_Hackett_0005.jpg,1,0.66687495
Gray_Davis/Gray_Davis_0007.jpg,Gray_Davis/Gray_Davis_0022.jpg,1,0.55392110
Gray_Davis/Gray_Davis_0021.jpg,Gray_Davis/Gray_Davis_0026.jpg,1,0.57674885
Gregg_Popovich/Gregg_Popovich_0001.jpg,Gregg_Popovich/Gregg_Popovich_0005.jpg,1,0.45881218
Gregg_Popovich/Gregg_Popovich_0003.jpg,Gregg_Popovich/Gregg_Popovich_0004.jpg,1,0.45520070
Guy_Ritchie/Guy_Ritchie_0001.jpg,Guy_Ritchie/Guy_Ritchie_0002.jpg,1,0.37805960
Hamzah_Haz/Hamzah_Haz_0001.jpg,Hamzah_Haz/Hamzah_Haz_0002.jpg,1,0.39936849
Harbhajan_Singh/Harbhajan_Singh_0001.jpg,Harbhajan_Singh/Harbhajan_Singh_0002.jpg,1,0.46096152
Hootie_Johnson/Hootie_Johnson_0001.jpg,Hootie_Johnson/Hootie_Johnson_0002.jpg,1,0.35714978
Hugo_Chavez/Hugo_Chavez_0002.jpg,Hugo_Chavez/Hugo_Chavez_0027.jpg,1,0.64157796
Hugo_Chavez/Hugo_Chavez_0027.jpg,Hugo_Chavez/Hugo_Chavez_0053.jpg,1,0.54527813
Hugo_Chavez/Hugo_Chavez_0036.jpg,Hugo_Chavez/Hugo_Chavez_0051.jpg,1,0.56473672
Hugo_Chavez/Hugo_Chavez_0041.jpg,Hugo_Chavez/Hugo_Chavez_0050.jpg,1,0.68599451
Hugo_Chavez/Hugo_Chavez_0045.jpg,Hugo_Chavez/Hugo_Chavez_0056.jpg,1,0.60048270
Isaiah_Washington/Isaiah_Washington_0001.jpg,Isaiah_Washington/Isaiah_Washington_0002.jpg,1,0.36165738
Jack_Grubman/Jack_Grubman_0001.jpg,Jack_Grubman/Jack_Grubman_0002.jpg,1,0.56651968
Jacques_Rogge/Jacques_Rogge_0001.jpg,Jacques_Rogge/Jacques_Rogge_0009.jpg,1,0.64359236
Jacques_Rogge/Jacques_Rogge_0003.jpg,Jacques_Rogge/Jacques_Rogge_0007.jpg,1,0.65849537
Jacques_Rogge/Jacques_Rogge_0003.jpg,Jacques_Rogge/Jacques_Rogge_0010.jpg,1,0.60887611
Jacques_Rogge/Jacques_Rogge_0004.jpg,Jacques_Rogge/Jacques_Rogge_0006.jpg,1,0.65846241
Jacques_Rogge/Jacques_Rogge_0004.jpg,Jacques_Rogge/Jacques_Rogge_0009.jpg,1,0.65770727
Jacques_Rogge/Jacques_Rogge_0005.jpg,Jacques_Rogge/Jacques_Rogge_0008.jpg,1,0.50790250
Jacques_Rogge/Jacques_Rogge_0006.jpg,Jacques_Rogge/Jacques_Rogge_0008.jpg,1,0.57029831
James_Caan/James_Caan_0001.jpg,James_Caan/James_Caan_0002.jpg,1,0.63414192
James_Caan/James_Caan_0001.jpg,James_Caan/James_Caan_0003.jpg,1,0.65676504
James_Caan/James_Caan_0002.jpg,James_Caan/James_Caan_0003.jpg,1,0.71944636
James_Jones/James_Jones_0001.jpg,James_Jones/James_Jones_0002.jpg,1,0.44522467
Jamling_Norgay/Jamling_Norgay_0001.jpg,Jamling_Norgay/Jamling_Norgay_0002.jpg,1,0.59151369
Janica_Kostelic/Janica_Kostelic_0001.jpg,Janica_Kostelic/Janica_Kostelic_0002.jpg,1,0.28839862
Jeanne_Moreau/Jeanne_Moreau_0001.jpg,Jeanne_Moreau/Jeanne_Moreau_0002.jpg,1,0.62253547
Jeffrey_Archer/Jeffrey_Archer_0001.jpg,Jeffrey_Archer/Jeffrey_Archer_0002.jpg,1,0.57593805
Jennifer_Garner/Jennifer_Garner_0001.jpg,Jennifer_Garner/Jennifer_Garner_0003.jpg,1,0.44437727
Jennifer_Garner/Jennifer_Garner_0004.jpg,Jennifer_Garner/Jennifer_Garner_0009.jpg,1,0.44841337
Jennifer_Garner/Jennifer_Garner_0005.jpg,Jennifer_Garner/Jennifer_Garner_0006.jpg,1,0.56025982
Jennifer_Garner/Jennifer_Garner_0005.jpg,Jennifer_Garner/Jennifer_Garner_0009.jpg,1,0.63900030
Jennifer_Garner/Jennifer_Garner_0007.jpg,Jennifer_Garner/Jennifer_Garner_0012.jpg,1,0.50504661
Jennifer_Garner/Jennifer_Garner_0008.jpg,Jennifer_Garner/Jennifer_Garner_0011.jpg,1,0.38690174
Jeremy_Greenstock/Jeremy_Greenstock_0002.jpg,Jeremy_Greenstock/Jeremy_Greenstock_0024.jpg,1,0.57603323
Jeremy_Greenstock/Jeremy_Greenstock_0003.jpg,Jeremy_Greenstock/Jeremy_Greenstock_0022.jpg,1,0.50899708
Jeremy_Greenstock/Jeremy_Greenstock_0005.jpg,Jeremy_Greenstock/Jeremy_Greenstock_0011.jpg,1,0.63508058
Jeremy_Greenstock/Jeremy_Greenstock_0010.jpg,Jeremy_Greenstock/Jeremy_Greenstock_0014.jpg,1,0.60981500
Jeremy_Greenstock/Jeremy_Greenstock_0017.jpg,Jeremy_Greenstock/Jeremy_Greenstock_0021.jpg,1,0.48954043
Jessica_Lange/Jessica_Lange_0001.jpg,Jessica_Lange/Jessica_Lange_0002.jpg,1,0.46165857
Jimmy_Carter/Jimmy_Carter_0001.jpg,Jimmy_Carter/Jimmy_Carter_0007.jpg,1,0.68697971
Jimmy_Carter/Jimmy_Carter_0004.jpg,Jimmy_Carter/Jimmy_Carter_0006.jpg,1,0.53101218
Jimmy_Carter/Jimmy_Carter_0005.jpg,Jimmy_Carter/Jimmy_Carter_0008.jpg,1,0.61768949
Jimmy_Carter/Jimmy_Carter_0006.jpg,Jimmy_Carter/Jimmy_Carter_0007.jpg,1,0.59084725
Jodie_Foster/Jodie_Foster_0001.jpg,Jodie_Foster/Jodie_Foster_0002.jpg,1,0.40582690
John_Manley/John_Manley_0001.jpg,John_Manley/John_Manley_0006.jpg,1,0.39893329
John_Manley/John_Manley_0002.jpg,John_Manley/John_Manley_0005.jpg,1,0.53205973
John_McCain/John_McCain_0002.jpg,John_McCain/John_McCain_0003.jpg,1,0.50258684
John_McCain/John_McCain_0003.jpg,John_McCain/John_McCain_0007.jpg,1,0.60732746
John_McCain/John_McCain_0006.jpg,John_McCain/John_McCain_0007.jpg,1,0.64899457
John_Snow/John_Snow_0003.jpg,John_Snow/John_Snow_0015.jpg,1,0.56377029
John_Snow/John_Snow_0004.jpg,John_Snow/John_Snow_0016.jpg,1,0.59650302
John_Snow/John_Snow_0009.jpg,John_Snow/John_Snow_0011.jpg,1,0.46416035
Johnson_Panjaitan/Johnson_Panjaitan_0001.jpg,Johnson_Panjaitan/Johnson_Panjaitan_0002.jpg,1,0.75594151
Jorge_Castaneda/Jorge_Castaneda_0001.jpg,Jorge_Castaneda/Jorge_Castaneda_0002.jpg,1,-0.00883261
Jose_Serra/Jose_Serra_0001.jpg,Jose_Serra/Jose_Serra_0009.jpg,1,0.71863139
Jose_Serra/Jose_Serra_0002.jpg,Jose_Serra/Jose_Serra_0008.jpg,1,0.63534468
Jose_Serra/Jose_Serra_0003.jpg,Jose_Serra/Jose_Serra_0005.jpg,1,0.45115733
Jose_Serra/Jose_Serra_0003.jpg,Jose_Serra/Jose_Serra_0007.jpg,1,0.44326764
Jose_Serra/Jose_Serra_0006.jpg,Jose_Serra/Jose_Serra_0009.jpg,1,0.73639822
Jose_Theodore/Jose_Theodore_0001.jpg,Jose_Theodore/Jose_Theodore_0002.jpg,1,0.38284278
Joseph_Blatter/Joseph_Blatter_0001.jpg,Joseph_Blatter/Joseph_Blatter_0002.jpg,1,0.43588340
Joseph_Ralston/Joseph_Ralston_0001.jpg,Joseph_Ralston/Joseph_Ralston_0002.jpg,1,0.43700284
Juan_Pablo_Montoya/Juan_Pablo_Montoya_0001.jpg,Juan_Pablo_Montoya/Juan_Pablo_Montoya_0008.jpg,1,0.22467610
Juan_Pablo_Montoya/Juan_Pablo_Montoya_0002.jpg,Juan_Pablo_Montoya/Juan_Pablo_Montoya_0004.jpg,1,0.63158751
Juan_Pablo_Montoya/Juan_Pablo_Montoya_0004.jpg,Juan_Pablo_Montoya/Juan_Pablo_Montoya_0005.jpg,1,0.41347227
Julianna_Margulies/Julianna_Margulies_0001.jpg,Julianna_Margulies/Julianna_Margulies_0002.jpg,1,0.02511631
Justin_Guarini/Justin_Guarini_0001.jpg,Justin_Guarini/Justin_Guarini_0002.jpg,1,0.32085648
Justin_Guarini/Justin_Guarini_0002.jpg,Justin_Guarini/Justin_Guarini_0003.jpg,1,0.59567732
Justine_Henin/Justine_Henin_0002.jpg,Justine_Henin/Justine_Henin_0003.jpg,1,0.42364326
Kate_Winslet/Kate_Winslet_0001.jpg,Kate_Winslet/Kate_Winslet_0002.jpg,1,0.44770724
Kate_Winslet/Kate_Winslet_0001.jpg,Kate_Winslet/Kate_Winslet_0004.jpg,1,0.34114304
Kate_Winslet/Kate_Winslet_0002.jpg,Kate_Winslet/Kate_Winslet_0003.jpg,1,0.71387351
Kate_Winslet/Kate_Winslet_0002.jpg,Kate_Winslet/Kate_Winslet_0004.jpg,1,0.61962396
Kathy_Winters/Kathy_Winters_0001.jpg,Kathy_Winters/Kathy_Winters_0002.jpg,1,0.76213014
Kelvin_Sampson/Kelvin_Sampson_0001.jpg,Kelvin_Sampson/Kelvin_Sampson_0002.jpg,1,0.66110706
Kevin_Stallings/Kevin_Stallings_0001.jpg,Kevin_Stallings/Kevin_Stallings_0002.jpg,1,0.54418123
Kim_Jong-Il/Kim_Jong-Il_0002.jpg,Kim_Jong-Il/Kim_Jong-Il_0003.jpg,1,0.74825156
Kristin_Davis/Kristin_Davis_0001.jpg,Kristin_Davis/Kristin_Davis_0002.jpg,1,0.72100157
Kristin_Davis/Kristin_Davis_0002.jpg,Kristin_Davis/Kristin_Davis_0003.jpg,1,0.51913798
Lance_Armstrong/Lance_Armstrong_0001.jpg,Lance_Armstrong/Lance_Armstrong_0017.jpg,1,0.53777182
Lance_Armstrong/Lance_Armstrong_0005.jpg,Lance_Armstrong/Lance_Armstrong_0010.jpg,1,0.21520945
Lance_Armstrong/Lance_Armstrong_0007.jpg,Lance_Armstrong/Lance_Armstrong_0011.jpg,1,0.56817180
Lance_Armstrong/Lance_Armstrong_0010.jpg,Lance_Armstrong/Lance_Armstrong_0018.jpg,1,0.51590645
Lance_Armstrong/Lance_Armstrong_0014.jpg,Lance_Armstrong/Lance_Armstrong_0017.jpg,1,0.19970775
Laurent_Jalabert/Laurent_Jalabert_0001.jpg,Laurent_Jalabert/Laurent_Jalabert_0002.jpg,1,0.62117076
Lindsey_Graham/Lindsey_Graham_0001.jpg,Lindsey_Graham/Lindsey_Graham_0002.jpg,1,0.52959114
Lisa_Gottsegen/Lisa_Gottsegen_0001.jpg,Lisa_Gottsegen/Lisa_Gottsegen_0002.jpg,1,0.64567208
Lleyton_Hewitt/Lleyton_Hewitt_0001.jpg,Lleyton_Hewitt/Lleyton_Hewitt_0013.jpg,1,0.45985329
Lleyton_Hewitt/Lleyton_Hewitt_0016.jpg,Lleyton_Hewitt/Lleyton_Hewitt_0027.jpg,1,0.74040800
Lleyton_Hewitt/Lleyton_Hewitt_0018.jpg,Lleyton_Hewitt/Lleyton_Hewitt_0037.jpg,1,0.54596305
Lleyton_Hewitt/Lleyton_Hewitt_0024.jpg,Lleyton_Hewitt/Lleyton_Hewitt_0036.jpg,1,0.62586200
Luis_Ernesto_Derbez_Bautista/Luis_Ernesto_Derbez_Bautista_0003.jpg,Luis_Ernesto_Derbez_Bautista/Luis_Ernesto_Derbez_Bautista_0006.jpg,1,0.48558745
Mario_Dumont/Mario_Dumont_0001.jpg,Mario_Dumont/Mario_Dumont_0002.jpg,1,0.35083297
Mark_Wahlberg/Mark_Wahlberg_0001.jpg,Mark_Wahlberg/Mark_Wahlberg_0003.jpg,1,0.16379312
Mark_Wahlberg/Mark_Wahlberg_0002.jpg,Mark_Wahlberg/Mark_Wahlberg_0003.jpg,1,0.37443131
Mark_Wahlberg/Mark_Wahlberg_0002.jpg,Mark_Wahlberg/Mark_Wahlberg_0004.jpg,1,0.62726337
Marlene_Weingartner/Marlene_Weingartner_0001.jpg,Marlene_Weingartner/Marlene_Weingartner_0002.jpg,1,0.27564132
Martha_Bowen/Martha_Bowen_0001.jpg,Martha_Bowen/Martha_Bowen_0002.jpg,1,0.30308545
Martin_Cauchon/Martin_Cauchon_0001.jpg,Martin_Cauchon/Martin_Cauchon_0002.jpg,1,0.70890117
Martin_Hoellwarth/Martin_Hoellwarth_0001.jpg,Martin_Hoellwarth/Martin_Hoellwarth_0002.jpg,1,0.33049414
Martin_Sheen/Martin_Sheen_0001.jpg,Martin_Sheen/Martin_Sheen_0002.jpg,1,0.56536227
Matthew_Broderick/Matthew_Broderick_0001.jpg,Matthew_Broderick/Matthew_Broderick_0004.jpg,1,0.44940802
Matthew_Broderick/Matthew_Broderick_0002.jpg,Matthew_Broderick/Matthew_Broderick_0003.jpg,1,0.47529724
Mike_Krzyzewski/Mike_Krzyzewski_0001.jpg,Mike_Krzyzewski/Mike_Krzyzewski_0006.jpg,1,0.34176701
Mikhail_Gorbachev/Mikhail_Gorbachev_0001.jpg,Mikhail_Gorbachev/Mikhail_Gorbachev_0002.jpg,1,0.08808468
Monica_Bellucci/Monica_Bellucci_0001.jpg,Monica_Bellucci/Monica_Bellucci_0004.jpg,1,0.18052694
Monica_Bellucci/Monica_Bellucci_0002.jpg,Monica_Bellucci/Monica_Bellucci_0004.jpg,1,0.15367165
Naomi_Campbell/Naomi_Campbell_0001.jpg,Naomi_Campbell/Naomi_Campbell_0002.jpg,1,0.63536716
Nestor_Kirchner/Nestor_Kirchner_0003.jpg,Nestor_Kirchner/Nestor_Kirchner_0030.jpg,1,0.51749134
Nestor_Kirchner/Nestor_Kirchner_0012.jpg,Nestor_Kirchner/Nestor_Kirchner_0021.jpg,1,0.60381699
Nestor_Kirchner/Nestor_Kirchner_0017.jpg,Nestor_Kirchner/Nestor_Kirchner_0025.jpg,1,0.60694283
Nicolas_Lapentti/Nicolas_Lapentti_0001.jpg,Nicolas_Lapentti/Nicolas_Lapentti_0002.jpg,1,0.38352871
Noah_Wyle/Noah_Wyle_0002.jpg,Noah_Wyle/Noah_Wyle_0003.jpg,1,0.63898253
Nora_Bendijo/Nora_Bendijo_0001.jpg,Nora_Bendijo/Nora_Bendijo_0002.jpg,1,0.16247568
Nursultan_Nazarbayev/Nursultan_Nazarbayev_0001.jpg,Nursultan_Nazarbayev/Nursultan_Nazarbayev_0002.jpg,1,0.07842480
Pamela_Anderson/Pamela_Anderson_0001.jpg,Pamela_Anderson/Pamela_Anderson_0002.jpg,1,0.60174191
Pamela_Anderson/Pamela_Anderson_0001.jpg,Pamela_Anderson/Pamela_Anderson_0005.jpg,1,-0.03000995
Patricia_Heaton/Patricia_Heaton_0001.jpg,Patricia_Heaton/Patricia_Heaton_0002.jpg,1,0.55746853
Patty_Schnyder/Patty_Schnyder_0001.jpg,Patty_Schnyder/Patty_Schnyder_0002.jpg,1,0.39700875
Patty_Schnyder/Patty_Schnyder_0002.jpg,Patty_Schnyder/Patty_Schnyder_0003.jpg,1,0.53740221
Patty_Schnyder/Patty_Schnyder_0002.jpg,Patty_Schnyder/Patty_Schnyder_0004.jpg,1,0.56801748
Patty_Schnyder/Patty_Schnyder_0003.jpg,Patty_Schnyder/Patty_Schnyder_0004.jpg,1,0.58481091
Paul_Bremer/Paul_Bremer_0006.jpg,Paul_Bremer/Paul_Bremer_0017.jpg,1,0.55579925
Paul_Bremer/Paul_Bremer_0007.jpg,Paul_Bremer/Paul_Bremer_0010.jpg,1,0.70745802
Paul_Bremer/Paul_Bremer_0009.jpg,Paul_Bremer/Paul_Bremer_0015.jpg,1,0.52650416
Paul_Bremer/Paul_Bremer_0014.jpg,Paul_Bremer/Paul_Bremer_0016.jpg,1,0.61506867
Paul_Sarbanes/Paul_Sarbanes_0001.jpg,Paul_Sarbanes/Paul_Sarbanes_0003.jpg,1,0.57336193
Paul_Sarbanes/Paul_Sarbanes_0002.jpg,Paul_Sarbanes/Paul_Sarbanes_0003.jpg,1,0.57628310
Paul_William_Hurley/Paul_William_Hurley_0001.jpg,Paul_William_Hurley/Paul_William_Hurley_0002.jpg,1,0.76154965
Pervez_Musharraf/Pervez_Musharraf_0001.jpg,Pervez_Musharraf/Pervez_Musharraf_0006.jpg,1,0.26913923
Pervez_Musharraf/Pervez_Musharraf_0002.jpg,Pervez_Musharraf/Pervez_Musharraf_0016.jpg,1,0.59081262
Pervez_Musharraf/Pervez_Musharraf_0003.jpg,Pervez_Musharraf/Pervez_Musharraf_0010.jpg,1,0.63055992
Pervez_Musharraf/Pervez_Musharraf_0004.jpg,Pervez_Musharraf/Pervez_Musharraf_0014.jpg,1,0.58996189
Pervez_Musharraf/Pervez_Musharraf_0005.jpg,Pervez_Musharraf/Pervez_Musharraf_0007.jpg,1,0.22534007
Pervez_Musharraf/Pervez_Musharraf_0005.jpg,Pervez_Musharraf/Pervez_Musharraf_0015.jpg,1,0.24840575
Phil_Gramm/Phil_Gramm_0001.jpg,Phil_Gramm/Phil_Gramm_0002.jpg,1,0.32486761
Prince_Edward/Prince_Edward_0001.jpg,Prince_Edward/Prince_Edward_0002.jpg,1,0.42361927
Ricardo_Lagos/Ricardo_Lagos_0003.jpg,Ricardo_Lagos/Ricardo_Lagos_0012.jpg,1,0.74774683
Ricardo_Lagos/Ricardo_Lagos_0023.jpg,Ricardo_Lagos/Ricardo_Lagos_0027.jpg,1,0.49931729
Ricardo_Monasterio/Ricardo_Monasterio_0001.jpg,Ricardo_Monasterio/Ricardo_Monasterio_0002.jpg,1,0.71052110
Rich_Gannon/Rich_Gannon_0001.jpg,Rich_Gannon/Rich_Gannon_0002.jpg,1,0.55667716
Rick_Perry/Rick_Perry_0001.jpg,Rick_Perry/Rick_Perry_0004.jpg,1,0.56517398
Rick_Perry/Rick_Perry_0001.jpg,Rick_Perry/Rick_Perry_0005.jpg,1,0.53617537
Rick_Perry/Rick_Perry_0002.jpg,Rick_Perry/Rick_Perry_0004.jpg,1,0.51793754
Rick_Perry/Rick_Perry_0003.jpg,Rick_Perry/Rick_Perry_0004.jpg,1,0.70110255
Robert_Bonner/Robert_Bonner_0002.jpg,Robert_Bonner/Robert_Bonner_0003.jpg,1,0.53311944
Robert_Evans/Robert_Evans_0002.jpg,Robert_Evans/Robert_Evans_0003.jpg,1,0.08158809
Robert_Fico/Robert_Fico_0001.jpg,Robert_Fico/Robert_Fico_0002.jpg,1,0.44270468
Romano_Prodi/Romano_Prodi_0003.jpg,Romano_Prodi/Romano_Prodi_0005.jpg,1,0.42140120
Roy_Moore/Roy_Moore_0002.jpg,Roy_Moore/Roy_Moore_0005.jpg,1,0.29321611
Roy_Moore/Roy_Moore_0003.jpg,Roy_Moore/Roy_Moore_0006.jpg,1,0.41037518
Sachiko_Yamada/Sachiko_Yamada_0001.jpg,Sachiko_Yamada/Sachiko_Yamada_0002.jpg,1,0.66270673
Sachiko_Yamada/Sachiko_Yamada_0001.jpg,Sachiko_Yamada/Sachiko_Yamada_0004.jpg,1,0.32504916
Sachiko_Yamada/Sachiko_Yamada_0002.jpg,Sachiko_Yamada/Sachiko_Yamada_0003.jpg,1,0.56755781
Sachiko_Yamada/Sachiko_Yamada_0002.jpg,Sachiko_Yamada/Sachiko_Yamada_0004.jpg,1,0.36068112
Saeb_Erekat/Saeb_Erekat_0001.jpg,Saeb_Erekat/Saeb_Erekat_0002.jpg,1,0.45112813
Sam_Bith/Sam_Bith_0001.jpg,Sam_Bith/Sam_Bith_0002.jpg,1,0.69650459
Sam_Bith/Sam_Bith_0001.jpg,Sam_Bith/Sam_Bith_0003.jpg,1,0.61736143
Sam_Bith/Sam_Bith_0002.jpg,Sam_Bith/Sam_Bith_0003.jpg,1,0.60006666
Sean_Hayes/Sean_Hayes_0001.jpg,Sean_Hayes/Sean_Hayes_0002.jpg,1,0.57316053
Sergio_Garcia/Sergio_Garcia_0001.jpg,Sergio_Garcia/Sergio_Garcia_0002.jpg,1,0.31659812
Silvia_Farina_Elia/Silvia_Farina_Elia_0001.jpg,Silvia_Farina_Elia/Silvia_Farina_Elia_0002.jpg,1,0.44992682
Steve_Ballmer/Steve_Ballmer_0001.jpg,Steve_Ballmer/Steve_Ballmer_0002.jpg,1,0.55996746
Steve_Ballmer/Steve_Ballmer_0001.jpg,Steve_Ballmer/Steve_Ballmer_0003.jpg,1,0.53454143
Stockard_Channing/Stockard_Channing_0001.jpg,Stockard_Channing/Stockard_Channing_0003.jpg,1,0.55725306
Stockard_Channing/Stockard_Channing_0002.jpg,Stockard_Channing/Stockard_Channing_0003.jpg,1,0.58422321
Terry_McAuliffe/Terry_McAuliffe_0001.jpg,Terry_McAuliffe/Terry_McAuliffe_0002.jpg,1,0.44975474
Terry_McAuliffe/Terry_McAuliffe_0001.jpg,Terry_McAuliffe/Terry_McAuliffe_0003.jpg,1,0.42304641
Thomas_Rupprath/Thomas_Rupprath_0001.jpg,Thomas_Rupprath/Thomas_Rupprath_0003.jpg,1,0.39932925
Thomas_Rupprath/Thomas_Rupprath_0002.jpg,Thomas_Rupprath/Thomas_Rupprath_0003.jpg,1,0.49040028
Tom_Ridge/Tom_Ridge_0006.jpg,Tom_Ridge/Tom_Ridge_0016.jpg,1,0.67014116
Tom_Ridge/Tom_Ridge_0008.jpg,Tom_Ridge/Tom_Ridge_0025.jpg,1,0.59083712
Tom_Ridge/Tom_Ridge_0009.jpg,Tom_Ridge/Tom_Ridge_0026.jpg,1,0.57478535
Tom_Ridge/Tom_Ridge_0018.jpg,Tom_Ridge/Tom_Ridge_0022.jpg,1,0.53776002
Tommy_Haas/Tommy_Haas_0004.jpg,Tommy_Haas/Tommy_Haas_0005.jpg,1,0.39636812
Tommy_Thompson/Tommy_Thompson_0001.jpg,Tommy_Thompson/Tommy_Thompson_0002.jpg,1,0.52608824
Tommy_Thompson/Tommy_Thompson_0001.jpg,Tommy_Thompson/Tommy_Thompson_0007.jpg,1,0.51641452
Tommy_Thompson/Tommy_Thompson_0002.jpg,Tommy_Thompson/Tommy_Thompson_0008.jpg,1,0.72396886
Tommy_Thompson/Tommy_Thompson_0004.jpg,Tommy_Thompson/Tommy_Thompson_0008.jpg,1,0.75526780
Tommy_Thompson/Tommy_Thompson_0006.jpg,Tommy_Thompson/Tommy_Thompson_0009.jpg,1,0.54934335
Tomoko_Hagiwara/Tomoko_Hagiwara_0001.jpg,Tomoko_Hagiwara/Tomoko_Hagiwara_0002.jpg,1,0.02618853
Trent_Lott/Trent_Lott_0001.jpg,Trent_Lott/Trent_Lott_0002.jpg,1,0.60099083
Trent_Lott/Trent_Lott_0002.jpg,Trent_Lott/Trent_Lott_0003.jpg,1,0.37158832
Trent_Lott/Trent_Lott_0002.jpg,Trent_Lott/Trent_Lott_0008.jpg,1,0.50200784
Trent_Lott/Trent_Lott_0006.jpg,Trent_Lott/Trent_Lott_0011.jpg,1,0.68505371
Trent_Lott/Trent_Lott_0007.jpg,Trent_Lott/Trent_Lott_0010.jpg,1,0.10335253
Trent_Lott/Trent_Lott_0008.jpg,Trent_Lott/Trent_Lott_0016.jpg,1,0.49947119
Tsutomu_Takebe/Tsutomu_Takebe_0001.jpg,Tsutomu_Takebe/Tsutomu_Takebe_0002.jpg,1,0.76727515
Tyler_Hamilton/Tyler_Hamilton_0001.jpg,Tyler_Hamilton/Tyler_Hamilton_0002.jpg,1,0.51486880
Tyra_Banks/Tyra_Banks_0001.jpg,Tyra_Banks/Tyra_Banks_0002.jpg,1,0.70905423
Vaclav_Havel/Vaclav_Havel_0002.jpg,Vaclav_Havel/Vaclav_Havel_0004.jpg,1,0.42120439
Vaclav_Havel/Vaclav_Havel_0002.jpg,Vaclav_Havel/Vaclav_Havel_0005.jpg,1,0.47653553
Vaclav_Havel/Vaclav_Havel_0002.jpg,Vaclav_Havel/Vaclav_Havel_0006.jpg,1,0.42604131
Vaclav_Havel/Vaclav_Havel_0004.jpg,Vaclav_Havel/Vaclav_Havel_0009.jpg,1,0.60363227
Vaclav_Havel/Vaclav_Havel_0005.jpg,Vaclav_Havel/Vaclav_Havel_0007.jpg,1,0.68976551
Valerie_Harper/Valerie_Harper_0001.jpg,Valerie_Harper/Valerie_Harper_0002.jpg,1,0.41036695
Vince_Carter/Vince_Carter_0003.jpg,Vince_Carter/Vince_Carter_0004.jpg,1,0.56812191
Vincent_Brooks/Vincent_Brooks_0002.jpg,Vincent_Brooks/Vincent_Brooks_0003.jpg,1,0.67907512
Vincent_Brooks/Vincent_Brooks_0002.jpg,Vincent_Brooks/Vincent_Brooks_0007.jpg,1,0.58377963
Vincent_Brooks/Vincent_Brooks_0004.jpg,Vincent_Brooks/Vincent_Brooks_0005.jpg,1,0.52436316
Vincent_Brooks/Vincent_Brooks_0004.jpg,Vincent_Brooks/Vincent_Brooks_0007.jpg,1,0.43583757
Vincent_Gallo/Vincent_Gallo_0001.jpg,Vincent_Gallo/Vincent_Gallo_0002.jpg,1,0.70067090
Vitali_Klitschko/Vitali_Klitschko_0001.jpg,Vitali_Klitschko/Vitali_Klitschko_0002.jpg,1,0.59051323
Vitali_Klitschko/Vitali_Klitschko_0003.jpg,Vitali_Klitschko/Vitali_Klitschko_0004.jpg,1,0.38979465
William_Macy/William_Macy_0001.jpg,William_Macy/William_Macy_0004.jpg,1,0.70235801
William_Macy/William_Macy_0002.jpg,William_Macy/William_Macy_0004.jpg,1,0.01139325
William_Macy/William_Macy_0003.jpg,William_Macy/William_Macy_0004.jpg,1,0.83641362
Woody_Allen/Woody_Allen_0002.jpg,Woody_Allen/Woody_Allen_0004.jpg,1,0.38275796
Woody_Allen/Woody_Allen_0003.jpg,Woody_Allen/Woody_Allen_0005.jpg,1,0.50719076
Yukiko_Okudo/Yukiko_Okudo_0001.jpg,Yukiko_Okudo/Yukiko_Okudo_0002.jpg,1,0.24946314
Zico/Zico_0001.jpg,Zico/Zico_0002.jpg,1,0.64857793
Zico/Zico_0002.jpg,Zico/Zico_0003.jpg,1,0.69113553
Abdullah_Gul/Abdullah_Gul_0001.jpg,Abdullah_Gul/Abdullah_Gul_0006.jpg,1,0.60753411
Abdullah_Gul/Abdullah_Gul_0001.jpg,Abdullah_Gul/Abdullah_Gul_0008.jpg,1,0.47264868
Abdullah_Gul/Abdullah_Gul_0007.jpg,Abdullah_Gul/Abdullah_Gul_0014.jpg,1,0.64235747
Abdullah_Gul/Abdullah_Gul_0009.jpg,Abdullah_Gul/Abdullah_Gul_0012.jpg,1,0.60753870
Abdullah_Gul/Abdullah_Gul_0009.jpg,Abdullah_Gul/Abdullah_Gul_0015.jpg,1,0.54552341
Adolfo_Rodriguez_Saa/Adolfo_Rodriguez_Saa_0001.jpg,Adolfo_Rodriguez_Saa/Adolfo_Rodriguez_Saa_0002.jpg,1,0.42454532
Adrien_Brody/Adrien_Brody_0002.jpg,Adrien_Brody/Adrien_Brody_0003.jpg,1,0.67574054
Adrien_Brody/Adrien_Brody_0002.jpg,Adrien_Brody/Adrien_Brody_0012.jpg,1,0.33781344
Adrien_Brody/Adrien_Brody_0005.jpg,Adrien_Brody/Adrien_Brody_0010.jpg,1,0.43876579
Adrien_Brody/Adrien_Brody_0007.jpg,Adrien_Brody/Adrien_Brody_0008.jpg,1,0.48598886
Al_Sharpton/Al_Sharpton_0001.jpg,Al_Sharpton/Al_Sharpton_0004.jpg,1,0.53225088
Al_Sharpton/Al_Sharpton_0002.jpg,Al_Sharpton/Al_Sharpton_0004.jpg,1,0.52906740
Al_Sharpton/Al_Sharpton_0002.jpg,Al_Sharpton/Al_Sharpton_0007.jpg,1,0.74605298
Al_Sharpton/Al_Sharpton_0003.jpg,Al_Sharpton/Al_Sharpton_0004.jpg,1,0.58286059
Alexandra_Stevenson/Alexandra_Stevenson_0001.jpg,Alexandra_Stevenson/Alexandra_Stevenson_0002.jpg,1,0.48885167
Alexandra_Stevenson/Alexandra_Stevenson_0001.jpg,Alexandra_Stevenson/Alexandra_Stevenson_0003.jpg,1,0.58145362
Alexandra_Vodjanikova/Alexandra_Vodjanikova_0001.jpg,Alexandra_Vodjanikova/Alexandra_Vodjanikova_0002.jpg,1,0.36037594
Alicia_Silverstone/Alicia_Silverstone_0001.jpg,Alicia_Silverstone/Alicia_Silverstone_0002.jpg,1,0.36109993
Ana_Palacio/Ana_Palacio_0003.jpg,Ana_Palacio/Ana_Palacio_0007.jpg,1,0.54250866
Ana_Palacio/Ana_Palacio_0006.jpg,Ana_Palacio/Ana_Palacio_0008.jpg,1,0.49414590
Andre_Agassi/Andre_Agassi_0001.jpg,Andre_Agassi/Andre_Agassi_0005.jpg,1,0.35243508
Andre_Agassi/Andre_Agassi_0002.jpg,Andre_Agassi/Andre_Agassi_0016.jpg,1,0.52402854
Andre_Agassi/Andre_Agassi_0004.jpg,Andre_Agassi/Andre_Agassi_0033.jpg,1,0.48651934
Andre_Agassi/Andre_Agassi_0009.jpg,Andre_Agassi/Andre_Agassi_0025.jpg,1,0.39462328
Andre_Agassi/Andre_Agassi_0017.jpg,Andre_Agassi/Andre_Agassi_0025.jpg,1,0.53250492
Anna_Kournikova/Anna_Kournikova_0002.jpg,Anna_Kournikova/Anna_Kournikova_0003.jpg,1,0.10903890
Anna_Kournikova/Anna_Kournikova_0002.jpg,Anna_Kournikova/Anna_Kournikova_0012.jpg,1,0.40871105
Anna_Kournikova/Anna_Kournikova_0003.jpg,Anna_Kournikova/Anna_Kournikova_0008.jpg,1,0.60307646
Anna_Kournikova/Anna_Kournikova_0007.jpg,Anna_Kournikova/Anna_Kournikova_0008.jpg,1,0.44073361
Anna_Kournikova/Anna_Kournikova_0007.jpg,Anna_Kournikova/Anna_Kournikova_0011.jpg,1,0.15181208
Annette_Lu/Annette_Lu_0001.jpg,Annette_Lu/Annette_Lu_0002.jpg,1,0.58350712
Arnold_Palmer/Arnold_Palmer_0001.jpg,Arnold_Palmer/Arnold_Palmer_0003.jpg,1,0.48985109
Arnold_Palmer/Arnold_Palmer_0002.jpg,Arnold_Palmer/Arnold_Palmer_0003.jpg,1,0.66151762
Aron_Ralston/Aron_Ralston_0001.jpg,Aron_Ralston/Aron_Ralston_0002.jpg,1,0.31964314
Arturo_Gatti/Arturo_Gatti_0002.jpg,Arturo_Gatti/Arturo_Gatti_0003.jpg,1,0.50496435
Bashar_Assad/Bashar_Assad_0001.jpg,Bashar_Assad/Bashar_Assad_0003.jpg,1,0.37398088
Bashar_Assad/Bashar_Assad_0002.jpg,Bashar_Assad/Bashar_Assad_0004.jpg,1,0.51141262
Bernardo_Segura/Bernardo_Segura_0001.jpg,Bernardo_Segura/Bernardo_Segura_0002.jpg,1,0.48120701
Bill_Gates/Bill_Gates_0003.jpg,Bill_Gates/Bill_Gates_0016.jpg,1,0.65512472
Bill_Gates/Bill_Gates_0007.jpg,Bill_Gates/Bill_Gates_0015.jpg,1,0.58966184
Bill_Gates/Bill_Gates_0011.jpg,Bill_Gates/Bill_Gates_0013.jpg,1,0.50178349
Bill_Gates/Bill_Gates_0013.jpg,Bill_Gates/Bill_Gates_0017.jpg,1,0.38845301
Bo_Pelini/Bo_Pelini_0001.jpg,Bo_Pelini/Bo_Pelini_0002.jpg,1,0.63866293
Bob_Stoops/Bob_Stoops_0002.jpg,Bob_Stoops/Bob_Stoops_0004.jpg,1,0.63418686
Bob_Stoops/Bob_Stoops_0002.jpg,Bob_Stoops/Bob_Stoops_0005.jpg,1,0.55599213
Bobby_Robson/Bobby_Robson_0001.jpg,Bobby_Robson/Bobby_Robson_0002.jpg,1,0.66529727
Bode_Miller/Bode_Miller_0001.jpg,Bode_Miller/Bode_Miller_0002.jpg,1,0.48788184
Caroline_Kennedy/Caroline_Kennedy_0001.jpg,Caroline_Kennedy/Caroline_Kennedy_0003.jpg,1,0.59299099
Caroline_Kennedy/Caroline_Kennedy_0002.jpg,Caroline_Kennedy/Caroline_Kennedy_0003.jpg,1,0.62028456
Catherine_Zeta-Jones/Catherine_Zeta-Jones_0001.jpg,Catherine_Zeta-Jones/Catherine_Zeta-Jones_0011.jpg,1,0.06635220
Catherine_Zeta-Jones/Catherine_Zeta-Jones_0004.jpg,Catherine_Zeta-Jones/Catherine_Zeta-Jones_0009.jpg,1,0.24072783
Celso_Amorim/Celso_Amorim_0001.jpg,Celso_Amorim/Celso_Amorim_0002.jpg,1,0.28545427
Chan_Gailey/Chan_Gailey_0001.jpg,Chan_Gailey/Chan_Gailey_0002.jpg,1,0.32438663
Chanda_Rubin/Chanda_Rubin_0002.jpg,Chanda_Rubin/Chanda_Rubin_0005.jpg,1,0.52839154
Chanda_Rubin/Chanda_Rubin_0004.jpg,Chanda_Rubin/Chanda_Rubin_0005.jpg,1,0.59977323
Charles_Bronson/Charles_Bronson_0001.jpg,Charles_Bronson/Charles_Bronson_0002.jpg,1,0.14512041
Charles_Kartman/Charles_Kartman_0001.jpg,Charles_Kartman/Charles_Kartman_0002.jpg,1,0.61856174
Charles_Schumer/Charles_Schumer_0001.jpg,Charles_Schumer/Charles_Schumer_0002.jpg,1,0.22924158
Chris_Rock/Chris_Rock_0001.jpg,Chris_Rock/Chris_Rock_0002.jpg,1,0.59297854
Christine_Baumgartner/Christine_Baumgartner_0001.jpg,Christine_Baumgartner/Christine_Baumgartner_0002.jpg,1,0.27852699
Christine_Baumgartner/Christine_Baumgartner_0002.jpg,Christine_Baumgartner/Christine_Baumgartner_0004.jpg,1,0.46913987
Colin_Farrell/Colin_Farrell_0001.jpg,Colin_Farrell/Colin_Farrell_0007.jpg,1,0.45316604
Colin_Farrell/Colin_Farrell_0002.jpg,Colin_Farrell/Colin_Farrell_0007.jpg,1,0.45266885
Colin_Farrell/Colin_Farrell_0003.jpg,Colin_Farrell/Colin_Farrell_0006.jpg,1,0.02255793
Colin_Farrell/Colin_Farrell_0004.jpg,Colin_Farrell/Colin_Farrell_0008.jpg,1,0.39515030
Dalai_Lama/Dalai_Lama_0001.jpg,Dalai_Lama/Dalai_Lama_0002.jpg,1,0.68064821
Daniel_Radcliffe/Daniel_Radcliffe_0001.jpg,Daniel_Radcliffe/Daniel_Radcliffe_0004.jpg,1,0.25076300
Daryl_Hannah/Daryl_Hannah_0001.jpg,Daryl_Hannah/Daryl_Hannah_0002.jpg,1,0.60813415
David_Anderson/David_Anderson_0001.jpg,David_Anderson/David_Anderson_0002.jpg,1,0.42130196
David_Anderson/David_Anderson_0001.jpg,David_Anderson/David_Anderson_0003.jpg,1,0.37022281
David_Beckham/David_Beckham_0001.jpg,David_Beckham/David_Beckham_0015.jpg,1,0.53333569
David_Beckham/David_Beckham_0009.jpg,David_Beckham/David_Beckham_0016.jpg,1,0.38636768
David_Beckham/David_Beckham_0011.jpg,David_Beckham/David_Beckham_0029.jpg,1,0.52064049
David_Beckham/David_Beckham_0013.jpg,David_Beckham/David_Beckham_0029.jpg,1,0.51004571
David_Beckham/David_Beckham_0015.jpg,David_Beckham/David_Beckham_0024.jpg,1,0.47900099
David_Beckham/David_Beckham_0020.jpg,David_Beckham/David_Beckham_0027.jpg,1,0.47691894
David_Beckham/David_Beckham_0027.jpg,David_Beckham/David_Beckham_0031.jpg,1,0.46283510
Denzel_Washington/Denzel_Washington_0002.jpg,Denzel_Washington/Denzel_Washington_0004.jpg,1,0.32133833
Denzel_Washington/Denzel_Washington_0003.jpg,Denzel_Washington/Denzel_Washington_0005.jpg,1,0.60472190
Dianne_Feinstein/Dianne_Feinstein_0001.jpg,Dianne_Feinstein/Dianne_Feinstein_0002.jpg,1,0.60796368
Dianne_Feinstein/Dianne_Feinstein_0001.jpg,Dianne_Feinstein/Dianne_Feinstein_0003.jpg,1,0.65015614
Dianne_Feinstein/Dianne_Feinstein_0002.jpg,Dianne_Feinstein/Dianne_Feinstein_0003.jpg,1,0.41783571
Dick_Clark/Dick_Clark_0001.jpg,Dick_Clark/Dick_Clark_0002.jpg,1,0.56442583
Dick_Clark/Dick_Clark_0001.jpg,Dick_Clark/Dick_Clark_0003.jpg,1,0.60983598
Donald_Fehr/Donald_Fehr_0001.jpg,Donald_Fehr/Donald_Fehr_0003.jpg,1,0.43657559
Donald_Fehr/Donald_Fehr_0001.jpg,Donald_Fehr/Donald_Fehr_0004.jpg,1,0.41971418
Donald_Fehr/Donald_Fehr_0002.jpg,Donald_Fehr/Donald_Fehr_0003.jpg,1,0.49780479
Donald_Fehr/Donald_Fehr_0003.jpg,Donald_Fehr/Donald_Fehr_0004.jpg,1,0.51639283
Dwayne_Johnson/Dwayne_Johnson_0001.jpg,Dwayne_Johnson/Dwayne_Johnson_0002.jpg,1,0.81023526
Ed_Rosenthal/Ed_Rosenthal_0001.jpg,Ed_Rosenthal/Ed_Rosenthal_0002.jpg,1,0.46090719
Erik_Morales/Erik_Morales_0001.jpg,Erik_Morales/Erik_Morales_0002.jpg,1,0.60681301
Erik_Morales/Erik_Morales_0002.jpg,Erik_Morales/Erik_Morales_0003.jpg,1,0.62516910
Evan_Rachel_Wood/Evan_Rachel_Wood_0002.jpg,Evan_Rachel_Wood/Evan_Rachel_Wood_0003.jpg,1,0.62477642
Evander_Holyfield/Evander_Holyfield_0001.jpg,Evander_Holyfield/Evander_Holyfield_0002.jpg,1,0.34492290
Eve_Pelletier/Eve_Pelletier_0001.jpg,Eve_Pelletier/Eve_Pelletier_0002.jpg,1,0.39351505
Farouk_al-Sharaa/Farouk_al-Sharaa_0001.jpg,Farouk_al-Sharaa/Farouk_al-Sharaa_0002.jpg,1,0.48459816
Farouk_al-Sharaa/Farouk_al-Sharaa_0001.jpg,Farouk_al-Sharaa/Farouk_al-Sharaa_0003.jpg,1,0.69362593
Farouk_al-Sharaa/Farouk_al-Sharaa_0002.jpg,Farouk_al-Sharaa/Farouk_al-Sharaa_0003.jpg,1,0.48142385
Frank_Cassell/Frank_Cassell_0001.jpg,Frank_Cassell/Frank_Cassell_0002.jpg,1,0.55161566
Frank_Cassell/Frank_Cassell_0001.jpg,Frank_Cassell/Frank_Cassell_0003.jpg,1,0.63296425
Fujio_Cho/Fujio_Cho_0001.jpg,Fujio_Cho/Fujio_Cho_0004.jpg,1,0.54164922
Fujio_Cho/Fujio_Cho_0002.jpg,Fujio_Cho/Fujio_Cho_0005.jpg,1,0.72941637
Fujio_Cho/Fujio_Cho_0003.jpg,Fujio_Cho/Fujio_Cho_0005.jpg,1,0.84672236
Fujio_Cho/Fujio_Cho_0004.jpg,Fujio_Cho/Fujio_Cho_0006.jpg,1,0.58493209
Fujio_Cho/Fujio_Cho_0005.jpg,Fujio_Cho/Fujio_Cho_0006.jpg,1,0.52689326
Gao_Qiang/Gao_Qiang_0001.jpg,Gao_Qiang/Gao_Qiang_0002.jpg,1,0.51622319
Geoff_Hoon/Geoff_Hoon_0001.jpg,Geoff_Hoon/Geoff_Hoon_0002.jpg,1,0.56971085
Geoff_Hoon/Geoff_Hoon_0003.jpg,Geoff_Hoon/Geoff_Hoon_0004.jpg,1,0.68877888
Geoff_Hoon/Geoff_Hoon_0004.jpg,Geoff_Hoon/Geoff_Hoon_0005.jpg,1,0.55542445
George_Brumley/George_Brumley_0001.jpg,George_Brumley/George_Brumley_0002.jpg,1,0.51116920
George_Papandreou/George_Papandreou_0001.jpg,George_Papandreou/George_Papandreou_0002.jpg,1,0.44975042
George_Papandreou/George_Papandreou_0001.jpg,George_Papandreou/George_Papandreou_0003.jpg,1,0.67101300
George_Papandreou/George_Papandreou_0001.jpg,George_Papandreou/George_Papandreou_0004.jpg,1,0.59448922
George_Papandreou/George_Papandreou_0003.jpg,George_Papandreou/George_Papandreou_0004.jpg,1,0.61625069
Gloria_Allred/Gloria_Allred_0001.jpg,Gloria_Allred/Gloria_Allred_0002.jpg,1,0.61336446
Greg_Ostertag/Greg_Ostertag_0001.jpg,Greg_Ostertag/Greg_Ostertag_0002.jpg,1,0.35914224
Greg_Owen/Greg_Owen_0001.jpg,Greg_Owen/Greg_Owen_0002.jpg,1,0.63131869
Hanan_Ashrawi/Hanan_Ashrawi_0001.jpg,Hanan_Ashrawi/Hanan_Ashrawi_0002.jpg,1,0.61842370
Harry_Kalas/Harry_Kalas_0001.jpg,Harry_Kalas/Harry_Kalas_0002.jpg,1,0.39357337
Hayley_Tullett/Hayley_Tullett_0001.jpg,Hayley_Tullett/Hayley_Tullett_0002.jpg,1,0.43447226
Howard_Dean/Howard_Dean_0001.jpg,Howard_Dean/Howard_Dean_0003.jpg,1,0.72077668
Howard_Dean/Howard_Dean_0001.jpg,Howard_Dean/Howard_Dean_0007.jpg,1,0.65460259
Howard_Dean/Howard_Dean_0002.jpg,Howard_Dean/Howard_Dean_0008.jpg,1,0.35507631
Howard_Dean/Howard_Dean_0004.jpg,Howard_Dean/Howard_Dean_0005.jpg,1,0.40953761
Howard_Dean/Howard_Dean_0005.jpg,Howard_Dean/Howard_Dean_0012.jpg,1,0.47180080
Hu_Jintao/Hu_Jintao_0004.jpg,Hu_Jintao/Hu_Jintao_0014.jpg,1,0.62083650
Hu_Jintao/Hu_Jintao_0005.jpg,Hu_Jintao/Hu_Jintao_0012.jpg,1,0.65340704
Hu_Jintao/Hu_Jintao_0005.jpg,Hu_Jintao/Hu_Jintao_0015.jpg,1,0.70491308
Hu_Jintao/Hu_Jintao_0011.jpg,Hu_Jintao/Hu_Jintao_0013.jpg,1,0.55855882
Ian_McKellen/Ian_McKellen_0001.jpg,Ian_McKellen/Ian_McKellen_0003.jpg,1,0.42685777
Ibrahim_Jaafari/Ibrahim_Jaafari_0001.jpg,Ibrahim_Jaafari/Ibrahim_Jaafari_0002.jpg,1,0.61519241
Isabella_Rossellini/Isabella_Rossellini_0001.jpg,Isabella_Rossellini/Isabella_Rossellini_0003.jpg,1,0.36214772
Ishaq_Shahryar/Ishaq_Shahryar_0001.jpg,Ishaq_Shahryar/Ishaq_Shahryar_0002.jpg,1,0.08821998
Ismail_Merchant/Ismail_Merchant_0001.jpg,Ismail_Merchant/Ismail_Merchant_0002.jpg,1,0.64392853
Jacques_Chirac/Jacques_Chirac_0002.jpg,Jacques_Chirac/Jacques_Chirac_0043.jpg,1,0.58010066
Jacques_Chirac/Jacques_Chirac_0019.jpg,Jacques_Chirac/Jacques_Chirac_0028.jpg,1,0.63668883
James_Cameron/James_Cameron_0001.jpg,James_Cameron/James_Cameron_0003.jpg,1,0.13979723
James_McGreevey/James_McGreevey_0001.jpg,James_McGreevey/James_McGreevey_0003.jpg,1,0.54112625
James_McGreevey/James_McGreevey_0001.jpg,James_McGreevey/James_McGreevey_0004.jpg,1,0.66418582
Jason_Alexander/Jason_Alexander_0001.jpg,Jason_Alexander/Jason_Alexander_0002.jpg,1,0.53711951
Jason_Kidd/Jason_Kidd_0002.jpg,Jason_Kidd/Jason_Kidd_0008.jpg,1,0.32819599
Jason_Kidd/Jason_Kidd_0003.jpg,Jason_Kidd/Jason_Kidd_0008.jpg,1,0.68704939
Jason_Kidd/Jason_Kidd_0006.jpg,Jason_Kidd/Jason_Kidd_0008.jpg,1,0.46491131
Jelena_Dokic/Jelena_Dokic_0001.jpg,Jelena_Dokic/Jelena_Dokic_0002.jpg,1,0.58774018
Jelena_Dokic/Jelena_Dokic_0002.jpg,Jelena_Dokic/Jelena_Dokic_0004.jpg,1,0.14093372
Jelena_Dokic/Jelena_Dokic_0002.jpg,Jelena_Dokic/Jelena_Dokic_0008.jpg,1,0.47041932
Jelena_Dokic/Jelena_Dokic_0003.jpg,Jelena_Dokic/Jelena_Dokic_0004.jpg,1,0.15195203
Jelena_Dokic/Jelena_Dokic_0004.jpg,Jelena_Dokic/Jelena_Dokic_0005.jpg,1,0.19362593
Jelena_Dokic/Jelena_Dokic_0004.jpg,Jelena_Dokic/Jelena_Dokic_0007.jpg,1,0.27259505
Jelena_Dokic/Jelena_Dokic_0004.jpg,Jelena_Dokic/Jelena_Dokic_0008.jpg,1,0.16502486
Jelena_Dokic/Jelena_Dokic_0005.jpg,Jelena_Dokic/Jelena_Dokic_0006.jpg,1,0.41037056
Jelena_Dokic/Jelena_Dokic_0007.jpg,Jelena_Dokic/Jelena_Dokic_0008.jpg,1,0.34206855
Jennifer_Connelly/Jennifer_Connelly_0001.jpg,Jennifer_Connelly/Jennifer_Connelly_0003.jpg,1,0.68253100
Jennifer_Connelly/Jennifer_Connelly_0001.jpg,Jennifer_Connelly/Jennifer_Connelly_0004.jpg,1,0.66901428
Jennifer_Connelly/Jennifer_Connelly_0002.jpg,Jennifer_Connelly/Jennifer_Connelly_0004.jpg,1,0.62572265
Jennifer_Connelly/Jennifer_Connelly_0003.jpg,Jennifer_Connelly/Jennifer_Connelly_0004.jpg,1,0.77082419
Jennifer_Keller/Jennifer_Keller_0001.jpg,Jennifer_Keller/Jennifer_Keller_0004.jpg,1,0.70201463
Jennifer_Keller/Jennifer_Keller_0003.jpg,Jennifer_Keller/Jennifer_Keller_0004.jpg,1,0.50748372
Jennifer_Reilly/Jennifer_Reilly_0001.jpg,Jennifer_Reilly/Jennifer_Reilly_0002.jpg,1,0.70020020
Jennifer_Thompson/Jennifer_Thompson_0001.jpg,Jennifer_Thompson/Jennifer_Thompson_0002.jpg,1,0.65553212
Jim_Hahn/Jim_Hahn_0001.jpg,Jim_Hahn/Jim_Hahn_0003.jpg,1,0.74206620
Jim_Hahn/Jim_Hahn_0001.jpg,Jim_Hahn/Jim_Hahn_0004.jpg,1,0.43794909
Jim_Hahn/Jim_Hahn_0003.jpg,Jim_Hahn/Jim_Hahn_0004.jpg,1,0.51599872
Johnny_Carson/Johnny_Carson_0001.jpg,Johnny_Carson/Johnny_Carson_0002.jpg,1,0.45156661
Jorge_Batlle/Jorge_Batlle_0001.jpg,Jorge_Batlle/Jorge_Batlle_0002.jpg,1,0.57344717
Jorge_Batlle/Jorge_Batlle_0001.jpg,Jorge_Batlle/Jorge_Batlle_0003.jpg,1,0.28936267
Jorge_Rodolfo_Canicoba_Corral/Jorge_Rodolfo_Canicoba_Corral_0001.jpg,Jorge_Rodolfo_Canicoba_Corral/Jorge_Rodolfo_Canicoba_Corral_0002.jpg,1,0.62654936
Juan_Ignacio_Chela/Juan_Ignacio_Chela_0001.jpg,Juan_Ignacio_Chela/Juan_Ignacio_Chela_0002.jpg,1,0.35175934
Juan_Ignacio_Chela/Juan_Ignacio_Chela_0001.jpg,Juan_Ignacio_Chela/Juan_Ignacio_Chela_0003.jpg,1,0.52274865
Juan_Ignacio_Chela/Juan_Ignacio_Chela_0002.jpg,Juan_Ignacio_Chela/Juan_Ignacio_Chela_0003.jpg,1,0.27743667
Justin_Gatlin/Justin_Gatlin_0001.jpg,Justin_Gatlin/Justin_Gatlin_0002.jpg,1,0.55218053
Karen_Mok/Karen_Mok_0001.jpg,Karen_Mok/Karen_Mok_0002.jpg,1,0.53976113
Katie_Harman/Katie_Harman_0001.jpg,Katie_Harman/Katie_Harman_0002.jpg,1,0.07036597
Katie_Harman/Katie_Harman_0001.jpg,Katie_Harman/Katie_Harman_0003.jpg,1,0.36966309
Katie_Harman/Katie_Harman_0002.jpg,Katie_Harman/Katie_Harman_0003.jpg,1,0.06086446
Kenneth_Branagh/Kenneth_Branagh_0001.jpg,Kenneth_Branagh/Kenneth_Branagh_0002.jpg,1,0.73459220
Kevin_Costner/Kevin_Costner_0001.jpg,Kevin_Costner/Kevin_Costner_0003.jpg,1,0.79251599
Kevin_Costner/Kevin_Costner_0002.jpg,Kevin_Costner/Kevin_Costner_0006.jpg,1,0.25083131
Kevin_Costner/Kevin_Costner_0002.jpg,Kevin_Costner/Kevin_Costner_0008.jpg,1,0.21382171
Kevin_Costner/Kevin_Costner_0006.jpg,Kevin_Costner/Kevin_Costner_0008.jpg,1,0.72848177
Larry_Lindsey/Larry_Lindsey_0001.jpg,Larry_Lindsey/Larry_Lindsey_0002.jpg,1,0.55043876
Leonardo_DiCaprio/Leonardo_DiCaprio_0003.jpg,Leonardo_DiCaprio/Leonardo_DiCaprio_0007.jpg,1,0.70290226
Leonardo_DiCaprio/Leonardo_DiCaprio_0005.jpg,Leonardo_DiCaprio/Leonardo_DiCaprio_0006.jpg,1,0.80356920
Leonardo_DiCaprio/Leonardo_DiCaprio_0006.jpg,Leonardo_DiCaprio/Leonardo_DiCaprio_0008.jpg,1,0.83086705
Lindsay_Davenport/Lindsay_Davenport_0002.jpg,Lindsay_Davenport/Lindsay_Davenport_0010.jpg,1,0.59523135
Lindsay_Davenport/Lindsay_Davenport_0005.jpg,Lindsay_Davenport/Lindsay_Davenport_0009.jpg,1,0.64137614
Lisa_Ling/Lisa_Ling_0001.jpg,Lisa_Ling/Lisa_Ling_0002.jpg,1,0.42380631
Lucy_Liu/Lucy_Liu_0002.jpg,Lucy_Liu/Lucy_Liu_0004.jpg,1,0.33125952
Lucy_Liu/Lucy_Liu_0002.jpg,Lucy_Liu/Lucy_Liu_0005.jpg,1,0.45524621
Lucy_Liu/Lucy_Liu_0003.jpg,Lucy_Liu/Lucy_Liu_0005.jpg,1,0.50202942
Manfred_Stolpe/Manfred_Stolpe_0001.jpg,Manfred_Stolpe/Manfred_Stolpe_0002.jpg,1,0.84213805
Maria_Luisa_Mendonca/Maria_Luisa_Mendonca_0001.jpg,Maria_Luisa_Mendonca/Maria_Luisa_Mendonca_0002.jpg,1,0.57188988
Mario_Kreutzberger/Mario_Kreutzberger_0001.jpg,Mario_Kreutzberger/Mario_Kreutzberger_0002.jpg,1,0.48384368
Melissa_Etheridge/Melissa_Etheridge_0001.jpg,Melissa_Etheridge/Melissa_Etheridge_0002.jpg,1,0.70466703
Michael_Jordan/Michael_Jordan_0001.jpg,Michael_Jordan/Michael_Jordan_0002.jpg,1,0.45199051
Michael_Jordan/Michael_Jordan_0001.jpg,Michael_Jordan/Michael_Jordan_0003.jpg,1,0.58283162
Michael_Jordan/Michael_Jordan_0002.jpg,Michael_Jordan/Michael_Jordan_0004.jpg,1,0.55081987
Mikhail_Youzhny/Mikhail_Youzhny_0001.jpg,Mikhail_Youzhny/Mikhail_Youzhny_0002.jpg,1,0.70046735
Mitchell_Daniels/Mitchell_Daniels_0001.jpg,Mitchell_Daniels/Mitchell_Daniels_0002.jpg,1,0.63264805
Mitchell_Daniels/Mitchell_Daniels_0001.jpg,Mitchell_Daniels/Mitchell_Daniels_0004.jpg,1,0.65118253
Mitchell_Daniels/Mitchell_Daniels_0003.jpg,Mitchell_Daniels/Mitchell_Daniels_0004.jpg,1,0.61506450
Mohammad_Khatami/Mohammad_Khatami_0001.jpg,Mohammad_Khatami/Mohammad_Khatami_0005.jpg,1,0.59373415
Mohammad_Khatami/Mohammad_Khatami_0003.jpg,Mohammad_Khatami/Mohammad_Khatami_0009.jpg,1,0.45279765
Mohammad_Khatami/Mohammad_Khatami_0008.jpg,Mohammad_Khatami/Mohammad_Khatami_0010.jpg,1,0.19429526
Monique_Garbrecht-Enfeldt/Monique_Garbrecht-Enfeldt_0001.jpg,Monique_Garbrecht-Enfeldt/Monique_Garbrecht-Enfeldt_0003.jpg,1,0.59061176
Natalie_Maines/Natalie_Maines_0002.jpg,Natalie_Maines/Natalie_Maines_0005.jpg,1,0.24387570
Natalie_Maines/Natalie_Maines_0004.jpg,Natalie_Maines/Natalie_Maines_0005.jpg,1,0.38605011
Nelson_Mandela/Nelson_Mandela_0001.jpg,Nelson_Mandela/Nelson_Mandela_0003.jpg,1,0.32285064
Norodom_Sihanouk/Norodom_Sihanouk_0001.jpg,Norodom_Sihanouk/Norodom_Sihanouk_0003.jpg,1,0.52444392
Norodom_Sihanouk/Norodom_Sihanouk_0002.jpg,Norodom_Sihanouk/Norodom_Sihanouk_0003.jpg,1,0.68021178
Osama_bin_Laden/Osama_bin_Laden_0002.jpg,Osama_bin_Laden/Osama_bin_Laden_0004.jpg,1,0.59475589
Osama_bin_Laden/Osama_bin_Laden_0003.jpg,Osama_bin_Laden/Osama_bin_Laden_0004.jpg,1,0.76426208
Oxana_Fedorova/Oxana_Fedorova_0001.jpg,Oxana_Fedorova/Oxana_Fedorova_0002.jpg,1,0.45796725
Peter_Bacanovic/Peter_Bacanovic_0001.jpg,Peter_Bacanovic/Peter_Bacanovic_0002.jpg,1,0.45146304
Philippe_Noiret/Philippe_Noiret_0001.jpg,Philippe_Noiret/Philippe_Noiret_0002.jpg,1,0.50998259
Placido_Domingo/Placido_Domingo_0001.jpg,Placido_Domingo/Placido_Domingo_0002.jpg,1,0.58634472
Placido_Domingo/Placido_Domingo_0002.jpg,Placido_Domingo/Placido_Domingo_0003.jpg,1,0.72980130
Prince_William/Prince_William_0001.jpg,Prince_William/Prince_William_0002.jpg,1,0.51911867
Princess_Aiko/Princess_Aiko_0001.jpg,Princess_Aiko/Princess_Aiko_0002.jpg,1,0.50221884
Priscilla_Presley/Priscilla_Presley_0001.jpg,Priscilla_Presley/Priscilla_Presley_0002.jpg,1,0.44876036
Richard_Haass/Richard_Haass_0001.jpg,Richard_Haass/Richard_Haass_0002.jpg,1,0.57973278
Richard_Shelby/Richard_Shelby_0001.jpg,Richard_Shelby/Richard_Shelby_0002.jpg,1,0.59173185
Rick_Barnes/Rick_Barnes_0001.jpg,Rick_Barnes/Rick_Barnes_0002.jpg,1,0.52737182
Rick_Barnes/Rick_Barnes_0001.jpg,Rick_Barnes/Rick_Barnes_0003.jpg,1,0.42261088
Rick_Dinse/Rick_Dinse_0001.jpg,Rick_Dinse/Rick_Dinse_0003.jpg,1,0.67862689
Rick_Dinse/Rick_Dinse_0002.jpg,Rick_Dinse/Rick_Dinse_0003.jpg,1,0.68717480
Rio_Ferdinand/Rio_Ferdinand_0001.jpg,Rio_Ferdinand/Rio_Ferdinand_0002.jpg,1,0.30010405
Rita_Grande/Rita_Grande_0001.jpg,Rita_Grande/Rita_Grande_0002.jpg,1,0.39066684
Rita_Grande/Rita_Grande_0002.jpg,Rita_Grande/Rita_Grande_0003.jpg,1,0.54604363
Robin_McLaurin_Williams/Robin_McLaurin_Williams_0001.jpg,Robin_McLaurin_Williams/Robin_McLaurin_Williams_0002.jpg,1,0.21882182
Saddam_Hussein/Saddam_Hussein_0002.jpg,Saddam_Hussein/Saddam_Hussein_0004.jpg,1,0.58176965
Saddam_Hussein/Saddam_Hussein_0002.jpg,Saddam_Hussein/Saddam_Hussein_0010.jpg,1,0.18934444
Saddam_Hussein/Saddam_Hussein_0003.jpg,Saddam_Hussein/Saddam_Hussein_0011.jpg,1,0.43210623
Saddam_Hussein/Saddam_Hussein_0006.jpg,Saddam_Hussein/Saddam_Hussein_0009.jpg,1,0.75510621
Sally_Field/Sally_Field_0001.jpg,Sally_Field/Sally_Field_0002.jpg,1,0.50979149
Salma_Hayek/Salma_Hayek_0001.jpg,Salma_Hayek/Salma_Hayek_0010.jpg,1,0.65951961
Salma_Hayek/Salma_Hayek_0001.jpg,Salma_Hayek/Salma_Hayek_0011.jpg,1,0.63444906
Sandra_Bullock/Sandra_Bullock_0001.jpg,Sandra_Bullock/Sandra_Bullock_0003.jpg,1,0.55165541
Sandra_Bullock/Sandra_Bullock_0001.jpg,Sandra_Bullock/Sandra_Bullock_0004.jpg,1,0.14175856
Sandra_Bullock/Sandra_Bullock_0002.jpg,Sandra_Bullock/Sandra_Bullock_0004.jpg,1,0.11275288
Sandra_Bullock/Sandra_Bullock_0003.jpg,Sandra_Bullock/Sandra_Bullock_0004.jpg,1,0.18084891
Sarah_Hughes/Sarah_Hughes_0001.jpg,Sarah_Hughes/Sarah_Hughes_0006.jpg,1,0.15306598
Sarah_Hughes/Sarah_Hughes_0002.jpg,Sarah_Hughes/Sarah_Hughes_0005.jpg,1,0.42740926
Sarah_Hughes/Sarah_Hughes_0003.jpg,Sarah_Hughes/Sarah_Hughes_0005.jpg,1,0.30301487
Sarah_Hughes/Sarah_Hughes_0004.jpg,Sarah_Hughes/Sarah_Hughes_0006.jpg,1,0.32542533
Sharon_Frey/Sharon_Frey_0001.jpg,Sharon_Frey/Sharon_Frey_0002.jpg,1,0.65298033
Silvio_Berlusconi/Silvio_Berlusconi_0006.jpg,Silvio_Berlusconi/Silvio_Berlusconi_0030.jpg,1,-0.01144698
Silvio_Berlusconi/Silvio_Berlusconi_0008.jpg,Silvio_Berlusconi/Silvio_Berlusconi_0023.jpg,1,0.53333580
Silvio_Berlusconi/Silvio_Berlusconi_0013.jpg,Silvio_Berlusconi/Silvio_Berlusconi_0021.jpg,1,0.49008808
Silvio_Berlusconi/Silvio_Berlusconi_0017.jpg,Silvio_Berlusconi/Silvio_Berlusconi_0029.jpg,1,0.58560199
Silvio_Berlusconi/Silvio_Berlusconi_0018.jpg,Silvio_Berlusconi/Silvio_Berlusconi_0025.jpg,1,0.58308208
Silvio_Berlusconi/Silvio_Berlusconi_0023.jpg,Silvio_Berlusconi/Silvio_Berlusconi_0028.jpg,1,0.48622870
Silvio_Berlusconi/Silvio_Berlusconi_0024.jpg,Silvio_Berlusconi/Silvio_Berlusconi_0030.jpg,1,0.06820424
Silvio_Berlusconi/Silvio_Berlusconi_0026.jpg,Silvio_Berlusconi/Silvio_Berlusconi_0032.jpg,1,0.75031447
Spencer_Abraham/Spencer_Abraham_0003.jpg,Spencer_Abraham/Spencer_Abraham_0017.jpg,1,0.37355095
Steffi_Graf/Steffi_Graf_0002.jpg,Steffi_Graf/Steffi_Graf_0005.jpg,1,0.47441241
Steffi_Graf/Steffi_Graf_0003.jpg,Steffi_Graf/Steffi_Graf_0004.jpg,1,0.46830553
Steven_Spielberg/Steven_Spielberg_0001.jpg,Steven_Spielberg/Steven_Spielberg_0005.jpg,1,0.50316155
Steven_Spielberg/Steven_Spielberg_0001.jpg,Steven_Spielberg/Steven_Spielberg_0006.jpg,1,0.66316766
Steven_Spielberg/Steven_Spielberg_0003.jpg,Steven_Spielberg/Steven_Spielberg_0006.jpg,1,0.51153737
Steven_Spielberg/Steven_Spielberg_0004.jpg,Steven_Spielberg/Steven_Spielberg_0006.jpg,1,0.50652438
Steven_Spielberg/Steven_Spielberg_0004.jpg,Steven_Spielberg/Steven_Spielberg_0007.jpg,1,0.43007162
Steven_Spielberg/Steven_Spielberg_0006.jpg,Steven_Spielberg/Steven_Spielberg_0007.jpg,1,0.43099865
Theresa_May/Theresa_May_0001.jpg,Theresa_May/Theresa_May_0002.jpg,1,0.70593178
Theresa_May/Theresa_May_0002.jpg,Theresa_May/Theresa_May_0003.jpg,1,0.37320280
Tippi_Hedren/Tippi_Hedren_0001.jpg,Tippi_Hedren/Tippi_Hedren_0002.jpg,1,0.70649183
Todd_Haynes/Todd_Haynes_0001.jpg,Todd_Haynes/Todd_Haynes_0002.jpg,1,0.14144260
Todd_Haynes/Todd_Haynes_0001.jpg,Todd_Haynes/Todd_Haynes_0003.jpg,1,0.08124475
Todd_Haynes/Todd_Haynes_0001.jpg,Todd_Haynes/Todd_Haynes_0004.jpg,1,0.13893928
Todd_Haynes/Todd_Haynes_0002.jpg,Todd_Haynes/Todd_Haynes_0004.jpg,1,0.48832634
Tony_Blair/Tony_Blair_0018.jpg,Tony_Blair/Tony_Blair_0086.jpg,1,0.33930886
Tony_Blair/Tony_Blair_0032.jpg,Tony_Blair/Tony_Blair_0048.jpg,1,0.70765865
Tony_Blair/Tony_Blair_0032.jpg,Tony_Blair/Tony_Blair_0110.jpg,1,0.44004342
Tony_Blair/Tony_Blair_0053.jpg,Tony_Blair/Tony_Blair_0102.jpg,1,0.58836174
Tony_Blair/Tony_Blair_0091.jpg,Tony_Blair/Tony_Blair_0134.jpg,1,0.57671571
Tony_Blair/Tony_Blair_0092.jpg,Tony_Blair/Tony_Blair_0133.jpg,1,0.59397739
Tony_Blair/Tony_Blair_0105.jpg,Tony_Blair/Tony_Blair_0121.jpg,1,0.75769079
Vicente_Fox/Vicente_Fox_0004.jpg,Vicente_Fox/Vicente_Fox_0030.jpg,1,0.65122962
Vicente_Fox/Vicente_Fox_0009.jpg,Vicente_Fox/Vicente_Fox_0016.jpg,1,0.48786813
Vicente_Fox/Vicente_Fox_0011.jpg,Vicente_Fox/Vicente_Fox_0017.jpg,1,0.52470815
Vicente_Fox/Vicente_Fox_0015.jpg,Vicente_Fox/Vicente_Fox_0030.jpg,1,0.59518826
Vojislav_Kostunica/Vojislav_Kostunica_0001.jpg,Vojislav_Kostunica/Vojislav_Kostunica_0003.jpg,1,0.31154457
Vojislav_Kostunica/Vojislav_Kostunica_0002.jpg,Vojislav_Kostunica/Vojislav_Kostunica_0004.jpg,1,0.59588540
Vojislav_Kostunica/Vojislav_Kostunica_0004.jpg,Vojislav_Kostunica/Vojislav_Kostunica_0007.jpg,1,0.74555379
Vojislav_Kostunica/Vojislav_Kostunica_0005.jpg,Vojislav_Kostunica/Vojislav_Kostunica_0007.jpg,1,0.74077725
Walter_Mondale/Walter_Mondale_0001.jpg,Walter_Mondale/Walter_Mondale_0006.jpg,1,0.44748971
Walter_Mondale/Walter_Mondale_0001.jpg,Walter_Mondale/Walter_Mondale_0007.jpg,1,0.45354581
Walter_Mondale/Walter_Mondale_0005.jpg,Walter_Mondale/Walter_Mondale_0007.jpg,1,0.64995170
Walter_Mondale/Walter_Mondale_0006.jpg,Walter_Mondale/Walter_Mondale_0008.jpg,1,0.40459058
Walter_Mondale/Walter_Mondale_0007.jpg,Walter_Mondale/Walter_Mondale_0009.jpg,1,0.66674381
Wang_Yingfan/Wang_Yingfan_0002.jpg,Wang_Yingfan/Wang_Yingfan_0003.jpg,1,0.44029424
William_Bratton/William_Bratton_0001.jpg,William_Bratton/William_Bratton_0003.jpg,1,0.59800500
William_Donaldson/William_Donaldson_0001.jpg,William_Donaldson/William_Donaldson_0005.jpg,1,0.63231182
William_Donaldson/William_Donaldson_0003.jpg,William_Donaldson/William_Donaldson_0005.jpg,1,0.74546891
William_Donaldson/William_Donaldson_0004.jpg,William_Donaldson/William_Donaldson_0006.jpg,1,0.57084441
Xavier_Malisse/Xavier_Malisse_0001.jpg,Xavier_Malisse/Xavier_Malisse_0003.jpg,1,0.54847902
Xavier_Malisse/Xavier_Malisse_0003.jpg,Xavier_Malisse/Xavier_Malisse_0004.jpg,1,0.68516546
Xavier_Malisse/Xavier_Malisse_0003.jpg,Xavier_Malisse/Xavier_Malisse_0005.jpg,1,0.60993218
Yevgeny_Kafelnikov/Yevgeny_Kafelnikov_0001.jpg,Yevgeny_Kafelnikov/Yevgeny_Kafelnikov_0004.jpg,1,0.42331585
Zarai_Toledo/Zarai_Toledo_0001.jpg,Zarai_Toledo/Zarai_Toledo_0002.jpg,1,0.05522159
Aaron_Sorkin/Aaron_Sorkin_0001.jpg,Aaron_Sorkin/Aaron_Sorkin_0002.jpg,1,0.44766676
Abdullah/Abdullah_0001.jpg,Abdullah/Abdullah_0003.jpg,1,0.66874957
Abdullah/Abdullah_0002.jpg,Abdullah/Abdullah_0003.jpg,1,0.48129201
Abdullah/Abdullah_0002.jpg,Abdullah/Abdullah_0004.jpg,1,0.53534812
Abdullah/Abdullah_0003.jpg,Abdullah/Abdullah_0004.jpg,1,0.59169966
Abid_Hamid_Mahmud_Al-Tikriti/Abid_Hamid_Mahmud_Al-Tikriti_0001.jpg,Abid_Hamid_Mahmud_Al-Tikriti/Abid_Hamid_Mahmud_Al-Tikriti_0002.jpg,1,0.49650455
Abid_Hamid_Mahmud_Al-Tikriti/Abid_Hamid_Mahmud_Al-Tikriti_0001.jpg,Abid_Hamid_Mahmud_Al-Tikriti/Abid_Hamid_Mahmud_Al-Tikriti_0003.jpg,1,0.57743394
Alan_Ball/Alan_Ball_0001.jpg,Alan_Ball/Alan_Ball_0002.jpg,1,0.85907841
Albert_Costa/Albert_Costa_0003.jpg,Albert_Costa/Albert_Costa_0005.jpg,1,0.57121694
Albert_Costa/Albert_Costa_0005.jpg,Albert_Costa/Albert_Costa_0006.jpg,1,0.69610965
Ali_Khamenei/Ali_Khamenei_0001.jpg,Ali_Khamenei/Ali_Khamenei_0002.jpg,1,0.59979349
Ali_Khamenei/Ali_Khamenei_0001.jpg,Ali_Khamenei/Ali_Khamenei_0003.jpg,1,0.68718767
Amelia_Vega/Amelia_Vega_0001.jpg,Amelia_Vega/Amelia_Vega_0007.jpg,1,0.52104652
Amelia_Vega/Amelia_Vega_0002.jpg,Amelia_Vega/Amelia_Vega_0007.jpg,1,0.55869305
Amelia_Vega/Amelia_Vega_0003.jpg,Amelia_Vega/Amelia_Vega_0005.jpg,1,0.45310789
Antonio_Banderas/Antonio_Banderas_0001.jpg,Antonio_Banderas/Antonio_Banderas_0005.jpg,1,0.03443718
Antonio_Banderas/Antonio_Banderas_0002.jpg,Antonio_Banderas/Antonio_Banderas_0005.jpg,1,0.36618698
Antonio_Banderas/Antonio_Banderas_0003.jpg,Antonio_Banderas/Antonio_Banderas_0005.jpg,1,0.66088074
Arye_Mekel/Arye_Mekel_0001.jpg,Arye_Mekel/Arye_Mekel_0002.jpg,1,0.75988507
Azra_Akin/Azra_Akin_0001.jpg,Azra_Akin/Azra_Akin_0003.jpg,1,0.75734019
Azra_Akin/Azra_Akin_0001.jpg,Azra_Akin/Azra_Akin_0004.jpg,1,0.76150131
Bernard_Landry/Bernard_Landry_0002.jpg,Bernard_Landry/Bernard_Landry_0003.jpg,1,0.51704711
Bernard_Landry/Bernard_Landry_0002.jpg,Bernard_Landry/Bernard_Landry_0004.jpg,1,0.45372424
Bernard_Landry/Bernard_Landry_0003.jpg,Bernard_Landry/Bernard_Landry_0004.jpg,1,0.44095480
Biljana_Plavsic/Biljana_Plavsic_0001.jpg,Biljana_Plavsic/Biljana_Plavsic_0002.jpg,1,0.69515073
Biljana_Plavsic/Biljana_Plavsic_0001.jpg,Biljana_Plavsic/Biljana_Plavsic_0003.jpg,1,0.71318412
Biljana_Plavsic/Biljana_Plavsic_0002.jpg,Biljana_Plavsic/Biljana_Plavsic_0003.jpg,1,0.64648306
Bob_Hope/Bob_Hope_0001.jpg,Bob_Hope/Bob_Hope_0005.jpg,1,0.30407953
Bob_Hope/Bob_Hope_0003.jpg,Bob_Hope/Bob_Hope_0006.jpg,1,0.26925170
Bob_Hope/Bob_Hope_0004.jpg,Bob_Hope/Bob_Hope_0005.jpg,1,0.13785833
Bob_Hope/Bob_Hope_0004.jpg,Bob_Hope/Bob_Hope_0007.jpg,1,0.21630430
Bridget_Fonda/Bridget_Fonda_0001.jpg,Bridget_Fonda/Bridget_Fonda_0003.jpg,1,0.56058645
Bridget_Fonda/Bridget_Fonda_0002.jpg,Bridget_Fonda/Bridget_Fonda_0003.jpg,1,0.71745366
Carlos_Ruiz/Carlos_Ruiz_0001.jpg,Carlos_Ruiz/Carlos_Ruiz_0003.jpg,1,0.12894514
Carlos_Ruiz/Carlos_Ruiz_0002.jpg,Carlos_Ruiz/Carlos_Ruiz_0003.jpg,1,0.23165058
Carly_Fiorina/Carly_Fiorina_0001.jpg,Carly_Fiorina/Carly_Fiorina_0002.jpg,1,0.30126232
Carly_Fiorina/Carly_Fiorina_0001.jpg,Carly_Fiorina/Carly_Fiorina_0003.jpg,1,0.31903210
Cherie_Blair/Cherie_Blair_0001.jpg,Cherie_Blair/Cherie_Blair_0003.jpg,1,0.60430360
Cherie_Blair/Cherie_Blair_0001.jpg,Cherie_Blair/Cherie_Blair_0004.jpg,1,0.56182778
Cherie_Blair/Cherie_Blair_0002.jpg,Cherie_Blair/Cherie_Blair_0004.jpg,1,0.46064442
Cherie_Blair/Cherie_Blair_0003.jpg,Cherie_Blair/Cherie_Blair_0004.jpg,1,0.62730318
Chuck_Yeager/Chuck_Yeager_0001.jpg,Chuck_Yeager/Chuck_Yeager_0002.jpg,1,0.75671953
Chung_Mong-joon/Chung_Mong-joon_0001.jpg,Chung_Mong-joon/Chung_Mong-joon_0002.jpg,1,0.47933418
Claire_Hentzen/Claire_Hentzen_0001.jpg,Claire_Hentzen/Claire_Hentzen_0002.jpg,1,0.76735717
Claire_Leger/Claire_Leger_0001.jpg,Claire_Leger/Claire_Leger_0002.jpg,1,0.70085478
Darren_Clarke/Darren_Clarke_0001.jpg,Darren_Clarke/Darren_Clarke_0002.jpg,1,0.33144251
David_Caraway/David_Caraway_0001.jpg,David_Caraway/David_Caraway_0002.jpg,1,0.63835269
David_Leahy/David_Leahy_0001.jpg,David_Leahy/David_Leahy_0002.jpg,1,0.38249767
Dick_Cheney/Dick_Cheney_0002.jpg,Dick_Cheney/Dick_Cheney_0014.jpg,1,0.56719720
Dick_Cheney/Dick_Cheney_0003.jpg,Dick_Cheney/Dick_Cheney_0011.jpg,1,0.68658614
Dick_Cheney/Dick_Cheney_0003.jpg,Dick_Cheney/Dick_Cheney_0012.jpg,1,0.68126422
Dick_Cheney/Dick_Cheney_0008.jpg,Dick_Cheney/Dick_Cheney_0010.jpg,1,0.44452870
Dino_de_Laurentis/Dino_de_Laurentis_0001.jpg,Dino_de_Laurentis/Dino_de_Laurentis_0002.jpg,1,0.71627915
Don_Nickles/Don_Nickles_0001.jpg,Don_Nickles/Don_Nickles_0002.jpg,1,0.45132560
Doris_Schroeder/Doris_Schroeder_0001.jpg,Doris_Schroeder/Doris_Schroeder_0003.jpg,1,0.42515454
Doris_Schroeder/Doris_Schroeder_0002.jpg,Doris_Schroeder/Doris_Schroeder_0004.jpg,1,0.35401288
Eduardo_Duhalde/Eduardo_Duhalde_0002.jpg,Eduardo_Duhalde/Eduardo_Duhalde_0003.jpg,1,0.49298123
Eduardo_Duhalde/Eduardo_Duhalde_0002.jpg,Eduardo_Duhalde/Eduardo_Duhalde_0012.jpg,1,0.56736529
Eduardo_Duhalde/Eduardo_Duhalde_0003.jpg,Eduardo_Duhalde/Eduardo_Duhalde_0004.jpg,1,0.56333268
Eduardo_Duhalde/Eduardo_Duhalde_0006.jpg,Eduardo_Duhalde/Eduardo_Duhalde_0013.jpg,1,0.43362555
Eduardo_Duhalde/Eduardo_Duhalde_0007.jpg,Eduardo_Duhalde/Eduardo_Duhalde_0010.jpg,1,-0.01896450
Eduardo_Duhalde/Eduardo_Duhalde_0010.jpg,Eduardo_Duhalde/Eduardo_Duhalde_0012.jpg,1,0.51242828
Edwin_Edwards/Edwin_Edwards_0001.jpg,Edwin_Edwards/Edwin_Edwards_0003.jpg,1,0.63945806
Eric_Rosser/Eric_Rosser_0001.jpg,Eric_Rosser/Eric_Rosser_0002.jpg,1,0.66483390
Ernie_Eves/Ernie_Eves_0001.jpg,Ernie_Eves/Ernie_Eves_0002.jpg,1,0.59761262
Ernie_Fletcher/Ernie_Fletcher_0001.jpg,Ernie_Fletcher/Ernie_Fletcher_0002.jpg,1,0.60543621
Eva_Dimas/Eva_Dimas_0001.jpg,Eva_Dimas/Eva_Dimas_0002.jpg,1,0.46447253
Fernando_Vargas/Fernando_Vargas_0001.jpg,Fernando_Vargas/Fernando_Vargas_0002.jpg,1,0.27182209
Fernando_Vargas/Fernando_Vargas_0001.jpg,Fernando_Vargas/Fernando_Vargas_0003.jpg,1,0.30352005
Fernando_Vargas/Fernando_Vargas_0001.jpg,Fernando_Vargas/Fernando_Vargas_0004.jpg,1,0.26224035
Fernando_Vargas/Fernando_Vargas_0002.jpg,Fernando_Vargas/Fernando_Vargas_0003.jpg,1,0.32842016
Fernando_Vargas/Fernando_Vargas_0003.jpg,Fernando_Vargas/Fernando_Vargas_0004.jpg,1,0.44852108
Frank_Lautenberg/Frank_Lautenberg_0001.jpg,Frank_Lautenberg/Frank_Lautenberg_0002.jpg,1,0.47127551
George_HW_Bush/George_HW_Bush_0001.jpg,George_HW_Bush/George_HW_Bush_0003.jpg,1,0.52864146
George_HW_Bush/George_HW_Bush_0002.jpg,George_HW_Bush/George_HW_Bush_0013.jpg,1,0.10987739
George_HW_Bush/George_HW_Bush_0004.jpg,George_HW_Bush/George_HW_Bush_0006.jpg,1,0.44822958
George_HW_Bush/George_HW_Bush_0005.jpg,George_HW_Bush/George_HW_Bush_0008.jpg,1,0.53493154
George_HW_Bush/George_HW_Bush_0009.jpg,George_HW_Bush/George_HW_Bush_0010.jpg,1,0.37646273
Gisele_Bundchen/Gisele_Bundchen_0001.jpg,Gisele_Bundchen/Gisele_Bundchen_0002.jpg,1,0.61527568
Glafcos_Clerides/Glafcos_Clerides_0001.jpg,Glafcos_Clerides/Glafcos_Clerides_0002.jpg,1,0.67720771
Glafcos_Clerides/Glafcos_Clerides_0001.jpg,Glafcos_Clerides/Glafcos_Clerides_0003.jpg,1,0.70564687
Glafcos_Clerides/Glafcos_Clerides_0002.jpg,Glafcos_Clerides/Glafcos_Clerides_0003.jpg,1,0.80202955
Glafcos_Clerides/Glafcos_Clerides_0002.jpg,Glafcos_Clerides/Glafcos_Clerides_0004.jpg,1,0.59655905
Greg_Gilbert/Greg_Gilbert_0001.jpg,Greg_Gilbert/Greg_Gilbert_0002.jpg,1,0.48786032
Hashim_Thaci/Hashim_Thaci_0001.jpg,Hashim_Thaci/Hashim_Thaci_0002.jpg,1,0.62393332
Hassan_Wirajuda/Hassan_Wirajuda_0001.jpg,Hassan_Wirajuda/Hassan_Wirajuda_0002.jpg,1,0.65445042
Hector_Babenco/Hector_Babenco_0001.jpg,Hector_Babenco/Hector_Babenco_0003.jpg,1,0.70913684
Hector_Babenco/Hector_Babenco_0002.jpg,Hector_Babenco/Hector_Babenco_0003.jpg,1,0.64535916
Hideki_Matsui/Hideki_Matsui_0001.jpg,Hideki_Matsui/Hideki_Matsui_0002.jpg,1,0.27090478
Hillary_Clinton/Hillary_Clinton_0001.jpg,Hillary_Clinton/Hillary_Clinton_0010.jpg,1,0.29419118
Hillary_Clinton/Hillary_Clinton_0001.jpg,Hillary_Clinton/Hillary_Clinton_0014.jpg,1,0.39786020
Hillary_Clinton/Hillary_Clinton_0004.jpg,Hillary_Clinton/Hillary_Clinton_0005.jpg,1,0.59804189
Hillary_Clinton/Hillary_Clinton_0007.jpg,Hillary_Clinton/Hillary_Clinton_0010.jpg,1,0.40209728
Hillary_Clinton/Hillary_Clinton_0011.jpg,Hillary_Clinton/Hillary_Clinton_0013.jpg,1,0.31324378
Hisao_Oguchi/Hisao_Oguchi_0001.jpg,Hisao_Oguchi/Hisao_Oguchi_0002.jpg,1,0.46107590
Hitomi_Soga/Hitomi_Soga_0001.jpg,Hitomi_Soga/Hitomi_Soga_0004.jpg,1,0.41356486
Hitomi_Soga/Hitomi_Soga_0001.jpg,Hitomi_Soga/Hitomi_Soga_0005.jpg,1,0.43148243
Hitomi_Soga/Hitomi_Soga_0002.jpg,Hitomi_Soga/Hitomi_Soga_0003.jpg,1,0.40321344
Hitomi_Soga/Hitomi_Soga_0003.jpg,Hitomi_Soga/Hitomi_Soga_0004.jpg,1,0.53931248
JJ_Redick/JJ_Redick_0001.jpg,JJ_Redick/JJ_Redick_0002.jpg,1,0.08760698
Jean_Brumley/Jean_Brumley_0001.jpg,Jean_Brumley/Jean_Brumley_0002.jpg,1,0.78991067
Jean_Carnahan/Jean_Carnahan_0001.jpg,Jean_Carnahan/Jean_Carnahan_0002.jpg,1,0.34894773
Jeremy_Shockey/Jeremy_Shockey_0001.jpg,Jeremy_Shockey/Jeremy_Shockey_0002.jpg,1,0.79019529
Jerry_Regier/Jerry_Regier_0001.jpg,Jerry_Regier/Jerry_Regier_0003.jpg,1,0.40453374
Jerry_Regier/Jerry_Regier_0002.jpg,Jerry_Regier/Jerry_Regier_0003.jpg,1,0.48199624
Jerry_Springer/Jerry_Springer_0001.jpg,Jerry_Springer/Jerry_Springer_0002.jpg,1,0.56871819
Jerry_Springer/Jerry_Springer_0001.jpg,Jerry_Springer/Jerry_Springer_0004.jpg,1,0.56755400
Jessica_Lynch/Jessica_Lynch_0001.jpg,Jessica_Lynch/Jessica_Lynch_0002.jpg,1,0.45410287
Jiang_Zemin/Jiang_Zemin_0001.jpg,Jiang_Zemin/Jiang_Zemin_0017.jpg,1,0.68088871
Jiang_Zemin/Jiang_Zemin_0002.jpg,Jiang_Zemin/Jiang_Zemin_0003.jpg,1,0.64021814
Jiang_Zemin/Jiang_Zemin_0004.jpg,Jiang_Zemin/Jiang_Zemin_0010.jpg,1,0.05779387
Jiang_Zemin/Jiang_Zemin_0007.jpg,Jiang_Zemin/Jiang_Zemin_0009.jpg,1,0.52542949
Jiang_Zemin/Jiang_Zemin_0015.jpg,Jiang_Zemin/Jiang_Zemin_0018.jpg,1,0.69219053
Jim_Harrick/Jim_Harrick_0001.jpg,Jim_Harrick/Jim_Harrick_0002.jpg,1,0.44746047
Jiri_Novak/Jiri_Novak_0003.jpg,Jiri_Novak/Jiri_Novak_0004.jpg,1,0.64336526
Jiri_Novak/Jiri_Novak_0003.jpg,Jiri_Novak/Jiri_Novak_0008.jpg,1,0.71134531
Jiri_Novak/Jiri_Novak_0003.jpg,Jiri_Novak/Jiri_Novak_0009.jpg,1,0.64811313
Jiri_Novak/Jiri_Novak_0005.jpg,Jiri_Novak/Jiri_Novak_0006.jpg,1,0.68584323
Jiri_Novak/Jiri_Novak_0005.jpg,Jiri_Novak/Jiri_Novak_0010.jpg,1,0.75633538
Jiri_Novak/Jiri_Novak_0005.jpg,Jiri_Novak/Jiri_Novak_0011.jpg,1,0.79928410
Jiri_Novak/Jiri_Novak_0007.jpg,Jiri_Novak/Jiri_Novak_0010.jpg,1,0.69732767
Joe_Torre/Joe_Torre_0001.jpg,Joe_Torre/Joe_Torre_0003.jpg,1,0.60544002
Joe_Torre/Joe_Torre_0002.jpg,Joe_Torre/Joe_Torre_0004.jpg,1,0.37309512
John_Wolf/John_Wolf_0001.jpg,John_Wolf/John_Wolf_0002.jpg,1,0.72699630
Jonathan_Edwards/Jonathan_Edwards_0001.jpg,Jonathan_Edwards/Jonathan_Edwards_0006.jpg,1,0.53536344
Jonathan_Edwards/Jonathan_Edwards_0002.jpg,Jonathan_Edwards/Jonathan_Edwards_0007.jpg,1,0.26921001
Jonathan_Edwards/Jonathan_Edwards_0003.jpg,Jonathan_Edwards/Jonathan_Edwards_0006.jpg,1,0.38792548
Jonathan_Edwards/Jonathan_Edwards_0005.jpg,Jonathan_Edwards/Jonathan_Edwards_0006.jpg,1,0.32994169
Jonathan_Edwards/Jonathan_Edwards_0005.jpg,Jonathan_Edwards/Jonathan_Edwards_0007.jpg,1,0.27158165
Jonathan_Edwards/Jonathan_Edwards_0006.jpg,Jonathan_Edwards/Jonathan_Edwards_0008.jpg,1,0.46635985
Jose_Manuel_Durao_Barroso/Jose_Manuel_Durao_Barroso_0001.jpg,Jose_Manuel_Durao_Barroso/Jose_Manuel_Durao_Barroso_0002.jpg,1,0.53986025
Jose_Manuel_Durao_Barroso/Jose_Manuel_Durao_Barroso_0001.jpg,Jose_Manuel_Durao_Barroso/Jose_Manuel_Durao_Barroso_0006.jpg,1,0.28594226
Jose_Manuel_Durao_Barroso/Jose_Manuel_Durao_Barroso_0002.jpg,Jose_Manuel_Durao_Barroso/Jose_Manuel_Durao_Barroso_0005.jpg,1,0.54745233
Jose_Manuel_Durao_Barroso/Jose_Manuel_Durao_Barroso_0003.jpg,Jose_Manuel_Durao_Barroso/Jose_Manuel_Durao_Barroso_0005.jpg,1,0.42733461
Jose_Manuel_Durao_Barroso/Jose_Manuel_Durao_Barroso_0004.jpg,Jose_Manuel_Durao_Barroso/Jose_Manuel_Durao_Barroso_0005.jpg,1,0.31906715
Joseph_Biden/Joseph_Biden_0001.jpg,Joseph_Biden/Joseph_Biden_0004.jpg,1,0.58892453
Joseph_Biden/Joseph_Biden_0002.jpg,Joseph_Biden/Joseph_Biden_0003.jpg,1,0.29085100
Joseph_Biden/Joseph_Biden_0003.jpg,Joseph_Biden/Joseph_Biden_0004.jpg,1,0.75621510
Judi_Dench/Judi_Dench_0001.jpg,Judi_Dench/Judi_Dench_0002.jpg,1,0.65964317
Judy_Genshaft/Judy_Genshaft_0001.jpg,Judy_Genshaft/Judy_Genshaft_0002.jpg,1,0.55693614
Keanu_Reeves/Keanu_Reeves_0001.jpg,Keanu_Reeves/Keanu_Reeves_0009.jpg,1,0.49266946
Keanu_Reeves/Keanu_Reeves_0004.jpg,Keanu_Reeves/Keanu_Reeves_0007.jpg,1,0.35106778
Keanu_Reeves/Keanu_Reeves_0006.jpg,Keanu_Reeves/Keanu_Reeves_0009.jpg,1,0.35193831
Keanu_Reeves/Keanu_Reeves_0006.jpg,Keanu_Reeves/Keanu_Reeves_0010.jpg,1,0.50766742
Keanu_Reeves/Keanu_Reeves_0007.jpg,Keanu_Reeves/Keanu_Reeves_0012.jpg,1,0.33170000
Keira_Knightley/Keira_Knightley_0001.jpg,Keira_Knightley/Keira_Knightley_0002.jpg,1,0.10724944
Ken_Watanabe/Ken_Watanabe_0001.jpg,Ken_Watanabe/Ken_Watanabe_0002.jpg,1,0.20304990
Kieran_Prendergast/Kieran_Prendergast_0001.jpg,Kieran_Prendergast/Kieran_Prendergast_0002.jpg,1,0.89031351
King_Abdullah_II/King_Abdullah_II_0001.jpg,King_Abdullah_II/King_Abdullah_II_0003.jpg,1,0.51676059
King_Abdullah_II/King_Abdullah_II_0001.jpg,King_Abdullah_II/King_Abdullah_II_0004.jpg,1,0.58409458
King_Abdullah_II/King_Abdullah_II_0002.jpg,King_Abdullah_II/King_Abdullah_II_0005.jpg,1,0.39147729
King_Abdullah_II/King_Abdullah_II_0003.jpg,King_Abdullah_II/King_Abdullah_II_0004.jpg,1,0.41022500
Kirk_Ferentz/Kirk_Ferentz_0001.jpg,Kirk_Ferentz/Kirk_Ferentz_0002.jpg,1,0.30010235
Kurt_Busch/Kurt_Busch_0001.jpg,Kurt_Busch/Kurt_Busch_0002.jpg,1,0.25553396
Larry_Bowa/Larry_Bowa_0001.jpg,Larry_Bowa/Larry_Bowa_0002.jpg,1,0.64084846
Larry_Thompson/Larry_Thompson_0001.jpg,Larry_Thompson/Larry_Thompson_0003.jpg,1,0.40312925
Larry_Thompson/Larry_Thompson_0001.jpg,Larry_Thompson/Larry_Thompson_0004.jpg,1,0.59231508
Larry_Thompson/Larry_Thompson_0002.jpg,Larry_Thompson/Larry_Thompson_0004.jpg,1,0.64798856
Laura_Bush/Laura_Bush_0001.jpg,Laura_Bush/Laura_Bush_0011.jpg,1,0.01401804
Laura_Bush/Laura_Bush_0021.jpg,Laura_Bush/Laura_Bush_0024.jpg,1,0.50727171
Laura_Bush/Laura_Bush_0021.jpg,Laura_Bush/Laura_Bush_0039.jpg,1,0.53829384
Laura_Bush/Laura_Bush_0026.jpg,Laura_Bush/Laura_Bush_0029.jpg,1,0.52711499
Lauren_Hutton/Lauren_Hutton_0001.jpg,Lauren_Hutton/Lauren_Hutton_0002.jpg,1,0.52743411
Leslie_Ann_Woodward/Leslie_Ann_Woodward_0001.jpg,Leslie_Ann_Woodward/Leslie_Ann_Woodward_0002.jpg,1,0.91617739
Leslie_Moonves/Leslie_Moonves_0001.jpg,Leslie_Moonves/Leslie_Moonves_0002.jpg,1,0.57453489
Lyle_Vanclief/Lyle_Vanclief_0001.jpg,Lyle_Vanclief/Lyle_Vanclief_0002.jpg,1,0.66935468
Magui_Serna/Magui_Serna_0001.jpg,Magui_Serna/Magui_Serna_0002.jpg,1,0.58530658
Makhdoom_Amin_Fahim/Makhdoom_Amin_Fahim_0001.jpg,Makhdoom_Amin_Fahim/Makhdoom_Amin_Fahim_0003.jpg,1,0.76286578
Makhdoom_Amin_Fahim/Makhdoom_Amin_Fahim_0002.jpg,Makhdoom_Amin_Fahim/Makhdoom_Amin_Fahim_0003.jpg,1,0.52084833
Marc-Andre_Fleury/Marc-Andre_Fleury_0001.jpg,Marc-Andre_Fleury/Marc-Andre_Fleury_0002.jpg,1,0.83334535
Marco_Antonio_Barrera/Marco_Antonio_Barrera_0001.jpg,Marco_Antonio_Barrera/Marco_Antonio_Barrera_0005.jpg,1,0.45669037
Marco_Antonio_Barrera/Marco_Antonio_Barrera_0005.jpg,Marco_Antonio_Barrera/Marco_Antonio_Barrera_0006.jpg,1,0.42056599
Marie-Reine_Le_Gougne/Marie-Reine_Le_Gougne_0001.jpg,Marie-Reine_Le_Gougne/Marie-Reine_Le_Gougne_0002.jpg,1,0.38492545
Marieta_Chrousala/Marieta_Chrousala_0001.jpg,Marieta_Chrousala/Marieta_Chrousala_0002.jpg,1,0.55983704
Marieta_Chrousala/Marieta_Chrousala_0001.jpg,Marieta_Chrousala/Marieta_Chrousala_0003.jpg,1,0.67616463
Marieta_Chrousala/Marieta_Chrousala_0002.jpg,Marieta_Chrousala/Marieta_Chrousala_0003.jpg,1,0.62301934
Marina_Anissina/Marina_Anissina_0001.jpg,Marina_Anissina/Marina_Anissina_0002.jpg,1,0.11292372
Mark_Hamister/Mark_Hamister_0001.jpg,Mark_Hamister/Mark_Hamister_0002.jpg,1,0.71800625
Martha_Stewart/Martha_Stewart_0001.jpg,Martha_Stewart/Martha_Stewart_0003.jpg,1,0.52212822
Martha_Stewart/Martha_Stewart_0001.jpg,Martha_Stewart/Martha_Stewart_0005.jpg,1,0.26707211
Martha_Stewart/Martha_Stewart_0002.jpg,Martha_Stewart/Martha_Stewart_0003.jpg,1,0.08395822
Martha_Stewart/Martha_Stewart_0002.jpg,Martha_Stewart/Martha_Stewart_0005.jpg,1,0.00449842
Martha_Stewart/Martha_Stewart_0003.jpg,Martha_Stewart/Martha_Stewart_0004.jpg,1,0.80126822
Martin_Brodeur/Martin_Brodeur_0001.jpg,Martin_Brodeur/Martin_Brodeur_0002.jpg,1,0.48473477
Martin_McCauley/Martin_McCauley_0001.jpg,Martin_McCauley/Martin_McCauley_0002.jpg,1,0.57457060
Martin_Verkerk/Martin_Verkerk_0001.jpg,Martin_Verkerk/Martin_Verkerk_0002.jpg,1,0.67576611
Martin_Verkerk/Martin_Verkerk_0001.jpg,Martin_Verkerk/Martin_Verkerk_0003.jpg,1,0.75244904
Martin_Verkerk/Martin_Verkerk_0002.jpg,Martin_Verkerk/Martin_Verkerk_0003.jpg,1,0.63186800
Martina_McBride/Martina_McBride_0001.jpg,Martina_McBride/Martina_McBride_0003.jpg,1,0.37739071
Martina_McBride/Martina_McBride_0002.jpg,Martina_McBride/Martina_McBride_0004.jpg,1,0.41031891
Matt_Doherty/Matt_Doherty_0001.jpg,Matt_Doherty/Matt_Doherty_0002.jpg,1,0.62851918
Matt_Doherty/Matt_Doherty_0001.jpg,Matt_Doherty/Matt_Doherty_0003.jpg,1,0.56181365
Matt_Doherty/Matt_Doherty_0002.jpg,Matt_Doherty/Matt_Doherty_0003.jpg,1,0.59387219
Matthew_Perry/Matthew_Perry_0001.jpg,Matthew_Perry/Matthew_Perry_0006.jpg,1,0.33466190
Matthew_Perry/Matthew_Perry_0002.jpg,Matthew_Perry/Matthew_Perry_0007.jpg,1,0.49817026
Matthew_Perry/Matthew_Perry_0003.jpg,Matthew_Perry/Matthew_Perry_0004.jpg,1,0.21024749
Megawati_Sukarnoputri/Megawati_Sukarnoputri_0006.jpg,Megawati_Sukarnoputri/Megawati_Sukarnoputri_0023.jpg,1,0.76683652
Megawati_Sukarnoputri/Megawati_Sukarnoputri_0007.jpg,Megawati_Sukarnoputri/Megawati_Sukarnoputri_0022.jpg,1,0.55214673
Megawati_Sukarnoputri/Megawati_Sukarnoputri_0010.jpg,Megawati_Sukarnoputri/Megawati_Sukarnoputri_0015.jpg,1,0.52293909
Megawati_Sukarnoputri/Megawati_Sukarnoputri_0011.jpg,Megawati_Sukarnoputri/Megawati_Sukarnoputri_0024.jpg,1,0.70637006
Megawati_Sukarnoputri/Megawati_Sukarnoputri_0020.jpg,Megawati_Sukarnoputri/Megawati_Sukarnoputri_0024.jpg,1,0.57685149
Megawati_Sukarnoputri/Megawati_Sukarnoputri_0020.jpg,Megawati_Sukarnoputri/Megawati_Sukarnoputri_0030.jpg,1,0.64573216
Meghann_Shaughnessy/Meghann_Shaughnessy_0001.jpg,Meghann_Shaughnessy/Meghann_Shaughnessy_0002.jpg,1,0.43099630
Michael_Capellas/Michael_Capellas_0001.jpg,Michael_Capellas/Michael_Capellas_0002.jpg,1,0.43681437
Michael_Sullivan/Michael_Sullivan_0001.jpg,Michael_Sullivan/Michael_Sullivan_0002.jpg,1,0.60533136
Mike_Brey/Mike_Brey_0001.jpg,Mike_Brey/Mike_Brey_0002.jpg,1,0.53914535
Naji_Sabri/Naji_Sabri_0001.jpg,Naji_Sabri/Naji_Sabri_0006.jpg,1,0.55466878
Naji_Sabri/Naji_Sabri_0002.jpg,Naji_Sabri/Naji_Sabri_0004.jpg,1,0.18047886
Naji_Sabri/Naji_Sabri_0002.jpg,Naji_Sabri/Naji_Sabri_0007.jpg,1,0.18007731
Naji_Sabri/Naji_Sabri_0003.jpg,Naji_Sabri/Naji_Sabri_0008.jpg,1,0.19294737
Naji_Sabri/Naji_Sabri_0006.jpg,Naji_Sabri/Naji_Sabri_0007.jpg,1,0.42798135
Nanni_Moretti/Nanni_Moretti_0001.jpg,Nanni_Moretti/Nanni_Moretti_0002.jpg,1,0.45032579
Nastassia_Kinski/Nastassia_Kinski_0001.jpg,Nastassia_Kinski/Nastassia_Kinski_0002.jpg,1,0.80986208
Natalie_Coughlin/Natalie_Coughlin_0002.jpg,Natalie_Coughlin/Natalie_Coughlin_0003.jpg,1,0.16207220
Natalie_Coughlin/Natalie_Coughlin_0004.jpg,Natalie_Coughlin/Natalie_Coughlin_0006.jpg,1,0.74381363
Natalie_Coughlin/Natalie_Coughlin_0005.jpg,Natalie_Coughlin/Natalie_Coughlin_0006.jpg,1,0.81846040
Norah_Jones/Norah_Jones_0003.jpg,Norah_Jones/Norah_Jones_0015.jpg,1,0.38766086
Norah_Jones/Norah_Jones_0004.jpg,Norah_Jones/Norah_Jones_0012.jpg,1,0.53266025
Norah_Jones/Norah_Jones_0007.jpg,Norah_Jones/Norah_Jones_0015.jpg,1,0.71086693
Norah_Jones/Norah_Jones_0009.jpg,Norah_Jones/Norah_Jones_0015.jpg,1,0.49960220
Norah_Jones/Norah_Jones_0011.jpg,Norah_Jones/Norah_Jones_0012.jpg,1,0.48954612
Norm_Coleman/Norm_Coleman_0005.jpg,Norm_Coleman/Norm_Coleman_0007.jpg,1,0.24236882
Oscar_De_La_Hoya/Oscar_De_La_Hoya_0001.jpg,Oscar_De_La_Hoya/Oscar_De_La_Hoya_0003.jpg,1,0.51988316
Oscar_De_La_Hoya/Oscar_De_La_Hoya_0002.jpg,Oscar_De_La_Hoya/Oscar_De_La_Hoya_0006.jpg,1,0.62925065
Oscar_De_La_Hoya/Oscar_De_La_Hoya_0002.jpg,Oscar_De_La_Hoya/Oscar_De_La_Hoya_0007.jpg,1,0.52221239
Pascal_Lamy/Pascal_Lamy_0001.jpg,Pascal_Lamy/Pascal_Lamy_0002.jpg,1,0.67681956
Pat_Burns/Pat_Burns_0001.jpg,Pat_Burns/Pat_Burns_0002.jpg,1,0.50561082
Paul_McCartney/Paul_McCartney_0003.jpg,Paul_McCartney/Paul_McCartney_0004.jpg,1,0.26391113
Paul_McCartney/Paul_McCartney_0003.jpg,Paul_McCartney/Paul_McCartney_0005.jpg,1,0.23363861
Paul_Wellstone/Paul_Wellstone_0001.jpg,Paul_Wellstone/Paul_Wellstone_0002.jpg,1,0.59104121
Paul_Wellstone/Paul_Wellstone_0001.jpg,Paul_Wellstone/Paul_Wellstone_0003.jpg,1,0.35608178
Paul_Wellstone/Paul_Wellstone_0002.jpg,Paul_Wellstone/Paul_Wellstone_0003.jpg,1,0.46518338
Penelope_Cruz/Penelope_Cruz_0001.jpg,Penelope_Cruz/Penelope_Cruz_0002.jpg,1,0.44030112
Penelope_Cruz/Penelope_Cruz_0001.jpg,Penelope_Cruz/Penelope_Cruz_0003.jpg,1,0.46881086
Pete_Rose/Pete_Rose_0001.jpg,Pete_Rose/Pete_Rose_0002.jpg,1,0.37999395
Prince_Harry/Prince_Harry_0001.jpg,Prince_Harry/Prince_Harry_0002.jpg,1,0.62693900
Prince_Harry/Prince_Harry_0002.jpg,Prince_Harry/Prince_Harry_0003.jpg,1,0.29951876
Princess_Caroline/Princess_Caroline_0001.jpg,Princess_Caroline/Princess_Caroline_0002.jpg,1,0.60394043
Princess_Caroline/Princess_Caroline_0002.jpg,Princess_Caroline/Princess_Caroline_0005.jpg,1,0.17410189
Raquel_Welch/Raquel_Welch_0001.jpg,Raquel_Welch/Raquel_Welch_0002.jpg,1,0.80880016
Reggie_Miller/Reggie_Miller_0001.jpg,Reggie_Miller/Reggie_Miller_0002.jpg,1,0.54987121
Renee_Zellweger/Renee_Zellweger_0002.jpg,Renee_Zellweger/Renee_Zellweger_0013.jpg,1,0.45738649
Renee_Zellweger/Renee_Zellweger_0002.jpg,Renee_Zellweger/Renee_Zellweger_0016.jpg,1,0.49924234
Renee_Zellweger/Renee_Zellweger_0003.jpg,Renee_Zellweger/Renee_Zellweger_0016.jpg,1,0.48501134
Ricardo_Sanchez/Ricardo_Sanchez_0001.jpg,Ricardo_Sanchez/Ricardo_Sanchez_0006.jpg,1,0.41951233
Ricardo_Sanchez/Ricardo_Sanchez_0002.jpg,Ricardo_Sanchez/Ricardo_Sanchez_0004.jpg,1,0.46819282
Richard_Butler/Richard_Butler_0001.jpg,Richard_Butler/Richard_Butler_0002.jpg,1,0.54720122
Rubens_Barrichello/Rubens_Barrichello_0002.jpg,Rubens_Barrichello/Rubens_Barrichello_0003.jpg,1,0.49280140
Rubens_Barrichello/Rubens_Barrichello_0004.jpg,Rubens_Barrichello/Rubens_Barrichello_0005.jpg,1,0.43960035
Rubens_Barrichello/Rubens_Barrichello_0004.jpg,Rubens_Barrichello/Rubens_Barrichello_0008.jpg,1,0.52830935
Rubens_Barrichello/Rubens_Barrichello_0006.jpg,Rubens_Barrichello/Rubens_Barrichello_0011.jpg,1,0.53772277
Rubens_Barrichello/Rubens_Barrichello_0009.jpg,Rubens_Barrichello/Rubens_Barrichello_0012.jpg,1,0.51946950
Samira_Makhmalbaf/Samira_Makhmalbaf_0001.jpg,Samira_Makhmalbaf/Samira_Makhmalbaf_0002.jpg,1,0.58524859
Samuel_Waksal/Samuel_Waksal_0001.jpg,Samuel_Waksal/Samuel_Waksal_0002.jpg,1,0.55701989
Samuel_Waksal/Samuel_Waksal_0001.jpg,Samuel_Waksal/Samuel_Waksal_0003.jpg,1,0.63127196
Samuel_Waksal/Samuel_Waksal_0001.jpg,Samuel_Waksal/Samuel_Waksal_0004.jpg,1,0.61969167
Samuel_Waksal/Samuel_Waksal_0002.jpg,Samuel_Waksal/Samuel_Waksal_0004.jpg,1,0.39739019
Scott_McClellan/Scott_McClellan_0001.jpg,Scott_McClellan/Scott_McClellan_0003.jpg,1,0.90441251
Scott_McClellan/Scott_McClellan_0002.jpg,Scott_McClellan/Scott_McClellan_0004.jpg,1,0.61887527
Scott_McClellan/Scott_McClellan_0002.jpg,Scott_McClellan/Scott_McClellan_0005.jpg,1,0.57684773
Scott_Rudin/Scott_Rudin_0001.jpg,Scott_Rudin/Scott_Rudin_0002.jpg,1,0.65652275
Shane_Warne/Shane_Warne_0001.jpg,Shane_Warne/Shane_Warne_0002.jpg,1,0.31120545
Sheila_Wellstone/Sheila_Wellstone_0001.jpg,Sheila_Wellstone/Sheila_Wellstone_0002.jpg,1,0.53029448
Sheryl_Crow/Sheryl_Crow_0001.jpg,Sheryl_Crow/Sheryl_Crow_0003.jpg,1,0.43143666
Silvan_Shalom/Silvan_Shalom_0002.jpg,Silvan_Shalom/Silvan_Shalom_0003.jpg,1,0.36011380
Silvan_Shalom/Silvan_Shalom_0002.jpg,Silvan_Shalom/Silvan_Shalom_0004.jpg,1,0.28964859
Silvan_Shalom/Silvan_Shalom_0002.jpg,Silvan_Shalom/Silvan_Shalom_0006.jpg,1,0.56811666
Silvan_Shalom/Silvan_Shalom_0003.jpg,Silvan_Shalom/Silvan_Shalom_0004.jpg,1,0.34403643
Silvan_Shalom/Silvan_Shalom_0003.jpg,Silvan_Shalom/Silvan_Shalom_0006.jpg,1,0.34649420
Steve_Mariucci/Steve_Mariucci_0001.jpg,Steve_Mariucci/Steve_Mariucci_0003.jpg,1,0.60990036
Steve_Mariucci/Steve_Mariucci_0002.jpg,Steve_Mariucci/Steve_Mariucci_0003.jpg,1,0.63227379
Steven_Seagal/Steven_Seagal_0001.jpg,Steven_Seagal/Steven_Seagal_0002.jpg,1,0.61324728
Taha_Yassin_Ramadan/Taha_Yassin_Ramadan_0003.jpg,Taha_Yassin_Ramadan/Taha_Yassin_Ramadan_0012.jpg,1,0.69846940
Taha_Yassin_Ramadan/Taha_Yassin_Ramadan_0007.jpg,Taha_Yassin_Ramadan/Taha_Yassin_Ramadan_0013.jpg,1,0.31528604
Tammy_Lynn_Michaels/Tammy_Lynn_Michaels_0001.jpg,Tammy_Lynn_Michaels/Tammy_Lynn_Michaels_0002.jpg,1,0.24555048
Theodore_Tweed_Roosevelt/Theodore_Tweed_Roosevelt_0001.jpg,Theodore_Tweed_Roosevelt/Theodore_Tweed_Roosevelt_0002.jpg,1,0.64605331
Theodore_Tweed_Roosevelt/Theodore_Tweed_Roosevelt_0001.jpg,Theodore_Tweed_Roosevelt/Theodore_Tweed_Roosevelt_0003.jpg,1,0.58801627
Theodore_Tweed_Roosevelt/Theodore_Tweed_Roosevelt_0002.jpg,Theodore_Tweed_Roosevelt/Theodore_Tweed_Roosevelt_0003.jpg,1,0.54239714
Tom_Crean/Tom_Crean_0001.jpg,Tom_Crean/Tom_Crean_0002.jpg,1,0.41274163
Tom_Crean/Tom_Crean_0003.jpg,Tom_Crean/Tom_Crean_0005.jpg,1,0.51146650
Tom_Crean/Tom_Crean_0004.jpg,Tom_Crean/Tom_Crean_0005.jpg,1,0.19635156
Tony_Bennett/Tony_Bennett_0001.jpg,Tony_Bennett/Tony_Bennett_0003.jpg,1,0.49499702
Torri_Edwards/Torri_Edwards_0001.jpg,Torri_Edwards/Torri_Edwards_0002.jpg,1,0.56924021
Tung_Chee-hwa/Tung_Chee-hwa_0001.jpg,Tung_Chee-hwa/Tung_Chee-hwa_0002.jpg,1,0.11766712
Tung_Chee-hwa/Tung_Chee-hwa_0001.jpg,Tung_Chee-hwa/Tung_Chee-hwa_0008.jpg,1,0.25480822
Tung_Chee-hwa/Tung_Chee-hwa_0002.jpg,Tung_Chee-hwa/Tung_Chee-hwa_0008.jpg,1,0.07074757
Vidar_Helgesen/Vidar_Helgesen_0001.jpg,Vidar_Helgesen/Vidar_Helgesen_0002.jpg,1,0.50059748
Warren_Buffett/Warren_Buffett_0001.jpg,Warren_Buffett/Warren_Buffett_0002.jpg,1,0.59455574
Warren_Buffett/Warren_Buffett_0001.jpg,Warren_Buffett/Warren_Buffett_0003.jpg,1,0.72242606
Wen_Jiabao/Wen_Jiabao_0001.jpg,Wen_Jiabao/Wen_Jiabao_0012.jpg,1,0.56453705
Wen_Jiabao/Wen_Jiabao_0002.jpg,Wen_Jiabao/Wen_Jiabao_0011.jpg,1,0.51686335
Wen_Jiabao/Wen_Jiabao_0004.jpg,Wen_Jiabao/Wen_Jiabao_0007.jpg,1,0.54525238
Wen_Jiabao/Wen_Jiabao_0005.jpg,Wen_Jiabao/Wen_Jiabao_0006.jpg,1,0.43934435
Wen_Jiabao/Wen_Jiabao_0007.jpg,Wen_Jiabao/Wen_Jiabao_0009.jpg,1,0.62895286
Wen_Jiabao/Wen_Jiabao_0007.jpg,Wen_Jiabao/Wen_Jiabao_0012.jpg,1,0.56278813
Wen_Jiabao/Wen_Jiabao_0008.jpg,Wen_Jiabao/Wen_Jiabao_0012.jpg,1,0.58754158
Wen_Jiabao/Wen_Jiabao_0010.jpg,Wen_Jiabao/Wen_Jiabao_0011.jpg,1,0.72821873
Wen_Jiabao/Wen_Jiabao_0011.jpg,Wen_Jiabao/Wen_Jiabao_0012.jpg,1,0.54032922
Wesley_Clark/Wesley_Clark_0001.jpg,Wesley_Clark/Wesley_Clark_0002.jpg,1,0.68378460
Yuri_Malenchenko/Yuri_Malenchenko_0001.jpg,Yuri_Malenchenko/Yuri_Malenchenko_0002.jpg,1,0.63531351
Abdoulaye_Wade/Abdoulaye_Wade_0001.jpg,Abdoulaye_Wade/Abdoulaye_Wade_0002.jpg,1,0.37367070
Abdoulaye_Wade/Abdoulaye_Wade_0001.jpg,Abdoulaye_Wade/Abdoulaye_Wade_0003.jpg,1,0.28946143
Abdoulaye_Wade/Abdoulaye_Wade_0002.jpg,Abdoulaye_Wade/Abdoulaye_Wade_0003.jpg,1,0.39296997
Adam_Sandler/Adam_Sandler_0001.jpg,Adam_Sandler/Adam_Sandler_0002.jpg,1,0.55300033
Adam_Sandler/Adam_Sandler_0001.jpg,Adam_Sandler/Adam_Sandler_0004.jpg,1,0.28598344
Adam_Sandler/Adam_Sandler_0002.jpg,Adam_Sandler/Adam_Sandler_0003.jpg,1,0.51934558
Aicha_El_Ouafi/Aicha_El_Ouafi_0001.jpg,Aicha_El_Ouafi/Aicha_El_Ouafi_0003.jpg,1,0.62206537
Aicha_El_Ouafi/Aicha_El_Ouafi_0002.jpg,Aicha_El_Ouafi/Aicha_El_Ouafi_0003.jpg,1,0.73007870
Akbar_Hashemi_Rafsanjani/Akbar_Hashemi_Rafsanjani_0001.jpg,Akbar_Hashemi_Rafsanjani/Akbar_Hashemi_Rafsanjani_0003.jpg,1,0.46740830
Akbar_Hashemi_Rafsanjani/Akbar_Hashemi_Rafsanjani_0002.jpg,Akbar_Hashemi_Rafsanjani/Akbar_Hashemi_Rafsanjani_0003.jpg,1,0.55629766
Al_Pacino/Al_Pacino_0001.jpg,Al_Pacino/Al_Pacino_0002.jpg,1,0.47517988
Al_Pacino/Al_Pacino_0001.jpg,Al_Pacino/Al_Pacino_0003.jpg,1,0.56771100
Alex_Barros/Alex_Barros_0001.jpg,Alex_Barros/Alex_Barros_0002.jpg,1,0.10007527
Allyson_Felix/Allyson_Felix_0001.jpg,Allyson_Felix/Allyson_Felix_0003.jpg,1,0.36568570
Allyson_Felix/Allyson_Felix_0001.jpg,Allyson_Felix/Allyson_Felix_0004.jpg,1,0.43940929
Allyson_Felix/Allyson_Felix_0001.jpg,Allyson_Felix/Allyson_Felix_0005.jpg,1,0.41904581
Allyson_Felix/Allyson_Felix_0004.jpg,Allyson_Felix/Allyson_Felix_0005.jpg,1,0.58197534
Anastasia_Myskina/Anastasia_Myskina_0001.jpg,Anastasia_Myskina/Anastasia_Myskina_0002.jpg,1,0.56132513
Andy_Roddick/Andy_Roddick_0008.jpg,Andy_Roddick/Andy_Roddick_0012.jpg,1,0.49196202
Andy_Roddick/Andy_Roddick_0010.jpg,Andy_Roddick/Andy_Roddick_0015.jpg,1,0.47408250
Andy_Roddick/Andy_Roddick_0013.jpg,Andy_Roddick/Andy_Roddick_0015.jpg,1,0.30735826
Anna_Nicole_Smith/Anna_Nicole_Smith_0001.jpg,Anna_Nicole_Smith/Anna_Nicole_Smith_0002.jpg,1,0.35361463
Antonio_Palocci/Antonio_Palocci_0001.jpg,Antonio_Palocci/Antonio_Palocci_0008.jpg,1,0.58146238
Antonio_Palocci/Antonio_Palocci_0003.jpg,Antonio_Palocci/Antonio_Palocci_0006.jpg,1,0.51751292
Antonio_Palocci/Antonio_Palocci_0004.jpg,Antonio_Palocci/Antonio_Palocci_0005.jpg,1,0.53666043
Antonio_Palocci/Antonio_Palocci_0005.jpg,Antonio_Palocci/Antonio_Palocci_0007.jpg,1,0.61769241
Antonio_Palocci/Antonio_Palocci_0006.jpg,Antonio_Palocci/Antonio_Palocci_0008.jpg,1,0.48235434
Arnoldo_Aleman/Arnoldo_Aleman_0001.jpg,Arnoldo_Aleman/Arnoldo_Aleman_0003.jpg,1,0.65969014
Arnoldo_Aleman/Arnoldo_Aleman_0003.jpg,Arnoldo_Aleman/Arnoldo_Aleman_0005.jpg,1,0.61004615
Ashton_Kutcher/Ashton_Kutcher_0001.jpg,Ashton_Kutcher/Ashton_Kutcher_0003.jpg,1,0.61008883
Ashton_Kutcher/Ashton_Kutcher_0002.jpg,Ashton_Kutcher/Ashton_Kutcher_0003.jpg,1,0.52708310
Augusto_Roa_Bastos/Augusto_Roa_Bastos_0001.jpg,Augusto_Roa_Bastos/Augusto_Roa_Bastos_0002.jpg,1,0.54792005
Aung_San_Suu_Kyi/Aung_San_Suu_Kyi_0001.jpg,Aung_San_Suu_Kyi/Aung_San_Suu_Kyi_0002.jpg,1,0.37068152
Barry_Zito/Barry_Zito_0001.jpg,Barry_Zito/Barry_Zito_0002.jpg,1,0.21809247
Bill_Graham/Bill_Graham_0001.jpg,Bill_Graham/Bill_Graham_0009.jpg,1,0.48867694
Bill_Graham/Bill_Graham_0003.jpg,Bill_Graham/Bill_Graham_0004.jpg,1,0.61729842
Bill_Graham/Bill_Graham_0004.jpg,Bill_Graham/Bill_Graham_0006.jpg,1,0.72172135
Bill_Graham/Bill_Graham_0005.jpg,Bill_Graham/Bill_Graham_0006.jpg,1,0.70774132
Bob_Dole/Bob_Dole_0001.jpg,Bob_Dole/Bob_Dole_0003.jpg,1,0.56443417
Bruce_Weber/Bruce_Weber_0001.jpg,Bruce_Weber/Bruce_Weber_0002.jpg,1,0.58720601
Carlos_Mesa/Carlos_Mesa_0001.jpg,Carlos_Mesa/Carlos_Mesa_0002.jpg,1,0.52433038
Carolyn_Dawn_Johnson/Carolyn_Dawn_Johnson_0001.jpg,Carolyn_Dawn_Johnson/Carolyn_Dawn_Johnson_0002.jpg,1,0.80976212
Carolyn_Dawn_Johnson/Carolyn_Dawn_Johnson_0002.jpg,Carolyn_Dawn_Johnson/Carolyn_Dawn_Johnson_0003.jpg,1,0.52928919
Celine_Dion/Celine_Dion_0003.jpg,Celine_Dion/Celine_Dion_0008.jpg,1,0.09840356
Chakib_Khelil/Chakib_Khelil_0001.jpg,Chakib_Khelil/Chakib_Khelil_0002.jpg,1,0.47688740
Chen_Shui-bian/Chen_Shui-bian_0002.jpg,Chen_Shui-bian/Chen_Shui-bian_0004.jpg,1,0.44971198
Chen_Shui-bian/Chen_Shui-bian_0003.jpg,Chen_Shui-bian/Chen_Shui-bian_0005.jpg,1,0.34674871
Christopher_Walken/Christopher_Walken_0001.jpg,Christopher_Walken/Christopher_Walken_0003.jpg,1,0.83061934
Christopher_Walken/Christopher_Walken_0001.jpg,Christopher_Walken/Christopher_Walken_0004.jpg,1,0.63405073
Claudia_Pechstein/Claudia_Pechstein_0001.jpg,Claudia_Pechstein/Claudia_Pechstein_0002.jpg,1,0.39353469
Claudia_Pechstein/Claudia_Pechstein_0001.jpg,Claudia_Pechstein/Claudia_Pechstein_0004.jpg,1,0.48430213
Claudia_Pechstein/Claudia_Pechstein_0003.jpg,Claudia_Pechstein/Claudia_Pechstein_0004.jpg,1,0.22085665
Claudia_Pechstein/Claudia_Pechstein_0003.jpg,Claudia_Pechstein/Claudia_Pechstein_0005.jpg,1,0.74654818
Claudia_Pechstein/Claudia_Pechstein_0004.jpg,Claudia_Pechstein/Claudia_Pechstein_0005.jpg,1,0.17803523
Clay_Aiken/Clay_Aiken_0002.jpg,Clay_Aiken/Clay_Aiken_0004.jpg,1,0.57865733
Clay_Aiken/Clay_Aiken_0003.jpg,Clay_Aiken/Clay_Aiken_0004.jpg,1,0.54803324
Clay_Aiken/Clay_Aiken_0003.jpg,Clay_Aiken/Clay_Aiken_0005.jpg,1,0.55116677
Colin_Powell/Colin_Powell_0040.jpg,Colin_Powell/Colin_Powell_0071.jpg,1,0.29619092
Colin_Powell/Colin_Powell_0049.jpg,Colin_Powell/Colin_Powell_0234.jpg,1,0.43364960
Colin_Powell/Colin_Powell_0133.jpg,Colin_Powell/Colin_Powell_0170.jpg,1,0.61322421
Colin_Powell/Colin_Powell_0182.jpg,Colin_Powell/Colin_Powell_0198.jpg,1,0.75334483
Cristina_Fernandez/Cristina_Fernandez_0001.jpg,Cristina_Fernandez/Cristina_Fernandez_0002.jpg,1,0.22954813
Daisy_Fuentes/Daisy_Fuentes_0002.jpg,Daisy_Fuentes/Daisy_Fuentes_0003.jpg,1,0.57231563
Damon_van_Dam/Damon_van_Dam_0001.jpg,Damon_van_Dam/Damon_van_Dam_0002.jpg,1,0.55980277
Dan_Wheldon/Dan_Wheldon_0001.jpg,Dan_Wheldon/Dan_Wheldon_0002.jpg,1,0.20869218
David_Coulthard/David_Coulthard_0001.jpg,David_Coulthard/David_Coulthard_0002.jpg,1,0.53652072
David_Kelley/David_Kelley_0001.jpg,David_Kelley/David_Kelley_0002.jpg,1,0.56464624
Debra_Brown/Debra_Brown_0001.jpg,Debra_Brown/Debra_Brown_0002.jpg,1,0.21039735
Dennis_Erickson/Dennis_Erickson_0001.jpg,Dennis_Erickson/Dennis_Erickson_0002.jpg,1,0.78028733
Derek_Lowe/Derek_Lowe_0001.jpg,Derek_Lowe/Derek_Lowe_0002.jpg,1,0.48128980
Eddie_Sutton/Eddie_Sutton_0001.jpg,Eddie_Sutton/Eddie_Sutton_0002.jpg,1,0.40382826
Edie_Falco/Edie_Falco_0001.jpg,Edie_Falco/Edie_Falco_0002.jpg,1,0.18296404
Elijah_Wood/Elijah_Wood_0002.jpg,Elijah_Wood/Elijah_Wood_0003.jpg,1,0.52462637
Elizabeth_Hurley/Elizabeth_Hurley_0001.jpg,Elizabeth_Hurley/Elizabeth_Hurley_0004.jpg,1,0.27550149
Elizabeth_Hurley/Elizabeth_Hurley_0002.jpg,Elizabeth_Hurley/Elizabeth_Hurley_0005.jpg,1,0.45145553
Emily_Robison/Emily_Robison_0001.jpg,Emily_Robison/Emily_Robison_0002.jpg,1,-0.08207931
Ethan_Hawke/Ethan_Hawke_0001.jpg,Ethan_Hawke/Ethan_Hawke_0004.jpg,1,0.06924552
Eunice_Barber/Eunice_Barber_0001.jpg,Eunice_Barber/Eunice_Barber_0002.jpg,1,0.58449084
Felix_Mantilla/Felix_Mantilla_0001.jpg,Felix_Mantilla/Felix_Mantilla_0002.jpg,1,0.28743130
Fidel_Castro/Fidel_Castro_0001.jpg,Fidel_Castro/Fidel_Castro_0018.jpg,1,0.42945558
Fidel_Castro/Fidel_Castro_0003.jpg,Fidel_Castro/Fidel_Castro_0007.jpg,1,0.51554817
Fidel_Castro/Fidel_Castro_0005.jpg,Fidel_Castro/Fidel_Castro_0008.jpg,1,0.10320887
Fidel_Castro/Fidel_Castro_0008.jpg,Fidel_Castro/Fidel_Castro_0012.jpg,1,0.33706337
Fidel_Castro/Fidel_Castro_0011.jpg,Fidel_Castro/Fidel_Castro_0013.jpg,1,0.53536755
Francisco_Flores/Francisco_Flores_0001.jpg,Francisco_Flores/Francisco_Flores_0002.jpg,1,0.66753834
Francisco_Flores/Francisco_Flores_0001.jpg,Francisco_Flores/Francisco_Flores_0003.jpg,1,0.38524508
Frank_Dunham_Jr/Frank_Dunham_Jr_0001.jpg,Frank_Dunham_Jr/Frank_Dunham_Jr_0002.jpg,1,0.22368810
Franko_Simatovic/Franko_Simatovic_0001.jpg,Franko_Simatovic/Franko_Simatovic_0002.jpg,1,0.44232196
Fred_Eckhard/Fred_Eckhard_0001.jpg,Fred_Eckhard/Fred_Eckhard_0002.jpg,1,0.77527034
Fred_Eckhard/Fred_Eckhard_0001.jpg,Fred_Eckhard/Fred_Eckhard_0003.jpg,1,0.81756651
Fred_Eckhard/Fred_Eckhard_0002.jpg,Fred_Eckhard/Fred_Eckhard_0003.jpg,1,0.83714116
GL_Peiris/GL_Peiris_0001.jpg,GL_Peiris/GL_Peiris_0002.jpg,1,0.58768868
GL_Peiris/GL_Peiris_0001.jpg,GL_Peiris/GL_Peiris_0003.jpg,1,0.53362864
GL_Peiris/GL_Peiris_0002.jpg,GL_Peiris/GL_Peiris_0003.jpg,1,0.86697191
GL_Peiris/GL_Peiris_0002.jpg,GL_Peiris/GL_Peiris_0004.jpg,1,0.33041671
Garry_Kasparov/Garry_Kasparov_0001.jpg,Garry_Kasparov/Garry_Kasparov_0002.jpg,1,0.61541069
Hassan_Nasrallah/Hassan_Nasrallah_0001.jpg,Hassan_Nasrallah/Hassan_Nasrallah_0002.jpg,1,0.62493742
Heidi_Klum/Heidi_Klum_0001.jpg,Heidi_Klum/Heidi_Klum_0003.jpg,1,0.56115067
Heidi_Klum/Heidi_Klum_0001.jpg,Heidi_Klum/Heidi_Klum_0004.jpg,1,0.62531483
Heidi_Klum/Heidi_Klum_0002.jpg,Heidi_Klum/Heidi_Klum_0004.jpg,1,0.50243390
Heidi_Klum/Heidi_Klum_0003.jpg,Heidi_Klum/Heidi_Klum_0004.jpg,1,0.46732259
Heinz_Feldmann/Heinz_Feldmann_0001.jpg,Heinz_Feldmann/Heinz_Feldmann_0002.jpg,1,0.81907737
Heinz_Feldmann/Heinz_Feldmann_0002.jpg,Heinz_Feldmann/Heinz_Feldmann_0003.jpg,1,0.62616670
Iban_Mayo/Iban_Mayo_0001.jpg,Iban_Mayo/Iban_Mayo_0002.jpg,1,0.37340111
Imad_Moustapha/Imad_Moustapha_0001.jpg,Imad_Moustapha/Imad_Moustapha_0002.jpg,1,0.86567438
Inam-ul-Haq/Inam-ul-Haq_0001.jpg,Inam-ul-Haq/Inam-ul-Haq_0002.jpg,1,0.40722024
James_Gandolfini/James_Gandolfini_0001.jpg,James_Gandolfini/James_Gandolfini_0003.jpg,1,0.50810611
James_Gandolfini/James_Gandolfini_0002.jpg,James_Gandolfini/James_Gandolfini_0003.jpg,1,0.49221152
Janet_Thorpe/Janet_Thorpe_0001.jpg,Janet_Thorpe/Janet_Thorpe_0002.jpg,1,0.63296884
Jean-Pierre_Raffarin/Jean-Pierre_Raffarin_0001.jpg,Jean-Pierre_Raffarin/Jean-Pierre_Raffarin_0002.jpg,1,0.47468781
Jean-Pierre_Raffarin/Jean-Pierre_Raffarin_0001.jpg,Jean-Pierre_Raffarin/Jean-Pierre_Raffarin_0006.jpg,1,0.58415377
Jean-Pierre_Raffarin/Jean-Pierre_Raffarin_0003.jpg,Jean-Pierre_Raffarin/Jean-Pierre_Raffarin_0004.jpg,1,0.46347195
Jean-Pierre_Raffarin/Jean-Pierre_Raffarin_0003.jpg,Jean-Pierre_Raffarin/Jean-Pierre_Raffarin_0005.jpg,1,0.33703828
Jean-Pierre_Raffarin/Jean-Pierre_Raffarin_0004.jpg,Jean-Pierre_Raffarin/Jean-Pierre_Raffarin_0007.jpg,1,0.48122868
Jean-Pierre_Raffarin/Jean-Pierre_Raffarin_0005.jpg,Jean-Pierre_Raffarin/Jean-Pierre_Raffarin_0007.jpg,1,0.47834322
Jean-Pierre_Raffarin/Jean-Pierre_Raffarin_0006.jpg,Jean-Pierre_Raffarin/Jean-Pierre_Raffarin_0007.jpg,1,0.51472032
Jeffrey_Scott_Postell/Jeffrey_Scott_Postell_0001.jpg,Jeffrey_Scott_Postell/Jeffrey_Scott_Postell_0002.jpg,1,0.63088727
Jennifer_Capriati/Jennifer_Capriati_0002.jpg,Jennifer_Capriati/Jennifer_Capriati_0014.jpg,1,0.34557256
Jennifer_Capriati/Jennifer_Capriati_0007.jpg,Jennifer_Capriati/Jennifer_Capriati_0032.jpg,1,0.30199993
Jennifer_Capriati/Jennifer_Capriati_0033.jpg,Jennifer_Capriati/Jennifer_Capriati_0042.jpg,1,0.31989083
Job_Cohen/Job_Cohen_0001.jpg,Job_Cohen/Job_Cohen_0002.jpg,1,0.78699857
John_McCormack/John_McCormack_0001.jpg,John_McCormack/John_McCormack_0002.jpg,1,0.08235999
John_Paul_II/John_Paul_II_0001.jpg,John_Paul_II/John_Paul_II_0004.jpg,1,0.46275952
John_Paul_II/John_Paul_II_0002.jpg,John_Paul_II/John_Paul_II_0005.jpg,1,0.59675759
John_Paul_II/John_Paul_II_0002.jpg,John_Paul_II/John_Paul_II_0008.jpg,1,0.61257541
John_Paul_II/John_Paul_II_0004.jpg,John_Paul_II/John_Paul_II_0009.jpg,1,0.44652808
John_Paul_II/John_Paul_II_0010.jpg,John_Paul_II/John_Paul_II_0011.jpg,1,0.75477028
John_Ruiz/John_Ruiz_0001.jpg,John_Ruiz/John_Ruiz_0002.jpg,1,0.64396906
John_Stallworth/John_Stallworth_0001.jpg,John_Stallworth/John_Stallworth_0002.jpg,1,0.24768119
John_Stockton/John_Stockton_0002.jpg,John_Stockton/John_Stockton_0004.jpg,1,0.24855193
John_Travolta/John_Travolta_0002.jpg,John_Travolta/John_Travolta_0006.jpg,1,0.62850380
John_Travolta/John_Travolta_0003.jpg,John_Travolta/John_Travolta_0005.jpg,1,0.23474333
John_Travolta/John_Travolta_0005.jpg,John_Travolta/John_Travolta_0007.jpg,1,0.35309339
Jonathan_Mostow/Jonathan_Mostow_0001.jpg,Jonathan_Mostow/Jonathan_Mostow_0002.jpg,1,0.47334656
Jorge_Arce/Jorge_Arce_0001.jpg,Jorge_Arce/Jorge_Arce_0002.jpg,1,0.55130404
Joschka_Fischer/Joschka_Fischer_0001.jpg,Joschka_Fischer/Joschka_Fischer_0010.jpg,1,0.68108165
Joschka_Fischer/Joschka_Fischer_0006.jpg,Joschka_Fischer/Joschka_Fischer_0011.jpg,1,0.61216968
Joschka_Fischer/Joschka_Fischer_0007.jpg,Joschka_Fischer/Joschka_Fischer_0011.jpg,1,0.61499459
Joschka_Fischer/Joschka_Fischer_0011.jpg,Joschka_Fischer/Joschka_Fischer_0017.jpg,1,0.62747991
Joschka_Fischer/Joschka_Fischer_0015.jpg,Joschka_Fischer/Joschka_Fischer_0016.jpg,1,0.71112984
Jose_Canseco/Jose_Canseco_0001.jpg,Jose_Canseco/Jose_Canseco_0003.jpg,1,0.37769112
Juan_Manuel_Marquez/Juan_Manuel_Marquez_0001.jpg,Juan_Manuel_Marquez/Juan_Manuel_Marquez_0002.jpg,1,0.60468370
Juan_Manuel_Marquez/Juan_Manuel_Marquez_0001.jpg,Juan_Manuel_Marquez/Juan_Manuel_Marquez_0003.jpg,1,0.76121634
Juan_Manuel_Marquez/Juan_Manuel_Marquez_0002.jpg,Juan_Manuel_Marquez/Juan_Manuel_Marquez_0003.jpg,1,0.51972473
Juan_Valencia_Osorio/Juan_Valencia_Osorio_0001.jpg,Juan_Valencia_Osorio/Juan_Valencia_Osorio_0002.jpg,1,0.33932573
Julie_Gerberding/Julie_Gerberding_0009.jpg,Julie_Gerberding/Julie_Gerberding_0013.jpg,1,0.72106159
Julie_Gerberding/Julie_Gerberding_0012.jpg,Julie_Gerberding/Julie_Gerberding_0015.jpg,1,0.39624590
Kate_Hudson/Kate_Hudson_0001.jpg,Kate_Hudson/Kate_Hudson_0004.jpg,1,0.43051797
Kate_Hudson/Kate_Hudson_0001.jpg,Kate_Hudson/Kate_Hudson_0008.jpg,1,0.50410771
Kate_Hudson/Kate_Hudson_0002.jpg,Kate_Hudson/Kate_Hudson_0003.jpg,1,0.49150535
Kate_Hudson/Kate_Hudson_0004.jpg,Kate_Hudson/Kate_Hudson_0009.jpg,1,0.41450757
Kate_Hudson/Kate_Hudson_0006.jpg,Kate_Hudson/Kate_Hudson_0007.jpg,1,0.53176433
Kemal_Dervis/Kemal_Dervis_0001.jpg,Kemal_Dervis/Kemal_Dervis_0003.jpg,1,0.68761814
Kemal_Dervis/Kemal_Dervis_0002.jpg,Kemal_Dervis/Kemal_Dervis_0003.jpg,1,0.67025918
Kenneth_Evans/Kenneth_Evans_0001.jpg,Kenneth_Evans/Kenneth_Evans_0002.jpg,1,0.67105675
Kifah_Ajouri/Kifah_Ajouri_0001.jpg,Kifah_Ajouri/Kifah_Ajouri_0002.jpg,1,0.61269200
Larry_Lucchino/Larry_Lucchino_0001.jpg,Larry_Lucchino/Larry_Lucchino_0002.jpg,1,0.59524739
Latrell_Sprewell/Latrell_Sprewell_0001.jpg,Latrell_Sprewell/Latrell_Sprewell_0002.jpg,1,0.30927771
Lech_Walesa/Lech_Walesa_0001.jpg,Lech_Walesa/Lech_Walesa_0002.jpg,1,0.55259287
Lee_Tae-sik/Lee_Tae-sik_0001.jpg,Lee_Tae-sik/Lee_Tae-sik_0002.jpg,1,0.52109098
Lisa_Marie_Presley/Lisa_Marie_Presley_0001.jpg,Lisa_Marie_Presley/Lisa_Marie_Presley_0003.jpg,1,0.43588534
Liza_Minnelli/Liza_Minnelli_0002.jpg,Liza_Minnelli/Liza_Minnelli_0003.jpg,1,0.59587526
Liza_Minnelli/Liza_Minnelli_0003.jpg,Liza_Minnelli/Liza_Minnelli_0004.jpg,1,0.61287308
Liza_Minnelli/Liza_Minnelli_0003.jpg,Liza_Minnelli/Liza_Minnelli_0006.jpg,1,0.71735191
Liza_Minnelli/Liza_Minnelli_0004.jpg,Liza_Minnelli/Liza_Minnelli_0005.jpg,1,0.52063185
Liza_Minnelli/Liza_Minnelli_0005.jpg,Liza_Minnelli/Liza_Minnelli_0006.jpg,1,0.50781083
Liza_Minnelli/Liza_Minnelli_0006.jpg,Liza_Minnelli/Liza_Minnelli_0007.jpg,1,0.69013649
Madonna/Madonna_0001.jpg,Madonna/Madonna_0004.jpg,1,0.27606648
Madonna/Madonna_0002.jpg,Madonna/Madonna_0003.jpg,1,0.35284084
Madonna/Madonna_0004.jpg,Madonna/Madonna_0005.jpg,1,0.28338313
Mariah_Carey/Mariah_Carey_0003.jpg,Mariah_Carey/Mariah_Carey_0006.jpg,1,0.51062274
Mary_Tyler_Moore/Mary_Tyler_Moore_0001.jpg,Mary_Tyler_Moore/Mary_Tyler_Moore_0002.jpg,1,0.55454648
Mathias_Reichhold/Mathias_Reichhold_0001.jpg,Mathias_Reichhold/Mathias_Reichhold_0002.jpg,1,0.39258176
Matt_Damon/Matt_Damon_0001.jpg,Matt_Damon/Matt_Damon_0002.jpg,1,0.51265359
Matt_Damon/Matt_Damon_0001.jpg,Matt_Damon/Matt_Damon_0003.jpg,1,0.51695168
Matt_Damon/Matt_Damon_0002.jpg,Matt_Damon/Matt_Damon_0004.jpg,1,0.49155349
Matt_Damon/Matt_Damon_0003.jpg,Matt_Damon/Matt_Damon_0004.jpg,1,0.46482778
Maureen_Fanning/Maureen_Fanning_0001.jpg,Maureen_Fanning/Maureen_Fanning_0002.jpg,1,0.51184767
Melanie_Griffith/Melanie_Griffith_0001.jpg,Melanie_Griffith/Melanie_Griffith_0002.jpg,1,0.22316790
Melanie_Griffith/Melanie_Griffith_0001.jpg,Melanie_Griffith/Melanie_Griffith_0003.jpg,1,0.39671147
Melanie_Griffith/Melanie_Griffith_0002.jpg,Melanie_Griffith/Melanie_Griffith_0003.jpg,1,0.34724447
Michael_Ballack/Michael_Ballack_0001.jpg,Michael_Ballack/Michael_Ballack_0002.jpg,1,0.38607240
Michael_Winterbottom/Michael_Winterbottom_0001.jpg,Michael_Winterbottom/Michael_Winterbottom_0003.jpg,1,0.55595642
Michael_Winterbottom/Michael_Winterbottom_0002.jpg,Michael_Winterbottom/Michael_Winterbottom_0003.jpg,1,0.76272720
Michelle_Collins/Michelle_Collins_0001.jpg,Michelle_Collins/Michelle_Collins_0002.jpg,1,0.74854213
Milo_Maestrecampo/Milo_Maestrecampo_0001.jpg,Milo_Maestrecampo/Milo_Maestrecampo_0002.jpg,1,0.72823930
Mohamed_Benaissa/Mohamed_Benaissa_0001.jpg,Mohamed_Benaissa/Mohamed_Benaissa_0002.jpg,1,0.50480521
Mohamed_ElBaradei/Mohamed_ElBaradei_0002.jpg,Mohamed_ElBaradei/Mohamed_ElBaradei_0004.jpg,1,0.57356107
Mohamed_ElBaradei/Mohamed_ElBaradei_0003.jpg,Mohamed_ElBaradei/Mohamed_ElBaradei_0008.jpg,1,0.48140037
Morgan_Freeman/Morgan_Freeman_0001.jpg,Morgan_Freeman/Morgan_Freeman_0002.jpg,1,0.45454288
Muhammad_Ali/Muhammad_Ali_0001.jpg,Muhammad_Ali/Muhammad_Ali_0003.jpg,1,0.36480922
Muhammad_Ali/Muhammad_Ali_0001.jpg,Muhammad_Ali/Muhammad_Ali_0007.jpg,1,0.40441030
Muhammad_Ali/Muhammad_Ali_0002.jpg,Muhammad_Ali/Muhammad_Ali_0005.jpg,1,0.65674925
Muhammad_Ali/Muhammad_Ali_0006.jpg,Muhammad_Ali/Muhammad_Ali_0010.jpg,1,0.57121372
Muhammad_Ali/Muhammad_Ali_0007.jpg,Muhammad_Ali/Muhammad_Ali_0009.jpg,1,0.61622161
Mukesh_Ambani/Mukesh_Ambani_0001.jpg,Mukesh_Ambani/Mukesh_Ambani_0002.jpg,1,-0.02379170
Mukesh_Ambani/Mukesh_Ambani_0001.jpg,Mukesh_Ambani/Mukesh_Ambani_0003.jpg,1,0.01436170
Paris_Hilton/Paris_Hilton_0001.jpg,Paris_Hilton/Paris_Hilton_0002.jpg,1,0.80027717
Pat_Cox/Pat_Cox_0001.jpg,Pat_Cox/Pat_Cox_0002.jpg,1,0.23785251
Paul_Burrell/Paul_Burrell_0003.jpg,Paul_Burrell/Paul_Burrell_0007.jpg,1,0.72822154
Paul_Burrell/Paul_Burrell_0005.jpg,Paul_Burrell/Paul_Burrell_0011.jpg,1,0.58071148
Paul_Burrell/Paul_Burrell_0008.jpg,Paul_Burrell/Paul_Burrell_0010.jpg,1,0.84344435
Paul_Wolfowitz/Paul_Wolfowitz_0008.jpg,Paul_Wolfowitz/Paul_Wolfowitz_0010.jpg,1,0.63679856
Paula_Radcliffe/Paula_Radcliffe_0001.jpg,Paula_Radcliffe/Paula_Radcliffe_0002.jpg,1,0.67330825
Paula_Radcliffe/Paula_Radcliffe_0001.jpg,Paula_Radcliffe/Paula_Radcliffe_0003.jpg,1,0.40225455
Paula_Radcliffe/Paula_Radcliffe_0002.jpg,Paula_Radcliffe/Paula_Radcliffe_0003.jpg,1,0.35769999
Paula_Radcliffe/Paula_Radcliffe_0002.jpg,Paula_Radcliffe/Paula_Radcliffe_0004.jpg,1,0.10033546
Paula_Radcliffe/Paula_Radcliffe_0003.jpg,Paula_Radcliffe/Paula_Radcliffe_0004.jpg,1,0.20083356
Paula_Radcliffe/Paula_Radcliffe_0003.jpg,Paula_Radcliffe/Paula_Radcliffe_0005.jpg,1,0.36568475
Paula_Radcliffe/Paula_Radcliffe_0004.jpg,Paula_Radcliffe/Paula_Radcliffe_0005.jpg,1,0.08429959
Paulo_Cesar_Pinheiro/Paulo_Cesar_Pinheiro_0001.jpg,Paulo_Cesar_Pinheiro/Paulo_Cesar_Pinheiro_0002.jpg,1,0.87958181
Pedro_Solbes/Pedro_Solbes_0001.jpg,Pedro_Solbes/Pedro_Solbes_0003.jpg,1,0.48316288
Pedro_Solbes/Pedro_Solbes_0001.jpg,Pedro_Solbes/Pedro_Solbes_0004.jpg,1,0.34824005
Pedro_Solbes/Pedro_Solbes_0002.jpg,Pedro_Solbes/Pedro_Solbes_0003.jpg,1,0.64353549
Pedro_Solbes/Pedro_Solbes_0003.jpg,Pedro_Solbes/Pedro_Solbes_0004.jpg,1,0.55262077
Pete_Carroll/Pete_Carroll_0001.jpg,Pete_Carroll/Pete_Carroll_0002.jpg,1,0.48027539
Pete_Carroll/Pete_Carroll_0001.jpg,Pete_Carroll/Pete_Carroll_0003.jpg,1,0.45966220
Pete_Carroll/Pete_Carroll_0002.jpg,Pete_Carroll/Pete_Carroll_0003.jpg,1,0.50131530
Pete_Sampras/Pete_Sampras_0002.jpg,Pete_Sampras/Pete_Sampras_0012.jpg,1,0.54703808
Pete_Sampras/Pete_Sampras_0002.jpg,Pete_Sampras/Pete_Sampras_0013.jpg,1,0.47293651
Pete_Sampras/Pete_Sampras_0003.jpg,Pete_Sampras/Pete_Sampras_0015.jpg,1,0.16599140
Pete_Sampras/Pete_Sampras_0004.jpg,Pete_Sampras/Pete_Sampras_0020.jpg,1,0.55558580
Pete_Sampras/Pete_Sampras_0006.jpg,Pete_Sampras/Pete_Sampras_0007.jpg,1,0.63017929
Pete_Sampras/Pete_Sampras_0006.jpg,Pete_Sampras/Pete_Sampras_0008.jpg,1,0.56644452
Pete_Sampras/Pete_Sampras_0010.jpg,Pete_Sampras/Pete_Sampras_0013.jpg,1,0.20028824
Pete_Sampras/Pete_Sampras_0012.jpg,Pete_Sampras/Pete_Sampras_0015.jpg,1,0.51818413
Peter_Struck/Peter_Struck_0001.jpg,Peter_Struck/Peter_Struck_0005.jpg,1,0.31589365
Peter_Struck/Peter_Struck_0002.jpg,Peter_Struck/Peter_Struck_0005.jpg,1,0.45829299
Phil_Vassar/Phil_Vassar_0001.jpg,Phil_Vassar/Phil_Vassar_0002.jpg,1,0.03596141
Pierre_Boulanger/Pierre_Boulanger_0001.jpg,Pierre_Boulanger/Pierre_Boulanger_0002.jpg,1,0.60284340
Prince_Willem-Alexander/Prince_Willem-Alexander_0001.jpg,Prince_Willem-Alexander/Prince_Willem-Alexander_0002.jpg,1,0.62985575
Prince_Willem-Alexander/Prince_Willem-Alexander_0001.jpg,Prince_Willem-Alexander/Prince_Willem-Alexander_0003.jpg,1,0.62439263
Prince_Willem-Alexander/Prince_Willem-Alexander_0002.jpg,Prince_Willem-Alexander/Prince_Willem-Alexander_0003.jpg,1,0.88835412
Queen_Elizabeth_II/Queen_Elizabeth_II_0003.jpg,Queen_Elizabeth_II/Queen_Elizabeth_II_0007.jpg,1,0.54290998
Queen_Elizabeth_II/Queen_Elizabeth_II_0009.jpg,Queen_Elizabeth_II/Queen_Elizabeth_II_0012.jpg,1,0.61734033
Queen_Elizabeth_II/Queen_Elizabeth_II_0010.jpg,Queen_Elizabeth_II/Queen_Elizabeth_II_0011.jpg,1,0.67712653
Queen_Elizabeth_II/Queen_Elizabeth_II_0010.jpg,Queen_Elizabeth_II/Queen_Elizabeth_II_0012.jpg,1,0.55378151
Ray_Nagin/Ray_Nagin_0001.jpg,Ray_Nagin/Ray_Nagin_0002.jpg,1,0.57257062
Ricardo_Maduro/Ricardo_Maduro_0001.jpg,Ricardo_Maduro/Ricardo_Maduro_0002.jpg,1,0.26871890
Richard_Branson/Richard_Branson_0001.jpg,Richard_Branson/Richard_Branson_0002.jpg,1,0.29957765
Richard_Virenque/Richard_Virenque_0001.jpg,Richard_Virenque/Richard_Virenque_0004.jpg,1,0.33616155
Richard_Virenque/Richard_Virenque_0001.jpg,Richard_Virenque/Richard_Virenque_0006.jpg,1,0.52444798
Richard_Virenque/Richard_Virenque_0001.jpg,Richard_Virenque/Richard_Virenque_0007.jpg,1,0.18557680
Richard_Virenque/Richard_Virenque_0002.jpg,Richard_Virenque/Richard_Virenque_0007.jpg,1,0.31809360
Richard_Virenque/Richard_Virenque_0002.jpg,Richard_Virenque/Richard_Virenque_0008.jpg,1,0.37641329
Rick_Carlisle/Rick_Carlisle_0002.jpg,Rick_Carlisle/Rick_Carlisle_0004.jpg,1,0.45471248
Rick_Wagoner/Rick_Wagoner_0001.jpg,Rick_Wagoner/Rick_Wagoner_0002.jpg,1,0.35196888
Robbie_Williams/Robbie_Williams_0001.jpg,Robbie_Williams/Robbie_Williams_0002.jpg,1,0.57301098
Robbie_Williams/Robbie_Williams_0001.jpg,Robbie_Williams/Robbie_Williams_0003.jpg,1,0.41144523
Roberto_Carlos/Roberto_Carlos_0002.jpg,Roberto_Carlos/Roberto_Carlos_0003.jpg,1,0.52815515
Roberto_Carlos/Roberto_Carlos_0002.jpg,Roberto_Carlos/Roberto_Carlos_0004.jpg,1,0.50700021
Roseanne_Barr/Roseanne_Barr_0001.jpg,Roseanne_Barr/Roseanne_Barr_0002.jpg,1,0.40261924
Roseanne_Barr/Roseanne_Barr_0002.jpg,Roseanne_Barr/Roseanne_Barr_0003.jpg,1,0.34892350
Ruben_Studdard/Ruben_Studdard_0001.jpg,Ruben_Studdard/Ruben_Studdard_0002.jpg,1,0.59751797
Sammy_Sosa/Sammy_Sosa_0001.jpg,Sammy_Sosa/Sammy_Sosa_0002.jpg,1,0.32769892
Sarah_Jessica_Parker/Sarah_Jessica_Parker_0001.jpg,Sarah_Jessica_Parker/Sarah_Jessica_Parker_0003.jpg,1,0.25059074
Sarah_Jessica_Parker/Sarah_Jessica_Parker_0002.jpg,Sarah_Jessica_Parker/Sarah_Jessica_Parker_0004.jpg,1,0.22718138
Sarah_Jessica_Parker/Sarah_Jessica_Parker_0003.jpg,Sarah_Jessica_Parker/Sarah_Jessica_Parker_0004.jpg,1,0.46110621
Sharon_Davis/Sharon_Davis_0001.jpg,Sharon_Davis/Sharon_Davis_0002.jpg,1,0.52005243
Shaul_Mofaz/Shaul_Mofaz_0001.jpg,Shaul_Mofaz/Shaul_Mofaz_0002.jpg,1,0.42870057
Shaul_Mofaz/Shaul_Mofaz_0002.jpg,Shaul_Mofaz/Shaul_Mofaz_0003.jpg,1,0.66401815
Stan_Heath/Stan_Heath_0001.jpg,Stan_Heath/Stan_Heath_0002.jpg,1,0.27726710
Svetlana_Koroleva/Svetlana_Koroleva_0001.jpg,Svetlana_Koroleva/Svetlana_Koroleva_0002.jpg,1,0.88913679
Terrell_Suggs/Terrell_Suggs_0001.jpg,Terrell_Suggs/Terrell_Suggs_0002.jpg,1,0.53720522
Tim_Henman/Tim_Henman_0002.jpg,Tim_Henman/Tim_Henman_0012.jpg,1,0.56009287
Tim_Henman/Tim_Henman_0008.jpg,Tim_Henman/Tim_Henman_0019.jpg,1,0.23415698
Tom_Daschle/Tom_Daschle_0007.jpg,Tom_Daschle/Tom_Daschle_0008.jpg,1,0.73626590
Tom_Daschle/Tom_Daschle_0015.jpg,Tom_Daschle/Tom_Daschle_0021.jpg,1,0.20571955
Tom_Daschle/Tom_Daschle_0015.jpg,Tom_Daschle/Tom_Daschle_0022.jpg,1,0.39954787
Tony_Curtis/Tony_Curtis_0001.jpg,Tony_Curtis/Tony_Curtis_0002.jpg,1,0.49170050
Valentino_Rossi/Valentino_Rossi_0001.jpg,Valentino_Rossi/Valentino_Rossi_0002.jpg,1,0.58753139
Valentino_Rossi/Valentino_Rossi_0002.jpg,Valentino_Rossi/Valentino_Rossi_0004.jpg,1,0.43905646
Valentino_Rossi/Valentino_Rossi_0003.jpg,Valentino_Rossi/Valentino_Rossi_0006.jpg,1,0.29910043
Valentino_Rossi/Valentino_Rossi_0004.jpg,Valentino_Rossi/Valentino_Rossi_0005.jpg,1,0.46848044
Valentino_Rossi/Valentino_Rossi_0005.jpg,Valentino_Rossi/Valentino_Rossi_0006.jpg,1,0.42195258
Vanessa_Redgrave/Vanessa_Redgrave_0001.jpg,Vanessa_Redgrave/Vanessa_Redgrave_0003.jpg,1,0.53523612
Vanessa_Redgrave/Vanessa_Redgrave_0001.jpg,Vanessa_Redgrave/Vanessa_Redgrave_0004.jpg,1,0.59335780
Vanessa_Redgrave/Vanessa_Redgrave_0002.jpg,Vanessa_Redgrave/Vanessa_Redgrave_0005.jpg,1,0.56345785
Vanessa_Redgrave/Vanessa_Redgrave_0003.jpg,Vanessa_Redgrave/Vanessa_Redgrave_0004.jpg,1,0.79420388
Victoria_Clarke/Victoria_Clarke_0001.jpg,Victoria_Clarke/Victoria_Clarke_0005.jpg,1,0.30843151
Vladimiro_Montesinos/Vladimiro_Montesinos_0001.jpg,Vladimiro_Montesinos/Vladimiro_Montesinos_0002.jpg,1,0.47567800
Vladimiro_Montesinos/Vladimiro_Montesinos_0001.jpg,Vladimiro_Montesinos/Vladimiro_Montesinos_0003.jpg,1,0.48412770
Vladimiro_Montesinos/Vladimiro_Montesinos_0002.jpg,Vladimiro_Montesinos/Vladimiro_Montesinos_0003.jpg,1,0.52517104
Wayne_Ferreira/Wayne_Ferreira_0001.jpg,Wayne_Ferreira/Wayne_Ferreira_0002.jpg,1,0.67103827
Wayne_Ferreira/Wayne_Ferreira_0001.jpg,Wayne_Ferreira/Wayne_Ferreira_0003.jpg,1,0.72068977
Wayne_Ferreira/Wayne_Ferreira_0001.jpg,Wayne_Ferreira/Wayne_Ferreira_0005.jpg,1,0.61410564
Wayne_Ferreira/Wayne_Ferreira_0002.jpg,Wayne_Ferreira/Wayne_Ferreira_0005.jpg,1,0.63088703
Wayne_Ferreira/Wayne_Ferreira_0003.jpg,Wayne_Ferreira/Wayne_Ferreira_0004.jpg,1,0.65476561
Will_Smith/Will_Smith_0001.jpg,Will_Smith/Will_Smith_0002.jpg,1,0.54305041
Yasser_Arafat/Yasser_Arafat_0001.jpg,Yasser_Arafat/Yasser_Arafat_0006.jpg,1,-0.02173695
Yasser_Arafat/Yasser_Arafat_0001.jpg,Yasser_Arafat/Yasser_Arafat_0008.jpg,1,0.02103016
Yasser_Arafat/Yasser_Arafat_0002.jpg,Yasser_Arafat/Yasser_Arafat_0003.jpg,1,0.71051478
Yasser_Arafat/Yasser_Arafat_0002.jpg,Yasser_Arafat/Yasser_Arafat_0005.jpg,1,0.36218527
Yasser_Arafat/Yasser_Arafat_0003.jpg,Yasser_Arafat/Yasser_Arafat_0004.jpg,1,0.46408185
Yasser_Arafat/Yasser_Arafat_0003.jpg,Yasser_Arafat/Yasser_Arafat_0008.jpg,1,0.62023365
Yasser_Arafat/Yasser_Arafat_0004.jpg,Yasser_Arafat/Yasser_Arafat_0005.jpg,1,0.64902186
Yasser_Arafat/Yasser_Arafat_0005.jpg,Yasser_Arafat/Yasser_Arafat_0008.jpg,1,0.40197819
Yuri_Fedotov/Yuri_Fedotov_0001.jpg,Yuri_Fedotov/Yuri_Fedotov_0002.jpg,1,0.46941060
Zoran_Djindjic/Zoran_Djindjic_0001.jpg,Zoran_Djindjic/Zoran_Djindjic_0003.jpg,1,0.63385177
Zoran_Djindjic/Zoran_Djindjic_0001.jpg,Zoran_Djindjic/Zoran_Djindjic_0004.jpg,1,0.60035765
Aitor_Gonzalez/Aitor_Gonzalez_0001.jpg,Aitor_Gonzalez/Aitor_Gonzalez_0002.jpg,1,0.58838320
Alec_Baldwin/Alec_Baldwin_0002.jpg,Alec_Baldwin/Alec_Baldwin_0004.jpg,1,0.50052732
Allison_Janney/Allison_Janney_0001.jpg,Allison_Janney/Allison_Janney_0002.jpg,1,0.61918777
Alvaro_Noboa/Alvaro_Noboa_0001.jpg,Alvaro_Noboa/Alvaro_Noboa_0003.jpg,1,0.65240109
Alvaro_Noboa/Alvaro_Noboa_0002.jpg,Alvaro_Noboa/Alvaro_Noboa_0003.jpg,1,0.49098736
Amanda_Coetzer/Amanda_Coetzer_0001.jpg,Amanda_Coetzer/Amanda_Coetzer_0002.jpg,1,0.50906378
Amer_al-Saadi/Amer_al-Saadi_0001.jpg,Amer_al-Saadi/Amer_al-Saadi_0003.jpg,1,0.46929052
Amer_al-Saadi/Amer_al-Saadi_0001.jpg,Amer_al-Saadi/Amer_al-Saadi_0004.jpg,1,0.66265213
Amer_al-Saadi/Amer_al-Saadi_0002.jpg,Amer_al-Saadi/Amer_al-Saadi_0004.jpg,1,0.62659955
Ana_Guevara/Ana_Guevara_0002.jpg,Ana_Guevara/Ana_Guevara_0007.jpg,1,0.40095252
Ana_Guevara/Ana_Guevara_0003.jpg,Ana_Guevara/Ana_Guevara_0007.jpg,1,0.51929593
Anneli_Jaatteenmaki/Anneli_Jaatteenmaki_0001.jpg,Anneli_Jaatteenmaki/Anneli_Jaatteenmaki_0002.jpg,1,0.46740326
Ari_Fleischer/Ari_Fleischer_0006.jpg,Ari_Fleischer/Ari_Fleischer_0009.jpg,1,0.67399067
Ari_Fleischer/Ari_Fleischer_0007.jpg,Ari_Fleischer/Ari_Fleischer_0012.jpg,1,0.64301813
Arianna_Huffington/Arianna_Huffington_0001.jpg,Arianna_Huffington/Arianna_Huffington_0002.jpg,1,0.41649306
Arianna_Huffington/Arianna_Huffington_0001.jpg,Arianna_Huffington/Arianna_Huffington_0004.jpg,1,0.39630812
Arianna_Huffington/Arianna_Huffington_0002.jpg,Arianna_Huffington/Arianna_Huffington_0003.jpg,1,0.44418854
Arianna_Huffington/Arianna_Huffington_0002.jpg,Arianna_Huffington/Arianna_Huffington_0004.jpg,1,0.40406764
Arnaud_Clement/Arnaud_Clement_0001.jpg,Arnaud_Clement/Arnaud_Clement_0002.jpg,1,0.37821835
Arsinee_Khanjian/Arsinee_Khanjian_0001.jpg,Arsinee_Khanjian/Arsinee_Khanjian_0002.jpg,1,0.56600970
Art_Howe/Art_Howe_0001.jpg,Art_Howe/Art_Howe_0002.jpg,1,0.46001408
Art_Howe/Art_Howe_0001.jpg,Art_Howe/Art_Howe_0003.jpg,1,0.72679728
Art_Howe/Art_Howe_0001.jpg,Art_Howe/Art_Howe_0004.jpg,1,0.40546721
Art_Howe/Art_Howe_0002.jpg,Art_Howe/Art_Howe_0003.jpg,1,0.36894658
Art_Howe/Art_Howe_0003.jpg,Art_Howe/Art_Howe_0004.jpg,1,0.38482586
Ben_Affleck/Ben_Affleck_0002.jpg,Ben_Affleck/Ben_Affleck_0003.jpg,1,0.52279353
Ben_Affleck/Ben_Affleck_0002.jpg,Ben_Affleck/Ben_Affleck_0004.jpg,1,0.48661402
Ben_Affleck/Ben_Affleck_0002.jpg,Ben_Affleck/Ben_Affleck_0007.jpg,1,0.37555355
Ben_Affleck/Ben_Affleck_0003.jpg,Ben_Affleck/Ben_Affleck_0006.jpg,1,0.51733798
Ben_Affleck/Ben_Affleck_0005.jpg,Ben_Affleck/Ben_Affleck_0006.jpg,1,0.62997103
Betsy_Smith/Betsy_Smith_0001.jpg,Betsy_Smith/Betsy_Smith_0002.jpg,1,0.60966253
Bill_Callahan/Bill_Callahan_0001.jpg,Bill_Callahan/Bill_Callahan_0003.jpg,1,0.43777484
Blythe_Hartley/Blythe_Hartley_0001.jpg,Blythe_Hartley/Blythe_Hartley_0002.jpg,1,0.48688102
Bob_Huggins/Bob_Huggins_0001.jpg,Bob_Huggins/Bob_Huggins_0003.jpg,1,0.22115946
Bob_Huggins/Bob_Huggins_0003.jpg,Bob_Huggins/Bob_Huggins_0004.jpg,1,0.23599124
Bobby_Goldwater/Bobby_Goldwater_0001.jpg,Bobby_Goldwater/Bobby_Goldwater_0002.jpg,1,0.55949974
Bono/Bono_0001.jpg,Bono/Bono_0002.jpg,1,0.37255651
Bono/Bono_0001.jpg,Bono/Bono_0003.jpg,1,0.10042924
Bono/Bono_0002.jpg,Bono/Bono_0003.jpg,1,0.20544179
Brad_Garrett/Brad_Garrett_0001.jpg,Brad_Garrett/Brad_Garrett_0003.jpg,1,0.24764793
Brad_Garrett/Brad_Garrett_0002.jpg,Brad_Garrett/Brad_Garrett_0003.jpg,1,0.55540633
Brad_Garrett/Brad_Garrett_0002.jpg,Brad_Garrett/Brad_Garrett_0004.jpg,1,0.36545932
Brian_Mulroney/Brian_Mulroney_0001.jpg,Brian_Mulroney/Brian_Mulroney_0002.jpg,1,0.54430491
Bud_Selig/Bud_Selig_0001.jpg,Bud_Selig/Bud_Selig_0002.jpg,1,0.15973632
Bud_Selig/Bud_Selig_0002.jpg,Bud_Selig/Bud_Selig_0003.jpg,1,0.25817877
Bud_Selig/Bud_Selig_0002.jpg,Bud_Selig/Bud_Selig_0004.jpg,1,0.32481402
Carla_Del_Ponte/Carla_Del_Ponte_0001.jpg,Carla_Del_Ponte/Carla_Del_Ponte_0002.jpg,1,0.47074562
Carla_Del_Ponte/Carla_Del_Ponte_0002.jpg,Carla_Del_Ponte/Carla_Del_Ponte_0004.jpg,1,0.32922411
Carla_Del_Ponte/Carla_Del_Ponte_0002.jpg,Carla_Del_Ponte/Carla_Del_Ponte_0005.jpg,1,0.60273433
Carla_Del_Ponte/Carla_Del_Ponte_0003.jpg,Carla_Del_Ponte/Carla_Del_Ponte_0005.jpg,1,0.42575306
Carlos_Ghosn/Carlos_Ghosn_0001.jpg,Carlos_Ghosn/Carlos_Ghosn_0002.jpg,1,0.80717301
Carlos_Manuel_Pruneda/Carlos_Manuel_Pruneda_0001.jpg,Carlos_Manuel_Pruneda/Carlos_Manuel_Pruneda_0002.jpg,1,0.42757985
Carlos_Manuel_Pruneda/Carlos_Manuel_Pruneda_0001.jpg,Carlos_Manuel_Pruneda/Carlos_Manuel_Pruneda_0003.jpg,1,0.55299699
Carlos_Menem/Carlos_Menem_0002.jpg,Carlos_Menem/Carlos_Menem_0021.jpg,1,0.70455700
Carlos_Menem/Carlos_Menem_0005.jpg,Carlos_Menem/Carlos_Menem_0018.jpg,1,0.55297279
Carlos_Menem/Carlos_Menem_0008.jpg,Carlos_Menem/Carlos_Menem_0015.jpg,1,0.34209889
Carlos_Menem/Carlos_Menem_0011.jpg,Carlos_Menem/Carlos_Menem_0012.jpg,1,0.36344439
Carlos_Menem/Carlos_Menem_0014.jpg,Carlos_Menem/Carlos_Menem_0021.jpg,1,0.74669600
Carlos_Menem/Carlos_Menem_0016.jpg,Carlos_Menem/Carlos_Menem_0018.jpg,1,0.64386928
Carmen_Electra/Carmen_Electra_0003.jpg,Carmen_Electra/Carmen_Electra_0004.jpg,1,0.49627733
Carmen_Electra/Carmen_Electra_0004.jpg,Carmen_Electra/Carmen_Electra_0006.jpg,1,0.58988833
Charlotte_Rampling/Charlotte_Rampling_0001.jpg,Charlotte_Rampling/Charlotte_Rampling_0002.jpg,1,0.16203615
Chick_Hearn/Chick_Hearn_0001.jpg,Chick_Hearn/Chick_Hearn_0002.jpg,1,0.74616551
Christine_Todd_Whitman/Christine_Todd_Whitman_0002.jpg,Christine_Todd_Whitman/Christine_Todd_Whitman_0003.jpg,1,0.23963115
Christine_Todd_Whitman/Christine_Todd_Whitman_0005.jpg,Christine_Todd_Whitman/Christine_Todd_Whitman_0006.jpg,1,-0.03902318
Christopher_Reeve/Christopher_Reeve_0001.jpg,Christopher_Reeve/Christopher_Reeve_0003.jpg,1,0.50564808
Chuck_Amato/Chuck_Amato_0001.jpg,Chuck_Amato/Chuck_Amato_0002.jpg,1,0.78510118
Cindy_Crawford/Cindy_Crawford_0002.jpg,Cindy_Crawford/Cindy_Crawford_0003.jpg,1,0.33228606
Cindy_Margolis/Cindy_Margolis_0001.jpg,Cindy_Margolis/Cindy_Margolis_0002.jpg,1,0.47478491
Claire_Danes/Claire_Danes_0001.jpg,Claire_Danes/Claire_Danes_0003.jpg,1,0.41441566
Claire_Danes/Claire_Danes_0002.jpg,Claire_Danes/Claire_Danes_0003.jpg,1,0.73852879
Conan_OBrien/Conan_OBrien_0001.jpg,Conan_OBrien/Conan_OBrien_0002.jpg,1,0.68838805
Conan_OBrien/Conan_OBrien_0002.jpg,Conan_OBrien/Conan_OBrien_0003.jpg,1,0.61389124
Conan_OBrien/Conan_OBrien_0002.jpg,Conan_OBrien/Conan_OBrien_0004.jpg,1,0.55567729
Conchita_Martinez/Conchita_Martinez_0001.jpg,Conchita_Martinez/Conchita_Martinez_0002.jpg,1,0.77740204
Conchita_Martinez/Conchita_Martinez_0001.jpg,Conchita_Martinez/Conchita_Martinez_0003.jpg,1,0.55235749
Dan_Morales/Dan_Morales_0001.jpg,Dan_Morales/Dan_Morales_0002.jpg,1,0.52363360
Dan_Morales/Dan_Morales_0001.jpg,Dan_Morales/Dan_Morales_0003.jpg,1,0.55506545
David_Hyde_Pierce/David_Hyde_Pierce_0001.jpg,David_Hyde_Pierce/David_Hyde_Pierce_0002.jpg,1,0.48195010
David_Hyde_Pierce/David_Hyde_Pierce_0001.jpg,David_Hyde_Pierce/David_Hyde_Pierce_0003.jpg,1,0.63461643
David_Hyde_Pierce/David_Hyde_Pierce_0002.jpg,David_Hyde_Pierce/David_Hyde_Pierce_0003.jpg,1,0.67858922
David_Hyde_Pierce/David_Hyde_Pierce_0002.jpg,David_Hyde_Pierce/David_Hyde_Pierce_0004.jpg,1,0.10498914
David_Myers/David_Myers_0001.jpg,David_Myers/David_Myers_0002.jpg,1,0.54359043
David_Nalbandian/David_Nalbandian_0001.jpg,David_Nalbandian/David_Nalbandian_0003.jpg,1,0.40424484
David_Nalbandian/David_Nalbandian_0002.jpg,David_Nalbandian/David_Nalbandian_0009.jpg,1,0.31851384
David_Nalbandian/David_Nalbandian_0003.jpg,David_Nalbandian/David_Nalbandian_0004.jpg,1,0.57210696
David_Nalbandian/David_Nalbandian_0004.jpg,David_Nalbandian/David_Nalbandian_0013.jpg,1,0.65379506
David_Nalbandian/David_Nalbandian_0011.jpg,David_Nalbandian/David_Nalbandian_0012.jpg,1,0.62917733
David_Stern/David_Stern_0001.jpg,David_Stern/David_Stern_0002.jpg,1,0.63114887
David_Stern/David_Stern_0002.jpg,David_Stern/David_Stern_0003.jpg,1,0.51659113
Derek_Jeter/Derek_Jeter_0002.jpg,Derek_Jeter/Derek_Jeter_0003.jpg,1,0.41698372
Derek_Jeter/Derek_Jeter_0002.jpg,Derek_Jeter/Derek_Jeter_0004.jpg,1,0.45182696
Donatella_Versace/Donatella_Versace_0001.jpg,Donatella_Versace/Donatella_Versace_0003.jpg,1,0.24166000
Donatella_Versace/Donatella_Versace_0002.jpg,Donatella_Versace/Donatella_Versace_0003.jpg,1,0.29362378
Donna_Shalala/Donna_Shalala_0001.jpg,Donna_Shalala/Donna_Shalala_0002.jpg,1,0.64349222
Edmund_Hillary/Edmund_Hillary_0001.jpg,Edmund_Hillary/Edmund_Hillary_0002.jpg,1,0.60522008
Edmund_Hillary/Edmund_Hillary_0001.jpg,Edmund_Hillary/Edmund_Hillary_0003.jpg,1,0.66120541
Edmund_Hillary/Edmund_Hillary_0002.jpg,Edmund_Hillary/Edmund_Hillary_0003.jpg,1,0.60023427
Elisabeth_Schumacher/Elisabeth_Schumacher_0001.jpg,Elisabeth_Schumacher/Elisabeth_Schumacher_0002.jpg,1,0.13182740
Elizabeth_Smart/Elizabeth_Smart_0003.jpg,Elizabeth_Smart/Elizabeth_Smart_0005.jpg,1,0.56193292
Erin_Runnion/Erin_Runnion_0001.jpg,Erin_Runnion/Erin_Runnion_0003.jpg,1,0.39272118
Erin_Runnion/Erin_Runnion_0002.jpg,Erin_Runnion/Erin_Runnion_0003.jpg,1,0.52092767
Erin_Runnion/Erin_Runnion_0002.jpg,Erin_Runnion/Erin_Runnion_0004.jpg,1,0.36795539
Erin_Runnion/Erin_Runnion_0003.jpg,Erin_Runnion/Erin_Runnion_0004.jpg,1,0.47574982
Fernando_Henrique_Cardoso/Fernando_Henrique_Cardoso_0001.jpg,Fernando_Henrique_Cardoso/Fernando_Henrique_Cardoso_0002.jpg,1,0.26412120
Fernando_Henrique_Cardoso/Fernando_Henrique_Cardoso_0001.jpg,Fernando_Henrique_Cardoso/Fernando_Henrique_Cardoso_0003.jpg,1,0.34347218
Fernando_Henrique_Cardoso/Fernando_Henrique_Cardoso_0001.jpg,Fernando_Henrique_Cardoso/Fernando_Henrique_Cardoso_0004.jpg,1,0.58369040
Fernando_Henrique_Cardoso/Fernando_Henrique_Cardoso_0002.jpg,Fernando_Henrique_Cardoso/Fernando_Henrique_Cardoso_0007.jpg,1,0.29612809
Fernando_Henrique_Cardoso/Fernando_Henrique_Cardoso_0005.jpg,Fernando_Henrique_Cardoso/Fernando_Henrique_Cardoso_0007.jpg,1,0.49139759
Fernando_Henrique_Cardoso/Fernando_Henrique_Cardoso_0006.jpg,Fernando_Henrique_Cardoso/Fernando_Henrique_Cardoso_0007.jpg,1,0.59077346
Francis_Mer/Francis_Mer_0001.jpg,Francis_Mer/Francis_Mer_0002.jpg,1,0.61971343
Franz_Fischler/Franz_Fischler_0001.jpg,Franz_Fischler/Franz_Fischler_0002.jpg,1,0.47182769
Gary_Locke/Gary_Locke_0001.jpg,Gary_Locke/Gary_Locke_0002.jpg,1,0.60127914
Gerry_Adams/Gerry_Adams_0001.jpg,Gerry_Adams/Gerry_Adams_0003.jpg,1,0.54519057
Gerry_Adams/Gerry_Adams_0001.jpg,Gerry_Adams/Gerry_Adams_0007.jpg,1,0.65887266
Gerry_Adams/Gerry_Adams_0002.jpg,Gerry_Adams/Gerry_Adams_0006.jpg,1,0.56783873
Gerry_Adams/Gerry_Adams_0003.jpg,Gerry_Adams/Gerry_Adams_0005.jpg,1,0.61886311
Gerry_Adams/Gerry_Adams_0004.jpg,Gerry_Adams/Gerry_Adams_0006.jpg,1,0.68286735
Gerry_Adams/Gerry_Adams_0005.jpg,Gerry_Adams/Gerry_Adams_0006.jpg,1,0.59385389
Gianna_Angelopoulos-Daskalaki/Gianna_Angelopoulos-Daskalaki_0001.jpg,Gianna_Angelopoulos-Daskalaki/Gianna_Angelopoulos-Daskalaki_0002.jpg,1,0.33065504
Gil_de_Ferran/Gil_de_Ferran_0001.jpg,Gil_de_Ferran/Gil_de_Ferran_0005.jpg,1,0.36157775
Gil_de_Ferran/Gil_de_Ferran_0002.jpg,Gil_de_Ferran/Gil_de_Ferran_0004.jpg,1,0.29447031
Gil_de_Ferran/Gil_de_Ferran_0003.jpg,Gil_de_Ferran/Gil_de_Ferran_0005.jpg,1,0.48866284
Goh_Kun/Goh_Kun_0001.jpg,Goh_Kun/Goh_Kun_0002.jpg,1,0.66578484
Grady_Irvin_Jr/Grady_Irvin_Jr_0001.jpg,Grady_Irvin_Jr/Grady_Irvin_Jr_0002.jpg,1,0.68256128
Gunter_Pleuger/Gunter_Pleuger_0003.jpg,Gunter_Pleuger/Gunter_Pleuger_0005.jpg,1,0.63146389
Gunter_Pleuger/Gunter_Pleuger_0003.jpg,Gunter_Pleuger/Gunter_Pleuger_0006.jpg,1,0.68840313
Harry_Belafonte/Harry_Belafonte_0001.jpg,Harry_Belafonte/Harry_Belafonte_0002.jpg,1,0.76774484
Harry_Schmidt/Harry_Schmidt_0001.jpg,Harry_Schmidt/Harry_Schmidt_0003.jpg,1,0.56204712
Harry_Schmidt/Harry_Schmidt_0001.jpg,Harry_Schmidt/Harry_Schmidt_0004.jpg,1,0.64686787
Harry_Schmidt/Harry_Schmidt_0002.jpg,Harry_Schmidt/Harry_Schmidt_0003.jpg,1,0.74228597
Harry_Schmidt/Harry_Schmidt_0003.jpg,Harry_Schmidt/Harry_Schmidt_0004.jpg,1,0.69779217
Helen_Clark/Helen_Clark_0002.jpg,Helen_Clark/Helen_Clark_0004.jpg,1,0.62411106
Hermann_Maier/Hermann_Maier_0001.jpg,Hermann_Maier/Hermann_Maier_0002.jpg,1,0.42206118
Ian_Thorpe/Ian_Thorpe_0001.jpg,Ian_Thorpe/Ian_Thorpe_0007.jpg,1,0.52565449
Ian_Thorpe/Ian_Thorpe_0001.jpg,Ian_Thorpe/Ian_Thorpe_0010.jpg,1,0.36864850
Ian_Thorpe/Ian_Thorpe_0003.jpg,Ian_Thorpe/Ian_Thorpe_0009.jpg,1,0.45559365
Ian_Thorpe/Ian_Thorpe_0005.jpg,Ian_Thorpe/Ian_Thorpe_0007.jpg,1,0.13899240
Ian_Thorpe/Ian_Thorpe_0006.jpg,Ian_Thorpe/Ian_Thorpe_0010.jpg,1,0.60780364
Isabelle_Huppert/Isabelle_Huppert_0001.jpg,Isabelle_Huppert/Isabelle_Huppert_0002.jpg,1,0.55530298
James_Butts/James_Butts_0001.jpg,James_Butts/James_Butts_0002.jpg,1,0.72004110
Jan-Michael_Gambill/Jan-Michael_Gambill_0001.jpg,Jan-Michael_Gambill/Jan-Michael_Gambill_0002.jpg,1,0.44825527
Jan-Michael_Gambill/Jan-Michael_Gambill_0002.jpg,Jan-Michael_Gambill/Jan-Michael_Gambill_0003.jpg,1,0.43707812
Jean-Francois_Pontal/Jean-Francois_Pontal_0001.jpg,Jean-Francois_Pontal/Jean-Francois_Pontal_0003.jpg,1,0.42409399
Jean-Marc_de_La_Sabliere/Jean-Marc_de_La_Sabliere_0001.jpg,Jean-Marc_de_La_Sabliere/Jean-Marc_de_La_Sabliere_0002.jpg,1,0.54580915
Jean-Sebastien_Giguere/Jean-Sebastien_Giguere_0001.jpg,Jean-Sebastien_Giguere/Jean-Sebastien_Giguere_0002.jpg,1,0.47798282
Jeb_Bush/Jeb_Bush_0001.jpg,Jeb_Bush/Jeb_Bush_0006.jpg,1,0.55964148
Jeb_Bush/Jeb_Bush_0002.jpg,Jeb_Bush/Jeb_Bush_0006.jpg,1,0.54777890
Jeb_Bush/Jeb_Bush_0005.jpg,Jeb_Bush/Jeb_Bush_0007.jpg,1,0.42562133
Jeffrey_Jones/Jeffrey_Jones_0001.jpg,Jeffrey_Jones/Jeffrey_Jones_0002.jpg,1,0.67448962
Jim_OBrien/Jim_OBrien_0001.jpg,Jim_OBrien/Jim_OBrien_0002.jpg,1,0.20822974
Jim_OBrien/Jim_OBrien_0001.jpg,Jim_OBrien/Jim_OBrien_0003.jpg,1,0.15216739
Joe_Gatti/Joe_Gatti_0001.jpg,Joe_Gatti/Joe_Gatti_0002.jpg,1,0.38721302
John_Cusack/John_Cusack_0001.jpg,John_Cusack/John_Cusack_0002.jpg,1,0.54981619
John_Edwards/John_Edwards_0001.jpg,John_Edwards/John_Edwards_0003.jpg,1,0.38425279
John_Edwards/John_Edwards_0001.jpg,John_Edwards/John_Edwards_0007.jpg,1,0.54205394
John_Edwards/John_Edwards_0002.jpg,John_Edwards/John_Edwards_0005.jpg,1,0.46840847
John_Edwards/John_Edwards_0003.jpg,John_Edwards/John_Edwards_0007.jpg,1,0.50832522
John_Edwards/John_Edwards_0004.jpg,John_Edwards/John_Edwards_0006.jpg,1,0.41154820
John_Edwards/John_Edwards_0004.jpg,John_Edwards/John_Edwards_0008.jpg,1,0.49993634
John_Edwards/John_Edwards_0006.jpg,John_Edwards/John_Edwards_0007.jpg,1,0.65457523
John_Spencer/John_Spencer_0001.jpg,John_Spencer/John_Spencer_0002.jpg,1,0.74117464
John_Taylor/John_Taylor_0001.jpg,John_Taylor/John_Taylor_0002.jpg,1,0.52308142
John_Walsh/John_Walsh_0001.jpg,John_Walsh/John_Walsh_0002.jpg,1,0.51110828
Jolanta_Kwasniewski/Jolanta_Kwasniewski_0001.jpg,Jolanta_Kwasniewski/Jolanta_Kwasniewski_0002.jpg,1,0.41489908
Jose_Mourinho/Jose_Mourinho_0001.jpg,Jose_Mourinho/Jose_Mourinho_0002.jpg,1,0.21510704
Juergen_Peters/Juergen_Peters_0001.jpg,Juergen_Peters/Juergen_Peters_0002.jpg,1,0.54392898
Kalpana_Chawla/Kalpana_Chawla_0001.jpg,Kalpana_Chawla/Kalpana_Chawla_0004.jpg,1,0.72822237
Kalpana_Chawla/Kalpana_Chawla_0002.jpg,Kalpana_Chawla/Kalpana_Chawla_0003.jpg,1,0.73783183
Kalpana_Chawla/Kalpana_Chawla_0002.jpg,Kalpana_Chawla/Kalpana_Chawla_0005.jpg,1,0.65712112
Kalpana_Chawla/Kalpana_Chawla_0003.jpg,Kalpana_Chawla/Kalpana_Chawla_0004.jpg,1,0.64969015
Kelli_White/Kelli_White_0001.jpg,Kelli_White/Kelli_White_0002.jpg,1,0.68630111
Kim_Jin-sun/Kim_Jin-sun_0001.jpg,Kim_Jin-sun/Kim_Jin-sun_0002.jpg,1,0.74110019
Lana_Clarkson/Lana_Clarkson_0001.jpg,Lana_Clarkson/Lana_Clarkson_0002.jpg,1,0.63118005
Laura_Hernandez/Laura_Hernandez_0001.jpg,Laura_Hernandez/Laura_Hernandez_0002.jpg,1,0.61308599
Laura_Linney/Laura_Linney_0001.jpg,Laura_Linney/Laura_Linney_0002.jpg,1,0.57636464
Laura_Linney/Laura_Linney_0001.jpg,Laura_Linney/Laura_Linney_0003.jpg,1,0.62256098
Laura_Linney/Laura_Linney_0002.jpg,Laura_Linney/Laura_Linney_0004.jpg,1,0.53691238
Laura_Linney/Laura_Linney_0003.jpg,Laura_Linney/Laura_Linney_0004.jpg,1,0.42042157
Lenny_Wilkens/Lenny_Wilkens_0001.jpg,Lenny_Wilkens/Lenny_Wilkens_0002.jpg,1,0.59811145
Lenny_Wilkens/Lenny_Wilkens_0001.jpg,Lenny_Wilkens/Lenny_Wilkens_0003.jpg,1,0.46183059
Lenny_Wilkens/Lenny_Wilkens_0002.jpg,Lenny_Wilkens/Lenny_Wilkens_0003.jpg,1,0.47429478
Lloyd_Ward/Lloyd_Ward_0001.jpg,Lloyd_Ward/Lloyd_Ward_0002.jpg,1,0.59041399
Mahathir_Mohamad/Mahathir_Mohamad_0001.jpg,Mahathir_Mohamad/Mahathir_Mohamad_0007.jpg,1,0.17070985
Mahathir_Mohamad/Mahathir_Mohamad_0001.jpg,Mahathir_Mohamad/Mahathir_Mohamad_0012.jpg,1,0.39600503
Mahathir_Mohamad/Mahathir_Mohamad_0006.jpg,Mahathir_Mohamad/Mahathir_Mohamad_0010.jpg,1,0.51960486
Mark_Cuban/Mark_Cuban_0001.jpg,Mark_Cuban/Mark_Cuban_0002.jpg,1,0.53566545
Mark_Heller/Mark_Heller_0001.jpg,Mark_Heller/Mark_Heller_0002.jpg,1,0.50756884
Mark_Schweiker/Mark_Schweiker_0001.jpg,Mark_Schweiker/Mark_Schweiker_0002.jpg,1,0.63991123
Marty_Mornhinweg/Marty_Mornhinweg_0001.jpg,Marty_Mornhinweg/Marty_Mornhinweg_0002.jpg,1,0.53037131
Marty_Mornhinweg/Marty_Mornhinweg_0001.jpg,Marty_Mornhinweg/Marty_Mornhinweg_0003.jpg,1,0.52647781
Marty_Mornhinweg/Marty_Mornhinweg_0002.jpg,Marty_Mornhinweg/Marty_Mornhinweg_0003.jpg,1,0.61686093
Michael_Phelps/Michael_Phelps_0001.jpg,Michael_Phelps/Michael_Phelps_0002.jpg,1,0.65774828
Michael_Phelps/Michael_Phelps_0002.jpg,Michael_Phelps/Michael_Phelps_0004.jpg,1,0.51460892
Mick_Jagger/Mick_Jagger_0002.jpg,Mick_Jagger/Mick_Jagger_0004.jpg,1,0.33894780
Miguel_Estrada/Miguel_Estrada_0001.jpg,Miguel_Estrada/Miguel_Estrada_0002.jpg,1,0.59384704
Mike_Myers/Mike_Myers_0001.jpg,Mike_Myers/Mike_Myers_0006.jpg,1,0.39850444
Mike_Myers/Mike_Myers_0002.jpg,Mike_Myers/Mike_Myers_0003.jpg,1,0.46769407
Mike_Myers/Mike_Myers_0002.jpg,Mike_Myers/Mike_Myers_0004.jpg,1,0.39417458
Mike_Myers/Mike_Myers_0002.jpg,Mike_Myers/Mike_Myers_0005.jpg,1,0.38490126
Nadine_Vinzens/Nadine_Vinzens_0001.jpg,Nadine_Vinzens/Nadine_Vinzens_0002.jpg,1,0.43262237
Nathan_Lane/Nathan_Lane_0001.jpg,Nathan_Lane/Nathan_Lane_0002.jpg,1,0.39995199
Nicolas_Cage/Nicolas_Cage_0001.jpg,Nicolas_Cage/Nicolas_Cage_0002.jpg,1,0.56296867
Nicolas_Cage/Nicolas_Cage_0002.jpg,Nicolas_Cage/Nicolas_Cage_0004.jpg,1,0.49875319
Nicolas_Cage/Nicolas_Cage_0003.jpg,Nicolas_Cage/Nicolas_Cage_0004.jpg,1,0.60639024
Nicole_Kidman/Nicole_Kidman_0003.jpg,Nicole_Kidman/Nicole_Kidman_0011.jpg,1,0.50021660
Nicole_Kidman/Nicole_Kidman_0008.jpg,Nicole_Kidman/Nicole_Kidman_0017.jpg,1,0.53479332
Nicole_Kidman/Nicole_Kidman_0011.jpg,Nicole_Kidman/Nicole_Kidman_0013.jpg,1,-0.02785333
Nicole_Kidman/Nicole_Kidman_0013.jpg,Nicole_Kidman/Nicole_Kidman_0014.jpg,1,0.08215515
Nicole_Kidman/Nicole_Kidman_0015.jpg,Nicole_Kidman/Nicole_Kidman_0019.jpg,1,0.24384785
Omar_Sharif/Omar_Sharif_0001.jpg,Omar_Sharif/Omar_Sharif_0002.jpg,1,0.84024775
Omar_Sharif/Omar_Sharif_0001.jpg,Omar_Sharif/Omar_Sharif_0003.jpg,1,0.67380565
Omar_Sharif/Omar_Sharif_0001.jpg,Omar_Sharif/Omar_Sharif_0004.jpg,1,0.62693661
Omar_Sharif/Omar_Sharif_0002.jpg,Omar_Sharif/Omar_Sharif_0003.jpg,1,0.75499940
Parris_Glendening/Parris_Glendening_0001.jpg,Parris_Glendening/Parris_Glendening_0002.jpg,1,0.67646718
Patrick_Leahy/Patrick_Leahy_0001.jpg,Patrick_Leahy/Patrick_Leahy_0002.jpg,1,0.42619681
Patrick_McEnroe/Patrick_McEnroe_0001.jpg,Patrick_McEnroe/Patrick_McEnroe_0002.jpg,1,0.30070037
Patrick_Stewart/Patrick_Stewart_0001.jpg,Patrick_Stewart/Patrick_Stewart_0002.jpg,1,0.49385470
Paul_Gascoigne/Paul_Gascoigne_0001.jpg,Paul_Gascoigne/Paul_Gascoigne_0003.jpg,1,0.41409391
Peter_Hillary/Peter_Hillary_0001.jpg,Peter_Hillary/Peter_Hillary_0002.jpg,1,0.70456707
Phan_Van_Khai/Phan_Van_Khai_0001.jpg,Phan_Van_Khai/Phan_Van_Khai_0002.jpg,1,0.65259266
Phan_Van_Khai/Phan_Van_Khai_0001.jpg,Phan_Van_Khai/Phan_Van_Khai_0003.jpg,1,0.71527183
Phan_Van_Khai/Phan_Van_Khai_0002.jpg,Phan_Van_Khai/Phan_Van_Khai_0003.jpg,1,0.56848317
Prince_Claus/Prince_Claus_0001.jpg,Prince_Claus/Prince_Claus_0004.jpg,1,0.29885668
Prince_Claus/Prince_Claus_0002.jpg,Prince_Claus/Prince_Claus_0003.jpg,1,0.46364841
Prince_Claus/Prince_Claus_0002.jpg,Prince_Claus/Prince_Claus_0004.jpg,1,0.36575782
Raghad_Saddam_Hussein/Raghad_Saddam_Hussein_0001.jpg,Raghad_Saddam_Hussein/Raghad_Saddam_Hussein_0002.jpg,1,0.74201298
Ray_Allen/Ray_Allen_0001.jpg,Ray_Allen/Ray_Allen_0002.jpg,1,0.43789861
Ray_Allen/Ray_Allen_0002.jpg,Ray_Allen/Ray_Allen_0003.jpg,1,0.22511989
Richard_Crenna/Richard_Crenna_0001.jpg,Richard_Crenna/Richard_Crenna_0002.jpg,1,0.63214445
Richard_Gere/Richard_Gere_0001.jpg,Richard_Gere/Richard_Gere_0010.jpg,1,0.27440399
Richard_Gere/Richard_Gere_0006.jpg,Richard_Gere/Richard_Gere_0009.jpg,1,0.57780528
Richard_Myers/Richard_Myers_0001.jpg,Richard_Myers/Richard_Myers_0002.jpg,1,0.08094557
Richard_Myers/Richard_Myers_0001.jpg,Richard_Myers/Richard_Myers_0004.jpg,1,0.04343464
Richard_Myers/Richard_Myers_0004.jpg,Richard_Myers/Richard_Myers_0008.jpg,1,0.48158464
Richard_Myers/Richard_Myers_0015.jpg,Richard_Myers/Richard_Myers_0016.jpg,1,0.56223506
Rick_Romley/Rick_Romley_0001.jpg,Rick_Romley/Rick_Romley_0003.jpg,1,0.71504134
Rob_Lowe/Rob_Lowe_0001.jpg,Rob_Lowe/Rob_Lowe_0003.jpg,1,0.52278173
Rob_Lowe/Rob_Lowe_0001.jpg,Rob_Lowe/Rob_Lowe_0004.jpg,1,0.66830212
Rob_Lowe/Rob_Lowe_0002.jpg,Rob_Lowe/Rob_Lowe_0003.jpg,1,0.32145163
Rob_Lowe/Rob_Lowe_0003.jpg,Rob_Lowe/Rob_Lowe_0004.jpg,1,0.47845727
Robby_Ginepri/Robby_Ginepri_0001.jpg,Robby_Ginepri/Robby_Ginepri_0002.jpg,1,0.50264943
Robert_Witt/Robert_Witt_0001.jpg,Robert_Witt/Robert_Witt_0002.jpg,1,0.78027993
Rod_Blagojevich/Rod_Blagojevich_0001.jpg,Rod_Blagojevich/Rod_Blagojevich_0002.jpg,1,0.70379484
Rolandas_Paksas/Rolandas_Paksas_0001.jpg,Rolandas_Paksas/Rolandas_Paksas_0002.jpg,1,0.42789185
Russell_Coutts/Russell_Coutts_0001.jpg,Russell_Coutts/Russell_Coutts_0002.jpg,1,0.57591122
Ruth_Dreifuss/Ruth_Dreifuss_0001.jpg,Ruth_Dreifuss/Ruth_Dreifuss_0002.jpg,1,0.58733296
Sally_Kirkland/Sally_Kirkland_0001.jpg,Sally_Kirkland/Sally_Kirkland_0004.jpg,1,0.57498169
Sean_Patrick_OMalley/Sean_Patrick_OMalley_0001.jpg,Sean_Patrick_OMalley/Sean_Patrick_OMalley_0003.jpg,1,0.38140997
Sebastian_Saja/Sebastian_Saja_0001.jpg,Sebastian_Saja/Sebastian_Saja_0002.jpg,1,0.39452869
Sebastian_Saja/Sebastian_Saja_0001.jpg,Sebastian_Saja/Sebastian_Saja_0003.jpg,1,0.37148595
Sila_Calderon/Sila_Calderon_0001.jpg,Sila_Calderon/Sila_Calderon_0002.jpg,1,0.49557132
Sila_Calderon/Sila_Calderon_0001.jpg,Sila_Calderon/Sila_Calderon_0003.jpg,1,0.42256141
Sila_Calderon/Sila_Calderon_0001.jpg,Sila_Calderon/Sila_Calderon_0004.jpg,1,0.47728735
Sila_Calderon/Sila_Calderon_0002.jpg,Sila_Calderon/Sila_Calderon_0003.jpg,1,0.50247157
Stanley_Tong/Stanley_Tong_0001.jpg,Stanley_Tong/Stanley_Tong_0002.jpg,1,0.53477597
Steve_Park/Steve_Park_0001.jpg,Steve_Park/Steve_Park_0002.jpg,1,0.61255169
Susie_Castillo/Susie_Castillo_0001.jpg,Susie_Castillo/Susie_Castillo_0002.jpg,1,0.68093657
Sylvester_Stallone/Sylvester_Stallone_0001.jpg,Sylvester_Stallone/Sylvester_Stallone_0005.jpg,1,0.03214493
Sylvester_Stallone/Sylvester_Stallone_0002.jpg,Sylvester_Stallone/Sylvester_Stallone_0004.jpg,1,0.19580153
Sylvester_Stallone/Sylvester_Stallone_0003.jpg,Sylvester_Stallone/Sylvester_Stallone_0008.jpg,1,0.48728570
Sylvester_Stallone/Sylvester_Stallone_0004.jpg,Sylvester_Stallone/Sylvester_Stallone_0005.jpg,1,0.04636467
Takashi_Sorimachi/Takashi_Sorimachi_0001.jpg,Takashi_Sorimachi/Takashi_Sorimachi_0002.jpg,1,0.49501872
Tang_Jiaxuan/Tang_Jiaxuan_0002.jpg,Tang_Jiaxuan/Tang_Jiaxuan_0006.jpg,1,0.75461930
Tang_Jiaxuan/Tang_Jiaxuan_0002.jpg,Tang_Jiaxuan/Tang_Jiaxuan_0011.jpg,1,0.69361955
Tang_Jiaxuan/Tang_Jiaxuan_0004.jpg,Tang_Jiaxuan/Tang_Jiaxuan_0009.jpg,1,0.62312531
Tang_Jiaxuan/Tang_Jiaxuan_0005.jpg,Tang_Jiaxuan/Tang_Jiaxuan_0009.jpg,1,0.51124537
Tang_Jiaxuan/Tang_Jiaxuan_0007.jpg,Tang_Jiaxuan/Tang_Jiaxuan_0010.jpg,1,0.45912826
Terje_Roed-Larsen/Terje_Roed-Larsen_0001.jpg,Terje_Roed-Larsen/Terje_Roed-Larsen_0002.jpg,1,0.55778509
Thomas_Birmingham/Thomas_Birmingham_0001.jpg,Thomas_Birmingham/Thomas_Birmingham_0002.jpg,1,0.15882887
Tiger_Woods/Tiger_Woods_0002.jpg,Tiger_Woods/Tiger_Woods_0006.jpg,1,0.28654650
Tiger_Woods/Tiger_Woods_0003.jpg,Tiger_Woods/Tiger_Woods_0021.jpg,1,0.71706390
Tiger_Woods/Tiger_Woods_0005.jpg,Tiger_Woods/Tiger_Woods_0011.jpg,1,0.30706736
Tiger_Woods/Tiger_Woods_0005.jpg,Tiger_Woods/Tiger_Woods_0012.jpg,1,0.36635113
Tiger_Woods/Tiger_Woods_0006.jpg,Tiger_Woods/Tiger_Woods_0018.jpg,1,0.27107275
Tiger_Woods/Tiger_Woods_0006.jpg,Tiger_Woods/Tiger_Woods_0021.jpg,1,0.16181388
Tiger_Woods/Tiger_Woods_0009.jpg,Tiger_Woods/Tiger_Woods_0012.jpg,1,0.37136358
Tiger_Woods/Tiger_Woods_0009.jpg,Tiger_Woods/Tiger_Woods_0023.jpg,1,0.30222499
Tiger_Woods/Tiger_Woods_0016.jpg,Tiger_Woods/Tiger_Woods_0018.jpg,1,0.62080449
Tim_Curry/Tim_Curry_0001.jpg,Tim_Curry/Tim_Curry_0002.jpg,1,0.60170043
Tom_Brady/Tom_Brady_0001.jpg,Tom_Brady/Tom_Brady_0002.jpg,1,0.30555683
Toshihiko_Fukui/Toshihiko_Fukui_0001.jpg,Toshihiko_Fukui/Toshihiko_Fukui_0002.jpg,1,0.82332957
Toshihiko_Fukui/Toshihiko_Fukui_0001.jpg,Toshihiko_Fukui/Toshihiko_Fukui_0003.jpg,1,0.81287831
Uma_Thurman/Uma_Thurman_0001.jpg,Uma_Thurman/Uma_Thurman_0003.jpg,1,0.50115013
Uma_Thurman/Uma_Thurman_0002.jpg,Uma_Thurman/Uma_Thurman_0003.jpg,1,-0.12189518
Vaclav_Klaus/Vaclav_Klaus_0001.jpg,Vaclav_Klaus/Vaclav_Klaus_0002.jpg,1,0.63024050
Vanessa_Incontrada/Vanessa_Incontrada_0001.jpg,Vanessa_Incontrada/Vanessa_Incontrada_0002.jpg,1,0.76856911
Vanessa_Incontrada/Vanessa_Incontrada_0001.jpg,Vanessa_Incontrada/Vanessa_Incontrada_0003.jpg,1,0.72967255
Vanessa_Incontrada/Vanessa_Incontrada_0001.jpg,Vanessa_Incontrada/Vanessa_Incontrada_0004.jpg,1,0.71656781
Vanessa_Incontrada/Vanessa_Incontrada_0002.jpg,Vanessa_Incontrada/Vanessa_Incontrada_0003.jpg,1,0.58316797
Vanessa_Incontrada/Vanessa_Incontrada_0002.jpg,Vanessa_Incontrada/Vanessa_Incontrada_0004.jpg,1,0.54097629
Vanessa_Incontrada/Vanessa_Incontrada_0003.jpg,Vanessa_Incontrada/Vanessa_Incontrada_0004.jpg,1,0.63858712
Vin_Diesel/Vin_Diesel_0001.jpg,Vin_Diesel/Vin_Diesel_0002.jpg,1,0.58247435
Vladimir_Spidla/Vladimir_Spidla_0001.jpg,Vladimir_Spidla/Vladimir_Spidla_0002.jpg,1,0.64895654
Vladimir_Spidla/Vladimir_Spidla_0001.jpg,Vladimir_Spidla/Vladimir_Spidla_0003.jpg,1,0.53511858
Vladimir_Spidla/Vladimir_Spidla_0002.jpg,Vladimir_Spidla/Vladimir_Spidla_0003.jpg,1,0.62573183
Win_Aung/Win_Aung_0001.jpg,Win_Aung/Win_Aung_0003.jpg,1,0.44170779
Win_Aung/Win_Aung_0001.jpg,Win_Aung/Win_Aung_0004.jpg,1,0.43255165
Zhang_Ziyi/Zhang_Ziyi_0001.jpg,Zhang_Ziyi/Zhang_Ziyi_0003.jpg,1,0.15652566
Zhang_Ziyi/Zhang_Ziyi_0002.jpg,Zhang_Ziyi/Zhang_Ziyi_0003.jpg,1,0.55999774
Aaron_Peirsol/Aaron_Peirsol_0001.jpg,Aaron_Peirsol/Aaron_Peirsol_0004.jpg,1,0.43569595
Aaron_Peirsol/Aaron_Peirsol_0003.jpg,Aaron_Peirsol/Aaron_Peirsol_0004.jpg,1,0.53136736
Adrian_Nastase/Adrian_Nastase_0001.jpg,Adrian_Nastase/Adrian_Nastase_0002.jpg,1,0.54486084
Ahmed_Chalabi/Ahmed_Chalabi_0001.jpg,Ahmed_Chalabi/Ahmed_Chalabi_0003.jpg,1,0.68989503
Ahmed_Chalabi/Ahmed_Chalabi_0001.jpg,Ahmed_Chalabi/Ahmed_Chalabi_0005.jpg,1,0.69369465
Albrecht_Mentz/Albrecht_Mentz_0001.jpg,Albrecht_Mentz/Albrecht_Mentz_0002.jpg,1,0.70128280
Alejandro_Toledo/Alejandro_Toledo_0020.jpg,Alejandro_Toledo/Alejandro_Toledo_0036.jpg,1,0.48053050
Alejandro_Toledo/Alejandro_Toledo_0021.jpg,Alejandro_Toledo/Alejandro_Toledo_0024.jpg,1,0.55921429
Alejandro_Toledo/Alejandro_Toledo_0021.jpg,Alejandro_Toledo/Alejandro_Toledo_0030.jpg,1,0.49850932
Alejandro_Toledo/Alejandro_Toledo_0023.jpg,Alejandro_Toledo/Alejandro_Toledo_0027.jpg,1,0.62925214
Alejandro_Toledo/Alejandro_Toledo_0026.jpg,Alejandro_Toledo/Alejandro_Toledo_0029.jpg,1,0.55864894
Alexander_Losyukov/Alexander_Losyukov_0001.jpg,Alexander_Losyukov/Alexander_Losyukov_0003.jpg,1,0.25351065
Alexander_Losyukov/Alexander_Losyukov_0002.jpg,Alexander_Losyukov/Alexander_Losyukov_0003.jpg,1,0.40270543
Alexander_Losyukov/Alexander_Losyukov_0002.jpg,Alexander_Losyukov/Alexander_Losyukov_0004.jpg,1,0.23374754
Alimzhan_Tokhtakhounov/Alimzhan_Tokhtakhounov_0001.jpg,Alimzhan_Tokhtakhounov/Alimzhan_Tokhtakhounov_0002.jpg,1,0.84155023
Amelie_Mauresmo/Amelie_Mauresmo_0007.jpg,Amelie_Mauresmo/Amelie_Mauresmo_0014.jpg,1,0.23353022
Amelie_Mauresmo/Amelie_Mauresmo_0011.jpg,Amelie_Mauresmo/Amelie_Mauresmo_0017.jpg,1,0.26421338
Amelie_Mauresmo/Amelie_Mauresmo_0014.jpg,Amelie_Mauresmo/Amelie_Mauresmo_0017.jpg,1,0.24599576
Angelo_Reyes/Angelo_Reyes_0001.jpg,Angelo_Reyes/Angelo_Reyes_0002.jpg,1,0.61040890
Angelo_Reyes/Angelo_Reyes_0001.jpg,Angelo_Reyes/Angelo_Reyes_0003.jpg,1,0.58250773
Begum_Khaleda_Zia/Begum_Khaleda_Zia_0001.jpg,Begum_Khaleda_Zia/Begum_Khaleda_Zia_0002.jpg,1,0.35988337
Ben_Curtis/Ben_Curtis_0001.jpg,Ben_Curtis/Ben_Curtis_0002.jpg,1,0.32217687
Bijan_Namdar_Zangeneh/Bijan_Namdar_Zangeneh_0001.jpg,Bijan_Namdar_Zangeneh/Bijan_Namdar_Zangeneh_0002.jpg,1,0.86863732
Bill_Paxton/Bill_Paxton_0001.jpg,Bill_Paxton/Bill_Paxton_0002.jpg,1,0.06069229
Bill_Paxton/Bill_Paxton_0001.jpg,Bill_Paxton/Bill_Paxton_0003.jpg,1,-0.00300145
Bill_Paxton/Bill_Paxton_0002.jpg,Bill_Paxton/Bill_Paxton_0004.jpg,1,0.29299748
Bill_Paxton/Bill_Paxton_0003.jpg,Bill_Paxton/Bill_Paxton_0004.jpg,1,0.56528515
Billy_Crystal/Billy_Crystal_0001.jpg,Billy_Crystal/Billy_Crystal_0002.jpg,1,0.59538841
Billy_Crystal/Billy_Crystal_0001.jpg,Billy_Crystal/Billy_Crystal_0003.jpg,1,0.45488170
Billy_Crystal/Billy_Crystal_0001.jpg,Billy_Crystal/Billy_Crystal_0005.jpg,1,0.73699695
Billy_Crystal/Billy_Crystal_0003.jpg,Billy_Crystal/Billy_Crystal_0005.jpg,1,0.48607001
Billy_Graham/Billy_Graham_0001.jpg,Billy_Graham/Billy_Graham_0002.jpg,1,0.48788214
Bob_Colvin/Bob_Colvin_0001.jpg,Bob_Colvin/Bob_Colvin_0002.jpg,1,0.69664657
Brian_Cowen/Brian_Cowen_0001.jpg,Brian_Cowen/Brian_Cowen_0002.jpg,1,0.53923410
Butch_Davis/Butch_Davis_0001.jpg,Butch_Davis/Butch_Davis_0002.jpg,1,0.58289981
Byron_Scott/Byron_Scott_0001.jpg,Byron_Scott/Byron_Scott_0002.jpg,1,0.37141371
Carol_Burnett/Carol_Burnett_0001.jpg,Carol_Burnett/Carol_Burnett_0002.jpg,1,0.60334301
Charles_Mathews/Charles_Mathews_0001.jpg,Charles_Mathews/Charles_Mathews_0002.jpg,1,0.45836592
Christine_Ebersole/Christine_Ebersole_0001.jpg,Christine_Ebersole/Christine_Ebersole_0002.jpg,1,0.53364527
Claudia_Schiffer/Claudia_Schiffer_0001.jpg,Claudia_Schiffer/Claudia_Schiffer_0002.jpg,1,0.58918053
Condoleezza_Rice/Condoleezza_Rice_0001.jpg,Condoleezza_Rice/Condoleezza_Rice_0004.jpg,1,0.03628977
Condoleezza_Rice/Condoleezza_Rice_0002.jpg,Condoleezza_Rice/Condoleezza_Rice_0010.jpg,1,0.77926910
Condoleezza_Rice/Condoleezza_Rice_0004.jpg,Condoleezza_Rice/Condoleezza_Rice_0005.jpg,1,0.27125230
Condoleezza_Rice/Condoleezza_Rice_0008.jpg,Condoleezza_Rice/Condoleezza_Rice_0009.jpg,1,0.59695601
Condoleezza_Rice/Condoleezza_Rice_0009.jpg,Condoleezza_Rice/Condoleezza_Rice_0010.jpg,1,0.64523500
Costas_Simitis/Costas_Simitis_0001.jpg,Costas_Simitis/Costas_Simitis_0004.jpg,1,0.57032609
Costas_Simitis/Costas_Simitis_0001.jpg,Costas_Simitis/Costas_Simitis_0005.jpg,1,0.57344562
Costas_Simitis/Costas_Simitis_0003.jpg,Costas_Simitis/Costas_Simitis_0005.jpg,1,0.47086489
Costas_Simitis/Costas_Simitis_0004.jpg,Costas_Simitis/Costas_Simitis_0006.jpg,1,0.59982514
Cristina_Saralegui/Cristina_Saralegui_0001.jpg,Cristina_Saralegui/Cristina_Saralegui_0002.jpg,1,0.56285727
Cruz_Bustamante/Cruz_Bustamante_0001.jpg,Cruz_Bustamante/Cruz_Bustamante_0004.jpg,1,0.61717349
Cruz_Bustamante/Cruz_Bustamante_0003.jpg,Cruz_Bustamante/Cruz_Bustamante_0005.jpg,1,0.52203482
David_Heymann/David_Heymann_0003.jpg,David_Heymann/David_Heymann_0005.jpg,1,0.74275202
Diana_Krall/Diana_Krall_0001.jpg,Diana_Krall/Diana_Krall_0006.jpg,1,0.61051869
Diana_Krall/Diana_Krall_0003.jpg,Diana_Krall/Diana_Krall_0004.jpg,1,0.33393431
Diana_Munz/Diana_Munz_0001.jpg,Diana_Munz/Diana_Munz_0003.jpg,1,0.69122946
Diana_Munz/Diana_Munz_0002.jpg,Diana_Munz/Diana_Munz_0003.jpg,1,0.69551814
Dominique_de_Villepin/Dominique_de_Villepin_0002.jpg,Dominique_de_Villepin/Dominique_de_Villepin_0013.jpg,1,0.40232837
Dominique_de_Villepin/Dominique_de_Villepin_0003.jpg,Dominique_de_Villepin/Dominique_de_Villepin_0008.jpg,1,0.58539045
Dominique_de_Villepin/Dominique_de_Villepin_0003.jpg,Dominique_de_Villepin/Dominique_de_Villepin_0010.jpg,1,0.51377034
Dominique_de_Villepin/Dominique_de_Villepin_0007.jpg,Dominique_de_Villepin/Dominique_de_Villepin_0011.jpg,1,0.42145193
Dominique_de_Villepin/Dominique_de_Villepin_0010.jpg,Dominique_de_Villepin/Dominique_de_Villepin_0014.jpg,1,0.51288617
Dominique_de_Villepin/Dominique_de_Villepin_0011.jpg,Dominique_de_Villepin/Dominique_de_Villepin_0012.jpg,1,0.42909974
Don_Siegelman/Don_Siegelman_0001.jpg,Don_Siegelman/Don_Siegelman_0003.jpg,1,0.51801580
Don_Siegelman/Don_Siegelman_0002.jpg,Don_Siegelman/Don_Siegelman_0004.jpg,1,0.58936667
Donald_Pettit/Donald_Pettit_0001.jpg,Donald_Pettit/Donald_Pettit_0002.jpg,1,0.58933014
Donald_Pettit/Donald_Pettit_0001.jpg,Donald_Pettit/Donald_Pettit_0003.jpg,1,0.64953250
Donald_Pettit/Donald_Pettit_0002.jpg,Donald_Pettit/Donald_Pettit_0003.jpg,1,0.58186603
Doug_Collins/Doug_Collins_0001.jpg,Doug_Collins/Doug_Collins_0002.jpg,1,0.21082680
Edward_James_Olmos/Edward_James_Olmos_0001.jpg,Edward_James_Olmos/Edward_James_Olmos_0002.jpg,1,0.35338378
Elin_Nordegren/Elin_Nordegren_0001.jpg,Elin_Nordegren/Elin_Nordegren_0002.jpg,1,0.29657352
Elizabeth_Taylor/Elizabeth_Taylor_0001.jpg,Elizabeth_Taylor/Elizabeth_Taylor_0002.jpg,1,0.44224051
Ellen_DeGeneres/Ellen_DeGeneres_0001.jpg,Ellen_DeGeneres/Ellen_DeGeneres_0002.jpg,1,0.42284372
Elton_John/Elton_John_0001.jpg,Elton_John/Elton_John_0004.jpg,1,0.44989550
Elton_John/Elton_John_0002.jpg,Elton_John/Elton_John_0003.jpg,1,0.54182053
Elton_John/Elton_John_0003.jpg,Elton_John/Elton_John_0006.jpg,1,0.50186270
Elton_John/Elton_John_0005.jpg,Elton_John/Elton_John_0006.jpg,1,0.57341659
Elton_John/Elton_John_0005.jpg,Elton_John/Elton_John_0007.jpg,1,0.33054996
Emma_Watson/Emma_Watson_0002.jpg,Emma_Watson/Emma_Watson_0003.jpg,1,0.66681343
Emma_Watson/Emma_Watson_0003.jpg,Emma_Watson/Emma_Watson_0004.jpg,1,0.65358341
Emma_Watson/Emma_Watson_0003.jpg,Emma_Watson/Emma_Watson_0005.jpg,1,0.70584083
Fabrice_Santoro/Fabrice_Santoro_0001.jpg,Fabrice_Santoro/Fabrice_Santoro_0003.jpg,1,0.45698050
Fabrice_Santoro/Fabrice_Santoro_0002.jpg,Fabrice_Santoro/Fabrice_Santoro_0003.jpg,1,0.50112045
Flavia_Delaroli/Flavia_Delaroli_0001.jpg,Flavia_Delaroli/Flavia_Delaroli_0002.jpg,1,0.32686806
George_Lopez/George_Lopez_0001.jpg,George_Lopez/George_Lopez_0004.jpg,1,0.52153331
George_Lopez/George_Lopez_0002.jpg,George_Lopez/George_Lopez_0004.jpg,1,0.47189006
George_Lopez/George_Lopez_0002.jpg,George_Lopez/George_Lopez_0005.jpg,1,0.44296390
George_Lopez/George_Lopez_0004.jpg,George_Lopez/George_Lopez_0005.jpg,1,0.74061978
Gerard_Depardieu/Gerard_Depardieu_0001.jpg,Gerard_Depardieu/Gerard_Depardieu_0002.jpg,1,-0.02599652
Gerhard_Schroeder/Gerhard_Schroeder_0005.jpg,Gerhard_Schroeder/Gerhard_Schroeder_0043.jpg,1,0.60987008
Gerhard_Schroeder/Gerhard_Schroeder_0017.jpg,Gerhard_Schroeder/Gerhard_Schroeder_0025.jpg,1,0.62601113
Gerhard_Schroeder/Gerhard_Schroeder_0027.jpg,Gerhard_Schroeder/Gerhard_Schroeder_0032.jpg,1,0.47524908
Gerhard_Schroeder/Gerhard_Schroeder_0045.jpg,Gerhard_Schroeder/Gerhard_Schroeder_0067.jpg,1,0.65976501
Gerhard_Schroeder/Gerhard_Schroeder_0066.jpg,Gerhard_Schroeder/Gerhard_Schroeder_0100.jpg,1,0.46403956
Gilberto_Rodriguez_Orejuela/Gilberto_Rodriguez_Orejuela_0001.jpg,Gilberto_Rodriguez_Orejuela/Gilberto_Rodriguez_Orejuela_0003.jpg,1,0.64487863
Gilberto_Rodriguez_Orejuela/Gilberto_Rodriguez_Orejuela_0002.jpg,Gilberto_Rodriguez_Orejuela/Gilberto_Rodriguez_Orejuela_0003.jpg,1,0.84016919
Gilberto_Rodriguez_Orejuela/Gilberto_Rodriguez_Orejuela_0003.jpg,Gilberto_Rodriguez_Orejuela/Gilberto_Rodriguez_Orejuela_0004.jpg,1,0.63341409
Giuseppe_Gibilisco/Giuseppe_Gibilisco_0001.jpg,Giuseppe_Gibilisco/Giuseppe_Gibilisco_0003.jpg,1,0.54738545
Giuseppe_Gibilisco/Giuseppe_Gibilisco_0001.jpg,Giuseppe_Gibilisco/Giuseppe_Gibilisco_0004.jpg,1,0.50911897
Giuseppe_Gibilisco/Giuseppe_Gibilisco_0003.jpg,Giuseppe_Gibilisco/Giuseppe_Gibilisco_0004.jpg,1,0.57532978
Guillermo_Canas/Guillermo_Canas_0001.jpg,Guillermo_Canas/Guillermo_Canas_0002.jpg,1,0.44506189
Guillermo_Canas/Guillermo_Canas_0001.jpg,Guillermo_Canas/Guillermo_Canas_0003.jpg,1,0.50863028
Guillermo_Canas/Guillermo_Canas_0002.jpg,Guillermo_Canas/Guillermo_Canas_0004.jpg,1,0.37324566
Guillermo_Canas/Guillermo_Canas_0003.jpg,Guillermo_Canas/Guillermo_Canas_0004.jpg,1,0.37107709
Hans_Blix/Hans_Blix_0007.jpg,Hans_Blix/Hans_Blix_0008.jpg,1,0.58776152
Hans_Blix/Hans_Blix_0007.jpg,Hans_Blix/Hans_Blix_0018.jpg,1,0.48917609
Hans_Blix/Hans_Blix_0007.jpg,Hans_Blix/Hans_Blix_0038.jpg,1,0.64132190
Hans_Blix/Hans_Blix_0008.jpg,Hans_Blix/Hans_Blix_0024.jpg,1,0.55315816
Hans_Blix/Hans_Blix_0009.jpg,Hans_Blix/Hans_Blix_0012.jpg,1,0.64184582
Hans_Blix/Hans_Blix_0026.jpg,Hans_Blix/Hans_Blix_0036.jpg,1,0.58737272
Hans_Blix/Hans_Blix_0027.jpg,Hans_Blix/Hans_Blix_0037.jpg,1,0.58720863
Hans_Blix/Hans_Blix_0031.jpg,Hans_Blix/Hans_Blix_0037.jpg,1,0.47952801
Heath_Ledger/Heath_Ledger_0001.jpg,Heath_Ledger/Heath_Ledger_0002.jpg,1,0.55762053
Heath_Ledger/Heath_Ledger_0001.jpg,Heath_Ledger/Heath_Ledger_0004.jpg,1,0.56271803
Heath_Ledger/Heath_Ledger_0002.jpg,Heath_Ledger/Heath_Ledger_0003.jpg,1,0.60923547
Heath_Ledger/Heath_Ledger_0002.jpg,Heath_Ledger/Heath_Ledger_0004.jpg,1,0.51132256
Herta_Daeubler-Gmelin/Herta_Daeubler-Gmelin_0001.jpg,Herta_Daeubler-Gmelin/Herta_Daeubler-Gmelin_0002.jpg,1,0.55619943
Hilary_Duff/Hilary_Duff_0001.jpg,Hilary_Duff/Hilary_Duff_0003.jpg,1,0.62863988
Hilary_Duff/Hilary_Duff_0002.jpg,Hilary_Duff/Hilary_Duff_0003.jpg,1,0.43478692
Hosni_Mubarak/Hosni_Mubarak_0006.jpg,Hosni_Mubarak/Hosni_Mubarak_0007.jpg,1,0.68393409
Hun_Sen/Hun_Sen_0001.jpg,Hun_Sen/Hun_Sen_0004.jpg,1,0.45091641
Hun_Sen/Hun_Sen_0002.jpg,Hun_Sen/Hun_Sen_0004.jpg,1,0.50312388
Iain_Duncan_Smith/Iain_Duncan_Smith_0001.jpg,Iain_Duncan_Smith/Iain_Duncan_Smith_0003.jpg,1,0.63339663
Iain_Duncan_Smith/Iain_Duncan_Smith_0002.jpg,Iain_Duncan_Smith/Iain_Duncan_Smith_0003.jpg,1,0.60865080
Iain_Duncan_Smith/Iain_Duncan_Smith_0002.jpg,Iain_Duncan_Smith/Iain_Duncan_Smith_0004.jpg,1,0.49594575
Iain_Duncan_Smith/Iain_Duncan_Smith_0003.jpg,Iain_Duncan_Smith/Iain_Duncan_Smith_0004.jpg,1,0.54813266
Inocencio_Arias/Inocencio_Arias_0001.jpg,Inocencio_Arias/Inocencio_Arias_0002.jpg,1,0.58213210
JK_Rowling/JK_Rowling_0001.jpg,JK_Rowling/JK_Rowling_0002.jpg,1,0.50650728
JK_Rowling/JK_Rowling_0002.jpg,JK_Rowling/JK_Rowling_0003.jpg,1,0.64132917
JK_Rowling/JK_Rowling_0002.jpg,JK_Rowling/JK_Rowling_0004.jpg,1,0.77846754
JK_Rowling/JK_Rowling_0003.jpg,JK_Rowling/JK_Rowling_0005.jpg,1,0.64563656
Jackie_Chan/Jackie_Chan_0001.jpg,Jackie_Chan/Jackie_Chan_0003.jpg,1,0.62294149
Jackie_Chan/Jackie_Chan_0005.jpg,Jackie_Chan/Jackie_Chan_0008.jpg,1,0.43069184
Jane_Kaczmarek/Jane_Kaczmarek_0001.jpg,Jane_Kaczmarek/Jane_Kaczmarek_0002.jpg,1,0.73742092
Janet_Napolitano/Janet_Napolitano_0001.jpg,Janet_Napolitano/Janet_Napolitano_0002.jpg,1,0.63092792
Janet_Napolitano/Janet_Napolitano_0001.jpg,Janet_Napolitano/Janet_Napolitano_0004.jpg,1,0.53026271
Jay_Leno/Jay_Leno_0001.jpg,Jay_Leno/Jay_Leno_0003.jpg,1,0.52581847
Jay_Leno/Jay_Leno_0002.jpg,Jay_Leno/Jay_Leno_0003.jpg,1,0.51950753
Jean-David_Levitte/Jean-David_Levitte_0001.jpg,Jean-David_Levitte/Jean-David_Levitte_0002.jpg,1,0.48329163
Jean-David_Levitte/Jean-David_Levitte_0001.jpg,Jean-David_Levitte/Jean-David_Levitte_0004.jpg,1,0.47228962
Jean-David_Levitte/Jean-David_Levitte_0002.jpg,Jean-David_Levitte/Jean-David_Levitte_0005.jpg,1,0.46012497
Jean-David_Levitte/Jean-David_Levitte_0003.jpg,Jean-David_Levitte/Jean-David_Levitte_0004.jpg,1,0.41643721
Jean-David_Levitte/Jean-David_Levitte_0004.jpg,Jean-David_Levitte/Jean-David_Levitte_0009.jpg,1,0.65217674
Jeff_Van_Gundy/Jeff_Van_Gundy_0001.jpg,Jeff_Van_Gundy/Jeff_Van_Gundy_0002.jpg,1,0.59775209
Jeff_Van_Gundy/Jeff_Van_Gundy_0001.jpg,Jeff_Van_Gundy/Jeff_Van_Gundy_0003.jpg,1,0.41071579
Jeff_Van_Gundy/Jeff_Van_Gundy_0002.jpg,Jeff_Van_Gundy/Jeff_Van_Gundy_0003.jpg,1,0.46691084
Jim_Furyk/Jim_Furyk_0001.jpg,Jim_Furyk/Jim_Furyk_0006.jpg,1,0.74098700
Jim_Furyk/Jim_Furyk_0003.jpg,Jim_Furyk/Jim_Furyk_0006.jpg,1,0.58783555
John_Garamendi/John_Garamendi_0001.jpg,John_Garamendi/John_Garamendi_0002.jpg,1,0.51904762
John_Rigas/John_Rigas_0001.jpg,John_Rigas/John_Rigas_0002.jpg,1,0.64441252
John_Warner/John_Warner_0001.jpg,John_Warner/John_Warner_0002.jpg,1,0.03537352
John_Warner/John_Warner_0001.jpg,John_Warner/John_Warner_0003.jpg,1,0.54148483
John_Warner/John_Warner_0002.jpg,John_Warner/John_Warner_0004.jpg,1,-0.05090909
John_Warner/John_Warner_0003.jpg,John_Warner/John_Warner_0004.jpg,1,0.73069692
Julia_Tymoshenko/Julia_Tymoshenko_0001.jpg,Julia_Tymoshenko/Julia_Tymoshenko_0002.jpg,1,0.31609944
Julia_Tymoshenko/Julia_Tymoshenko_0001.jpg,Julia_Tymoshenko/Julia_Tymoshenko_0003.jpg,1,0.32227552
Julia_Tymoshenko/Julia_Tymoshenko_0002.jpg,Julia_Tymoshenko/Julia_Tymoshenko_0003.jpg,1,0.42202422
Keith_Bogans/Keith_Bogans_0001.jpg,Keith_Bogans/Keith_Bogans_0003.jpg,1,0.44301432
Keith_Bogans/Keith_Bogans_0002.jpg,Keith_Bogans/Keith_Bogans_0003.jpg,1,0.57637548
Ken_Macha/Ken_Macha_0001.jpg,Ken_Macha/Ken_Macha_0003.jpg,1,0.45156586
Ken_Macha/Ken_Macha_0002.jpg,Ken_Macha/Ken_Macha_0003.jpg,1,0.42752963
Kenneth_Bowersox/Kenneth_Bowersox_0001.jpg,Kenneth_Bowersox/Kenneth_Bowersox_0002.jpg,1,0.67030215
Kenneth_Bowersox/Kenneth_Bowersox_0001.jpg,Kenneth_Bowersox/Kenneth_Bowersox_0003.jpg,1,0.68522775
Kenneth_Bowersox/Kenneth_Bowersox_0002.jpg,Kenneth_Bowersox/Kenneth_Bowersox_0003.jpg,1,0.77950579
Kristanna_Loken/Kristanna_Loken_0001.jpg,Kristanna_Loken/Kristanna_Loken_0002.jpg,1,0.48945424
Kristanna_Loken/Kristanna_Loken_0003.jpg,Kristanna_Loken/Kristanna_Loken_0004.jpg,1,0.24945179
Kristanna_Loken/Kristanna_Loken_0004.jpg,Kristanna_Loken/Kristanna_Loken_0005.jpg,1,0.48686367
LK_Advani/LK_Advani_0001.jpg,LK_Advani/LK_Advani_0002.jpg,1,0.09786975
LK_Advani/LK_Advani_0001.jpg,LK_Advani/LK_Advani_0003.jpg,1,0.32792860
Lauren_Killian/Lauren_Killian_0001.jpg,Lauren_Killian/Lauren_Killian_0002.jpg,1,0.45459342
Lennox_Lewis/Lennox_Lewis_0001.jpg,Lennox_Lewis/Lennox_Lewis_0002.jpg,1,0.48490918
Lennox_Lewis/Lennox_Lewis_0001.jpg,Lennox_Lewis/Lennox_Lewis_0003.jpg,1,0.33768508
Lili_Taylor/Lili_Taylor_0001.jpg,Lili_Taylor/Lili_Taylor_0002.jpg,1,0.10276420
Lily_Tomlin/Lily_Tomlin_0001.jpg,Lily_Tomlin/Lily_Tomlin_0002.jpg,1,0.25204605
Lon_Kruger/Lon_Kruger_0001.jpg,Lon_Kruger/Lon_Kruger_0002.jpg,1,0.60643518
Lynn_Abraham/Lynn_Abraham_0001.jpg,Lynn_Abraham/Lynn_Abraham_0002.jpg,1,0.09435195
Mahmoud_Abbas/Mahmoud_Abbas_0007.jpg,Mahmoud_Abbas/Mahmoud_Abbas_0011.jpg,1,0.46159858
Mahmoud_Abbas/Mahmoud_Abbas_0015.jpg,Mahmoud_Abbas/Mahmoud_Abbas_0020.jpg,1,0.60374504
Mahmoud_Abbas/Mahmoud_Abbas_0022.jpg,Mahmoud_Abbas/Mahmoud_Abbas_0027.jpg,1,0.72771835
Mark_Richt/Mark_Richt_0001.jpg,Mark_Richt/Mark_Richt_0002.jpg,1,0.42351180
Mark_Richt/Mark_Richt_0001.jpg,Mark_Richt/Mark_Richt_0003.jpg,1,0.71624655
Mary-Kate_Olsen/Mary-Kate_Olsen_0001.jpg,Mary-Kate_Olsen/Mary-Kate_Olsen_0002.jpg,1,0.35737133
Mary-Kate_Olsen/Mary-Kate_Olsen_0002.jpg,Mary-Kate_Olsen/Mary-Kate_Olsen_0003.jpg,1,0.14788604
Matt_Dillon/Matt_Dillon_0001.jpg,Matt_Dillon/Matt_Dillon_0002.jpg,1,0.43480444
Max_Mayfield/Max_Mayfield_0001.jpg,Max_Mayfield/Max_Mayfield_0002.jpg,1,0.58357799
Megan_Mullally/Megan_Mullally_0001.jpg,Megan_Mullally/Megan_Mullally_0002.jpg,1,0.24493521
Megan_Mullally/Megan_Mullally_0001.jpg,Megan_Mullally/Megan_Mullally_0003.jpg,1,0.27040380
Michael_Caine/Michael_Caine_0001.jpg,Michael_Caine/Michael_Caine_0002.jpg,1,0.11447361
Michael_Caine/Michael_Caine_0001.jpg,Michael_Caine/Michael_Caine_0003.jpg,1,0.03854471
Michael_Caine/Michael_Caine_0003.jpg,Michael_Caine/Michael_Caine_0004.jpg,1,0.64209545
Michael_J_Sheehan/Michael_J_Sheehan_0001.jpg,Michael_J_Sheehan/Michael_J_Sheehan_0002.jpg,1,0.57477111
Michael_Keaton/Michael_Keaton_0001.jpg,Michael_Keaton/Michael_Keaton_0002.jpg,1,0.66539395
Michael_Powell/Michael_Powell_0001.jpg,Michael_Powell/Michael_Powell_0002.jpg,1,0.41518936
Michael_Powell/Michael_Powell_0001.jpg,Michael_Powell/Michael_Powell_0003.jpg,1,0.36302751
Michael_Powell/Michael_Powell_0001.jpg,Michael_Powell/Michael_Powell_0005.jpg,1,0.49817446
Michael_Powell/Michael_Powell_0002.jpg,Michael_Powell/Michael_Powell_0003.jpg,1,0.57512081
Michael_Powell/Michael_Powell_0002.jpg,Michael_Powell/Michael_Powell_0004.jpg,1,0.67684317
Michael_Powell/Michael_Powell_0002.jpg,Michael_Powell/Michael_Powell_0005.jpg,1,0.43219292
Michael_Powell/Michael_Powell_0004.jpg,Michael_Powell/Michael_Powell_0005.jpg,1,0.38508090
Miguel_Contreras/Miguel_Contreras_0001.jpg,Miguel_Contreras/Miguel_Contreras_0002.jpg,1,0.50431156
Mike_Weir/Mike_Weir_0001.jpg,Mike_Weir/Mike_Weir_0006.jpg,1,0.35517707
Mike_Weir/Mike_Weir_0003.jpg,Mike_Weir/Mike_Weir_0011.jpg,1,0.47310925
Mikhail_Kasyanov/Mikhail_Kasyanov_0001.jpg,Mikhail_Kasyanov/Mikhail_Kasyanov_0002.jpg,1,0.65372455
Mikhail_Kasyanov/Mikhail_Kasyanov_0001.jpg,Mikhail_Kasyanov/Mikhail_Kasyanov_0003.jpg,1,0.48127639
Mikhail_Kasyanov/Mikhail_Kasyanov_0003.jpg,Mikhail_Kasyanov/Mikhail_Kasyanov_0004.jpg,1,0.81520081
Mohammed_Baqir_al-Hakim/Mohammed_Baqir_al-Hakim_0001.jpg,Mohammed_Baqir_al-Hakim/Mohammed_Baqir_al-Hakim_0003.jpg,1,0.64833295
Monica_Lewinsky/Monica_Lewinsky_0001.jpg,Monica_Lewinsky/Monica_Lewinsky_0002.jpg,1,0.47391558
Monica_Lewinsky/Monica_Lewinsky_0001.jpg,Monica_Lewinsky/Monica_Lewinsky_0003.jpg,1,0.43656307
Monica_Lewinsky/Monica_Lewinsky_0002.jpg,Monica_Lewinsky/Monica_Lewinsky_0003.jpg,1,0.61516291
Nan_Wang/Nan_Wang_0001.jpg,Nan_Wang/Nan_Wang_0003.jpg,1,0.46753556
Nan_Wang/Nan_Wang_0002.jpg,Nan_Wang/Nan_Wang_0003.jpg,1,0.42120993
Nan_Wang/Nan_Wang_0003.jpg,Nan_Wang/Nan_Wang_0004.jpg,1,0.41898853
Nancy_Demme/Nancy_Demme_0001.jpg,Nancy_Demme/Nancy_Demme_0002.jpg,1,0.65738076
Nancy_Reagan/Nancy_Reagan_0001.jpg,Nancy_Reagan/Nancy_Reagan_0002.jpg,1,0.50880289
Naoto_Kan/Naoto_Kan_0001.jpg,Naoto_Kan/Naoto_Kan_0003.jpg,1,0.91914427
Naoto_Kan/Naoto_Kan_0002.jpg,Naoto_Kan/Naoto_Kan_0003.jpg,1,0.90487051
Natasha_McElhone/Natasha_McElhone_0001.jpg,Natasha_McElhone/Natasha_McElhone_0002.jpg,1,0.81713426
Natasha_McElhone/Natasha_McElhone_0001.jpg,Natasha_McElhone/Natasha_McElhone_0003.jpg,1,0.75222301
Neri_Marcore/Neri_Marcore_0001.jpg,Neri_Marcore/Neri_Marcore_0002.jpg,1,0.50626755
Nicholas_Tse/Nicholas_Tse_0001.jpg,Nicholas_Tse/Nicholas_Tse_0002.jpg,1,0.53461498
Nicolas_Escude/Nicolas_Escude_0001.jpg,Nicolas_Escude/Nicolas_Escude_0002.jpg,1,0.63667846
Noelle_Bush/Noelle_Bush_0001.jpg,Noelle_Bush/Noelle_Bush_0003.jpg,1,0.63743478
Noelle_Bush/Noelle_Bush_0001.jpg,Noelle_Bush/Noelle_Bush_0004.jpg,1,0.44111854
Noelle_Bush/Noelle_Bush_0002.jpg,Noelle_Bush/Noelle_Bush_0004.jpg,1,-0.08731302
Orrin_Hatch/Orrin_Hatch_0001.jpg,Orrin_Hatch/Orrin_Hatch_0002.jpg,1,0.47182706
Padraig_Harrington/Padraig_Harrington_0001.jpg,Padraig_Harrington/Padraig_Harrington_0003.jpg,1,0.27567568
Padraig_Harrington/Padraig_Harrington_0001.jpg,Padraig_Harrington/Padraig_Harrington_0004.jpg,1,0.24202731
Padraig_Harrington/Padraig_Harrington_0002.jpg,Padraig_Harrington/Padraig_Harrington_0004.jpg,1,0.44853348
Pedro_Almodovar/Pedro_Almodovar_0001.jpg,Pedro_Almodovar/Pedro_Almodovar_0002.jpg,1,0.54669201
Pedro_Almodovar/Pedro_Almodovar_0003.jpg,Pedro_Almodovar/Pedro_Almodovar_0005.jpg,1,0.31508499
Pedro_Almodovar/Pedro_Almodovar_0005.jpg,Pedro_Almodovar/Pedro_Almodovar_0006.jpg,1,0.77817476
Penelope_Ann_Miller/Penelope_Ann_Miller_0001.jpg,Penelope_Ann_Miller/Penelope_Ann_Miller_0002.jpg,1,0.44991049
Peter_Arnett/Peter_Arnett_0001.jpg,Peter_Arnett/Peter_Arnett_0003.jpg,1,0.59014130
Peter_Arnett/Peter_Arnett_0002.jpg,Peter_Arnett/Peter_Arnett_0003.jpg,1,0.42413533
Petria_Thomas/Petria_Thomas_0001.jpg,Petria_Thomas/Petria_Thomas_0002.jpg,1,0.76007330
Petro_Symonenko/Petro_Symonenko_0001.jpg,Petro_Symonenko/Petro_Symonenko_0002.jpg,1,0.56649375
Prince_Charles/Prince_Charles_0001.jpg,Prince_Charles/Prince_Charles_0002.jpg,1,0.80739111
Prince_Charles/Prince_Charles_0003.jpg,Prince_Charles/Prince_Charles_0004.jpg,1,0.58746719
Prince_Charles/Prince_Charles_0003.jpg,Prince_Charles/Prince_Charles_0005.jpg,1,0.58015472
Raoul_Ruiz/Raoul_Ruiz_0001.jpg,Raoul_Ruiz/Raoul_Ruiz_0002.jpg,1,0.55016577
Raoul_Ruiz/Raoul_Ruiz_0002.jpg,Raoul_Ruiz/Raoul_Ruiz_0003.jpg,1,0.61356992
Raoul_Ruiz/Raoul_Ruiz_0002.jpg,Raoul_Ruiz/Raoul_Ruiz_0004.jpg,1,0.63104290
Raoul_Ruiz/Raoul_Ruiz_0003.jpg,Raoul_Ruiz/Raoul_Ruiz_0004.jpg,1,0.67614603
Ricky_Ponting/Ricky_Ponting_0001.jpg,Ricky_Ponting/Ricky_Ponting_0002.jpg,1,0.61989349
Robert_Stack/Robert_Stack_0001.jpg,Robert_Stack/Robert_Stack_0002.jpg,1,0.74590647
Robin_Cook/Robin_Cook_0001.jpg,Robin_Cook/Robin_Cook_0002.jpg,1,0.21235234
Roger_Federer/Roger_Federer_0004.jpg,Roger_Federer/Roger_Federer_0005.jpg,1,0.35637507
Roger_Federer/Roger_Federer_0004.jpg,Roger_Federer/Roger_Federer_0007.jpg,1,0.56900722
Roger_Federer/Roger_Federer_0006.jpg,Roger_Federer/Roger_Federer_0007.jpg,1,0.85019511
Ronaldo_Luis_Nazario_de_Lima/Ronaldo_Luis_Nazario_de_Lima_0001.jpg,Ronaldo_Luis_Nazario_de_Lima/Ronaldo_Luis_Nazario_de_Lima_0004.jpg,1,0.70422035
Ronaldo_Luis_Nazario_de_Lima/Ronaldo_Luis_Nazario_de_Lima_0002.jpg,Ronaldo_Luis_Nazario_de_Lima/Ronaldo_Luis_Nazario_de_Lima_0003.jpg,1,0.60587656
Ronaldo_Luis_Nazario_de_Lima/Ronaldo_Luis_Nazario_de_Lima_0002.jpg,Ronaldo_Luis_Nazario_de_Lima/Ronaldo_Luis_Nazario_de_Lima_0004.jpg,1,0.53670037
Ronaldo_Luis_Nazario_de_Lima/Ronaldo_Luis_Nazario_de_Lima_0003.jpg,Ronaldo_Luis_Nazario_de_Lima/Ronaldo_Luis_Nazario_de_Lima_0004.jpg,1,0.68367934
Roy_Williams/Roy_Williams_0001.jpg,Roy_Williams/Roy_Williams_0003.jpg,1,0.46185595
Roy_Williams/Roy_Williams_0002.jpg,Roy_Williams/Roy_Williams_0004.jpg,1,0.30227017
Sally_Ride/Sally_Ride_0001.jpg,Sally_Ride/Sally_Ride_0002.jpg,1,0.56354922
Scott_McNealy/Scott_McNealy_0001.jpg,Scott_McNealy/Scott_McNealy_0002.jpg,1,0.47141021
Scott_Peterson/Scott_Peterson_0001.jpg,Scott_Peterson/Scott_Peterson_0002.jpg,1,0.47419152
Scott_Peterson/Scott_Peterson_0001.jpg,Scott_Peterson/Scott_Peterson_0005.jpg,1,0.53720772
Scott_Peterson/Scott_Peterson_0002.jpg,Scott_Peterson/Scott_Peterson_0005.jpg,1,0.53427100
Scott_Peterson/Scott_Peterson_0003.jpg,Scott_Peterson/Scott_Peterson_0004.jpg,1,0.36807072
Scott_Ritter/Scott_Ritter_0001.jpg,Scott_Ritter/Scott_Ritter_0002.jpg,1,0.56175655
Sean_OKeefe/Sean_OKeefe_0003.jpg,Sean_OKeefe/Sean_OKeefe_0004.jpg,1,0.64487863
Sean_Penn/Sean_Penn_0001.jpg,Sean_Penn/Sean_Penn_0002.jpg,1,0.56399274
Sean_Penn/Sean_Penn_0002.jpg,Sean_Penn/Sean_Penn_0003.jpg,1,0.56832117
Sebastien_Grosjean/Sebastien_Grosjean_0001.jpg,Sebastien_Grosjean/Sebastien_Grosjean_0002.jpg,1,0.50001013
Sebastien_Grosjean/Sebastien_Grosjean_0001.jpg,Sebastien_Grosjean/Sebastien_Grosjean_0004.jpg,1,0.53501415
Sharon_Stone/Sharon_Stone_0001.jpg,Sharon_Stone/Sharon_Stone_0002.jpg,1,0.41983414
Sharon_Stone/Sharon_Stone_0001.jpg,Sharon_Stone/Sharon_Stone_0003.jpg,1,0.39327013
Sharon_Stone/Sharon_Stone_0001.jpg,Sharon_Stone/Sharon_Stone_0004.jpg,1,0.38586527
Sharon_Stone/Sharon_Stone_0001.jpg,Sharon_Stone/Sharon_Stone_0005.jpg,1,0.48666924
Sharon_Stone/Sharon_Stone_0002.jpg,Sharon_Stone/Sharon_Stone_0004.jpg,1,0.48517066
Sonia_Gandhi/Sonia_Gandhi_0001.jpg,Sonia_Gandhi/Sonia_Gandhi_0003.jpg,1,0.74887675
Sonia_Gandhi/Sonia_Gandhi_0001.jpg,Sonia_Gandhi/Sonia_Gandhi_0004.jpg,1,0.23778406
Steve_Backley/Steve_Backley_0001.jpg,Steve_Backley/Steve_Backley_0002.jpg,1,0.44967043
Steven_Hatfill/Steven_Hatfill_0001.jpg,Steven_Hatfill/Steven_Hatfill_0002.jpg,1,0.63015068
Tassos_Papadopoulos/Tassos_Papadopoulos_0001.jpg,Tassos_Papadopoulos/Tassos_Papadopoulos_0003.jpg,1,0.67605114
Taufik_Hidayat/Taufik_Hidayat_0001.jpg,Taufik_Hidayat/Taufik_Hidayat_0002.jpg,1,0.77115953
Taufik_Hidayat/Taufik_Hidayat_0001.jpg,Taufik_Hidayat/Taufik_Hidayat_0003.jpg,1,0.59372699
Taufik_Hidayat/Taufik_Hidayat_0002.jpg,Taufik_Hidayat/Taufik_Hidayat_0003.jpg,1,0.60198379
Thomas_Malchow/Thomas_Malchow_0001.jpg,Thomas_Malchow/Thomas_Malchow_0002.jpg,1,0.64055961
Tom_Cruise/Tom_Cruise_0003.jpg,Tom_Cruise/Tom_Cruise_0005.jpg,1,0.40349409
Tom_Cruise/Tom_Cruise_0004.jpg,Tom_Cruise/Tom_Cruise_0010.jpg,1,0.37527132
Tom_Cruise/Tom_Cruise_0006.jpg,Tom_Cruise/Tom_Cruise_0010.jpg,1,0.71938407
Toni_Braxton/Toni_Braxton_0001.jpg,Toni_Braxton/Toni_Braxton_0003.jpg,1,0.49753773
Wayne_Gretzky/Wayne_Gretzky_0001.jpg,Wayne_Gretzky/Wayne_Gretzky_0002.jpg,1,0.57606125
Wayne_Gretzky/Wayne_Gretzky_0001.jpg,Wayne_Gretzky/Wayne_Gretzky_0004.jpg,1,0.49617535
William_Bulger/William_Bulger_0001.jpg,William_Bulger/William_Bulger_0003.jpg,1,0.61921453
William_Bulger/William_Bulger_0002.jpg,William_Bulger/William_Bulger_0004.jpg,1,0.53636611
Winona_Ryder/Winona_Ryder_0012.jpg,Winona_Ryder/Winona_Ryder_0013.jpg,1,0.50268763
Winona_Ryder/Winona_Ryder_0012.jpg,Winona_Ryder/Winona_Ryder_0018.jpg,1,0.51504052
Winona_Ryder/Winona_Ryder_0012.jpg,Winona_Ryder/Winona_Ryder_0019.jpg,1,0.53799939
Xanana_Gusmao/Xanana_Gusmao_0001.jpg,Xanana_Gusmao/Xanana_Gusmao_0004.jpg,1,0.64009660
Xanana_Gusmao/Xanana_Gusmao_0002.jpg,Xanana_Gusmao/Xanana_Gusmao_0003.jpg,1,0.34625009
Xanana_Gusmao/Xanana_Gusmao_0003.jpg,Xanana_Gusmao/Xanana_Gusmao_0005.jpg,1,0.33066028
Xanana_Gusmao/Xanana_Gusmao_0004.jpg,Xanana_Gusmao/Xanana_Gusmao_0005.jpg,1,0.20403354
Yann_Martel/Yann_Martel_0001.jpg,Yann_Martel/Yann_Martel_0002.jpg,1,0.64966428
Yashwant_Sinha/Yashwant_Sinha_0001.jpg,Yashwant_Sinha/Yashwant_Sinha_0003.jpg,1,0.60353118
Yashwant_Sinha/Yashwant_Sinha_0001.jpg,Yashwant_Sinha/Yashwant_Sinha_0005.jpg,1,0.66549861
Yashwant_Sinha/Yashwant_Sinha_0005.jpg,Yashwant_Sinha/Yashwant_Sinha_0007.jpg,1,0.69438833
Adam_Scott/Adam_Scott_0001.jpg,Adam_Scott/Adam_Scott_0002.jpg,1,0.11057006
Ahmad_Masood/Ahmad_Masood_0001.jpg,Ahmad_Masood/Ahmad_Masood_0002.jpg,1,0.30140975
Alan_Mulally/Alan_Mulally_0001.jpg,Alan_Mulally/Alan_Mulally_0002.jpg,1,0.35420033
Alexander_Rumyantsev/Alexander_Rumyantsev_0001.jpg,Alexander_Rumyantsev/Alexander_Rumyantsev_0002.jpg,1,0.64412057
Ali_Abbas/Ali_Abbas_0001.jpg,Ali_Abbas/Ali_Abbas_0002.jpg,1,0.49335206
Amanda_Bynes/Amanda_Bynes_0001.jpg,Amanda_Bynes/Amanda_Bynes_0002.jpg,1,0.58178473
Amanda_Bynes/Amanda_Bynes_0001.jpg,Amanda_Bynes/Amanda_Bynes_0003.jpg,1,0.40988559
Amanda_Bynes/Amanda_Bynes_0001.jpg,Amanda_Bynes/Amanda_Bynes_0004.jpg,1,0.29922730
Amanda_Bynes/Amanda_Bynes_0002.jpg,Amanda_Bynes/Amanda_Bynes_0003.jpg,1,0.49636543
Andrei_Mikhnevich/Andrei_Mikhnevich_0001.jpg,Andrei_Mikhnevich/Andrei_Mikhnevich_0002.jpg,1,0.58471364
Angela_Merkel/Angela_Merkel_0001.jpg,Angela_Merkel/Angela_Merkel_0002.jpg,1,0.54344988
Angela_Merkel/Angela_Merkel_0004.jpg,Angela_Merkel/Angela_Merkel_0005.jpg,1,0.57247055
Angelina_Jolie/Angelina_Jolie_0001.jpg,Angelina_Jolie/Angelina_Jolie_0015.jpg,1,0.53163242
Angelina_Jolie/Angelina_Jolie_0002.jpg,Angelina_Jolie/Angelina_Jolie_0011.jpg,1,0.36932877
Angelina_Jolie/Angelina_Jolie_0008.jpg,Angelina_Jolie/Angelina_Jolie_0015.jpg,1,0.67396450
Angelina_Jolie/Angelina_Jolie_0009.jpg,Angelina_Jolie/Angelina_Jolie_0015.jpg,1,0.70294297
Angelina_Jolie/Angelina_Jolie_0011.jpg,Angelina_Jolie/Angelina_Jolie_0020.jpg,1,0.36626464
Anthony_LaPaglia/Anthony_LaPaglia_0001.jpg,Anthony_LaPaglia/Anthony_LaPaglia_0002.jpg,1,0.63147461
Arlen_Specter/Arlen_Specter_0001.jpg,Arlen_Specter/Arlen_Specter_0002.jpg,1,0.39198184
Atal_Bihari_Vajpayee/Atal_Bihari_Vajpayee_0004.jpg,Atal_Bihari_Vajpayee/Atal_Bihari_Vajpayee_0006.jpg,1,0.54718363
Barry_Alvarez/Barry_Alvarez_0001.jpg,Barry_Alvarez/Barry_Alvarez_0002.jpg,1,0.67020863
Bill_Belichick/Bill_Belichick_0001.jpg,Bill_Belichick/Bill_Belichick_0002.jpg,1,0.35908878
Bill_Sizemore/Bill_Sizemore_0001.jpg,Bill_Sizemore/Bill_Sizemore_0002.jpg,1,0.57501853
Boris_Yeltsin/Boris_Yeltsin_0001.jpg,Boris_Yeltsin/Boris_Yeltsin_0002.jpg,1,-0.13180128
Britney_Spears/Britney_Spears_0004.jpg,Britney_Spears/Britney_Spears_0011.jpg,1,0.29700434
Bruce_Van_De_Velde/Bruce_Van_De_Velde_0001.jpg,Bruce_Van_De_Velde/Bruce_Van_De_Velde_0002.jpg,1,0.62754017
Camilla_Parker_Bowles/Camilla_Parker_Bowles_0001.jpg,Camilla_Parker_Bowles/Camilla_Parker_Bowles_0002.jpg,1,0.04949555
Carolina_Kluft/Carolina_Kluft_0001.jpg,Carolina_Kluft/Carolina_Kluft_0002.jpg,1,0.53305477
Carson_Palmer/Carson_Palmer_0001.jpg,Carson_Palmer/Carson_Palmer_0003.jpg,1,0.54089272
Carson_Palmer/Carson_Palmer_0002.jpg,Carson_Palmer/Carson_Palmer_0003.jpg,1,0.48996025
Catherine_Deneuve/Catherine_Deneuve_0001.jpg,Catherine_Deneuve/Catherine_Deneuve_0004.jpg,1,0.57577461
Catherine_Deneuve/Catherine_Deneuve_0002.jpg,Catherine_Deneuve/Catherine_Deneuve_0005.jpg,1,0.57070267
Catherine_Deneuve/Catherine_Deneuve_0003.jpg,Catherine_Deneuve/Catherine_Deneuve_0005.jpg,1,0.63078535
Cesar_Maia/Cesar_Maia_0001.jpg,Cesar_Maia/Cesar_Maia_0002.jpg,1,0.35795152
Charles_Moose/Charles_Moose_0010.jpg,Charles_Moose/Charles_Moose_0012.jpg,1,0.11179431
Chen_Liang_Yu/Chen_Liang_Yu_0001.jpg,Chen_Liang_Yu/Chen_Liang_Yu_0002.jpg,1,0.72061223
Choi_Sung-hong/Choi_Sung-hong_0001.jpg,Choi_Sung-hong/Choi_Sung-hong_0005.jpg,1,0.64118373
Choi_Sung-hong/Choi_Sung-hong_0002.jpg,Choi_Sung-hong/Choi_Sung-hong_0004.jpg,1,0.37211850
Choi_Sung-hong/Choi_Sung-hong_0003.jpg,Choi_Sung-hong/Choi_Sung-hong_0004.jpg,1,0.40801972
Christina_Aguilera/Christina_Aguilera_0001.jpg,Christina_Aguilera/Christina_Aguilera_0002.jpg,1,0.23126510
Christina_Aguilera/Christina_Aguilera_0001.jpg,Christina_Aguilera/Christina_Aguilera_0004.jpg,1,0.33587509
Christina_Aguilera/Christina_Aguilera_0002.jpg,Christina_Aguilera/Christina_Aguilera_0004.jpg,1,0.29490262
Clara_Harris/Clara_Harris_0001.jpg,Clara_Harris/Clara_Harris_0005.jpg,1,0.38866234
Clara_Harris/Clara_Harris_0002.jpg,Clara_Harris/Clara_Harris_0004.jpg,1,0.38266027
Coretta_Scott_King/Coretta_Scott_King_0001.jpg,Coretta_Scott_King/Coretta_Scott_King_0002.jpg,1,0.56273758
Coretta_Scott_King/Coretta_Scott_King_0001.jpg,Coretta_Scott_King/Coretta_Scott_King_0003.jpg,1,0.54165089
Coretta_Scott_King/Coretta_Scott_King_0002.jpg,Coretta_Scott_King/Coretta_Scott_King_0003.jpg,1,0.73099297
Courtney_Love/Courtney_Love_0001.jpg,Courtney_Love/Courtney_Love_0002.jpg,1,0.17354970
Daniel_Day-Lewis/Daniel_Day-Lewis_0001.jpg,Daniel_Day-Lewis/Daniel_Day-Lewis_0003.jpg,1,0.47146952
Daniel_Day-Lewis/Daniel_Day-Lewis_0002.jpg,Daniel_Day-Lewis/Daniel_Day-Lewis_0003.jpg,1,0.45642805
Daniela_Hantuchova/Daniela_Hantuchova_0001.jpg,Daniela_Hantuchova/Daniela_Hantuchova_0002.jpg,1,0.52887541
Debra_Messing/Debra_Messing_0001.jpg,Debra_Messing/Debra_Messing_0002.jpg,1,0.32889855
Dennis_Kucinich/Dennis_Kucinich_0002.jpg,Dennis_Kucinich/Dennis_Kucinich_0007.jpg,1,0.41666764
Dick_Latessa/Dick_Latessa_0001.jpg,Dick_Latessa/Dick_Latessa_0002.jpg,1,0.43925661
Donald_Rumsfeld/Donald_Rumsfeld_0039.jpg,Donald_Rumsfeld/Donald_Rumsfeld_0110.jpg,1,0.48051178
Donald_Rumsfeld/Donald_Rumsfeld_0051.jpg,Donald_Rumsfeld/Donald_Rumsfeld_0083.jpg,1,0.41998762
Donald_Rumsfeld/Donald_Rumsfeld_0060.jpg,Donald_Rumsfeld/Donald_Rumsfeld_0067.jpg,1,0.53354520
Eduard_Shevardnadze/Eduard_Shevardnadze_0001.jpg,Eduard_Shevardnadze/Eduard_Shevardnadze_0005.jpg,1,0.73668838
Edward_Lu/Edward_Lu_0004.jpg,Edward_Lu/Edward_Lu_0006.jpg,1,0.51343006
Edwina_Currie/Edwina_Currie_0001.jpg,Edwina_Currie/Edwina_Currie_0002.jpg,1,0.80030012
Edwina_Currie/Edwina_Currie_0002.jpg,Edwina_Currie/Edwina_Currie_0004.jpg,1,0.71099544
Elizabeth_Shue/Elizabeth_Shue_0001.jpg,Elizabeth_Shue/Elizabeth_Shue_0002.jpg,1,0.51836902
Ellen_Engleman/Ellen_Engleman_0001.jpg,Ellen_Engleman/Ellen_Engleman_0002.jpg,1,0.44548082
Emma_Thompson/Emma_Thompson_0001.jpg,Emma_Thompson/Emma_Thompson_0002.jpg,1,0.37796807
Emma_Thompson/Emma_Thompson_0001.jpg,Emma_Thompson/Emma_Thompson_0003.jpg,1,0.52770448
Emma_Thompson/Emma_Thompson_0002.jpg,Emma_Thompson/Emma_Thompson_0003.jpg,1,0.77786314
Emmit_Smith/Emmit_Smith_0001.jpg,Emmit_Smith/Emmit_Smith_0002.jpg,1,0.67699087
Fayssal_Mekdad/Fayssal_Mekdad_0001.jpg,Fayssal_Mekdad/Fayssal_Mekdad_0003.jpg,1,0.47296724
Fayssal_Mekdad/Fayssal_Mekdad_0001.jpg,Fayssal_Mekdad/Fayssal_Mekdad_0004.jpg,1,0.69638294
Frances_Fisher/Frances_Fisher_0001.jpg,Frances_Fisher/Frances_Fisher_0002.jpg,1,0.50448650
Frank_Griswold/Frank_Griswold_0001.jpg,Frank_Griswold/Frank_Griswold_0002.jpg,1,0.59167105
Gary_Forsee/Gary_Forsee_0001.jpg,Gary_Forsee/Gary_Forsee_0002.jpg,1,0.59575391
Gloria_Macapagal_Arroyo/Gloria_Macapagal_Arroyo_0003.jpg,Gloria_Macapagal_Arroyo/Gloria_Macapagal_Arroyo_0012.jpg,1,0.55280834
Gloria_Macapagal_Arroyo/Gloria_Macapagal_Arroyo_0003.jpg,Gloria_Macapagal_Arroyo/Gloria_Macapagal_Arroyo_0025.jpg,1,0.41059506
Gloria_Macapagal_Arroyo/Gloria_Macapagal_Arroyo_0008.jpg,Gloria_Macapagal_Arroyo/Gloria_Macapagal_Arroyo_0023.jpg,1,0.33528751
Gregory_Hines/Gregory_Hines_0001.jpg,Gregory_Hines/Gregory_Hines_0002.jpg,1,0.50672984
Gus_Van_Sant/Gus_Van_Sant_0001.jpg,Gus_Van_Sant/Gus_Van_Sant_0002.jpg,1,0.75032061
Gus_Van_Sant/Gus_Van_Sant_0001.jpg,Gus_Van_Sant/Gus_Van_Sant_0003.jpg,1,0.73063350
Gwendal_Peizerat/Gwendal_Peizerat_0001.jpg,Gwendal_Peizerat/Gwendal_Peizerat_0002.jpg,1,0.15732503
Gwendal_Peizerat/Gwendal_Peizerat_0001.jpg,Gwendal_Peizerat/Gwendal_Peizerat_0003.jpg,1,0.42699260
Hal_Gehman/Hal_Gehman_0002.jpg,Hal_Gehman/Hal_Gehman_0004.jpg,1,0.75441521
Hannah_Stockbauer/Hannah_Stockbauer_0001.jpg,Hannah_Stockbauer/Hannah_Stockbauer_0002.jpg,1,0.48837125
Harrison_Ford/Harrison_Ford_0001.jpg,Harrison_Ford/Harrison_Ford_0012.jpg,1,0.48384064
Heizo_Takenaka/Heizo_Takenaka_0001.jpg,Heizo_Takenaka/Heizo_Takenaka_0007.jpg,1,0.54968762
Heizo_Takenaka/Heizo_Takenaka_0003.jpg,Heizo_Takenaka/Heizo_Takenaka_0008.jpg,1,0.61756265
Heizo_Takenaka/Heizo_Takenaka_0003.jpg,Heizo_Takenaka/Heizo_Takenaka_0009.jpg,1,0.60324878
Hichiro_Naemura/Hichiro_Naemura_0001.jpg,Hichiro_Naemura/Hichiro_Naemura_0002.jpg,1,0.66536844
Hipolito_Mejia/Hipolito_Mejia_0001.jpg,Hipolito_Mejia/Hipolito_Mejia_0003.jpg,1,0.58380616
Hipolito_Mejia/Hipolito_Mejia_0001.jpg,Hipolito_Mejia/Hipolito_Mejia_0004.jpg,1,0.49016434
Holly_Hunter/Holly_Hunter_0002.jpg,Holly_Hunter/Holly_Hunter_0006.jpg,1,0.40058285
Holly_Hunter/Holly_Hunter_0003.jpg,Holly_Hunter/Holly_Hunter_0007.jpg,1,-0.08829667
Igor_Ivanov/Igor_Ivanov_0005.jpg,Igor_Ivanov/Igor_Ivanov_0016.jpg,1,0.50384772
Intisar_Ajouri/Intisar_Ajouri_0002.jpg,Intisar_Ajouri/Intisar_Ajouri_0003.jpg,1,0.82155359
Jack_Nicholson/Jack_Nicholson_0001.jpg,Jack_Nicholson/Jack_Nicholson_0003.jpg,1,0.34406453
James_Blake/James_Blake_0001.jpg,James_Blake/James_Blake_0010.jpg,1,0.60103756
James_Blake/James_Blake_0004.jpg,James_Blake/James_Blake_0006.jpg,1,0.71379662
James_Blake/James_Blake_0005.jpg,James_Blake/James_Blake_0009.jpg,1,0.46742973
James_Kelly/James_Kelly_0004.jpg,James_Kelly/James_Kelly_0005.jpg,1,0.44484630
James_Kopp/James_Kopp_0002.jpg,James_Kopp/James_Kopp_0004.jpg,1,0.62804097
James_Smith/James_Smith_0001.jpg,James_Smith/James_Smith_0002.jpg,1,0.74656177
Jean_Chretien/Jean_Chretien_0002.jpg,Jean_Chretien/Jean_Chretien_0039.jpg,1,0.23987611
Jean_Chretien/Jean_Chretien_0006.jpg,Jean_Chretien/Jean_Chretien_0040.jpg,1,0.41666895
Jean_Chretien/Jean_Chretien_0008.jpg,Jean_Chretien/Jean_Chretien_0035.jpg,1,0.53605050
Jean_Chretien/Jean_Chretien_0019.jpg,Jean_Chretien/Jean_Chretien_0028.jpg,1,0.45948505
Jean_Chretien/Jean_Chretien_0028.jpg,Jean_Chretien/Jean_Chretien_0052.jpg,1,0.54148239
Jean_Chretien/Jean_Chretien_0029.jpg,Jean_Chretien/Jean_Chretien_0037.jpg,1,0.62925220
Jean_Chretien/Jean_Chretien_0034.jpg,Jean_Chretien/Jean_Chretien_0036.jpg,1,0.74048710
Jeffrey_Immelt/Jeffrey_Immelt_0001.jpg,Jeffrey_Immelt/Jeffrey_Immelt_0002.jpg,1,0.59257138
Jennifer_Aniston/Jennifer_Aniston_0001.jpg,Jennifer_Aniston/Jennifer_Aniston_0007.jpg,1,0.40915141
Jennifer_Aniston/Jennifer_Aniston_0001.jpg,Jennifer_Aniston/Jennifer_Aniston_0016.jpg,1,0.44227692
Jennifer_Aniston/Jennifer_Aniston_0006.jpg,Jennifer_Aniston/Jennifer_Aniston_0021.jpg,1,0.36361164
Jerry_Falwell/Jerry_Falwell_0001.jpg,Jerry_Falwell/Jerry_Falwell_0002.jpg,1,0.62038368
Jesse_Harris/Jesse_Harris_0001.jpg,Jesse_Harris/Jesse_Harris_0003.jpg,1,0.54555482
Jesse_Harris/Jesse_Harris_0002.jpg,Jesse_Harris/Jesse_Harris_0003.jpg,1,0.44098598
Joan_Claybrook/Joan_Claybrook_0001.jpg,Joan_Claybrook/Joan_Claybrook_0002.jpg,1,0.43268740
Joe_Calzaghe/Joe_Calzaghe_0001.jpg,Joe_Calzaghe/Joe_Calzaghe_0002.jpg,1,0.07746091
Joe_Nichols/Joe_Nichols_0001.jpg,Joe_Nichols/Joe_Nichols_0003.jpg,1,0.47599685
Joe_Nichols/Joe_Nichols_0002.jpg,Joe_Nichols/Joe_Nichols_0004.jpg,1,0.65512466
Joe_Nichols/Joe_Nichols_0003.jpg,Joe_Nichols/Joe_Nichols_0004.jpg,1,0.84114170
Joerg_Haider/Joerg_Haider_0001.jpg,Joerg_Haider/Joerg_Haider_0002.jpg,1,0.62556726
John_Abizaid/John_Abizaid_0001.jpg,John_Abizaid/John_Abizaid_0002.jpg,1,0.65574038
John_Abizaid/John_Abizaid_0001.jpg,John_Abizaid/John_Abizaid_0007.jpg,1,0.69922513
John_Abizaid/John_Abizaid_0002.jpg,John_Abizaid/John_Abizaid_0003.jpg,1,0.61120963
John_Abizaid/John_Abizaid_0004.jpg,John_Abizaid/John_Abizaid_0007.jpg,1,0.66609687
John_Abizaid/John_Abizaid_0004.jpg,John_Abizaid/John_Abizaid_0008.jpg,1,0.56678712
John_Abizaid/John_Abizaid_0005.jpg,John_Abizaid/John_Abizaid_0006.jpg,1,0.61251557
John_Jumper/John_Jumper_0001.jpg,John_Jumper/John_Jumper_0002.jpg,1,0.52866423
John_Mayer/John_Mayer_0001.jpg,John_Mayer/John_Mayer_0002.jpg,1,0.86466873
John_Mayer/John_Mayer_0001.jpg,John_Mayer/John_Mayer_0003.jpg,1,0.72571105
John_Negroponte/John_Negroponte_0005.jpg,John_Negroponte/John_Negroponte_0026.jpg,1,0.48168275
John_Negroponte/John_Negroponte_0008.jpg,John_Negroponte/John_Negroponte_0017.jpg,1,0.47691464
John_Negroponte/John_Negroponte_0028.jpg,John_Negroponte/John_Negroponte_0030.jpg,1,0.49089265
John_Reilly/John_Reilly_0001.jpg,John_Reilly/John_Reilly_0002.jpg,1,0.66857302
John_Rowland/John_Rowland_0001.jpg,John_Rowland/John_Rowland_0002.jpg,1,0.02282634
Johnny_Depp/Johnny_Depp_0001.jpg,Johnny_Depp/Johnny_Depp_0002.jpg,1,0.34663004
Jon_Corzine/Jon_Corzine_0001.jpg,Jon_Corzine/Jon_Corzine_0002.jpg,1,0.36362898
Jose_Dirceu/Jose_Dirceu_0001.jpg,Jose_Dirceu/Jose_Dirceu_0002.jpg,1,0.34752718
Jose_Sarney/Jose_Sarney_0001.jpg,Jose_Sarney/Jose_Sarney_0003.jpg,1,0.64631408
Joseph_Estrada/Joseph_Estrada_0001.jpg,Joseph_Estrada/Joseph_Estrada_0003.jpg,1,0.66581798
Joseph_Estrada/Joseph_Estrada_0002.jpg,Joseph_Estrada/Joseph_Estrada_0003.jpg,1,0.75518000
Juan_Carlos_Ferrero/Juan_Carlos_Ferrero_0009.jpg,Juan_Carlos_Ferrero/Juan_Carlos_Ferrero_0017.jpg,1,0.55011696
Jude_Law/Jude_Law_0001.jpg,Jude_Law/Jude_Law_0002.jpg,1,0.49938416
Katherine_Harris/Katherine_Harris_0001.jpg,Katherine_Harris/Katherine_Harris_0002.jpg,1,0.28413200
Katherine_Harris/Katherine_Harris_0001.jpg,Katherine_Harris/Katherine_Harris_0004.jpg,1,0.51921165
Katherine_Harris/Katherine_Harris_0003.jpg,Katherine_Harris/Katherine_Harris_0004.jpg,1,0.51809990
Kelly_Clarkson/Kelly_Clarkson_0001.jpg,Kelly_Clarkson/Kelly_Clarkson_0002.jpg,1,0.55594409
Kiki_Vandeweghe/Kiki_Vandeweghe_0001.jpg,Kiki_Vandeweghe/Kiki_Vandeweghe_0002.jpg,1,0.60997313
Kofi_Annan/Kofi_Annan_0008.jpg,Kofi_Annan/Kofi_Annan_0014.jpg,1,0.55844146
Kofi_Annan/Kofi_Annan_0008.jpg,Kofi_Annan/Kofi_Annan_0032.jpg,1,0.47884858
Kofi_Annan/Kofi_Annan_0013.jpg,Kofi_Annan/Kofi_Annan_0025.jpg,1,0.65919471
Lance_Bass/Lance_Bass_0001.jpg,Lance_Bass/Lance_Bass_0004.jpg,1,0.54696929
Lance_Bass/Lance_Bass_0002.jpg,Lance_Bass/Lance_Bass_0004.jpg,1,0.43217087
Lance_Bass/Lance_Bass_0002.jpg,Lance_Bass/Lance_Bass_0005.jpg,1,0.52611560
Lance_Bass/Lance_Bass_0004.jpg,Lance_Bass/Lance_Bass_0005.jpg,1,0.61053795
Laurent_Gbagbo/Laurent_Gbagbo_0001.jpg,Laurent_Gbagbo/Laurent_Gbagbo_0002.jpg,1,0.53682327
Lee_Soo-hyuck/Lee_Soo-hyuck_0001.jpg,Lee_Soo-hyuck/Lee_Soo-hyuck_0002.jpg,1,0.15290938
Leslie_Caldwell/Leslie_Caldwell_0002.jpg,Leslie_Caldwell/Leslie_Caldwell_0003.jpg,1,0.61054218
Li_Zhaoxing/Li_Zhaoxing_0002.jpg,Li_Zhaoxing/Li_Zhaoxing_0007.jpg,1,0.65130484
Liu_Mingkang/Liu_Mingkang_0001.jpg,Liu_Mingkang/Liu_Mingkang_0002.jpg,1,0.79666418
Luciano_Pavarotti/Luciano_Pavarotti_0001.jpg,Luciano_Pavarotti/Luciano_Pavarotti_0002.jpg,1,0.72991657
Luis_Gonzalez_Macchi/Luis_Gonzalez_Macchi_0001.jpg,Luis_Gonzalez_Macchi/Luis_Gonzalez_Macchi_0002.jpg,1,0.42033190
Luis_Gonzalez_Macchi/Luis_Gonzalez_Macchi_0002.jpg,Luis_Gonzalez_Macchi/Luis_Gonzalez_Macchi_0004.jpg,1,0.46955159
Luis_Gonzalez_Macchi/Luis_Gonzalez_Macchi_0003.jpg,Luis_Gonzalez_Macchi/Luis_Gonzalez_Macchi_0004.jpg,1,0.65087402
Luis_Gonzalez_Macchi/Luis_Gonzalez_Macchi_0003.jpg,Luis_Gonzalez_Macchi/Luis_Gonzalez_Macchi_0005.jpg,1,0.53008407
Luis_Horna/Luis_Horna_0001.jpg,Luis_Horna/Luis_Horna_0004.jpg,1,0.55873990
Luis_Horna/Luis_Horna_0002.jpg,Luis_Horna/Luis_Horna_0004.jpg,1,0.30930239
Luiz_Inacio_Lula_da_Silva/Luiz_Inacio_Lula_da_Silva_0002.jpg,Luiz_Inacio_Lula_da_Silva/Luiz_Inacio_Lula_da_Silva_0009.jpg,1,0.57118237
Luiz_Inacio_Lula_da_Silva/Luiz_Inacio_Lula_da_Silva_0002.jpg,Luiz_Inacio_Lula_da_Silva/Luiz_Inacio_Lula_da_Silva_0039.jpg,1,0.65069991
Luiz_Inacio_Lula_da_Silva/Luiz_Inacio_Lula_da_Silva_0004.jpg,Luiz_Inacio_Lula_da_Silva/Luiz_Inacio_Lula_da_Silva_0008.jpg,1,-0.01764899
Luiz_Inacio_Lula_da_Silva/Luiz_Inacio_Lula_da_Silva_0007.jpg,Luiz_Inacio_Lula_da_Silva/Luiz_Inacio_Lula_da_Silva_0036.jpg,1,0.57668370
Luiz_Inacio_Lula_da_Silva/Luiz_Inacio_Lula_da_Silva_0010.jpg,Luiz_Inacio_Lula_da_Silva/Luiz_Inacio_Lula_da_Silva_0019.jpg,1,0.55882967
Luiz_Inacio_Lula_da_Silva/Luiz_Inacio_Lula_da_Silva_0011.jpg,Luiz_Inacio_Lula_da_Silva/Luiz_Inacio_Lula_da_Silva_0044.jpg,1,0.29106206
Luiz_Inacio_Lula_da_Silva/Luiz_Inacio_Lula_da_Silva_0028.jpg,Luiz_Inacio_Lula_da_Silva/Luiz_Inacio_Lula_da_Silva_0044.jpg,1,0.40829474
Madeleine_Albright/Madeleine_Albright_0001.jpg,Madeleine_Albright/Madeleine_Albright_0002.jpg,1,0.67535889
Madeleine_Albright/Madeleine_Albright_0002.jpg,Madeleine_Albright/Madeleine_Albright_0003.jpg,1,0.61495316
Marcus_Gronholm/Marcus_Gronholm_0001.jpg,Marcus_Gronholm/Marcus_Gronholm_0002.jpg,1,0.28958702
Marissa_Jaret_Winokur/Marissa_Jaret_Winokur_0001.jpg,Marissa_Jaret_Winokur/Marissa_Jaret_Winokur_0002.jpg,1,0.58878005
Mark_Geragos/Mark_Geragos_0001.jpg,Mark_Geragos/Mark_Geragos_0002.jpg,1,0.42048600
Mark_Philippoussis/Mark_Philippoussis_0002.jpg,Mark_Philippoussis/Mark_Philippoussis_0007.jpg,1,0.60386163
Mark_Philippoussis/Mark_Philippoussis_0003.jpg,Mark_Philippoussis/Mark_Philippoussis_0011.jpg,1,0.55577052
Mark_Philippoussis/Mark_Philippoussis_0004.jpg,Mark_Philippoussis/Mark_Philippoussis_0006.jpg,1,0.45179033
Mark_Philippoussis/Mark_Philippoussis_0004.jpg,Mark_Philippoussis/Mark_Philippoussis_0009.jpg,1,0.38628986
Mark_Philippoussis/Mark_Philippoussis_0006.jpg,Mark_Philippoussis/Mark_Philippoussis_0007.jpg,1,0.57758796
Mark_Philippoussis/Mark_Philippoussis_0006.jpg,Mark_Philippoussis/Mark_Philippoussis_0009.jpg,1,0.56994236
Mark_Philippoussis/Mark_Philippoussis_0007.jpg,Mark_Philippoussis/Mark_Philippoussis_0009.jpg,1,0.49456945
Markus_Naslund/Markus_Naslund_0001.jpg,Markus_Naslund/Markus_Naslund_0002.jpg,1,0.79516453
Martha_Lucia_Ramirez/Martha_Lucia_Ramirez_0002.jpg,Martha_Lucia_Ramirez/Martha_Lucia_Ramirez_0004.jpg,1,0.65662849
Martha_Lucia_Ramirez/Martha_Lucia_Ramirez_0003.jpg,Martha_Lucia_Ramirez/Martha_Lucia_Ramirez_0004.jpg,1,0.35780153
Meryl_Streep/Meryl_Streep_0014.jpg,Meryl_Streep/Meryl_Streep_0015.jpg,1,0.39171040
Mesut_Yilmaz/Mesut_Yilmaz_0001.jpg,Mesut_Yilmaz/Mesut_Yilmaz_0002.jpg,1,0.35897669
Michael_Schumacher/Michael_Schumacher_0002.jpg,Michael_Schumacher/Michael_Schumacher_0013.jpg,1,0.59569639
Michael_Schumacher/Michael_Schumacher_0002.jpg,Michael_Schumacher/Michael_Schumacher_0017.jpg,1,0.17514896
Michael_Schumacher/Michael_Schumacher_0010.jpg,Michael_Schumacher/Michael_Schumacher_0011.jpg,1,0.44313705
Michael_Schumacher/Michael_Schumacher_0013.jpg,Michael_Schumacher/Michael_Schumacher_0018.jpg,1,0.46785015
Michel_Temer/Michel_Temer_0001.jpg,Michel_Temer/Michel_Temer_0002.jpg,1,-0.05386324
Michelle_Yeoh/Michelle_Yeoh_0001.jpg,Michelle_Yeoh/Michelle_Yeoh_0002.jpg,1,0.41849977
Michelle_Yeoh/Michelle_Yeoh_0002.jpg,Michelle_Yeoh/Michelle_Yeoh_0005.jpg,1,0.50892681
Monica_Seles/Monica_Seles_0001.jpg,Monica_Seles/Monica_Seles_0003.jpg,1,0.13865626
Monica_Seles/Monica_Seles_0002.jpg,Monica_Seles/Monica_Seles_0006.jpg,1,0.58819127
Monica_Seles/Monica_Seles_0004.jpg,Monica_Seles/Monica_Seles_0005.jpg,1,0.84289193
Moshe_Katsav/Moshe_Katsav_0001.jpg,Moshe_Katsav/Moshe_Katsav_0002.jpg,1,0.58156753
Moshe_Katsav/Moshe_Katsav_0002.jpg,Moshe_Katsav/Moshe_Katsav_0003.jpg,1,0.73482549
Muhammad_Saeed_al-Sahhaf/Muhammad_Saeed_al-Sahhaf_0002.jpg,Muhammad_Saeed_al-Sahhaf/Muhammad_Saeed_al-Sahhaf_0005.jpg,1,0.58643919
Muhammad_Saeed_al-Sahhaf/Muhammad_Saeed_al-Sahhaf_0003.jpg,Muhammad_Saeed_al-Sahhaf/Muhammad_Saeed_al-Sahhaf_0004.jpg,1,0.60350955
Muhammad_Saeed_al-Sahhaf/Muhammad_Saeed_al-Sahhaf_0003.jpg,Muhammad_Saeed_al-Sahhaf/Muhammad_Saeed_al-Sahhaf_0005.jpg,1,0.69392788
Nancy_Sinatra/Nancy_Sinatra_0001.jpg,Nancy_Sinatra/Nancy_Sinatra_0002.jpg,1,0.43604553
Nicanor_Duarte_Frutos/Nicanor_Duarte_Frutos_0003.jpg,Nicanor_Duarte_Frutos/Nicanor_Duarte_Frutos_0006.jpg,1,0.59720373
Nicanor_Duarte_Frutos/Nicanor_Duarte_Frutos_0003.jpg,Nicanor_Duarte_Frutos/Nicanor_Duarte_Frutos_0007.jpg,1,0.44872272
Nicanor_Duarte_Frutos/Nicanor_Duarte_Frutos_0003.jpg,Nicanor_Duarte_Frutos/Nicanor_Duarte_Frutos_0011.jpg,1,0.56188703
Patti_Labelle/Patti_Labelle_0002.jpg,Patti_Labelle/Patti_Labelle_0003.jpg,1,0.49169362
Paul_Pierce/Paul_Pierce_0001.jpg,Paul_Pierce/Paul_Pierce_0002.jpg,1,0.08815536
Paul_Shanley/Paul_Shanley_0002.jpg,Paul_Shanley/Paul_Shanley_0003.jpg,1,0.72104466
Phil_Mickelson/Phil_Mickelson_0001.jpg,Phil_Mickelson/Phil_Mickelson_0002.jpg,1,0.32126984
Princess_Anne/Princess_Anne_0001.jpg,Princess_Anne/Princess_Anne_0002.jpg,1,0.48569053
Princess_Elisabeth/Princess_Elisabeth_0001.jpg,Princess_Elisabeth/Princess_Elisabeth_0002.jpg,1,0.59905434
Priscilla_Owen/Priscilla_Owen_0001.jpg,Priscilla_Owen/Priscilla_Owen_0002.jpg,1,0.48428518
Queen_Rania/Queen_Rania_0002.jpg,Queen_Rania/Queen_Rania_0003.jpg,1,0.61726081
Rachel_Hunter/Rachel_Hunter_0001.jpg,Rachel_Hunter/Rachel_Hunter_0004.jpg,1,0.56878018
Rachel_Hunter/Rachel_Hunter_0002.jpg,Rachel_Hunter/Rachel_Hunter_0003.jpg,1,0.55390275
Rachel_Hunter/Rachel_Hunter_0003.jpg,Rachel_Hunter/Rachel_Hunter_0004.jpg,1,0.51795864
Rafael_Ramirez/Rafael_Ramirez_0001.jpg,Rafael_Ramirez/Rafael_Ramirez_0002.jpg,1,0.68652350
Rafael_Ramirez/Rafael_Ramirez_0002.jpg,Rafael_Ramirez/Rafael_Ramirez_0003.jpg,1,0.57297963
Rafael_Ramirez/Rafael_Ramirez_0002.jpg,Rafael_Ramirez/Rafael_Ramirez_0004.jpg,1,0.56683528
Ralph_Lauren/Ralph_Lauren_0001.jpg,Ralph_Lauren/Ralph_Lauren_0002.jpg,1,0.72374207
Recep_Tayyip_Erdogan/Recep_Tayyip_Erdogan_0002.jpg,Recep_Tayyip_Erdogan/Recep_Tayyip_Erdogan_0016.jpg,1,0.53238988
Recep_Tayyip_Erdogan/Recep_Tayyip_Erdogan_0017.jpg,Recep_Tayyip_Erdogan/Recep_Tayyip_Erdogan_0019.jpg,1,0.46296656
Reese_Witherspoon/Reese_Witherspoon_0003.jpg,Reese_Witherspoon/Reese_Witherspoon_0004.jpg,1,0.53625923
Richard_Armitage/Richard_Armitage_0002.jpg,Richard_Armitage/Richard_Armitage_0005.jpg,1,0.53901422
Richard_Armitage/Richard_Armitage_0006.jpg,Richard_Armitage/Richard_Armitage_0007.jpg,1,0.57026803
Richard_Armitage/Richard_Armitage_0006.jpg,Richard_Armitage/Richard_Armitage_0009.jpg,1,0.41238499
Richard_Armitage/Richard_Armitage_0008.jpg,Richard_Armitage/Richard_Armitage_0009.jpg,1,0.46382695
Richard_Gephardt/Richard_Gephardt_0002.jpg,Richard_Gephardt/Richard_Gephardt_0010.jpg,1,0.50478530
Richard_Gephardt/Richard_Gephardt_0003.jpg,Richard_Gephardt/Richard_Gephardt_0011.jpg,1,0.72831821
Richard_Gephardt/Richard_Gephardt_0005.jpg,Richard_Gephardt/Richard_Gephardt_0009.jpg,1,0.53284031
Richard_Gephardt/Richard_Gephardt_0010.jpg,Richard_Gephardt/Richard_Gephardt_0011.jpg,1,0.49900144
Richard_Norton-Taylor/Richard_Norton-Taylor_0001.jpg,Richard_Norton-Taylor/Richard_Norton-Taylor_0002.jpg,1,0.74678797
Richie_Adubato/Richie_Adubato_0001.jpg,Richie_Adubato/Richie_Adubato_0002.jpg,1,0.58607310
Robert_Bullock/Robert_Bullock_0001.jpg,Robert_Bullock/Robert_Bullock_0002.jpg,1,0.54417121
Robert_Mueller/Robert_Mueller_0004.jpg,Robert_Mueller/Robert_Mueller_0005.jpg,1,0.65369606
Robert_Mugabe/Robert_Mugabe_0001.jpg,Robert_Mugabe/Robert_Mugabe_0002.jpg,1,0.57256907
Robert_Zoellick/Robert_Zoellick_0002.jpg,Robert_Zoellick/Robert_Zoellick_0003.jpg,1,0.53379762
Robert_Zoellick/Robert_Zoellick_0003.jpg,Robert_Zoellick/Robert_Zoellick_0007.jpg,1,0.42363495
Roberto_Benigni/Roberto_Benigni_0001.jpg,Roberto_Benigni/Roberto_Benigni_0002.jpg,1,0.59772921
Roh_Moo-hyun/Roh_Moo-hyun_0028.jpg,Roh_Moo-hyun/Roh_Moo-hyun_0032.jpg,1,0.75869048
Roman_Polanski/Roman_Polanski_0002.jpg,Roman_Polanski/Roman_Polanski_0003.jpg,1,0.37535322
Roman_Polanski/Roman_Polanski_0004.jpg,Roman_Polanski/Roman_Polanski_0006.jpg,1,0.29454771
Ron_Howard/Ron_Howard_0001.jpg,Ron_Howard/Ron_Howard_0002.jpg,1,0.48048884
Ronald_Reagan/Ronald_Reagan_0001.jpg,Ronald_Reagan/Ronald_Reagan_0003.jpg,1,0.65227562
Ronald_Reagan/Ronald_Reagan_0002.jpg,Ronald_Reagan/Ronald_Reagan_0003.jpg,1,0.63574988
Rosemarie_Stack/Rosemarie_Stack_0001.jpg,Rosemarie_Stack/Rosemarie_Stack_0002.jpg,1,0.56451082
Roy_Jones_Jr/Roy_Jones_Jr_0001.jpg,Roy_Jones_Jr/Roy_Jones_Jr_0002.jpg,1,0.49204850
Rupert_Murdoch/Rupert_Murdoch_0001.jpg,Rupert_Murdoch/Rupert_Murdoch_0002.jpg,1,0.43064147
Saburo_Kawabuchi/Saburo_Kawabuchi_0001.jpg,Saburo_Kawabuchi/Saburo_Kawabuchi_0002.jpg,1,0.80719709
Sam_Mendes/Sam_Mendes_0001.jpg,Sam_Mendes/Sam_Mendes_0002.jpg,1,0.68168318
Sam_Torrance/Sam_Torrance_0001.jpg,Sam_Torrance/Sam_Torrance_0002.jpg,1,0.72936100
Sam_Torrance/Sam_Torrance_0001.jpg,Sam_Torrance/Sam_Torrance_0003.jpg,1,0.89085579
Sam_Torrance/Sam_Torrance_0002.jpg,Sam_Torrance/Sam_Torrance_0003.jpg,1,0.67050451
Sergei_Ivanov/Sergei_Ivanov_0001.jpg,Sergei_Ivanov/Sergei_Ivanov_0003.jpg,1,0.30778986
Sergio_Vieira_De_Mello/Sergio_Vieira_De_Mello_0001.jpg,Sergio_Vieira_De_Mello/Sergio_Vieira_De_Mello_0002.jpg,1,0.56527865
Sergio_Vieira_De_Mello/Sergio_Vieira_De_Mello_0004.jpg,Sergio_Vieira_De_Mello/Sergio_Vieira_De_Mello_0009.jpg,1,0.56899112
Sergio_Vieira_De_Mello/Sergio_Vieira_De_Mello_0007.jpg,Sergio_Vieira_De_Mello/Sergio_Vieira_De_Mello_0008.jpg,1,0.64585757
Sergio_Vieira_De_Mello/Sergio_Vieira_De_Mello_0008.jpg,Sergio_Vieira_De_Mello/Sergio_Vieira_De_Mello_0011.jpg,1,0.88971299
Shannon_OBrien/Shannon_OBrien_0001.jpg,Shannon_OBrien/Shannon_OBrien_0002.jpg,1,0.46525601
Sheila_Fraser/Sheila_Fraser_0001.jpg,Sheila_Fraser/Sheila_Fraser_0002.jpg,1,0.69156504
Shimon_Peres/Shimon_Peres_0001.jpg,Shimon_Peres/Shimon_Peres_0003.jpg,1,0.60421956
Shimon_Peres/Shimon_Peres_0003.jpg,Shimon_Peres/Shimon_Peres_0004.jpg,1,0.62216866
Shimon_Peres/Shimon_Peres_0004.jpg,Shimon_Peres/Shimon_Peres_0007.jpg,1,0.54909325
Sourav_Ganguly/Sourav_Ganguly_0001.jpg,Sourav_Ganguly/Sourav_Ganguly_0003.jpg,1,0.26052183
Stanley_McChrystal/Stanley_McChrystal_0001.jpg,Stanley_McChrystal/Stanley_McChrystal_0003.jpg,1,0.51543754
Stanley_McChrystal/Stanley_McChrystal_0002.jpg,Stanley_McChrystal/Stanley_McChrystal_0003.jpg,1,0.53736502
Steve_Lavin/Steve_Lavin_0001.jpg,Steve_Lavin/Steve_Lavin_0004.jpg,1,0.62268734
Strom_Thurmond/Strom_Thurmond_0001.jpg,Strom_Thurmond/Strom_Thurmond_0003.jpg,1,0.41212562
Surakait_Sathirathai/Surakait_Sathirathai_0001.jpg,Surakait_Sathirathai/Surakait_Sathirathai_0002.jpg,1,0.33330867
Susan_Collins/Susan_Collins_0001.jpg,Susan_Collins/Susan_Collins_0002.jpg,1,0.55385494
Tariq_Aziz/Tariq_Aziz_0003.jpg,Tariq_Aziz/Tariq_Aziz_0005.jpg,1,0.57502151
Terry_Stotts/Terry_Stotts_0001.jpg,Terry_Stotts/Terry_Stotts_0002.jpg,1,0.59737647
Thaksin_Shinawatra/Thaksin_Shinawatra_0005.jpg,Thaksin_Shinawatra/Thaksin_Shinawatra_0006.jpg,1,0.63500589
Thomas_OBrien/Thomas_OBrien_0003.jpg,Thomas_OBrien/Thomas_OBrien_0009.jpg,1,0.62744474
Tim_Chapman/Tim_Chapman_0001.jpg,Tim_Chapman/Tim_Chapman_0002.jpg,1,0.21940565
Tom_Hanks/Tom_Hanks_0001.jpg,Tom_Hanks/Tom_Hanks_0007.jpg,1,0.58699620
Tom_Hanks/Tom_Hanks_0004.jpg,Tom_Hanks/Tom_Hanks_0006.jpg,1,0.63067734
Tom_Hanks/Tom_Hanks_0004.jpg,Tom_Hanks/Tom_Hanks_0009.jpg,1,0.63435549
Tom_Hanks/Tom_Hanks_0005.jpg,Tom_Hanks/Tom_Hanks_0006.jpg,1,0.48844761
Tom_Reilly/Tom_Reilly_0001.jpg,Tom_Reilly/Tom_Reilly_0002.jpg,1,0.41659504
Tom_Reilly/Tom_Reilly_0002.jpg,Tom_Reilly/Tom_Reilly_0003.jpg,1,0.34900260
Tommy_Franks/Tommy_Franks_0002.jpg,Tommy_Franks/Tommy_Franks_0004.jpg,1,0.19788510
Tommy_Franks/Tommy_Franks_0004.jpg,Tommy_Franks/Tommy_Franks_0008.jpg,1,0.33646137
Valery_Giscard_dEstaing/Valery_Giscard_dEstaing_0001.jpg,Valery_Giscard_dEstaing/Valery_Giscard_dEstaing_0002.jpg,1,0.53107440
Valery_Giscard_dEstaing/Valery_Giscard_dEstaing_0001.jpg,Valery_Giscard_dEstaing/Valery_Giscard_dEstaing_0006.jpg,1,0.67833376
Vanessa_Williams/Vanessa_Williams_0001.jpg,Vanessa_Williams/Vanessa_Williams_0002.jpg,1,0.40563422
Vanessa_Williams/Vanessa_Williams_0002.jpg,Vanessa_Williams/Vanessa_Williams_0003.jpg,1,0.45830026
Victoria_Beckham/Victoria_Beckham_0001.jpg,Victoria_Beckham/Victoria_Beckham_0002.jpg,1,0.09736996
Victoria_Beckham/Victoria_Beckham_0001.jpg,Victoria_Beckham/Victoria_Beckham_0003.jpg,1,0.02707645
Victoria_Beckham/Victoria_Beckham_0002.jpg,Victoria_Beckham/Victoria_Beckham_0003.jpg,1,0.40929660
Vladimir_Putin/Vladimir_Putin_0016.jpg,Vladimir_Putin/Vladimir_Putin_0021.jpg,1,0.74619126
Vladimir_Putin/Vladimir_Putin_0022.jpg,Vladimir_Putin/Vladimir_Putin_0031.jpg,1,0.49485525
Warren_Beatty/Warren_Beatty_0001.jpg,Warren_Beatty/Warren_Beatty_0002.jpg,1,0.62155771
Yasar_Yakis/Yasar_Yakis_0001.jpg,Yasar_Yakis/Yasar_Yakis_0004.jpg,1,0.35621187
Yoko_Ono/Yoko_Ono_0001.jpg,Yoko_Ono/Yoko_Ono_0004.jpg,1,0.61869687
Yoko_Ono/Yoko_Ono_0002.jpg,Yoko_Ono/Yoko_Ono_0004.jpg,1,0.78908581
Aleksander_Kwasniewski/Aleksander_Kwasniewski_0001.jpg,Aleksander_Kwasniewski/Aleksander_Kwasniewski_0002.jpg,1,0.73110670
Aleksander_Kwasniewski/Aleksander_Kwasniewski_0002.jpg,Aleksander_Kwasniewski/Aleksander_Kwasniewski_0004.jpg,1,0.70073122
Aleksander_Kwasniewski/Aleksander_Kwasniewski_0003.jpg,Aleksander_Kwasniewski/Aleksander_Kwasniewski_0004.jpg,1,0.54527557
Ali_Naimi/Ali_Naimi_0001.jpg,Ali_Naimi/Ali_Naimi_0002.jpg,1,0.76828116
Ali_Naimi/Ali_Naimi_0001.jpg,Ali_Naimi/Ali_Naimi_0005.jpg,1,0.40497640
Ali_Naimi/Ali_Naimi_0002.jpg,Ali_Naimi/Ali_Naimi_0008.jpg,1,0.09214813
Amanda_Beard/Amanda_Beard_0001.jpg,Amanda_Beard/Amanda_Beard_0002.jpg,1,0.63973367
Andrew_Cuomo/Andrew_Cuomo_0001.jpg,Andrew_Cuomo/Andrew_Cuomo_0002.jpg,1,0.46734375
Arnold_Schwarzenegger/Arnold_Schwarzenegger_0008.jpg,Arnold_Schwarzenegger/Arnold_Schwarzenegger_0031.jpg,1,0.31089413
Arnold_Schwarzenegger/Arnold_Schwarzenegger_0009.jpg,Arnold_Schwarzenegger/Arnold_Schwarzenegger_0039.jpg,1,0.54494560
Arnold_Schwarzenegger/Arnold_Schwarzenegger_0011.jpg,Arnold_Schwarzenegger/Arnold_Schwarzenegger_0041.jpg,1,0.39898530
Arnold_Schwarzenegger/Arnold_Schwarzenegger_0012.jpg,Arnold_Schwarzenegger/Arnold_Schwarzenegger_0037.jpg,1,0.51838410
Arnold_Schwarzenegger/Arnold_Schwarzenegger_0013.jpg,Arnold_Schwarzenegger/Arnold_Schwarzenegger_0039.jpg,1,0.64141595
Arnold_Schwarzenegger/Arnold_Schwarzenegger_0022.jpg,Arnold_Schwarzenegger/Arnold_Schwarzenegger_0033.jpg,1,0.57394785
Arnold_Schwarzenegger/Arnold_Schwarzenegger_0028.jpg,Arnold_Schwarzenegger/Arnold_Schwarzenegger_0041.jpg,1,0.32376802
Bernard_Lord/Bernard_Lord_0001.jpg,Bernard_Lord/Bernard_Lord_0002.jpg,1,0.59749800
Beth_Jones/Beth_Jones_0001.jpg,Beth_Jones/Beth_Jones_0002.jpg,1,0.21811149
Branko_Crvenkovski/Branko_Crvenkovski_0002.jpg,Branko_Crvenkovski/Branko_Crvenkovski_0003.jpg,1,0.62287724
Brigitte_Boisselier/Brigitte_Boisselier_0001.jpg,Brigitte_Boisselier/Brigitte_Boisselier_0002.jpg,1,0.45196658
Bruce_Springsteen/Bruce_Springsteen_0001.jpg,Bruce_Springsteen/Bruce_Springsteen_0002.jpg,1,0.44586420
Bruce_Springsteen/Bruce_Springsteen_0001.jpg,Bruce_Springsteen/Bruce_Springsteen_0003.jpg,1,0.31513548
Bruce_Springsteen/Bruce_Springsteen_0002.jpg,Bruce_Springsteen/Bruce_Springsteen_0003.jpg,1,0.37402740
Bruce_Springsteen/Bruce_Springsteen_0002.jpg,Bruce_Springsteen/Bruce_Springsteen_0004.jpg,1,0.38442791
Calista_Flockhart/Calista_Flockhart_0001.jpg,Calista_Flockhart/Calista_Flockhart_0005.jpg,1,0.40068242
Calista_Flockhart/Calista_Flockhart_0004.jpg,Calista_Flockhart/Calista_Flockhart_0006.jpg,1,0.53400797
Cameron_Diaz/Cameron_Diaz_0001.jpg,Cameron_Diaz/Cameron_Diaz_0003.jpg,1,0.44973597
Cameron_Diaz/Cameron_Diaz_0003.jpg,Cameron_Diaz/Cameron_Diaz_0006.jpg,1,0.45840675
Carol_Moseley_Braun/Carol_Moseley_Braun_0001.jpg,Carol_Moseley_Braun/Carol_Moseley_Braun_0002.jpg,1,0.52544016
Carrie-Anne_Moss/Carrie-Anne_Moss_0001.jpg,Carrie-Anne_Moss/Carrie-Anne_Moss_0003.jpg,1,0.48894733
Carrie-Anne_Moss/Carrie-Anne_Moss_0001.jpg,Carrie-Anne_Moss/Carrie-Anne_Moss_0005.jpg,1,0.58846182
Carrie-Anne_Moss/Carrie-Anne_Moss_0002.jpg,Carrie-Anne_Moss/Carrie-Anne_Moss_0005.jpg,1,0.61212236
Carrie-Anne_Moss/Carrie-Anne_Moss_0003.jpg,Carrie-Anne_Moss/Carrie-Anne_Moss_0005.jpg,1,0.57970262
Carrie-Anne_Moss/Carrie-Anne_Moss_0004.jpg,Carrie-Anne_Moss/Carrie-Anne_Moss_0005.jpg,1,0.73724431
Charlton_Heston/Charlton_Heston_0001.jpg,Charlton_Heston/Charlton_Heston_0005.jpg,1,0.47977054
Charlton_Heston/Charlton_Heston_0002.jpg,Charlton_Heston/Charlton_Heston_0005.jpg,1,0.59081644
Charlton_Heston/Charlton_Heston_0004.jpg,Charlton_Heston/Charlton_Heston_0006.jpg,1,0.43186602
Chris_Bell/Chris_Bell_0001.jpg,Chris_Bell/Chris_Bell_0002.jpg,1,0.55787456
Chung_Mong-hun/Chung_Mong-hun_0001.jpg,Chung_Mong-hun/Chung_Mong-hun_0002.jpg,1,0.45091504
Ciro_Gomes/Ciro_Gomes_0001.jpg,Ciro_Gomes/Ciro_Gomes_0002.jpg,1,0.65481305
Ciro_Gomes/Ciro_Gomes_0002.jpg,Ciro_Gomes/Ciro_Gomes_0005.jpg,1,0.62917006
Ciro_Gomes/Ciro_Gomes_0003.jpg,Ciro_Gomes/Ciro_Gomes_0005.jpg,1,0.73060322
Colin_Montgomerie/Colin_Montgomerie_0001.jpg,Colin_Montgomerie/Colin_Montgomerie_0004.jpg,1,0.00310606
Colin_Montgomerie/Colin_Montgomerie_0002.jpg,Colin_Montgomerie/Colin_Montgomerie_0003.jpg,1,0.55310303
Colin_Montgomerie/Colin_Montgomerie_0002.jpg,Colin_Montgomerie/Colin_Montgomerie_0005.jpg,1,0.51207232
Colin_Montgomerie/Colin_Montgomerie_0004.jpg,Colin_Montgomerie/Colin_Montgomerie_0005.jpg,1,0.01148061
David_Trimble/David_Trimble_0001.jpg,David_Trimble/David_Trimble_0004.jpg,1,0.68700838
David_Trimble/David_Trimble_0001.jpg,David_Trimble/David_Trimble_0005.jpg,1,0.53267300
David_Trimble/David_Trimble_0003.jpg,David_Trimble/David_Trimble_0004.jpg,1,0.44868374
David_Wolf/David_Wolf_0001.jpg,David_Wolf/David_Wolf_0002.jpg,1,0.25252867
Demetrius_Ferraciu/Demetrius_Ferraciu_0001.jpg,Demetrius_Ferraciu/Demetrius_Ferraciu_0002.jpg,1,0.50464964
Dennis_Powell/Dennis_Powell_0001.jpg,Dennis_Powell/Dennis_Powell_0002.jpg,1,0.41153485
Desiree_Lemosi/Desiree_Lemosi_0001.jpg,Desiree_Lemosi/Desiree_Lemosi_0002.jpg,1,0.41380060
Dolma_Tsering/Dolma_Tsering_0001.jpg,Dolma_Tsering/Dolma_Tsering_0002.jpg,1,0.60526180
Doug_Melvin/Doug_Melvin_0001.jpg,Doug_Melvin/Doug_Melvin_0002.jpg,1,0.64630324
Edward_Norton/Edward_Norton_0001.jpg,Edward_Norton/Edward_Norton_0002.jpg,1,0.46264517
Emanuel_Ginobili/Emanuel_Ginobili_0002.jpg,Emanuel_Ginobili/Emanuel_Ginobili_0003.jpg,1,0.51193857
Eric_Clapton/Eric_Clapton_0001.jpg,Eric_Clapton/Eric_Clapton_0002.jpg,1,0.32083845
Fabiola_Zuluaga/Fabiola_Zuluaga_0001.jpg,Fabiola_Zuluaga/Fabiola_Zuluaga_0002.jpg,1,0.61969066
Faye_Dunaway/Faye_Dunaway_0001.jpg,Faye_Dunaway/Faye_Dunaway_0002.jpg,1,0.36279660
Ferenc_Madl/Ferenc_Madl_0001.jpg,Ferenc_Madl/Ferenc_Madl_0002.jpg,1,0.43126273
Fernando_Gonzalez/Fernando_Gonzalez_0001.jpg,Fernando_Gonzalez/Fernando_Gonzalez_0005.jpg,1,0.36638117
Fernando_Gonzalez/Fernando_Gonzalez_0001.jpg,Fernando_Gonzalez/Fernando_Gonzalez_0008.jpg,1,0.30926830
Fernando_Gonzalez/Fernando_Gonzalez_0002.jpg,Fernando_Gonzalez/Fernando_Gonzalez_0006.jpg,1,0.26081893
Filippo_Inzaghi/Filippo_Inzaghi_0001.jpg,Filippo_Inzaghi/Filippo_Inzaghi_0002.jpg,1,0.52159637
Filippo_Inzaghi/Filippo_Inzaghi_0001.jpg,Filippo_Inzaghi/Filippo_Inzaghi_0003.jpg,1,0.36227733
Filippo_Inzaghi/Filippo_Inzaghi_0002.jpg,Filippo_Inzaghi/Filippo_Inzaghi_0003.jpg,1,0.35459691
Francis_George/Francis_George_0001.jpg,Francis_George/Francis_George_0002.jpg,1,0.48841676
Franz_Beckenbauer/Franz_Beckenbauer_0001.jpg,Franz_Beckenbauer/Franz_Beckenbauer_0002.jpg,1,0.48402166
Franz_Muentefering/Franz_Muentefering_0001.jpg,Franz_Muentefering/Franz_Muentefering_0002.jpg,1,0.53541207
Franz_Muentefering/Franz_Muentefering_0003.jpg,Franz_Muentefering/Franz_Muentefering_0004.jpg,1,0.27987868
Gary_Bergeron/Gary_Bergeron_0001.jpg,Gary_Bergeron/Gary_Bergeron_0002.jpg,1,0.25432965
George_Foreman/George_Foreman_0001.jpg,George_Foreman/George_Foreman_0002.jpg,1,0.65031910
George_Pataki/George_Pataki_0001.jpg,George_Pataki/George_Pataki_0003.jpg,1,0.61551034
George_Pataki/George_Pataki_0003.jpg,George_Pataki/George_Pataki_0004.jpg,1,0.31233644
George_Pataki/George_Pataki_0003.jpg,George_Pataki/George_Pataki_0005.jpg,1,0.58407813
George_Roy_Hill/George_Roy_Hill_0001.jpg,George_Roy_Hill/George_Roy_Hill_0002.jpg,1,0.53356731
Gonzalo_Sanchez_de_Lozada/Gonzalo_Sanchez_de_Lozada_0007.jpg,Gonzalo_Sanchez_de_Lozada/Gonzalo_Sanchez_de_Lozada_0008.jpg,1,0.60215724
Gonzalo_Sanchez_de_Lozada/Gonzalo_Sanchez_de_Lozada_0007.jpg,Gonzalo_Sanchez_de_Lozada/Gonzalo_Sanchez_de_Lozada_0010.jpg,1,0.03532760
Gonzalo_Sanchez_de_Lozada/Gonzalo_Sanchez_de_Lozada_0008.jpg,Gonzalo_Sanchez_de_Lozada/Gonzalo_Sanchez_de_Lozada_0011.jpg,1,0.37086338
Gonzalo_Sanchez_de_Lozada/Gonzalo_Sanchez_de_Lozada_0008.jpg,Gonzalo_Sanchez_de_Lozada/Gonzalo_Sanchez_de_Lozada_0012.jpg,1,0.58946508
Gregory_Geoffroy/Gregory_Geoffroy_0001.jpg,Gregory_Geoffroy/Gregory_Geoffroy_0002.jpg,1,0.60634446
Guillermo_Coria/Guillermo_Coria_0007.jpg,Guillermo_Coria/Guillermo_Coria_0013.jpg,1,0.36970311
Guillermo_Coria/Guillermo_Coria_0019.jpg,Guillermo_Coria/Guillermo_Coria_0022.jpg,1,0.59309506
Habib_Rizieq/Habib_Rizieq_0001.jpg,Habib_Rizieq/Habib_Rizieq_0003.jpg,1,0.48960498
Habib_Rizieq/Habib_Rizieq_0002.jpg,Habib_Rizieq/Habib_Rizieq_0003.jpg,1,0.66741610
Hamid_Karzai/Hamid_Karzai_0001.jpg,Hamid_Karzai/Hamid_Karzai_0003.jpg,1,0.48831889
Hamid_Karzai/Hamid_Karzai_0004.jpg,Hamid_Karzai/Hamid_Karzai_0013.jpg,1,0.40539128
Hamid_Karzai/Hamid_Karzai_0019.jpg,Hamid_Karzai/Hamid_Karzai_0022.jpg,1,0.28931820
Hilmi_Ozkok/Hilmi_Ozkok_0001.jpg,Hilmi_Ozkok/Hilmi_Ozkok_0002.jpg,1,0.82067966
Horst_Koehler/Horst_Koehler_0001.jpg,Horst_Koehler/Horst_Koehler_0002.jpg,1,0.49623406
Horst_Koehler/Horst_Koehler_0001.jpg,Horst_Koehler/Horst_Koehler_0003.jpg,1,0.18958575
Horst_Koehler/Horst_Koehler_0002.jpg,Horst_Koehler/Horst_Koehler_0003.jpg,1,0.18758081
Howard_Schultz/Howard_Schultz_0001.jpg,Howard_Schultz/Howard_Schultz_0002.jpg,1,0.56952393
Ilan_Ramon/Ilan_Ramon_0001.jpg,Ilan_Ramon/Ilan_Ramon_0002.jpg,1,0.47054809
Javier_Solana/Javier_Solana_0004.jpg,Javier_Solana/Javier_Solana_0008.jpg,1,0.59061027
Javier_Solana/Javier_Solana_0006.jpg,Javier_Solana/Javier_Solana_0009.jpg,1,0.44660532
Javier_Solana/Javier_Solana_0006.jpg,Javier_Solana/Javier_Solana_0010.jpg,1,0.59417224
Jay_Garner/Jay_Garner_0001.jpg,Jay_Garner/Jay_Garner_0003.jpg,1,0.56617391
Jean-Claude_Braquet/Jean-Claude_Braquet_0001.jpg,Jean-Claude_Braquet/Jean-Claude_Braquet_0002.jpg,1,0.66027409
Jean-Claude_Trichet/Jean-Claude_Trichet_0001.jpg,Jean-Claude_Trichet/Jean-Claude_Trichet_0002.jpg,1,0.60786474
Jean_Charest/Jean_Charest_0001.jpg,Jean_Charest/Jean_Charest_0010.jpg,1,0.17222342
Jean_Charest/Jean_Charest_0002.jpg,Jean_Charest/Jean_Charest_0011.jpg,1,0.41145268
Jean_Charest/Jean_Charest_0007.jpg,Jean_Charest/Jean_Charest_0010.jpg,1,0.44764137
Jean_Charest/Jean_Charest_0008.jpg,Jean_Charest/Jean_Charest_0013.jpg,1,0.59129143
Jean_Charest/Jean_Charest_0008.jpg,Jean_Charest/Jean_Charest_0017.jpg,1,0.51107490
Jefferson_Perez/Jefferson_Perez_0001.jpg,Jefferson_Perez/Jefferson_Perez_0002.jpg,1,0.35396990
Jim_Edmonds/Jim_Edmonds_0001.jpg,Jim_Edmonds/Jim_Edmonds_0002.jpg,1,0.26964852
John_Kerry/John_Kerry_0001.jpg,John_Kerry/John_Kerry_0005.jpg,1,0.61241156
John_Kerry/John_Kerry_0003.jpg,John_Kerry/John_Kerry_0004.jpg,1,0.60738659
John_Kerry/John_Kerry_0004.jpg,John_Kerry/John_Kerry_0012.jpg,1,0.24250042
John_Kerry/John_Kerry_0009.jpg,John_Kerry/John_Kerry_0013.jpg,1,0.71954191
John_Malkovich/John_Malkovich_0001.jpg,John_Malkovich/John_Malkovich_0002.jpg,1,0.55537963
John_Malkovich/John_Malkovich_0001.jpg,John_Malkovich/John_Malkovich_0003.jpg,1,0.55157393
John_McCallum/John_McCallum_0001.jpg,John_McCallum/John_McCallum_0002.jpg,1,0.40258765
John_McEnroe/John_McEnroe_0001.jpg,John_McEnroe/John_McEnroe_0002.jpg,1,0.16370386
John_Rosa/John_Rosa_0001.jpg,John_Rosa/John_Rosa_0003.jpg,1,0.45084321
Johnny_Unitas/Johnny_Unitas_0001.jpg,Johnny_Unitas/Johnny_Unitas_0002.jpg,1,0.61049891
Jong_Wook_Lee/Jong_Wook_Lee_0003.jpg,Jong_Wook_Lee/Jong_Wook_Lee_0004.jpg,1,0.64894867
Jose_Maria_Aznar/Jose_Maria_Aznar_0001.jpg,Jose_Maria_Aznar/Jose_Maria_Aznar_0013.jpg,1,0.57671148
Jose_Maria_Aznar/Jose_Maria_Aznar_0006.jpg,Jose_Maria_Aznar/Jose_Maria_Aznar_0013.jpg,1,0.44343615
Jose_Maria_Aznar/Jose_Maria_Aznar_0006.jpg,Jose_Maria_Aznar/Jose_Maria_Aznar_0020.jpg,1,0.44230759
Jose_Maria_Aznar/Jose_Maria_Aznar_0015.jpg,Jose_Maria_Aznar/Jose_Maria_Aznar_0023.jpg,1,0.45716959
Jose_Maria_Aznar/Jose_Maria_Aznar_0017.jpg,Jose_Maria_Aznar/Jose_Maria_Aznar_0022.jpg,1,0.53720069
Julianne_Moore/Julianne_Moore_0004.jpg,Julianne_Moore/Julianne_Moore_0009.jpg,1,0.66865838
Julianne_Moore/Julianne_Moore_0006.jpg,Julianne_Moore/Julianne_Moore_0016.jpg,1,0.10871813
Julianne_Moore/Julianne_Moore_0006.jpg,Julianne_Moore/Julianne_Moore_0019.jpg,1,0.13871451
Julianne_Moore/Julianne_Moore_0007.jpg,Julianne_Moore/Julianne_Moore_0018.jpg,1,0.49110129
Julianne_Moore/Julianne_Moore_0012.jpg,Julianne_Moore/Julianne_Moore_0015.jpg,1,0.59538078
Julio_Iglesias_Jr/Julio_Iglesias_Jr_0001.jpg,Julio_Iglesias_Jr/Julio_Iglesias_Jr_0002.jpg,1,0.60059917
Justin_Timberlake/Justin_Timberlake_0001.jpg,Justin_Timberlake/Justin_Timberlake_0002.jpg,1,0.49786162
Justin_Timberlake/Justin_Timberlake_0001.jpg,Justin_Timberlake/Justin_Timberlake_0003.jpg,1,0.53283465
Justin_Timberlake/Justin_Timberlake_0005.jpg,Justin_Timberlake/Justin_Timberlake_0006.jpg,1,0.59951067
Justin_Timberlake/Justin_Timberlake_0006.jpg,Justin_Timberlake/Justin_Timberlake_0008.jpg,1,0.60774708
Justine_Pasek/Justine_Pasek_0002.jpg,Justine_Pasek/Justine_Pasek_0005.jpg,1,0.52988994
Justine_Pasek/Justine_Pasek_0002.jpg,Justine_Pasek/Justine_Pasek_0006.jpg,1,0.40974033
Justine_Pasek/Justine_Pasek_0006.jpg,Justine_Pasek/Justine_Pasek_0007.jpg,1,0.54967272
Kathleen_Glynn/Kathleen_Glynn_0001.jpg,Kathleen_Glynn/Kathleen_Glynn_0002.jpg,1,0.68925512
Kim_Dae-jung/Kim_Dae-jung_0001.jpg,Kim_Dae-jung/Kim_Dae-jung_0003.jpg,1,0.64782012
Kim_Dae-jung/Kim_Dae-jung_0001.jpg,Kim_Dae-jung/Kim_Dae-jung_0005.jpg,1,0.69770908
Kim_Dae-jung/Kim_Dae-jung_0002.jpg,Kim_Dae-jung/Kim_Dae-jung_0003.jpg,1,0.36273944
Kim_Dae-jung/Kim_Dae-jung_0004.jpg,Kim_Dae-jung/Kim_Dae-jung_0006.jpg,1,0.68221134
Kirk_Johnson/Kirk_Johnson_0001.jpg,Kirk_Johnson/Kirk_Johnson_0002.jpg,1,0.46624044
Kirk_Johnson/Kirk_Johnson_0001.jpg,Kirk_Johnson/Kirk_Johnson_0003.jpg,1,0.58125806
Kirk_Johnson/Kirk_Johnson_0002.jpg,Kirk_Johnson/Kirk_Johnson_0003.jpg,1,0.64341772
Kosuke_Kitajima/Kosuke_Kitajima_0001.jpg,Kosuke_Kitajima/Kosuke_Kitajima_0002.jpg,1,0.02995917
Kurt_Russell/Kurt_Russell_0001.jpg,Kurt_Russell/Kurt_Russell_0002.jpg,1,0.67531252
Larry_Coker/Larry_Coker_0001.jpg,Larry_Coker/Larry_Coker_0004.jpg,1,0.58443087
Larry_Coker/Larry_Coker_0002.jpg,Larry_Coker/Larry_Coker_0004.jpg,1,0.60351348
Larry_Ellison/Larry_Ellison_0001.jpg,Larry_Ellison/Larry_Ellison_0002.jpg,1,0.56789482
Larry_Ellison/Larry_Ellison_0001.jpg,Larry_Ellison/Larry_Ellison_0003.jpg,1,0.40970087
Lawrence_MacAulay/Lawrence_MacAulay_0001.jpg,Lawrence_MacAulay/Lawrence_MacAulay_0002.jpg,1,0.55923080
LeBron_James/LeBron_James_0001.jpg,LeBron_James/LeBron_James_0004.jpg,1,0.48841879
LeBron_James/LeBron_James_0001.jpg,LeBron_James/LeBron_James_0005.jpg,1,0.02048898
LeBron_James/LeBron_James_0003.jpg,LeBron_James/LeBron_James_0004.jpg,1,0.51848346
LeBron_James/LeBron_James_0004.jpg,LeBron_James/LeBron_James_0005.jpg,1,0.06949819
Lea_Fastow/Lea_Fastow_0001.jpg,Lea_Fastow/Lea_Fastow_0002.jpg,1,0.65514553
Lee_Hoi-chang/Lee_Hoi-chang_0001.jpg,Lee_Hoi-chang/Lee_Hoi-chang_0002.jpg,1,0.73500729
Lee_Hoi-chang/Lee_Hoi-chang_0002.jpg,Lee_Hoi-chang/Lee_Hoi-chang_0004.jpg,1,0.70714557
Li_Peng/Li_Peng_0002.jpg,Li_Peng/Li_Peng_0006.jpg,1,0.61416900
Li_Peng/Li_Peng_0004.jpg,Li_Peng/Li_Peng_0007.jpg,1,0.70226133
Li_Peng/Li_Peng_0004.jpg,Li_Peng/Li_Peng_0008.jpg,1,0.53261983
Li_Peng/Li_Peng_0004.jpg,Li_Peng/Li_Peng_0009.jpg,1,0.60777652
Lim_Dong-won/Lim_Dong-won_0001.jpg,Lim_Dong-won/Lim_Dong-won_0002.jpg,1,0.73391408
Lindsay_Benko/Lindsay_Benko_0001.jpg,Lindsay_Benko/Lindsay_Benko_0002.jpg,1,0.46687764
Lou_Piniella/Lou_Piniella_0001.jpg,Lou_Piniella/Lou_Piniella_0003.jpg,1,0.36872259
Lou_Piniella/Lou_Piniella_0002.jpg,Lou_Piniella/Lou_Piniella_0003.jpg,1,0.32631016
Lucio_Gutierrez/Lucio_Gutierrez_0001.jpg,Lucio_Gutierrez/Lucio_Gutierrez_0002.jpg,1,0.63864338
Lucio_Gutierrez/Lucio_Gutierrez_0003.jpg,Lucio_Gutierrez/Lucio_Gutierrez_0010.jpg,1,0.60429460
Lucio_Gutierrez/Lucio_Gutierrez_0006.jpg,Lucio_Gutierrez/Lucio_Gutierrez_0007.jpg,1,0.53371346
Lucio_Gutierrez/Lucio_Gutierrez_0006.jpg,Lucio_Gutierrez/Lucio_Gutierrez_0008.jpg,1,0.77326572
Lucio_Gutierrez/Lucio_Gutierrez_0008.jpg,Lucio_Gutierrez/Lucio_Gutierrez_0013.jpg,1,0.41892165
Luis_Figo/Luis_Figo_0002.jpg,Luis_Figo/Luis_Figo_0003.jpg,1,0.13596642
Luis_Figo/Luis_Figo_0002.jpg,Luis_Figo/Luis_Figo_0004.jpg,1,0.44988304
Luke_Walton/Luke_Walton_0001.jpg,Luke_Walton/Luke_Walton_0002.jpg,1,0.58604324
Marat_Safin/Marat_Safin_0001.jpg,Marat_Safin/Marat_Safin_0002.jpg,1,0.48379564
Marat_Safin/Marat_Safin_0001.jpg,Marat_Safin/Marat_Safin_0003.jpg,1,0.45988882
Marat_Safin/Marat_Safin_0002.jpg,Marat_Safin/Marat_Safin_0003.jpg,1,0.51034677
Mariana_Pollack/Mariana_Pollack_0001.jpg,Mariana_Pollack/Mariana_Pollack_0003.jpg,1,0.67098731
Mariana_Pollack/Mariana_Pollack_0002.jpg,Mariana_Pollack/Mariana_Pollack_0003.jpg,1,0.63015628
Martin_McGuinness/Martin_McGuinness_0003.jpg,Martin_McGuinness/Martin_McGuinness_0004.jpg,1,0.61168092
Masahiko_Nagasawa/Masahiko_Nagasawa_0001.jpg,Masahiko_Nagasawa/Masahiko_Nagasawa_0002.jpg,1,0.51456463
Michael_Chiklis/Michael_Chiklis_0001.jpg,Michael_Chiklis/Michael_Chiklis_0004.jpg,1,0.68753362
Michael_Chiklis/Michael_Chiklis_0001.jpg,Michael_Chiklis/Michael_Chiklis_0005.jpg,1,0.56307817
Michael_Chiklis/Michael_Chiklis_0002.jpg,Michael_Chiklis/Michael_Chiklis_0003.jpg,1,0.31778044
Michael_Chiklis/Michael_Chiklis_0002.jpg,Michael_Chiklis/Michael_Chiklis_0004.jpg,1,0.49725199
Michael_Chiklis/Michael_Chiklis_0003.jpg,Michael_Chiklis/Michael_Chiklis_0005.jpg,1,0.54753989
Michael_Chiklis/Michael_Chiklis_0004.jpg,Michael_Chiklis/Michael_Chiklis_0005.jpg,1,0.46742797
Michael_Douglas/Michael_Douglas_0001.jpg,Michael_Douglas/Michael_Douglas_0002.jpg,1,0.59978938
Michael_Douglas/Michael_Douglas_0001.jpg,Michael_Douglas/Michael_Douglas_0003.jpg,1,0.64177710
Michael_Douglas/Michael_Douglas_0002.jpg,Michael_Douglas/Michael_Douglas_0004.jpg,1,0.47207040
Michael_Douglas/Michael_Douglas_0003.jpg,Michael_Douglas/Michael_Douglas_0006.jpg,1,0.57177818
Michael_Douglas/Michael_Douglas_0004.jpg,Michael_Douglas/Michael_Douglas_0005.jpg,1,0.53843176
Michael_Kostelnik/Michael_Kostelnik_0001.jpg,Michael_Kostelnik/Michael_Kostelnik_0002.jpg,1,0.38735294
Michael_Leavitt/Michael_Leavitt_0001.jpg,Michael_Leavitt/Michael_Leavitt_0002.jpg,1,0.40924150
Michelle_Branch/Michelle_Branch_0001.jpg,Michelle_Branch/Michelle_Branch_0002.jpg,1,0.58404201
Michelle_Kwan/Michelle_Kwan_0001.jpg,Michelle_Kwan/Michelle_Kwan_0004.jpg,1,0.42584515
Michelle_Kwan/Michelle_Kwan_0004.jpg,Michelle_Kwan/Michelle_Kwan_0005.jpg,1,0.74413013
Michelle_Kwan/Michelle_Kwan_0006.jpg,Michelle_Kwan/Michelle_Kwan_0008.jpg,1,0.28451121
Mike_Montgomery/Mike_Montgomery_0001.jpg,Mike_Montgomery/Mike_Montgomery_0002.jpg,1,0.34033629
Mike_Tyson/Mike_Tyson_0001.jpg,Mike_Tyson/Mike_Tyson_0003.jpg,1,0.45309287
Mikhail_Wehbe/Mikhail_Wehbe_0001.jpg,Mikhail_Wehbe/Mikhail_Wehbe_0003.jpg,1,0.57404113
Minnie_Driver/Minnie_Driver_0001.jpg,Minnie_Driver/Minnie_Driver_0002.jpg,1,0.52184469
Miyako_Miyazaki/Miyako_Miyazaki_0001.jpg,Miyako_Miyazaki/Miyako_Miyazaki_0002.jpg,1,0.44835252
Muammar_Gaddafi/Muammar_Gaddafi_0001.jpg,Muammar_Gaddafi/Muammar_Gaddafi_0002.jpg,1,0.36854821
Munir_Akram/Munir_Akram_0001.jpg,Munir_Akram/Munir_Akram_0002.jpg,1,0.65616667
Nadia_Petrova/Nadia_Petrova_0001.jpg,Nadia_Petrova/Nadia_Petrova_0002.jpg,1,0.58971679
Nadia_Petrova/Nadia_Petrova_0001.jpg,Nadia_Petrova/Nadia_Petrova_0003.jpg,1,0.47426242
Nadia_Petrova/Nadia_Petrova_0001.jpg,Nadia_Petrova/Nadia_Petrova_0004.jpg,1,0.27228034
Nadia_Petrova/Nadia_Petrova_0002.jpg,Nadia_Petrova/Nadia_Petrova_0003.jpg,1,0.63627231
Nadia_Petrova/Nadia_Petrova_0003.jpg,Nadia_Petrova/Nadia_Petrova_0004.jpg,1,0.28461108
Nadia_Petrova/Nadia_Petrova_0004.jpg,Nadia_Petrova/Nadia_Petrova_0005.jpg,1,0.33488181
Nancy_Pelosi/Nancy_Pelosi_0001.jpg,Nancy_Pelosi/Nancy_Pelosi_0007.jpg,1,0.45886025
Nancy_Pelosi/Nancy_Pelosi_0002.jpg,Nancy_Pelosi/Nancy_Pelosi_0009.jpg,1,0.57038504
Nancy_Pelosi/Nancy_Pelosi_0004.jpg,Nancy_Pelosi/Nancy_Pelosi_0015.jpg,1,0.51766086
Nancy_Pelosi/Nancy_Pelosi_0012.jpg,Nancy_Pelosi/Nancy_Pelosi_0014.jpg,1,0.56620538
Nia_Vardalos/Nia_Vardalos_0001.jpg,Nia_Vardalos/Nia_Vardalos_0003.jpg,1,0.50496852
Nia_Vardalos/Nia_Vardalos_0003.jpg,Nia_Vardalos/Nia_Vardalos_0004.jpg,1,-0.02348135
Nia_Vardalos/Nia_Vardalos_0003.jpg,Nia_Vardalos/Nia_Vardalos_0005.jpg,1,0.44388708
Nicholas_Byron/Nicholas_Byron_0001.jpg,Nicholas_Byron/Nicholas_Byron_0002.jpg,1,0.68330729
Nikki_Reed/Nikki_Reed_0001.jpg,Nikki_Reed/Nikki_Reed_0002.jpg,1,0.64437449
Olivia_Newton-John/Olivia_Newton-John_0001.jpg,Olivia_Newton-John/Olivia_Newton-John_0002.jpg,1,0.53650290
Paradorn_Srichaphan/Paradorn_Srichaphan_0002.jpg,Paradorn_Srichaphan/Paradorn_Srichaphan_0004.jpg,1,0.27242285
Paradorn_Srichaphan/Paradorn_Srichaphan_0004.jpg,Paradorn_Srichaphan/Paradorn_Srichaphan_0005.jpg,1,0.42708278
Pascal_Quignard/Pascal_Quignard_0001.jpg,Pascal_Quignard/Pascal_Quignard_0003.jpg,1,0.47437677
Pascal_Quignard/Pascal_Quignard_0002.jpg,Pascal_Quignard/Pascal_Quignard_0003.jpg,1,0.48353159
Patrice_Chereau/Patrice_Chereau_0001.jpg,Patrice_Chereau/Patrice_Chereau_0002.jpg,1,0.52821040
Pedro_Malan/Pedro_Malan_0001.jpg,Pedro_Malan/Pedro_Malan_0005.jpg,1,0.55124080
Pedro_Malan/Pedro_Malan_0003.jpg,Pedro_Malan/Pedro_Malan_0005.jpg,1,0.23368156
Peter_Harrison/Peter_Harrison_0001.jpg,Peter_Harrison/Peter_Harrison_0002.jpg,1,0.60581172
Rainer_Schuettler/Rainer_Schuettler_0001.jpg,Rainer_Schuettler/Rainer_Schuettler_0004.jpg,1,0.39251661
Rainer_Schuettler/Rainer_Schuettler_0002.jpg,Rainer_Schuettler/Rainer_Schuettler_0003.jpg,1,0.40876979
Rainer_Schuettler/Rainer_Schuettler_0002.jpg,Rainer_Schuettler/Rainer_Schuettler_0004.jpg,1,0.33465660
Raymond_Odierno/Raymond_Odierno_0001.jpg,Raymond_Odierno/Raymond_Odierno_0002.jpg,1,0.87371677
Rebecca_Romijn-Stamos/Rebecca_Romijn-Stamos_0001.jpg,Rebecca_Romijn-Stamos/Rebecca_Romijn-Stamos_0002.jpg,1,0.55290323
Rebecca_Romijn-Stamos/Rebecca_Romijn-Stamos_0001.jpg,Rebecca_Romijn-Stamos/Rebecca_Romijn-Stamos_0003.jpg,1,0.55036616
Rebecca_Romijn-Stamos/Rebecca_Romijn-Stamos_0001.jpg,Rebecca_Romijn-Stamos/Rebecca_Romijn-Stamos_0004.jpg,1,0.29804781
Rebecca_Romijn-Stamos/Rebecca_Romijn-Stamos_0003.jpg,Rebecca_Romijn-Stamos/Rebecca_Romijn-Stamos_0004.jpg,1,0.28963307
Richard_Krajicek/Richard_Krajicek_0001.jpg,Richard_Krajicek/Richard_Krajicek_0003.jpg,1,0.35797700
Richard_Krajicek/Richard_Krajicek_0002.jpg,Richard_Krajicek/Richard_Krajicek_0003.jpg,1,0.32376051
Rick_Santorum/Rick_Santorum_0001.jpg,Rick_Santorum/Rick_Santorum_0002.jpg,1,0.53507161
Rick_Santorum/Rick_Santorum_0001.jpg,Rick_Santorum/Rick_Santorum_0003.jpg,1,0.54547304
Rick_Santorum/Rick_Santorum_0002.jpg,Rick_Santorum/Rick_Santorum_0003.jpg,1,0.48882169
Rick_Stansbury/Rick_Stansbury_0002.jpg,Rick_Stansbury/Rick_Stansbury_0003.jpg,1,0.65810865
Rob_Marshall/Rob_Marshall_0001.jpg,Rob_Marshall/Rob_Marshall_0003.jpg,1,0.74546009
Rob_Marshall/Rob_Marshall_0001.jpg,Rob_Marshall/Rob_Marshall_0006.jpg,1,0.59997952
Rob_Marshall/Rob_Marshall_0002.jpg,Rob_Marshall/Rob_Marshall_0004.jpg,1,0.63218564
Robert_Blackwill/Robert_Blackwill_0001.jpg,Robert_Blackwill/Robert_Blackwill_0002.jpg,1,0.51545900
Robert_Duvall/Robert_Duvall_0002.jpg,Robert_Duvall/Robert_Duvall_0008.jpg,1,0.57255304
Robert_Horan/Robert_Horan_0001.jpg,Robert_Horan/Robert_Horan_0002.jpg,1,0.38301268
Robert_Redford/Robert_Redford_0003.jpg,Robert_Redford/Robert_Redford_0004.jpg,1,0.44761840
Robert_Redford/Robert_Redford_0007.jpg,Robert_Redford/Robert_Redford_0008.jpg,1,0.70206821
Robinson_Stevenin/Robinson_Stevenin_0001.jpg,Robinson_Stevenin/Robinson_Stevenin_0002.jpg,1,0.63283968
Roger_Clemens/Roger_Clemens_0001.jpg,Roger_Clemens/Roger_Clemens_0002.jpg,1,0.62108845
Sadie_Frost/Sadie_Frost_0001.jpg,Sadie_Frost/Sadie_Frost_0002.jpg,1,0.45371300
Saparmurat_Niyazov/Saparmurat_Niyazov_0001.jpg,Saparmurat_Niyazov/Saparmurat_Niyazov_0002.jpg,1,0.76460791
Sarah_Michelle_Gellar/Sarah_Michelle_Gellar_0001.jpg,Sarah_Michelle_Gellar/Sarah_Michelle_Gellar_0002.jpg,1,0.40689009
Sarah_Michelle_Gellar/Sarah_Michelle_Gellar_0001.jpg,Sarah_Michelle_Gellar/Sarah_Michelle_Gellar_0003.jpg,1,0.55220115
Sarah_Michelle_Gellar/Sarah_Michelle_Gellar_0002.jpg,Sarah_Michelle_Gellar/Sarah_Michelle_Gellar_0003.jpg,1,0.51434273
Serena_Williams/Serena_Williams_0001.jpg,Serena_Williams/Serena_Williams_0041.jpg,1,0.45849755
Serena_Williams/Serena_Williams_0003.jpg,Serena_Williams/Serena_Williams_0032.jpg,1,0.45807737
Serena_Williams/Serena_Williams_0014.jpg,Serena_Williams/Serena_Williams_0040.jpg,1,0.45983422
Serena_Williams/Serena_Williams_0041.jpg,Serena_Williams/Serena_Williams_0047.jpg,1,0.42911327
Sergey_Lavrov/Sergey_Lavrov_0001.jpg,Sergey_Lavrov/Sergey_Lavrov_0003.jpg,1,0.71047556
Sergey_Lavrov/Sergey_Lavrov_0001.jpg,Sergey_Lavrov/Sergey_Lavrov_0006.jpg,1,0.63729310
Sergey_Lavrov/Sergey_Lavrov_0002.jpg,Sergey_Lavrov/Sergey_Lavrov_0004.jpg,1,0.47755420
Sergey_Lavrov/Sergey_Lavrov_0003.jpg,Sergey_Lavrov/Sergey_Lavrov_0005.jpg,1,0.83023751
Sergey_Lavrov/Sergey_Lavrov_0003.jpg,Sergey_Lavrov/Sergey_Lavrov_0007.jpg,1,0.76257181
Sergey_Lavrov/Sergey_Lavrov_0004.jpg,Sergey_Lavrov/Sergey_Lavrov_0008.jpg,1,0.76747549
Shane_Mosley/Shane_Mosley_0001.jpg,Shane_Mosley/Shane_Mosley_0002.jpg,1,0.44978645
Sheila_Copps/Sheila_Copps_0002.jpg,Sheila_Copps/Sheila_Copps_0003.jpg,1,0.54735780
Sheila_Copps/Sheila_Copps_0003.jpg,Sheila_Copps/Sheila_Copps_0004.jpg,1,0.59726143
Shia_LaBeouf/Shia_LaBeouf_0001.jpg,Shia_LaBeouf/Shia_LaBeouf_0002.jpg,1,0.05777897
Steve_Nash/Steve_Nash_0001.jpg,Steve_Nash/Steve_Nash_0003.jpg,1,0.43644595
Steve_Nash/Steve_Nash_0001.jpg,Steve_Nash/Steve_Nash_0004.jpg,1,0.41773707
Steve_Nash/Steve_Nash_0002.jpg,Steve_Nash/Steve_Nash_0004.jpg,1,0.41368765
Steve_Nash/Steve_Nash_0002.jpg,Steve_Nash/Steve_Nash_0005.jpg,1,0.35726878
Steve_Spurrier/Steve_Spurrier_0001.jpg,Steve_Spurrier/Steve_Spurrier_0002.jpg,1,0.26027989
Steve_Waugh/Steve_Waugh_0001.jpg,Steve_Waugh/Steve_Waugh_0002.jpg,1,0.16124009
Susilo_Bambang_Yudhoyono/Susilo_Bambang_Yudhoyono_0001.jpg,Susilo_Bambang_Yudhoyono/Susilo_Bambang_Yudhoyono_0002.jpg,1,0.55586404
Susilo_Bambang_Yudhoyono/Susilo_Bambang_Yudhoyono_0001.jpg,Susilo_Bambang_Yudhoyono/Susilo_Bambang_Yudhoyono_0003.jpg,1,0.69245589
Susilo_Bambang_Yudhoyono/Susilo_Bambang_Yudhoyono_0001.jpg,Susilo_Bambang_Yudhoyono/Susilo_Bambang_Yudhoyono_0004.jpg,1,0.64335352
Susilo_Bambang_Yudhoyono/Susilo_Bambang_Yudhoyono_0003.jpg,Susilo_Bambang_Yudhoyono/Susilo_Bambang_Yudhoyono_0004.jpg,1,0.83645892
Suzanne_Gaudet/Suzanne_Gaudet_0001.jpg,Suzanne_Gaudet/Suzanne_Gaudet_0002.jpg,1,0.68655419
Thomas_Bjorn/Thomas_Bjorn_0001.jpg,Thomas_Bjorn/Thomas_Bjorn_0002.jpg,1,0.40895045
Tim_Conway/Tim_Conway_0001.jpg,Tim_Conway/Tim_Conway_0002.jpg,1,0.62051296
Tim_Conway/Tim_Conway_0001.jpg,Tim_Conway/Tim_Conway_0003.jpg,1,0.44486633
Tim_Robbins/Tim_Robbins_0001.jpg,Tim_Robbins/Tim_Robbins_0005.jpg,1,0.55066901
Tim_Robbins/Tim_Robbins_0002.jpg,Tim_Robbins/Tim_Robbins_0004.jpg,1,0.43507832
Tim_Robbins/Tim_Robbins_0003.jpg,Tim_Robbins/Tim_Robbins_0005.jpg,1,0.35063815
Tom_Craddick/Tom_Craddick_0001.jpg,Tom_Craddick/Tom_Craddick_0003.jpg,1,0.61649227
Tom_Craddick/Tom_Craddick_0002.jpg,Tom_Craddick/Tom_Craddick_0004.jpg,1,0.61992490
Tom_Craddick/Tom_Craddick_0003.jpg,Tom_Craddick/Tom_Craddick_0004.jpg,1,0.45598146
Tracee_Ellis_Ross/Tracee_Ellis_Ross_0001.jpg,Tracee_Ellis_Ross/Tracee_Ellis_Ross_0002.jpg,1,0.53991747
Venus_Williams/Venus_Williams_0002.jpg,Venus_Williams/Venus_Williams_0009.jpg,1,0.61605388
Vivica_Fox/Vivica_Fox_0001.jpg,Vivica_Fox/Vivica_Fox_0002.jpg,1,0.61303920
William_Ford_Jr/William_Ford_Jr_0001.jpg,William_Ford_Jr/William_Ford_Jr_0002.jpg,1,0.49623370
William_Ford_Jr/William_Ford_Jr_0002.jpg,William_Ford_Jr/William_Ford_Jr_0006.jpg,1,0.45890293
William_Ford_Jr/William_Ford_Jr_0005.jpg,William_Ford_Jr/William_Ford_Jr_0006.jpg,1,0.56021935
William_Rehnquist/William_Rehnquist_0001.jpg,William_Rehnquist/William_Rehnquist_0002.jpg,1,0.55694652
Yossi_Beilin/Yossi_Beilin_0001.jpg,Yossi_Beilin/Yossi_Beilin_0002.jpg,1,0.56918573
Adrian_McPherson/Adrian_McPherson_0001.jpg,Adrian_McPherson/Adrian_McPherson_0002.jpg,1,0.33926904
Al_Davis/Al_Davis_0001.jpg,Al_Davis/Al_Davis_0002.jpg,1,0.49328014
Al_Gore/Al_Gore_0002.jpg,Al_Gore/Al_Gore_0006.jpg,1,0.49130923
Al_Gore/Al_Gore_0004.jpg,Al_Gore/Al_Gore_0006.jpg,1,0.68616998
Alan_Greenspan/Alan_Greenspan_0001.jpg,Alan_Greenspan/Alan_Greenspan_0002.jpg,1,0.65775955
Alan_Greenspan/Alan_Greenspan_0001.jpg,Alan_Greenspan/Alan_Greenspan_0005.jpg,1,0.63315189
Alan_Greenspan/Alan_Greenspan_0003.jpg,Alan_Greenspan/Alan_Greenspan_0004.jpg,1,0.65551805
Alastair_Campbell/Alastair_Campbell_0001.jpg,Alastair_Campbell/Alastair_Campbell_0005.jpg,1,0.38213721
Alastair_Campbell/Alastair_Campbell_0002.jpg,Alastair_Campbell/Alastair_Campbell_0004.jpg,1,0.48265660
Alexander_Downer/Alexander_Downer_0001.jpg,Alexander_Downer/Alexander_Downer_0002.jpg,1,0.49811596
Alexander_Downer/Alexander_Downer_0001.jpg,Alexander_Downer/Alexander_Downer_0003.jpg,1,0.52429616
Alexander_Downer/Alexander_Downer_0001.jpg,Alexander_Downer/Alexander_Downer_0004.jpg,1,0.49546611
Alexander_Downer/Alexander_Downer_0003.jpg,Alexander_Downer/Alexander_Downer_0004.jpg,1,0.65568423
Alice_Fisher/Alice_Fisher_0001.jpg,Alice_Fisher/Alice_Fisher_0002.jpg,1,0.78483069
Alison_Lohman/Alison_Lohman_0001.jpg,Alison_Lohman/Alison_Lohman_0002.jpg,1,-0.05628299
Alvaro_Silva_Calderon/Alvaro_Silva_Calderon_0001.jpg,Alvaro_Silva_Calderon/Alvaro_Silva_Calderon_0002.jpg,1,0.58156264
Alvaro_Silva_Calderon/Alvaro_Silva_Calderon_0001.jpg,Alvaro_Silva_Calderon/Alvaro_Silva_Calderon_0003.jpg,1,0.40887877
Alvaro_Uribe/Alvaro_Uribe_0007.jpg,Alvaro_Uribe/Alvaro_Uribe_0020.jpg,1,0.47099274
Alvaro_Uribe/Alvaro_Uribe_0008.jpg,Alvaro_Uribe/Alvaro_Uribe_0025.jpg,1,0.28821245
Alvaro_Uribe/Alvaro_Uribe_0012.jpg,Alvaro_Uribe/Alvaro_Uribe_0013.jpg,1,0.61806357
Alvaro_Uribe/Alvaro_Uribe_0020.jpg,Alvaro_Uribe/Alvaro_Uribe_0028.jpg,1,0.58067101
Anders_Ebbeson/Anders_Ebbeson_0002.jpg,Anders_Ebbeson/Anders_Ebbeson_0003.jpg,1,0.25653970
Andrew_Bunner/Andrew_Bunner_0001.jpg,Andrew_Bunner/Andrew_Bunner_0002.jpg,1,0.58950824
Anibal_Ibarra/Anibal_Ibarra_0001.jpg,Anibal_Ibarra/Anibal_Ibarra_0003.jpg,1,0.42037749
Antonio_Trillanes/Antonio_Trillanes_0001.jpg,Antonio_Trillanes/Antonio_Trillanes_0003.jpg,1,0.61333263
Antonio_Trillanes/Antonio_Trillanes_0002.jpg,Antonio_Trillanes/Antonio_Trillanes_0003.jpg,1,0.23760942
Asa_Hutchinson/Asa_Hutchinson_0001.jpg,Asa_Hutchinson/Asa_Hutchinson_0002.jpg,1,0.46306133
Barbara_Walters/Barbara_Walters_0001.jpg,Barbara_Walters/Barbara_Walters_0003.jpg,1,0.69240326
Barbara_Walters/Barbara_Walters_0001.jpg,Barbara_Walters/Barbara_Walters_0004.jpg,1,0.69033599
Barbara_Walters/Barbara_Walters_0003.jpg,Barbara_Walters/Barbara_Walters_0004.jpg,1,0.64680338
Ben_Howland/Ben_Howland_0001.jpg,Ben_Howland/Ben_Howland_0002.jpg,1,0.62894559
Ben_Howland/Ben_Howland_0001.jpg,Ben_Howland/Ben_Howland_0003.jpg,1,0.73955011
Ben_Howland/Ben_Howland_0003.jpg,Ben_Howland/Ben_Howland_0004.jpg,1,0.75696349
Benazir_Bhutto/Benazir_Bhutto_0001.jpg,Benazir_Bhutto/Benazir_Bhutto_0004.jpg,1,0.44484937
Benazir_Bhutto/Benazir_Bhutto_0002.jpg,Benazir_Bhutto/Benazir_Bhutto_0003.jpg,1,0.59205216
Benazir_Bhutto/Benazir_Bhutto_0002.jpg,Benazir_Bhutto/Benazir_Bhutto_0004.jpg,1,0.35679814
Bill_Simon/Bill_Simon_0005.jpg,Bill_Simon/Bill_Simon_0009.jpg,1,0.49905631
Bill_Simon/Bill_Simon_0011.jpg,Bill_Simon/Bill_Simon_0015.jpg,1,0.61517918
Billy_Sollie/Billy_Sollie_0001.jpg,Billy_Sollie/Billy_Sollie_0002.jpg,1,0.46930739
Boris_Berezovsky/Boris_Berezovsky_0001.jpg,Boris_Berezovsky/Boris_Berezovsky_0002.jpg,1,0.65630102
Brooke_Shields/Brooke_Shields_0001.jpg,Brooke_Shields/Brooke_Shields_0002.jpg,1,0.57088017
Bulent_Ecevit/Bulent_Ecevit_0001.jpg,Bulent_Ecevit/Bulent_Ecevit_0004.jpg,1,0.56929797
Bulent_Ecevit/Bulent_Ecevit_0001.jpg,Bulent_Ecevit/Bulent_Ecevit_0005.jpg,1,0.42351541
Bulent_Ecevit/Bulent_Ecevit_0002.jpg,Bulent_Ecevit/Bulent_Ecevit_0006.jpg,1,0.53954893
Bulent_Ecevit/Bulent_Ecevit_0004.jpg,Bulent_Ecevit/Bulent_Ecevit_0006.jpg,1,0.62591869
Candie_Kung/Candie_Kung_0001.jpg,Candie_Kung/Candie_Kung_0002.jpg,1,0.51224816
Candie_Kung/Candie_Kung_0001.jpg,Candie_Kung/Candie_Kung_0004.jpg,1,0.37545100
Carlo_Ancelotti/Carlo_Ancelotti_0001.jpg,Carlo_Ancelotti/Carlo_Ancelotti_0002.jpg,1,0.64436007
Carlo_Ancelotti/Carlo_Ancelotti_0002.jpg,Carlo_Ancelotti/Carlo_Ancelotti_0003.jpg,1,0.63539463
Carlos_Moya/Carlos_Moya_0008.jpg,Carlos_Moya/Carlos_Moya_0017.jpg,1,0.52073091
Carlos_Moya/Carlos_Moya_0010.jpg,Carlos_Moya/Carlos_Moya_0018.jpg,1,0.32720000
Carlos_Vives/Carlos_Vives_0001.jpg,Carlos_Vives/Carlos_Vives_0004.jpg,1,0.29742646
Carlos_Vives/Carlos_Vives_0002.jpg,Carlos_Vives/Carlos_Vives_0004.jpg,1,0.29314116
Carson_Daly/Carson_Daly_0001.jpg,Carson_Daly/Carson_Daly_0002.jpg,1,0.46594751
Cate_Blanchett/Cate_Blanchett_0001.jpg,Cate_Blanchett/Cate_Blanchett_0002.jpg,1,0.50014967
Cate_Blanchett/Cate_Blanchett_0001.jpg,Cate_Blanchett/Cate_Blanchett_0003.jpg,1,0.62387818
Cate_Blanchett/Cate_Blanchett_0001.jpg,Cate_Blanchett/Cate_Blanchett_0004.jpg,1,0.36107403
Cate_Blanchett/Cate_Blanchett_0002.jpg,Cate_Blanchett/Cate_Blanchett_0003.jpg,1,0.52527618
Cate_Blanchett/Cate_Blanchett_0002.jpg,Cate_Blanchett/Cate_Blanchett_0004.jpg,1,0.47831735
Chok_Tong_Goh/Chok_Tong_Goh_0001.jpg,Chok_Tong_Goh/Chok_Tong_Goh_0002.jpg,1,0.42252398
Chris_Byrd/Chris_Byrd_0001.jpg,Chris_Byrd/Chris_Byrd_0002.jpg,1,0.55731010
Chris_Cooper/Chris_Cooper_0001.jpg,Chris_Cooper/Chris_Cooper_0002.jpg,1,0.62834513
Chris_Tucker/Chris_Tucker_0001.jpg,Chris_Tucker/Chris_Tucker_0002.jpg,1,0.39756322
Christine_Gregoire/Christine_Gregoire_0001.jpg,Christine_Gregoire/Christine_Gregoire_0004.jpg,1,0.71599209
Christine_Gregoire/Christine_Gregoire_0002.jpg,Christine_Gregoire/Christine_Gregoire_0003.jpg,1,0.41730785
Christine_Gregoire/Christine_Gregoire_0002.jpg,Christine_Gregoire/Christine_Gregoire_0004.jpg,1,0.53793412
Christopher_Patten/Christopher_Patten_0001.jpg,Christopher_Patten/Christopher_Patten_0002.jpg,1,0.62126684
Clint_Eastwood/Clint_Eastwood_0001.jpg,Clint_Eastwood/Clint_Eastwood_0004.jpg,1,0.60985684
Clint_Eastwood/Clint_Eastwood_0001.jpg,Clint_Eastwood/Clint_Eastwood_0006.jpg,1,0.57568491
Constance_Marie/Constance_Marie_0001.jpg,Constance_Marie/Constance_Marie_0002.jpg,1,0.34736252
Constance_Marie/Constance_Marie_0001.jpg,Constance_Marie/Constance_Marie_0003.jpg,1,0.37322330
Dennis_Hastert/Dennis_Hastert_0002.jpg,Dennis_Hastert/Dennis_Hastert_0003.jpg,1,0.40738297
Dennis_Hastert/Dennis_Hastert_0003.jpg,Dennis_Hastert/Dennis_Hastert_0006.jpg,1,0.45663813
Dennis_Hastert/Dennis_Hastert_0004.jpg,Dennis_Hastert/Dennis_Hastert_0006.jpg,1,0.46637061
Dennis_Hastert/Dennis_Hastert_0005.jpg,Dennis_Hastert/Dennis_Hastert_0006.jpg,1,0.43919051
Dolly_Parton/Dolly_Parton_0001.jpg,Dolly_Parton/Dolly_Parton_0002.jpg,1,0.74781370
Doug_Duncan/Doug_Duncan_0001.jpg,Doug_Duncan/Doug_Duncan_0002.jpg,1,0.13608178
Edward_Kennedy/Edward_Kennedy_0001.jpg,Edward_Kennedy/Edward_Kennedy_0002.jpg,1,0.53280365
Edward_Kennedy/Edward_Kennedy_0002.jpg,Edward_Kennedy/Edward_Kennedy_0003.jpg,1,0.69439703
Edward_Said/Edward_Said_0001.jpg,Edward_Said/Edward_Said_0002.jpg,1,0.45483738
Elena_Bovina/Elena_Bovina_0001.jpg,Elena_Bovina/Elena_Bovina_0002.jpg,1,0.54752356
Elena_Bovina/Elena_Bovina_0001.jpg,Elena_Bovina/Elena_Bovina_0003.jpg,1,0.31211644
Elena_Bovina/Elena_Bovina_0002.jpg,Elena_Bovina/Elena_Bovina_0003.jpg,1,0.27165335
Eliane_Karp/Eliane_Karp_0001.jpg,Eliane_Karp/Eliane_Karp_0003.jpg,1,0.29764736
Eliane_Karp/Eliane_Karp_0002.jpg,Eliane_Karp/Eliane_Karp_0003.jpg,1,0.33954456
Eliane_Karp/Eliane_Karp_0002.jpg,Eliane_Karp/Eliane_Karp_0004.jpg,1,0.53936076
Eliane_Karp/Eliane_Karp_0003.jpg,Eliane_Karp/Eliane_Karp_0004.jpg,1,0.37469518
Elvis_Presley/Elvis_Presley_0001.jpg,Elvis_Presley/Elvis_Presley_0002.jpg,1,0.53713489
Erika_Harold/Erika_Harold_0001.jpg,Erika_Harold/Erika_Harold_0003.jpg,1,-0.03682593
Erika_Harold/Erika_Harold_0002.jpg,Erika_Harold/Erika_Harold_0003.jpg,1,-0.09034132
Erika_Harold/Erika_Harold_0003.jpg,Erika_Harold/Erika_Harold_0004.jpg,1,-0.00463627
Erika_Harold/Erika_Harold_0004.jpg,Erika_Harold/Erika_Harold_0005.jpg,1,0.73847598
Ernie_Els/Ernie_Els_0001.jpg,Ernie_Els/Ernie_Els_0003.jpg,1,0.41669112
Ernie_Els/Ernie_Els_0001.jpg,Ernie_Els/Ernie_Els_0004.jpg,1,0.49651879
Ernie_Els/Ernie_Els_0002.jpg,Ernie_Els/Ernie_Els_0003.jpg,1,0.54678768
Franco_Dragone/Franco_Dragone_0001.jpg,Franco_Dragone/Franco_Dragone_0002.jpg,1,0.29441997
Frank_Solich/Frank_Solich_0001.jpg,Frank_Solich/Frank_Solich_0004.jpg,1,0.54759777
Frank_Solich/Frank_Solich_0002.jpg,Frank_Solich/Frank_Solich_0005.jpg,1,0.78908873
Frank_Solich/Frank_Solich_0003.jpg,Frank_Solich/Frank_Solich_0004.jpg,1,0.46590173
Gabriel_Batistuta/Gabriel_Batistuta_0001.jpg,Gabriel_Batistuta/Gabriel_Batistuta_0002.jpg,1,0.32264882
Gary_Carter/Gary_Carter_0001.jpg,Gary_Carter/Gary_Carter_0002.jpg,1,0.70623231
Gary_Carter/Gary_Carter_0001.jpg,Gary_Carter/Gary_Carter_0003.jpg,1,0.29581517
Gary_Doer/Gary_Doer_0001.jpg,Gary_Doer/Gary_Doer_0002.jpg,1,0.03715465
Gary_Doer/Gary_Doer_0002.jpg,Gary_Doer/Gary_Doer_0003.jpg,1,0.39354280
George_Tenet/George_Tenet_0001.jpg,George_Tenet/George_Tenet_0002.jpg,1,0.51724881
George_Voinovich/George_Voinovich_0001.jpg,George_Voinovich/George_Voinovich_0003.jpg,1,0.45758617
George_Voinovich/George_Voinovich_0002.jpg,George_Voinovich/George_Voinovich_0003.jpg,1,0.71049058
Georgi_Parvanov/Georgi_Parvanov_0001.jpg,Georgi_Parvanov/Georgi_Parvanov_0002.jpg,1,0.54462397
Goldie_Hawn/Goldie_Hawn_0001.jpg,Goldie_Hawn/Goldie_Hawn_0007.jpg,1,0.48509675
Goldie_Hawn/Goldie_Hawn_0002.jpg,Goldie_Hawn/Goldie_Hawn_0003.jpg,1,0.58645046
Goldie_Hawn/Goldie_Hawn_0003.jpg,Goldie_Hawn/Goldie_Hawn_0007.jpg,1,0.65297061
Goldie_Hawn/Goldie_Hawn_0006.jpg,Goldie_Hawn/Goldie_Hawn_0007.jpg,1,0.63997912
Goran_Persson/Goran_Persson_0001.jpg,Goran_Persson/Goran_Persson_0002.jpg,1,0.58511591
Gro_Harlem_Brundtland/Gro_Harlem_Brundtland_0001.jpg,Gro_Harlem_Brundtland/Gro_Harlem_Brundtland_0002.jpg,1,0.30403486
Guillaume_Soro/Guillaume_Soro_0001.jpg,Guillaume_Soro/Guillaume_Soro_0002.jpg,1,0.19622652
Gwyneth_Paltrow/Gwyneth_Paltrow_0001.jpg,Gwyneth_Paltrow/Gwyneth_Paltrow_0005.jpg,1,0.51277256
Gwyneth_Paltrow/Gwyneth_Paltrow_0001.jpg,Gwyneth_Paltrow/Gwyneth_Paltrow_0006.jpg,1,0.48575789
Gwyneth_Paltrow/Gwyneth_Paltrow_0002.jpg,Gwyneth_Paltrow/Gwyneth_Paltrow_0006.jpg,1,0.40577778
Gwyneth_Paltrow/Gwyneth_Paltrow_0003.jpg,Gwyneth_Paltrow/Gwyneth_Paltrow_0006.jpg,1,0.01252621
Hee-Won_Han/Hee-Won_Han_0001.jpg,Hee-Won_Han/Hee-Won_Han_0002.jpg,1,0.51293290
Herb_Sendek/Herb_Sendek_0001.jpg,Herb_Sendek/Herb_Sendek_0003.jpg,1,0.58342719
Herb_Sendek/Herb_Sendek_0003.jpg,Herb_Sendek/Herb_Sendek_0004.jpg,1,0.47892722
Howard_Smith/Howard_Smith_0001.jpg,Howard_Smith/Howard_Smith_0002.jpg,1,0.47822163
Hugh_Grant/Hugh_Grant_0005.jpg,Hugh_Grant/Hugh_Grant_0008.jpg,1,0.38577831
Hugh_Grant/Hugh_Grant_0006.jpg,Hugh_Grant/Hugh_Grant_0009.jpg,1,0.06812624
Jack_Straw/Jack_Straw_0025.jpg,Jack_Straw/Jack_Straw_0028.jpg,1,0.57932127
James_Franco/James_Franco_0001.jpg,James_Franco/James_Franco_0002.jpg,1,0.59778231
James_Ivory/James_Ivory_0001.jpg,James_Ivory/James_Ivory_0002.jpg,1,0.77446580
James_Schultz/James_Schultz_0001.jpg,James_Schultz/James_Schultz_0002.jpg,1,0.66237491
James_Traficant/James_Traficant_0001.jpg,James_Traficant/James_Traficant_0002.jpg,1,0.39792055
James_Traficant/James_Traficant_0002.jpg,James_Traficant/James_Traficant_0003.jpg,1,0.51947147
Jan_Ullrich/Jan_Ullrich_0001.jpg,Jan_Ullrich/Jan_Ullrich_0004.jpg,1,0.48415858
Jan_Ullrich/Jan_Ullrich_0002.jpg,Jan_Ullrich/Jan_Ullrich_0006.jpg,1,0.53266811
Jan_Ullrich/Jan_Ullrich_0003.jpg,Jan_Ullrich/Jan_Ullrich_0006.jpg,1,0.51274580
Jane_Pauley/Jane_Pauley_0001.jpg,Jane_Pauley/Jane_Pauley_0002.jpg,1,0.52556163
Jason_Jennings/Jason_Jennings_0001.jpg,Jason_Jennings/Jason_Jennings_0002.jpg,1,0.79902053
Javier_Weber/Javier_Weber_0001.jpg,Javier_Weber/Javier_Weber_0002.jpg,1,0.14935237
Jennifer_Rodriguez/Jennifer_Rodriguez_0001.jpg,Jennifer_Rodriguez/Jennifer_Rodriguez_0002.jpg,1,0.38196343
Jeong_Se-hyun/Jeong_Se-hyun_0002.jpg,Jeong_Se-hyun/Jeong_Se-hyun_0006.jpg,1,0.71069181
Jeong_Se-hyun/Jeong_Se-hyun_0003.jpg,Jeong_Se-hyun/Jeong_Se-hyun_0007.jpg,1,0.67010349
Jeong_Se-hyun/Jeong_Se-hyun_0006.jpg,Jeong_Se-hyun/Jeong_Se-hyun_0008.jpg,1,0.72006541
Jeong_Se-hyun/Jeong_Se-hyun_0007.jpg,Jeong_Se-hyun/Jeong_Se-hyun_0009.jpg,1,0.59259880
Jeong_Se-hyun/Jeong_Se-hyun_0008.jpg,Jeong_Se-hyun/Jeong_Se-hyun_0009.jpg,1,0.66755283
Jo_Dee_Messina/Jo_Dee_Messina_0001.jpg,Jo_Dee_Messina/Jo_Dee_Messina_0002.jpg,1,0.31340340
Joe_Lieberman/Joe_Lieberman_0008.jpg,Joe_Lieberman/Joe_Lieberman_0011.jpg,1,0.48934400
Joe_Lieberman/Joe_Lieberman_0009.jpg,Joe_Lieberman/Joe_Lieberman_0010.jpg,1,0.57484388
Joe_Mantello/Joe_Mantello_0001.jpg,Joe_Mantello/Joe_Mantello_0002.jpg,1,0.74265373
John_Allen_Muhammad/John_Allen_Muhammad_0002.jpg,John_Allen_Muhammad/John_Allen_Muhammad_0009.jpg,1,0.13310085
John_Allen_Muhammad/John_Allen_Muhammad_0005.jpg,John_Allen_Muhammad/John_Allen_Muhammad_0007.jpg,1,0.64421654
John_Allen_Muhammad/John_Allen_Muhammad_0006.jpg,John_Allen_Muhammad/John_Allen_Muhammad_0010.jpg,1,0.61805654
John_Blaney/John_Blaney_0001.jpg,John_Blaney/John_Blaney_0002.jpg,1,0.52701229
John_Brady/John_Brady_0001.jpg,John_Brady/John_Brady_0002.jpg,1,0.54107916
John_Howard/John_Howard_0005.jpg,John_Howard/John_Howard_0015.jpg,1,0.57959867
John_Howard/John_Howard_0012.jpg,John_Howard/John_Howard_0017.jpg,1,0.47527927
Johnny_Tapia/Johnny_Tapia_0001.jpg,Johnny_Tapia/Johnny_Tapia_0002.jpg,1,0.42951095
Johnny_Tapia/Johnny_Tapia_0002.jpg,Johnny_Tapia/Johnny_Tapia_0003.jpg,1,0.52481925
Jorge_Valdano/Jorge_Valdano_0001.jpg,Jorge_Valdano/Jorge_Valdano_0002.jpg,1,0.64763415
Joseph_Deiss/Joseph_Deiss_0001.jpg,Joseph_Deiss/Joseph_Deiss_0003.jpg,1,0.39507669
Junichiro_Koizumi/Junichiro_Koizumi_0001.jpg,Junichiro_Koizumi/Junichiro_Koizumi_0053.jpg,1,0.63861400
Junichiro_Koizumi/Junichiro_Koizumi_0026.jpg,Junichiro_Koizumi/Junichiro_Koizumi_0055.jpg,1,0.33673370
Junichiro_Koizumi/Junichiro_Koizumi_0029.jpg,Junichiro_Koizumi/Junichiro_Koizumi_0045.jpg,1,0.72620237
Kate_Capshaw/Kate_Capshaw_0001.jpg,Kate_Capshaw/Kate_Capshaw_0002.jpg,1,0.02249539
Kathryn_Bigelow/Kathryn_Bigelow_0001.jpg,Kathryn_Bigelow/Kathryn_Bigelow_0002.jpg,1,0.38148358
Kevin_Spacey/Kevin_Spacey_0001.jpg,Kevin_Spacey/Kevin_Spacey_0002.jpg,1,0.76824331
Kevin_Spacey/Kevin_Spacey_0001.jpg,Kevin_Spacey/Kevin_Spacey_0003.jpg,1,0.72050810
Kim_Ryong-sung/Kim_Ryong-sung_0006.jpg,Kim_Ryong-sung/Kim_Ryong-sung_0008.jpg,1,0.77106887
Kim_Ryong-sung/Kim_Ryong-sung_0008.jpg,Kim_Ryong-sung/Kim_Ryong-sung_0011.jpg,1,0.48792699
Klaus_Zwickel/Klaus_Zwickel_0001.jpg,Klaus_Zwickel/Klaus_Zwickel_0002.jpg,1,0.67476916
Kristen_Breitweiser/Kristen_Breitweiser_0002.jpg,Kristen_Breitweiser/Kristen_Breitweiser_0003.jpg,1,0.81871468
Laila_Ali/Laila_Ali_0002.jpg,Laila_Ali/Laila_Ali_0003.jpg,1,0.55216217
Larry_Brown/Larry_Brown_0001.jpg,Larry_Brown/Larry_Brown_0003.jpg,1,0.07066345
Larry_Brown/Larry_Brown_0002.jpg,Larry_Brown/Larry_Brown_0004.jpg,1,0.45808151
Larry_Brown/Larry_Brown_0002.jpg,Larry_Brown/Larry_Brown_0007.jpg,1,0.52473980
Larry_Brown/Larry_Brown_0004.jpg,Larry_Brown/Larry_Brown_0007.jpg,1,0.34037143
Larry_Brown/Larry_Brown_0006.jpg,Larry_Brown/Larry_Brown_0007.jpg,1,0.38300830
Larry_Johnson/Larry_Johnson_0001.jpg,Larry_Johnson/Larry_Johnson_0002.jpg,1,0.69469059
Lars_Von_Trier/Lars_Von_Trier_0001.jpg,Lars_Von_Trier/Lars_Von_Trier_0002.jpg,1,0.46594045
Lars_Von_Trier/Lars_Von_Trier_0002.jpg,Lars_Von_Trier/Lars_Von_Trier_0003.jpg,1,0.48286274
Leander_Paes/Leander_Paes_0001.jpg,Leander_Paes/Leander_Paes_0002.jpg,1,0.65983844
Liam_Neeson/Liam_Neeson_0001.jpg,Liam_Neeson/Liam_Neeson_0003.jpg,1,0.40070981
Liam_Neeson/Liam_Neeson_0002.jpg,Liam_Neeson/Liam_Neeson_0003.jpg,1,0.39922592
Lino_Oviedo/Lino_Oviedo_0001.jpg,Lino_Oviedo/Lino_Oviedo_0003.jpg,1,0.79970121
Lino_Oviedo/Lino_Oviedo_0002.jpg,Lino_Oviedo/Lino_Oviedo_0003.jpg,1,0.57220984
Ludivine_Sagnier/Ludivine_Sagnier_0001.jpg,Ludivine_Sagnier/Ludivine_Sagnier_0003.jpg,1,0.55957490
Ludivine_Sagnier/Ludivine_Sagnier_0003.jpg,Ludivine_Sagnier/Ludivine_Sagnier_0004.jpg,1,0.08340684
Lynne_Cheney/Lynne_Cheney_0001.jpg,Lynne_Cheney/Lynne_Cheney_0002.jpg,1,0.35776365
Lynne_Cheney/Lynne_Cheney_0002.jpg,Lynne_Cheney/Lynne_Cheney_0003.jpg,1,0.58651692
Maggie_Smith/Maggie_Smith_0001.jpg,Maggie_Smith/Maggie_Smith_0002.jpg,1,0.37187967
Marcelo_Salas/Marcelo_Salas_0001.jpg,Marcelo_Salas/Marcelo_Salas_0002.jpg,1,0.58828568
Mariangel_Ruiz_Torrealba/Mariangel_Ruiz_Torrealba_0001.jpg,Mariangel_Ruiz_Torrealba/Mariangel_Ruiz_Torrealba_0002.jpg,1,0.79089260
Marisa_Tomei/Marisa_Tomei_0001.jpg,Marisa_Tomei/Marisa_Tomei_0002.jpg,1,0.64523596
Mary_Steenburgen/Mary_Steenburgen_0001.jpg,Mary_Steenburgen/Mary_Steenburgen_0002.jpg,1,0.08213575
Mel_Brooks/Mel_Brooks_0001.jpg,Mel_Brooks/Mel_Brooks_0002.jpg,1,0.37685698
Mel_Gibson/Mel_Gibson_0001.jpg,Mel_Gibson/Mel_Gibson_0002.jpg,1,0.25444841
Mian_Khursheed_Mehmood_Kasuri/Mian_Khursheed_Mehmood_Kasuri_0002.jpg,Mian_Khursheed_Mehmood_Kasuri/Mian_Khursheed_Mehmood_Kasuri_0003.jpg,1,0.43129972
Mian_Khursheed_Mehmood_Kasuri/Mian_Khursheed_Mehmood_Kasuri_0003.jpg,Mian_Khursheed_Mehmood_Kasuri/Mian_Khursheed_Mehmood_Kasuri_0004.jpg,1,0.64064664
Michael_Moore/Michael_Moore_0001.jpg,Michael_Moore/Michael_Moore_0002.jpg,1,0.58001834
Michael_Moore/Michael_Moore_0002.jpg,Michael_Moore/Michael_Moore_0003.jpg,1,0.62311417
Michel_Duclos/Michel_Duclos_0001.jpg,Michel_Duclos/Michel_Duclos_0002.jpg,1,0.51504630
Michelle_Pfeiffer/Michelle_Pfeiffer_0001.jpg,Michelle_Pfeiffer/Michelle_Pfeiffer_0002.jpg,1,0.15007488
Mireya_Moscoso/Mireya_Moscoso_0002.jpg,Mireya_Moscoso/Mireya_Moscoso_0003.jpg,1,0.87291479
Mireya_Moscoso/Mireya_Moscoso_0002.jpg,Mireya_Moscoso/Mireya_Moscoso_0005.jpg,1,0.41836256
Mireya_Moscoso/Mireya_Moscoso_0004.jpg,Mireya_Moscoso/Mireya_Moscoso_0005.jpg,1,0.46940294
Nabil_Shaath/Nabil_Shaath_0001.jpg,Nabil_Shaath/Nabil_Shaath_0003.jpg,1,0.33429015
Nabil_Shaath/Nabil_Shaath_0002.jpg,Nabil_Shaath/Nabil_Shaath_0003.jpg,1,0.31235546
Naomi_Watts/Naomi_Watts_0001.jpg,Naomi_Watts/Naomi_Watts_0018.jpg,1,0.53203928
Naomi_Watts/Naomi_Watts_0006.jpg,Naomi_Watts/Naomi_Watts_0009.jpg,1,0.55331695
Naomi_Watts/Naomi_Watts_0013.jpg,Naomi_Watts/Naomi_Watts_0018.jpg,1,0.41507322
Natalie_Cole/Natalie_Cole_0001.jpg,Natalie_Cole/Natalie_Cole_0003.jpg,1,0.52154589
Natalie_Cole/Natalie_Cole_0002.jpg,Natalie_Cole/Natalie_Cole_0003.jpg,1,0.48849472
Nathalie_Baye/Nathalie_Baye_0001.jpg,Nathalie_Baye/Nathalie_Baye_0002.jpg,1,0.60401875
Nathalie_Baye/Nathalie_Baye_0001.jpg,Nathalie_Baye/Nathalie_Baye_0004.jpg,1,0.50712878
Nathalie_Baye/Nathalie_Baye_0002.jpg,Nathalie_Baye/Nathalie_Baye_0004.jpg,1,0.48417938
Nathalie_Baye/Nathalie_Baye_0003.jpg,Nathalie_Baye/Nathalie_Baye_0004.jpg,1,0.67860222
Oleksandr_Moroz/Oleksandr_Moroz_0001.jpg,Oleksandr_Moroz/Oleksandr_Moroz_0002.jpg,1,0.57003915
Oscar_Elias_Biscet/Oscar_Elias_Biscet_0001.jpg,Oscar_Elias_Biscet/Oscar_Elias_Biscet_0002.jpg,1,0.77094316
Oswaldo_Paya/Oswaldo_Paya_0001.jpg,Oswaldo_Paya/Oswaldo_Paya_0003.jpg,1,0.58303320
Oswaldo_Paya/Oswaldo_Paya_0003.jpg,Oswaldo_Paya/Oswaldo_Paya_0004.jpg,1,0.04070803
Patricia_Clarkson/Patricia_Clarkson_0001.jpg,Patricia_Clarkson/Patricia_Clarkson_0002.jpg,1,0.78338647
Patricia_Clarkson/Patricia_Clarkson_0001.jpg,Patricia_Clarkson/Patricia_Clarkson_0003.jpg,1,0.71222889
Patricia_Clarkson/Patricia_Clarkson_0002.jpg,Patricia_Clarkson/Patricia_Clarkson_0003.jpg,1,0.71717906
Patricia_Clarkson/Patricia_Clarkson_0002.jpg,Patricia_Clarkson/Patricia_Clarkson_0004.jpg,1,0.43502903
Patrick_Roy/Patrick_Roy_0001.jpg,Patrick_Roy/Patrick_Roy_0002.jpg,1,0.16090539
Paul-Henri_Mathieu/Paul-Henri_Mathieu_0001.jpg,Paul-Henri_Mathieu/Paul-Henri_Mathieu_0002.jpg,1,0.46423811
Paul-Henri_Mathieu/Paul-Henri_Mathieu_0001.jpg,Paul-Henri_Mathieu/Paul-Henri_Mathieu_0003.jpg,1,0.46391392
Paul_Byrd/Paul_Byrd_0001.jpg,Paul_Byrd/Paul_Byrd_0002.jpg,1,0.44331002
Paul_Kagame/Paul_Kagame_0001.jpg,Paul_Kagame/Paul_Kagame_0002.jpg,1,0.29942194
Peter_Costello/Peter_Costello_0001.jpg,Peter_Costello/Peter_Costello_0002.jpg,1,0.54726630
Peter_Greenaway/Peter_Greenaway_0001.jpg,Peter_Greenaway/Peter_Greenaway_0002.jpg,1,0.75200081
Prince_Naruhito/Prince_Naruhito_0001.jpg,Prince_Naruhito/Prince_Naruhito_0002.jpg,1,0.62481755
Prince_Naruhito/Prince_Naruhito_0001.jpg,Prince_Naruhito/Prince_Naruhito_0003.jpg,1,0.47304124
Prince_Naruhito/Prince_Naruhito_0002.jpg,Prince_Naruhito/Prince_Naruhito_0003.jpg,1,0.50723439
Princess_Masako/Princess_Masako_0001.jpg,Princess_Masako/Princess_Masako_0002.jpg,1,0.28293279
Pupi_Avati/Pupi_Avati_0002.jpg,Pupi_Avati/Pupi_Avati_0003.jpg,1,0.77179468
Queen_Latifah/Queen_Latifah_0001.jpg,Queen_Latifah/Queen_Latifah_0003.jpg,1,0.47598964
Queen_Latifah/Queen_Latifah_0002.jpg,Queen_Latifah/Queen_Latifah_0004.jpg,1,0.44338897
Queen_Latifah/Queen_Latifah_0003.jpg,Queen_Latifah/Queen_Latifah_0004.jpg,1,0.41969746
Rachel_Griffiths/Rachel_Griffiths_0002.jpg,Rachel_Griffiths/Rachel_Griffiths_0003.jpg,1,0.58524454
Ralph_Firman/Ralph_Firman_0001.jpg,Ralph_Firman/Ralph_Firman_0002.jpg,1,0.57185531
Ralph_Klein/Ralph_Klein_0001.jpg,Ralph_Klein/Ralph_Klein_0002.jpg,1,0.08058322
Ranil_Wickremasinghe/Ranil_Wickremasinghe_0002.jpg,Ranil_Wickremasinghe/Ranil_Wickremasinghe_0003.jpg,1,0.41732216
Rick_Pitino/Rick_Pitino_0001.jpg,Rick_Pitino/Rick_Pitino_0003.jpg,1,0.41352838
Rick_Pitino/Rick_Pitino_0002.jpg,Rick_Pitino/Rick_Pitino_0004.jpg,1,0.41309351
Rick_Pitino/Rick_Pitino_0003.jpg,Rick_Pitino/Rick_Pitino_0004.jpg,1,0.33817831
Ricky_Martin/Ricky_Martin_0001.jpg,Ricky_Martin/Ricky_Martin_0002.jpg,1,0.27343509
Rita_Moreno/Rita_Moreno_0001.jpg,Rita_Moreno/Rita_Moreno_0002.jpg,1,0.58140367
Robert_De_Niro/Robert_De_Niro_0001.jpg,Robert_De_Niro/Robert_De_Niro_0004.jpg,1,0.65510261
Robert_De_Niro/Robert_De_Niro_0003.jpg,Robert_De_Niro/Robert_De_Niro_0006.jpg,1,0.58880717
Robert_Kocharian/Robert_Kocharian_0004.jpg,Robert_Kocharian/Robert_Kocharian_0005.jpg,1,0.63920563
Roberto_Marinho/Roberto_Marinho_0002.jpg,Roberto_Marinho/Roberto_Marinho_0003.jpg,1,0.44564110
Roger_Moore/Roger_Moore_0003.jpg,Roger_Moore/Roger_Moore_0005.jpg,1,0.52679884
Ron_Dittemore/Ron_Dittemore_0001.jpg,Ron_Dittemore/Ron_Dittemore_0002.jpg,1,0.64025831
Ron_Dittemore/Ron_Dittemore_0001.jpg,Ron_Dittemore/Ron_Dittemore_0003.jpg,1,0.62105787
Ron_Dittemore/Ron_Dittemore_0004.jpg,Ron_Dittemore/Ron_Dittemore_0006.jpg,1,0.76755649
Rudolph_Giuliani/Rudolph_Giuliani_0001.jpg,Rudolph_Giuliani/Rudolph_Giuliani_0020.jpg,1,0.58321536
Rudolph_Giuliani/Rudolph_Giuliani_0002.jpg,Rudolph_Giuliani/Rudolph_Giuliani_0005.jpg,1,0.48795098
Rudolph_Giuliani/Rudolph_Giuliani_0003.jpg,Rudolph_Giuliani/Rudolph_Giuliani_0020.jpg,1,0.48357612
Rudolph_Giuliani/Rudolph_Giuliani_0004.jpg,Rudolph_Giuliani/Rudolph_Giuliani_0017.jpg,1,0.48921669
Rudolph_Giuliani/Rudolph_Giuliani_0015.jpg,Rudolph_Giuliani/Rudolph_Giuliani_0020.jpg,1,0.52710742
Russell_Simmons/Russell_Simmons_0001.jpg,Russell_Simmons/Russell_Simmons_0002.jpg,1,0.65500677
Russell_Simmons/Russell_Simmons_0001.jpg,Russell_Simmons/Russell_Simmons_0004.jpg,1,0.52896696
Russell_Simmons/Russell_Simmons_0002.jpg,Russell_Simmons/Russell_Simmons_0004.jpg,1,0.50528014
Sean_Astin/Sean_Astin_0001.jpg,Sean_Astin/Sean_Astin_0003.jpg,1,0.62881362
Sean_Astin/Sean_Astin_0002.jpg,Sean_Astin/Sean_Astin_0003.jpg,1,0.45670584
Shaukat_Aziz/Shaukat_Aziz_0001.jpg,Shaukat_Aziz/Shaukat_Aziz_0002.jpg,1,0.51013958
Silvio_Fernandez/Silvio_Fernandez_0001.jpg,Silvio_Fernandez/Silvio_Fernandez_0002.jpg,1,0.41448736
Sophia_Loren/Sophia_Loren_0001.jpg,Sophia_Loren/Sophia_Loren_0002.jpg,1,0.46558872
Sophia_Loren/Sophia_Loren_0001.jpg,Sophia_Loren/Sophia_Loren_0003.jpg,1,0.52493441
Sophia_Loren/Sophia_Loren_0001.jpg,Sophia_Loren/Sophia_Loren_0007.jpg,1,0.66063535
Sophia_Loren/Sophia_Loren_0006.jpg,Sophia_Loren/Sophia_Loren_0007.jpg,1,0.40605915
Stellan_Skarsgard/Stellan_Skarsgard_0001.jpg,Stellan_Skarsgard/Stellan_Skarsgard_0002.jpg,1,0.56020260
Tamara_Brooks/Tamara_Brooks_0001.jpg,Tamara_Brooks/Tamara_Brooks_0002.jpg,1,0.40855438
Thomas_Fargo/Thomas_Fargo_0001.jpg,Thomas_Fargo/Thomas_Fargo_0002.jpg,1,0.70515472
Thomas_Fargo/Thomas_Fargo_0001.jpg,Thomas_Fargo/Thomas_Fargo_0003.jpg,1,0.63722652
Thomas_Fargo/Thomas_Fargo_0002.jpg,Thomas_Fargo/Thomas_Fargo_0003.jpg,1,0.61807615
Thomas_Fargo/Thomas_Fargo_0002.jpg,Thomas_Fargo/Thomas_Fargo_0004.jpg,1,0.64223731
Thomas_Fargo/Thomas_Fargo_0003.jpg,Thomas_Fargo/Thomas_Fargo_0004.jpg,1,0.68032134
Tim_Allen/Tim_Allen_0002.jpg,Tim_Allen/Tim_Allen_0003.jpg,1,0.60788846
Tim_Allen/Tim_Allen_0003.jpg,Tim_Allen/Tim_Allen_0004.jpg,1,0.66383135
Tony_Shalhoub/Tony_Shalhoub_0001.jpg,Tony_Shalhoub/Tony_Shalhoub_0002.jpg,1,0.41061765
Tony_Shalhoub/Tony_Shalhoub_0001.jpg,Tony_Shalhoub/Tony_Shalhoub_0003.jpg,1,0.46932015
Tracy_McGrady/Tracy_McGrady_0001.jpg,Tracy_McGrady/Tracy_McGrady_0002.jpg,1,0.30923653
Vicente_Fernandez/Vicente_Fernandez_0002.jpg,Vicente_Fernandez/Vicente_Fernandez_0003.jpg,1,0.57810068
Vicente_Fernandez/Vicente_Fernandez_0004.jpg,Vicente_Fernandez/Vicente_Fernandez_0005.jpg,1,0.43212810
Vince_Gill/Vince_Gill_0001.jpg,Vince_Gill/Vince_Gill_0002.jpg,1,0.53520465
Wolfgang_Schuessel/Wolfgang_Schuessel_0001.jpg,Wolfgang_Schuessel/Wolfgang_Schuessel_0004.jpg,1,0.46173370
Wolfgang_Schuessel/Wolfgang_Schuessel_0003.jpg,Wolfgang_Schuessel/Wolfgang_Schuessel_0004.jpg,1,0.42240161
Wu_Yi/Wu_Yi_0001.jpg,Wu_Yi/Wu_Yi_0002.jpg,1,0.56591702
Wu_Yi/Wu_Yi_0001.jpg,Wu_Yi/Wu_Yi_0003.jpg,1,0.77965212
Wu_Yi/Wu_Yi_0002.jpg,Wu_Yi/Wu_Yi_0003.jpg,1,0.67678249
Yao_Ming/Yao_Ming_0002.jpg,Yao_Ming/Yao_Ming_0004.jpg,1,-0.00104992
Yao_Ming/Yao_Ming_0005.jpg,Yao_Ming/Yao_Ming_0006.jpg,1,0.39913553
Yao_Ming/Yao_Ming_0005.jpg,Yao_Ming/Yao_Ming_0008.jpg,1,0.55982673
Yao_Ming/Yao_Ming_0006.jpg,Yao_Ming/Yao_Ming_0007.jpg,1,0.66455841
Yoriko_Kawaguchi/Yoriko_Kawaguchi_0003.jpg,Yoriko_Kawaguchi/Yoriko_Kawaguchi_0005.jpg,1,0.50598055
Yu_Shyi-kun/Yu_Shyi-kun_0001.jpg,Yu_Shyi-kun/Yu_Shyi-kun_0003.jpg,1,0.65096825
Yu_Shyi-kun/Yu_Shyi-kun_0001.jpg,Yu_Shyi-kun/Yu_Shyi-kun_0004.jpg,1,0.76361477
Yu_Shyi-kun/Yu_Shyi-kun_0002.jpg,Yu_Shyi-kun/Yu_Shyi-kun_0003.jpg,1,0.70616615
Zhang_Wenkang/Zhang_Wenkang_0001.jpg,Zhang_Wenkang/Zhang_Wenkang_0002.jpg,1,0.66756368
Zinedine_Zidane/Zinedine_Zidane_0004.jpg,Zinedine_Zidane/Zinedine_Zidane_0006.jpg,1,0.46975559
Abdel_Nasser_Assidi/Abdel_Nasser_Assidi_0001.jpg,Abdel_Nasser_Assidi/Abdel_Nasser_Assidi_0002.jpg,1,0.76565599
Ai_Sugiyama/Ai_Sugiyama_0001.jpg,Ai_Sugiyama/Ai_Sugiyama_0002.jpg,1,0.65725040
Ai_Sugiyama/Ai_Sugiyama_0001.jpg,Ai_Sugiyama/Ai_Sugiyama_0004.jpg,1,0.31210774
Ai_Sugiyama/Ai_Sugiyama_0004.jpg,Ai_Sugiyama/Ai_Sugiyama_0005.jpg,1,0.28474274
Aldo_Paredes/Aldo_Paredes_0001.jpg,Aldo_Paredes/Aldo_Paredes_0002.jpg,1,0.20441101
Alejandro_Avila/Alejandro_Avila_0001.jpg,Alejandro_Avila/Alejandro_Avila_0002.jpg,1,0.42874745
Alejandro_Avila/Alejandro_Avila_0001.jpg,Alejandro_Avila/Alejandro_Avila_0003.jpg,1,0.10107316
Alex_Sink/Alex_Sink_0002.jpg,Alex_Sink/Alex_Sink_0003.jpg,1,0.50833958
Allen_Iverson/Allen_Iverson_0001.jpg,Allen_Iverson/Allen_Iverson_0002.jpg,1,0.62743878
Amram_Mitzna/Amram_Mitzna_0001.jpg,Amram_Mitzna/Amram_Mitzna_0002.jpg,1,0.70332563
Andrew_Niccol/Andrew_Niccol_0001.jpg,Andrew_Niccol/Andrew_Niccol_0002.jpg,1,0.43584639
Andy_Hebb/Andy_Hebb_0001.jpg,Andy_Hebb/Andy_Hebb_0002.jpg,1,0.47043511
Anne_Krueger/Anne_Krueger_0001.jpg,Anne_Krueger/Anne_Krueger_0002.jpg,1,0.71571642
Anne_McLellan/Anne_McLellan_0001.jpg,Anne_McLellan/Anne_McLellan_0003.jpg,1,0.41537309
Anne_McLellan/Anne_McLellan_0002.jpg,Anne_McLellan/Anne_McLellan_0003.jpg,1,0.60254568
Annette_Bening/Annette_Bening_0001.jpg,Annette_Bening/Annette_Bening_0002.jpg,1,0.62798834
Anthony_Hopkins/Anthony_Hopkins_0001.jpg,Anthony_Hopkins/Anthony_Hopkins_0002.jpg,1,0.69557452
Ariel_Sharon/Ariel_Sharon_0016.jpg,Ariel_Sharon/Ariel_Sharon_0045.jpg,1,0.72400177
Arminio_Fraga/Arminio_Fraga_0001.jpg,Arminio_Fraga/Arminio_Fraga_0006.jpg,1,0.55177379
Arminio_Fraga/Arminio_Fraga_0002.jpg,Arminio_Fraga/Arminio_Fraga_0004.jpg,1,0.50296831
Arminio_Fraga/Arminio_Fraga_0003.jpg,Arminio_Fraga/Arminio_Fraga_0006.jpg,1,0.78075069
Arminio_Fraga/Arminio_Fraga_0004.jpg,Arminio_Fraga/Arminio_Fraga_0006.jpg,1,0.79346180
Art_Hoffmann/Art_Hoffmann_0001.jpg,Art_Hoffmann/Art_Hoffmann_0002.jpg,1,0.78344917
Ashanti/Ashanti_0001.jpg,Ashanti/Ashanti_0003.jpg,1,0.39575624
Ashanti/Ashanti_0001.jpg,Ashanti/Ashanti_0004.jpg,1,0.75778770
Ashanti/Ashanti_0002.jpg,Ashanti/Ashanti_0005.jpg,1,0.46132511
Ashanti/Ashanti_0003.jpg,Ashanti/Ashanti_0005.jpg,1,0.35641631
Ashanti/Ashanti_0004.jpg,Ashanti/Ashanti_0005.jpg,1,0.51661134
Augustin_Calleri/Augustin_Calleri_0001.jpg,Augustin_Calleri/Augustin_Calleri_0002.jpg,1,0.47064990
Augustin_Calleri/Augustin_Calleri_0002.jpg,Augustin_Calleri/Augustin_Calleri_0004.jpg,1,0.47288483
Augustin_Calleri/Augustin_Calleri_0003.jpg,Augustin_Calleri/Augustin_Calleri_0004.jpg,1,0.67574036
Bertie_Ahern/Bertie_Ahern_0001.jpg,Bertie_Ahern/Bertie_Ahern_0002.jpg,1,0.47043774
Bertie_Ahern/Bertie_Ahern_0001.jpg,Bertie_Ahern/Bertie_Ahern_0004.jpg,1,0.49540800
Bertie_Ahern/Bertie_Ahern_0001.jpg,Bertie_Ahern/Bertie_Ahern_0005.jpg,1,0.57481158
Bertie_Ahern/Bertie_Ahern_0002.jpg,Bertie_Ahern/Bertie_Ahern_0003.jpg,1,0.50359333
Bertie_Ahern/Bertie_Ahern_0003.jpg,Bertie_Ahern/Bertie_Ahern_0005.jpg,1,0.50464296
Bill_Clinton/Bill_Clinton_0002.jpg,Bill_Clinton/Bill_Clinton_0004.jpg,1,0.71328449
Bill_Clinton/Bill_Clinton_0006.jpg,Bill_Clinton/Bill_Clinton_0008.jpg,1,0.34988731
Bill_Clinton/Bill_Clinton_0006.jpg,Bill_Clinton/Bill_Clinton_0010.jpg,1,0.31847528
Bill_Clinton/Bill_Clinton_0008.jpg,Bill_Clinton/Bill_Clinton_0010.jpg,1,0.57784104
Bill_Clinton/Bill_Clinton_0009.jpg,Bill_Clinton/Bill_Clinton_0012.jpg,1,0.51560807
Bill_Clinton/Bill_Clinton_0010.jpg,Bill_Clinton/Bill_Clinton_0029.jpg,1,0.49562746
Bill_Clinton/Bill_Clinton_0018.jpg,Bill_Clinton/Bill_Clinton_0028.jpg,1,0.47420198
Bill_McBride/Bill_McBride_0004.jpg,Bill_McBride/Bill_McBride_0007.jpg,1,0.45498687
Bill_McBride/Bill_McBride_0004.jpg,Bill_McBride/Bill_McBride_0010.jpg,1,0.56127840
Bill_Parcells/Bill_Parcells_0001.jpg,Bill_Parcells/Bill_Parcells_0002.jpg,1,0.37665355
Binyamin_Ben-Eliezer/Binyamin_Ben-Eliezer_0003.jpg,Binyamin_Ben-Eliezer/Binyamin_Ben-Eliezer_0005.jpg,1,0.73013234
Binyamin_Ben-Eliezer/Binyamin_Ben-Eliezer_0005.jpg,Binyamin_Ben-Eliezer/Binyamin_Ben-Eliezer_0006.jpg,1,0.71959144
Binyamin_Ben-Eliezer/Binyamin_Ben-Eliezer_0006.jpg,Binyamin_Ben-Eliezer/Binyamin_Ben-Eliezer_0007.jpg,1,0.54888606
Brendan_Hansen/Brendan_Hansen_0001.jpg,Brendan_Hansen/Brendan_Hansen_0002.jpg,1,0.50114298
Brian_Wells/Brian_Wells_0001.jpg,Brian_Wells/Brian_Wells_0002.jpg,1,0.43806762
Carlos_Quintanilla_Schmidt/Carlos_Quintanilla_Schmidt_0001.jpg,Carlos_Quintanilla_Schmidt/Carlos_Quintanilla_Schmidt_0002.jpg,1,0.62867355
Carolina_Moraes/Carolina_Moraes_0001.jpg,Carolina_Moraes/Carolina_Moraes_0002.jpg,1,0.45135081
Cecilia_Bolocco/Cecilia_Bolocco_0001.jpg,Cecilia_Bolocco/Cecilia_Bolocco_0002.jpg,1,0.46433532
Cecilia_Bolocco/Cecilia_Bolocco_0001.jpg,Cecilia_Bolocco/Cecilia_Bolocco_0003.jpg,1,0.28772259
Cecilia_Bolocco/Cecilia_Bolocco_0002.jpg,Cecilia_Bolocco/Cecilia_Bolocco_0003.jpg,1,0.43812335
Cesar_Gaviria/Cesar_Gaviria_0002.jpg,Cesar_Gaviria/Cesar_Gaviria_0004.jpg,1,0.61637932
Cesar_Gaviria/Cesar_Gaviria_0002.jpg,Cesar_Gaviria/Cesar_Gaviria_0005.jpg,1,0.56613243
Cesar_Gaviria/Cesar_Gaviria_0003.jpg,Cesar_Gaviria/Cesar_Gaviria_0006.jpg,1,0.52100366
Cesar_Gaviria/Cesar_Gaviria_0003.jpg,Cesar_Gaviria/Cesar_Gaviria_0007.jpg,1,0.50068057
Cesar_Gaviria/Cesar_Gaviria_0004.jpg,Cesar_Gaviria/Cesar_Gaviria_0006.jpg,1,0.57179379
Charlie_Zaa/Charlie_Zaa_0001.jpg,Charlie_Zaa/Charlie_Zaa_0002.jpg,1,0.51427174
Chita_Rivera/Chita_Rivera_0001.jpg,Chita_Rivera/Chita_Rivera_0002.jpg,1,0.68328935
Christian_Longo/Christian_Longo_0001.jpg,Christian_Longo/Christian_Longo_0002.jpg,1,0.32316834
Christian_Longo/Christian_Longo_0001.jpg,Christian_Longo/Christian_Longo_0003.jpg,1,0.62078929
Christian_Wulff/Christian_Wulff_0001.jpg,Christian_Wulff/Christian_Wulff_0002.jpg,1,0.63305080
Colin_Jackson/Colin_Jackson_0001.jpg,Colin_Jackson/Colin_Jackson_0002.jpg,1,0.75159693
Darrell_Issa/Darrell_Issa_0001.jpg,Darrell_Issa/Darrell_Issa_0002.jpg,1,0.52736735
Darrell_Porter/Darrell_Porter_0001.jpg,Darrell_Porter/Darrell_Porter_0002.jpg,1,0.37612310
Dave_Campo/Dave_Campo_0001.jpg,Dave_Campo/Dave_Campo_0003.jpg,1,0.38613445
David_Dodge/David_Dodge_0001.jpg,David_Dodge/David_Dodge_0002.jpg,1,0.56855625
David_Heyman/David_Heyman_0001.jpg,David_Heyman/David_Heyman_0002.jpg,1,0.77976608
David_Spade/David_Spade_0001.jpg,David_Spade/David_Spade_0002.jpg,1,0.39896435
David_Wells/David_Wells_0001.jpg,David_Wells/David_Wells_0005.jpg,1,0.52212346
David_Wells/David_Wells_0001.jpg,David_Wells/David_Wells_0006.jpg,1,0.37150252
David_Wells/David_Wells_0001.jpg,David_Wells/David_Wells_0007.jpg,1,0.60099816
David_Wells/David_Wells_0002.jpg,David_Wells/David_Wells_0006.jpg,1,0.65284288
David_Wells/David_Wells_0005.jpg,David_Wells/David_Wells_0006.jpg,1,0.42082098
Debbie_Reynolds/Debbie_Reynolds_0001.jpg,Debbie_Reynolds/Debbie_Reynolds_0003.jpg,1,0.11884435
Debbie_Reynolds/Debbie_Reynolds_0002.jpg,Debbie_Reynolds/Debbie_Reynolds_0004.jpg,1,0.59031457
Dexter_Jackson/Dexter_Jackson_0001.jpg,Dexter_Jackson/Dexter_Jackson_0002.jpg,1,0.52822995
Diana_Taurasi/Diana_Taurasi_0001.jpg,Diana_Taurasi/Diana_Taurasi_0002.jpg,1,0.38645899
Donald_Evans/Donald_Evans_0001.jpg,Donald_Evans/Donald_Evans_0002.jpg,1,0.68953741
Duane_Lee_Chapman/Duane_Lee_Chapman_0001.jpg,Duane_Lee_Chapman/Duane_Lee_Chapman_0002.jpg,1,0.51986414
Ed_Smart/Ed_Smart_0001.jpg,Ed_Smart/Ed_Smart_0003.jpg,1,0.06836211
Eileen_Coparropa/Eileen_Coparropa_0001.jpg,Eileen_Coparropa/Eileen_Coparropa_0002.jpg,1,0.86634457
Eileen_Coparropa/Eileen_Coparropa_0001.jpg,Eileen_Coparropa/Eileen_Coparropa_0003.jpg,1,0.41829520
Eileen_Coparropa/Eileen_Coparropa_0002.jpg,Eileen_Coparropa/Eileen_Coparropa_0003.jpg,1,0.36118901
Elizabeth_Dole/Elizabeth_Dole_0001.jpg,Elizabeth_Dole/Elizabeth_Dole_0003.jpg,1,0.59995568
Elizabeth_Dole/Elizabeth_Dole_0002.jpg,Elizabeth_Dole/Elizabeth_Dole_0004.jpg,1,0.56399250
Fred_Funk/Fred_Funk_0001.jpg,Fred_Funk/Fred_Funk_0002.jpg,1,0.23150316
Gabriel_Valdes/Gabriel_Valdes_0001.jpg,Gabriel_Valdes/Gabriel_Valdes_0002.jpg,1,0.42767704
Gary_Winnick/Gary_Winnick_0001.jpg,Gary_Winnick/Gary_Winnick_0002.jpg,1,0.52849752
Geno_Auriemma/Geno_Auriemma_0001.jpg,Geno_Auriemma/Geno_Auriemma_0002.jpg,1,0.35220516
George_Karl/George_Karl_0001.jpg,George_Karl/George_Karl_0002.jpg,1,0.60074472
George_Robertson/George_Robertson_0002.jpg,George_Robertson/George_Robertson_0003.jpg,1,0.76776147
George_Robertson/George_Robertson_0003.jpg,George_Robertson/George_Robertson_0019.jpg,1,0.63741946
George_Robertson/George_Robertson_0007.jpg,George_Robertson/George_Robertson_0019.jpg,1,0.53919852
George_Robertson/George_Robertson_0011.jpg,George_Robertson/George_Robertson_0012.jpg,1,0.29012859
George_Ryan/George_Ryan_0001.jpg,George_Ryan/George_Ryan_0004.jpg,1,0.66348273
George_Ryan/George_Ryan_0002.jpg,George_Ryan/George_Ryan_0003.jpg,1,0.82794762
George_W_Bush/George_W_Bush_0007.jpg,George_W_Bush/George_W_Bush_0065.jpg,1,0.42416546
George_W_Bush/George_W_Bush_0016.jpg,George_W_Bush/George_W_Bush_0482.jpg,1,0.44272089
George_W_Bush/George_W_Bush_0145.jpg,George_W_Bush/George_W_Bush_0150.jpg,1,0.36358878
George_W_Bush/George_W_Bush_0145.jpg,George_W_Bush/George_W_Bush_0238.jpg,1,0.44049773
George_W_Bush/George_W_Bush_0203.jpg,George_W_Bush/George_W_Bush_0247.jpg,1,0.60689151
Gloria_Trevi/Gloria_Trevi_0001.jpg,Gloria_Trevi/Gloria_Trevi_0002.jpg,1,0.46682450
Gloria_Trevi/Gloria_Trevi_0002.jpg,Gloria_Trevi/Gloria_Trevi_0003.jpg,1,0.62699521
Gloria_Trevi/Gloria_Trevi_0002.jpg,Gloria_Trevi/Gloria_Trevi_0004.jpg,1,0.63133967
Gordon_Campbell/Gordon_Campbell_0001.jpg,Gordon_Campbell/Gordon_Campbell_0002.jpg,1,0.55689287
Greg_Rusedski/Greg_Rusedski_0001.jpg,Greg_Rusedski/Greg_Rusedski_0002.jpg,1,0.51221955
Greg_Rusedski/Greg_Rusedski_0002.jpg,Greg_Rusedski/Greg_Rusedski_0003.jpg,1,0.61147356
Greg_Rusedski/Greg_Rusedski_0002.jpg,Greg_Rusedski/Greg_Rusedski_0004.jpg,1,0.70778537
Greg_Rusedski/Greg_Rusedski_0003.jpg,Greg_Rusedski/Greg_Rusedski_0004.jpg,1,0.63964695
Gustavo_Kuerten/Gustavo_Kuerten_0001.jpg,Gustavo_Kuerten/Gustavo_Kuerten_0002.jpg,1,0.77644706
Gustavo_Kuerten/Gustavo_Kuerten_0002.jpg,Gustavo_Kuerten/Gustavo_Kuerten_0003.jpg,1,0.56270760
Guy_Hemmings/Guy_Hemmings_0001.jpg,Guy_Hemmings/Guy_Hemmings_0002.jpg,1,0.52903712
Halle_Berry/Halle_Berry_0006.jpg,Halle_Berry/Halle_Berry_0007.jpg,1,0.79105544
Halle_Berry/Halle_Berry_0006.jpg,Halle_Berry/Halle_Berry_0009.jpg,1,-0.14149350
Halle_Berry/Halle_Berry_0007.jpg,Halle_Berry/Halle_Berry_0009.jpg,1,-0.06712545
Heather_Mills/Heather_Mills_0002.jpg,Heather_Mills/Heather_Mills_0003.jpg,1,0.27759653
Heather_Mills/Heather_Mills_0002.jpg,Heather_Mills/Heather_Mills_0004.jpg,1,0.18481405
Heidi_Fleiss/Heidi_Fleiss_0001.jpg,Heidi_Fleiss/Heidi_Fleiss_0002.jpg,1,0.40121889
Heidi_Fleiss/Heidi_Fleiss_0001.jpg,Heidi_Fleiss/Heidi_Fleiss_0003.jpg,1,0.32248721
Henrique_Meirelles/Henrique_Meirelles_0001.jpg,Henrique_Meirelles/Henrique_Meirelles_0002.jpg,1,0.61732084
Iva_Majoli/Iva_Majoli_0001.jpg,Iva_Majoli/Iva_Majoli_0002.jpg,1,0.30154404
Jake_Gyllenhaal/Jake_Gyllenhaal_0003.jpg,Jake_Gyllenhaal/Jake_Gyllenhaal_0005.jpg,1,0.71418142
Jake_Gyllenhaal/Jake_Gyllenhaal_0004.jpg,Jake_Gyllenhaal/Jake_Gyllenhaal_0005.jpg,1,0.67289430
James_Cunningham/James_Cunningham_0001.jpg,James_Cunningham/James_Cunningham_0002.jpg,1,0.48073304
James_Cunningham/James_Cunningham_0001.jpg,James_Cunningham/James_Cunningham_0003.jpg,1,0.49153921
James_Cunningham/James_Cunningham_0002.jpg,James_Cunningham/James_Cunningham_0003.jpg,1,0.22746319
James_Parker/James_Parker_0001.jpg,James_Parker/James_Parker_0002.jpg,1,0.50434375
James_Wolfensohn/James_Wolfensohn_0002.jpg,James_Wolfensohn/James_Wolfensohn_0005.jpg,1,0.63521647
Jason_Lezak/Jason_Lezak_0001.jpg,Jason_Lezak/Jason_Lezak_0002.jpg,1,0.77283704
Jay_Rasulo/Jay_Rasulo_0001.jpg,Jay_Rasulo/Jay_Rasulo_0002.jpg,1,0.55826008
Jean-Claude_Juncker/Jean-Claude_Juncker_0001.jpg,Jean-Claude_Juncker/Jean-Claude_Juncker_0002.jpg,1,0.33633143
Jennifer_Lopez/Jennifer_Lopez_0001.jpg,Jennifer_Lopez/Jennifer_Lopez_0003.jpg,1,0.61957300
Jennifer_Lopez/Jennifer_Lopez_0002.jpg,Jennifer_Lopez/Jennifer_Lopez_0016.jpg,1,0.45923007
Jennifer_Lopez/Jennifer_Lopez_0003.jpg,Jennifer_Lopez/Jennifer_Lopez_0010.jpg,1,0.59390920
Jennifer_Lopez/Jennifer_Lopez_0003.jpg,Jennifer_Lopez/Jennifer_Lopez_0014.jpg,1,0.50755215
Jesse_Jackson/Jesse_Jackson_0001.jpg,Jesse_Jackson/Jesse_Jackson_0003.jpg,1,0.43289942
Jesse_Jackson/Jesse_Jackson_0005.jpg,Jesse_Jackson/Jesse_Jackson_0008.jpg,1,0.39454561
Jesse_Jackson/Jesse_Jackson_0007.jpg,Jesse_Jackson/Jesse_Jackson_0008.jpg,1,0.57111275
Jesse_James_Leija/Jesse_James_Leija_0001.jpg,Jesse_James_Leija/Jesse_James_Leija_0002.jpg,1,0.11600272
Jesse_Ventura/Jesse_Ventura_0002.jpg,Jesse_Ventura/Jesse_Ventura_0003.jpg,1,0.41913512
Jia_Qinglin/Jia_Qinglin_0001.jpg,Jia_Qinglin/Jia_Qinglin_0002.jpg,1,0.64733660
Jim_Tressel/Jim_Tressel_0001.jpg,Jim_Tressel/Jim_Tressel_0002.jpg,1,0.48857149
Jim_Tressel/Jim_Tressel_0001.jpg,Jim_Tressel/Jim_Tressel_0004.jpg,1,0.47534314
Jim_Tressel/Jim_Tressel_0002.jpg,Jim_Tressel/Jim_Tressel_0004.jpg,1,0.55107403
Joan_Laporta/Joan_Laporta_0001.jpg,Joan_Laporta/Joan_Laporta_0006.jpg,1,0.54793489
Joan_Laporta/Joan_Laporta_0006.jpg,Joan_Laporta/Joan_Laporta_0007.jpg,1,0.68021935
Joan_Laporta/Joan_Laporta_0006.jpg,Joan_Laporta/Joan_Laporta_0008.jpg,1,0.45802408
Joe_Dumars/Joe_Dumars_0001.jpg,Joe_Dumars/Joe_Dumars_0002.jpg,1,0.65629828
John_Ashcroft/John_Ashcroft_0003.jpg,John_Ashcroft/John_Ashcroft_0005.jpg,1,0.55135179
John_Ashcroft/John_Ashcroft_0013.jpg,John_Ashcroft/John_Ashcroft_0034.jpg,1,0.46876633
John_Ashcroft/John_Ashcroft_0042.jpg,John_Ashcroft/John_Ashcroft_0043.jpg,1,0.37818539
John_Bolton/John_Bolton_0006.jpg,John_Bolton/John_Bolton_0007.jpg,1,0.62272030
John_Bolton/John_Bolton_0011.jpg,John_Bolton/John_Bolton_0016.jpg,1,0.52585280
John_Swofford/John_Swofford_0001.jpg,John_Swofford/John_Swofford_0002.jpg,1,0.42134237
John_Swofford/John_Swofford_0001.jpg,John_Swofford/John_Swofford_0003.jpg,1,0.56790298
John_Timoney/John_Timoney_0001.jpg,John_Timoney/John_Timoney_0002.jpg,1,0.81174016
Jon_Gruden/Jon_Gruden_0001.jpg,Jon_Gruden/Jon_Gruden_0002.jpg,1,0.55088270
Jon_Gruden/Jon_Gruden_0002.jpg,Jon_Gruden/Jon_Gruden_0005.jpg,1,0.67577600
Jon_Gruden/Jon_Gruden_0003.jpg,Jon_Gruden/Jon_Gruden_0006.jpg,1,0.46580088
Jon_Gruden/Jon_Gruden_0003.jpg,Jon_Gruden/Jon_Gruden_0007.jpg,1,0.43573940
Julie_Taymor/Julie_Taymor_0001.jpg,Julie_Taymor/Julie_Taymor_0002.jpg,1,0.65874618
Kamal_Kharrazi/Kamal_Kharrazi_0001.jpg,Kamal_Kharrazi/Kamal_Kharrazi_0005.jpg,1,0.69447100
Kamal_Kharrazi/Kamal_Kharrazi_0002.jpg,Kamal_Kharrazi/Kamal_Kharrazi_0003.jpg,1,0.66387486
Kamal_Kharrazi/Kamal_Kharrazi_0002.jpg,Kamal_Kharrazi/Kamal_Kharrazi_0006.jpg,1,0.54745656
Karin_Stoiber/Karin_Stoiber_0001.jpg,Karin_Stoiber/Karin_Stoiber_0002.jpg,1,0.64029866
Kim_Yong-il/Kim_Yong-il_0001.jpg,Kim_Yong-il/Kim_Yong-il_0002.jpg,1,0.64923120
Kim_Yong-il/Kim_Yong-il_0001.jpg,Kim_Yong-il/Kim_Yong-il_0003.jpg,1,0.73395634
Kimi_Raikkonen/Kimi_Raikkonen_0001.jpg,Kimi_Raikkonen/Kimi_Raikkonen_0003.jpg,1,0.03611572
Kimi_Raikkonen/Kimi_Raikkonen_0002.jpg,Kimi_Raikkonen/Kimi_Raikkonen_0003.jpg,1,0.33697078
Kjell_Magne_Bondevik/Kjell_Magne_Bondevik_0001.jpg,Kjell_Magne_Bondevik/Kjell_Magne_Bondevik_0003.jpg,1,0.59156960
Kobe_Bryant/Kobe_Bryant_0001.jpg,Kobe_Bryant/Kobe_Bryant_0002.jpg,1,0.21376543
Kurt_Warner/Kurt_Warner_0001.jpg,Kurt_Warner/Kurt_Warner_0002.jpg,1,0.47691250
Kurt_Warner/Kurt_Warner_0001.jpg,Kurt_Warner/Kurt_Warner_0004.jpg,1,0.59106565
Kurt_Warner/Kurt_Warner_0002.jpg,Kurt_Warner/Kurt_Warner_0004.jpg,1,0.68483150
Kurt_Warner/Kurt_Warner_0003.jpg,Kurt_Warner/Kurt_Warner_0005.jpg,1,0.44394025
Kwon_Yang-sook/Kwon_Yang-sook_0001.jpg,Kwon_Yang-sook/Kwon_Yang-sook_0003.jpg,1,0.72003293
Kwon_Yang-sook/Kwon_Yang-sook_0002.jpg,Kwon_Yang-sook/Kwon_Yang-sook_0003.jpg,1,0.74171287
Lee_Jun/Lee_Jun_0001.jpg,Lee_Jun/Lee_Jun_0002.jpg,1,0.57265013
Leonid_Kuchma/Leonid_Kuchma_0001.jpg,Leonid_Kuchma/Leonid_Kuchma_0002.jpg,1,0.69042647
Leonid_Kuchma/Leonid_Kuchma_0001.jpg,Leonid_Kuchma/Leonid_Kuchma_0003.jpg,1,0.68081033
Leonid_Kuchma/Leonid_Kuchma_0002.jpg,Leonid_Kuchma/Leonid_Kuchma_0003.jpg,1,0.67367554
Leonid_Kuchma/Leonid_Kuchma_0002.jpg,Leonid_Kuchma/Leonid_Kuchma_0005.jpg,1,0.62763476
Leonid_Kuchma/Leonid_Kuchma_0004.jpg,Leonid_Kuchma/Leonid_Kuchma_0005.jpg,1,0.59274781
Lina_Krasnoroutskaya/Lina_Krasnoroutskaya_0001.jpg,Lina_Krasnoroutskaya/Lina_Krasnoroutskaya_0002.jpg,1,0.30692023
Lisa_Raymond/Lisa_Raymond_0001.jpg,Lisa_Raymond/Lisa_Raymond_0002.jpg,1,0.54868466
Lord_Hutton/Lord_Hutton_0001.jpg,Lord_Hutton/Lord_Hutton_0002.jpg,1,0.64122379
Luiz_Felipe_Scolari/Luiz_Felipe_Scolari_0001.jpg,Luiz_Felipe_Scolari/Luiz_Felipe_Scolari_0002.jpg,1,0.62955403
Lynn_Redgrave/Lynn_Redgrave_0002.jpg,Lynn_Redgrave/Lynn_Redgrave_0003.jpg,1,0.73002982
Magdalena_Maleeva/Magdalena_Maleeva_0001.jpg,Magdalena_Maleeva/Magdalena_Maleeva_0002.jpg,1,0.60325736
Magdalena_Maleeva/Magdalena_Maleeva_0001.jpg,Magdalena_Maleeva/Magdalena_Maleeva_0003.jpg,1,0.55761600
Magdalena_Maleeva/Magdalena_Maleeva_0002.jpg,Magdalena_Maleeva/Magdalena_Maleeva_0003.jpg,1,0.73432177
Marcelo_Ebrard/Marcelo_Ebrard_0001.jpg,Marcelo_Ebrard/Marcelo_Ebrard_0002.jpg,1,0.70755446
Marcelo_Ebrard/Marcelo_Ebrard_0001.jpg,Marcelo_Ebrard/Marcelo_Ebrard_0003.jpg,1,0.60865653
Marcelo_Rios/Marcelo_Rios_0001.jpg,Marcelo_Rios/Marcelo_Rios_0003.jpg,1,0.58607495
Marcelo_Rios/Marcelo_Rios_0001.jpg,Marcelo_Rios/Marcelo_Rios_0004.jpg,1,0.65185022
Marcelo_Rios/Marcelo_Rios_0002.jpg,Marcelo_Rios/Marcelo_Rios_0003.jpg,1,0.60325933
Marcelo_Rios/Marcelo_Rios_0003.jpg,Marcelo_Rios/Marcelo_Rios_0004.jpg,1,0.54040545
Marcelo_Rios/Marcelo_Rios_0003.jpg,Marcelo_Rios/Marcelo_Rios_0005.jpg,1,0.69441682
Maria_Shriver/Maria_Shriver_0001.jpg,Maria_Shriver/Maria_Shriver_0007.jpg,1,0.32154703
Maria_Shriver/Maria_Shriver_0001.jpg,Maria_Shriver/Maria_Shriver_0008.jpg,1,0.46679935
Maria_Shriver/Maria_Shriver_0002.jpg,Maria_Shriver/Maria_Shriver_0006.jpg,1,0.50161546
Maria_Shriver/Maria_Shriver_0002.jpg,Maria_Shriver/Maria_Shriver_0008.jpg,1,0.40094653
Maria_Shriver/Maria_Shriver_0003.jpg,Maria_Shriver/Maria_Shriver_0008.jpg,1,0.54121077
Marilyn_Monroe/Marilyn_Monroe_0001.jpg,Marilyn_Monroe/Marilyn_Monroe_0002.jpg,1,-0.01748233
Mario_Cipollini/Mario_Cipollini_0001.jpg,Mario_Cipollini/Mario_Cipollini_0002.jpg,1,0.71577787
Mark_Hurlbert/Mark_Hurlbert_0001.jpg,Mark_Hurlbert/Mark_Hurlbert_0005.jpg,1,0.59386206
Mark_Hurlbert/Mark_Hurlbert_0002.jpg,Mark_Hurlbert/Mark_Hurlbert_0003.jpg,1,0.69524002
Mark_Hurlbert/Mark_Hurlbert_0002.jpg,Mark_Hurlbert/Mark_Hurlbert_0004.jpg,1,0.53015709
Martin_Scorsese/Martin_Scorsese_0002.jpg,Martin_Scorsese/Martin_Scorsese_0005.jpg,1,0.50958979
Martin_Scorsese/Martin_Scorsese_0003.jpg,Martin_Scorsese/Martin_Scorsese_0004.jpg,1,0.74963152
Marwan_Barghouthi/Marwan_Barghouthi_0001.jpg,Marwan_Barghouthi/Marwan_Barghouthi_0002.jpg,1,0.65778416
Michael_Bloomberg/Michael_Bloomberg_0001.jpg,Michael_Bloomberg/Michael_Bloomberg_0012.jpg,1,0.60241562
Michael_Bloomberg/Michael_Bloomberg_0003.jpg,Michael_Bloomberg/Michael_Bloomberg_0005.jpg,1,0.41049510
Michael_Bloomberg/Michael_Bloomberg_0007.jpg,Michael_Bloomberg/Michael_Bloomberg_0011.jpg,1,0.49682924
Michael_Bloomberg/Michael_Bloomberg_0011.jpg,Michael_Bloomberg/Michael_Bloomberg_0013.jpg,1,0.37060252
Michael_Chang/Michael_Chang_0001.jpg,Michael_Chang/Michael_Chang_0003.jpg,1,0.27497429
Michael_Chang/Michael_Chang_0005.jpg,Michael_Chang/Michael_Chang_0006.jpg,1,0.33775055
Michael_Jackson/Michael_Jackson_0001.jpg,Michael_Jackson/Michael_Jackson_0006.jpg,1,0.69774556
Michael_Jackson/Michael_Jackson_0002.jpg,Michael_Jackson/Michael_Jackson_0003.jpg,1,0.66331035
Michael_Jackson/Michael_Jackson_0002.jpg,Michael_Jackson/Michael_Jackson_0011.jpg,1,0.57776642
Michael_Jackson/Michael_Jackson_0002.jpg,Michael_Jackson/Michael_Jackson_0012.jpg,1,0.65800261
Michael_Jackson/Michael_Jackson_0011.jpg,Michael_Jackson/Michael_Jackson_0012.jpg,1,0.66943085
Michael_Patrick_King/Michael_Patrick_King_0001.jpg,Michael_Patrick_King/Michael_Patrick_King_0002.jpg,1,0.47152132
Michelle_Rodriguez/Michelle_Rodriguez_0001.jpg,Michelle_Rodriguez/Michelle_Rodriguez_0002.jpg,1,0.56400728
Mike_Babcock/Mike_Babcock_0001.jpg,Mike_Babcock/Mike_Babcock_0002.jpg,1,0.57859999
Mike_Martz/Mike_Martz_0001.jpg,Mike_Martz/Mike_Martz_0003.jpg,1,0.67234057
Mike_Scioscia/Mike_Scioscia_0001.jpg,Mike_Scioscia/Mike_Scioscia_0002.jpg,1,0.61688191
Mikulas_Dzurinda/Mikulas_Dzurinda_0001.jpg,Mikulas_Dzurinda/Mikulas_Dzurinda_0002.jpg,1,0.55221313
Miroljub/Miroljub_0001.jpg,Miroljub/Miroljub_0002.jpg,1,0.71616507
Nasser_al-Kidwa/Nasser_al-Kidwa_0001.jpg,Nasser_al-Kidwa/Nasser_al-Kidwa_0002.jpg,1,0.47728267
Nick_Nolte/Nick_Nolte_0001.jpg,Nick_Nolte/Nick_Nolte_0002.jpg,1,0.42410904
Nick_Nolte/Nick_Nolte_0001.jpg,Nick_Nolte/Nick_Nolte_0003.jpg,1,0.51703465
Nick_Nolte/Nick_Nolte_0001.jpg,Nick_Nolte/Nick_Nolte_0005.jpg,1,0.44039744
Nick_Nolte/Nick_Nolte_0002.jpg,Nick_Nolte/Nick_Nolte_0004.jpg,1,0.50425369
Nick_Nolte/Nick_Nolte_0003.jpg,Nick_Nolte/Nick_Nolte_0004.jpg,1,0.56995463
OJ_Simpson/OJ_Simpson_0001.jpg,OJ_Simpson/OJ_Simpson_0002.jpg,1,0.50452161
Oprah_Winfrey/Oprah_Winfrey_0001.jpg,Oprah_Winfrey/Oprah_Winfrey_0002.jpg,1,0.21154204
Oprah_Winfrey/Oprah_Winfrey_0002.jpg,Oprah_Winfrey/Oprah_Winfrey_0003.jpg,1,0.42993417
Orlando_Bloom/Orlando_Bloom_0002.jpg,Orlando_Bloom/Orlando_Bloom_0003.jpg,1,0.30371451
Ozzy_Osbourne/Ozzy_Osbourne_0001.jpg,Ozzy_Osbourne/Ozzy_Osbourne_0003.jpg,1,0.19449674
Paul_Coppin/Paul_Coppin_0001.jpg,Paul_Coppin/Paul_Coppin_0002.jpg,1,0.55787230
Paul_Martin/Paul_Martin_0001.jpg,Paul_Martin/Paul_Martin_0006.jpg,1,0.45150974
Paul_Martin/Paul_Martin_0001.jpg,Paul_Martin/Paul_Martin_0007.jpg,1,0.40135896
Paul_McNulty/Paul_McNulty_0001.jpg,Paul_McNulty/Paul_McNulty_0002.jpg,1,0.77921331
Paul_ONeill/Paul_ONeill_0001.jpg,Paul_ONeill/Paul_ONeill_0003.jpg,1,0.16922475
Paul_ONeill/Paul_ONeill_0005.jpg,Paul_ONeill/Paul_ONeill_0007.jpg,1,0.43371958
Paul_Patton/Paul_Patton_0001.jpg,Paul_Patton/Paul_Patton_0002.jpg,1,0.70839858
Paula_Zahn/Paula_Zahn_0001.jpg,Paula_Zahn/Paula_Zahn_0002.jpg,1,0.60053837
Pierce_Brosnan/Pierce_Brosnan_0001.jpg,Pierce_Brosnan/Pierce_Brosnan_0005.jpg,1,0.45957056
Pierce_Brosnan/Pierce_Brosnan_0003.jpg,Pierce_Brosnan/Pierce_Brosnan_0007.jpg,1,0.53123415
Pierce_Brosnan/Pierce_Brosnan_0006.jpg,Pierce_Brosnan/Pierce_Brosnan_0009.jpg,1,0.40238881
Pierce_Brosnan/Pierce_Brosnan_0009.jpg,Pierce_Brosnan/Pierce_Brosnan_0014.jpg,1,0.38580841
Pierre_Pettigrew/Pierre_Pettigrew_0001.jpg,Pierre_Pettigrew/Pierre_Pettigrew_0003.jpg,1,0.64759117
Ralf_Schumacher/Ralf_Schumacher_0005.jpg,Ralf_Schumacher/Ralf_Schumacher_0008.jpg,1,0.54437160
Ricky_Barnes/Ricky_Barnes_0001.jpg,Ricky_Barnes/Ricky_Barnes_0002.jpg,1,0.35820228
Rita_Wilson/Rita_Wilson_0001.jpg,Rita_Wilson/Rita_Wilson_0004.jpg,1,0.65976697
Rob_Schneider/Rob_Schneider_0001.jpg,Rob_Schneider/Rob_Schneider_0002.jpg,1,0.31968927
Robbie_Fowler/Robbie_Fowler_0001.jpg,Robbie_Fowler/Robbie_Fowler_0002.jpg,1,0.79831421
Robert_Blake/Robert_Blake_0001.jpg,Robert_Blake/Robert_Blake_0003.jpg,1,0.39561701
Robert_Blake/Robert_Blake_0001.jpg,Robert_Blake/Robert_Blake_0004.jpg,1,0.58929074
Robert_Blake/Robert_Blake_0005.jpg,Robert_Blake/Robert_Blake_0006.jpg,1,0.66646099
Rogerio_Romero/Rogerio_Romero_0001.jpg,Rogerio_Romero/Rogerio_Romero_0002.jpg,1,0.61948454
Rupert_Grint/Rupert_Grint_0001.jpg,Rupert_Grint/Rupert_Grint_0003.jpg,1,0.67354280
Salman_Rushdie/Salman_Rushdie_0001.jpg,Salman_Rushdie/Salman_Rushdie_0003.jpg,1,0.63902134
Salman_Rushdie/Salman_Rushdie_0002.jpg,Salman_Rushdie/Salman_Rushdie_0003.jpg,1,0.56897199
Scott_Sullivan/Scott_Sullivan_0001.jpg,Scott_Sullivan/Scott_Sullivan_0002.jpg,1,0.50160879
Scott_Wolf/Scott_Wolf_0001.jpg,Scott_Wolf/Scott_Wolf_0002.jpg,1,0.67291278
Sepp_Blatter/Sepp_Blatter_0001.jpg,Sepp_Blatter/Sepp_Blatter_0002.jpg,1,0.59694791
Sepp_Blatter/Sepp_Blatter_0001.jpg,Sepp_Blatter/Sepp_Blatter_0003.jpg,1,0.34484380
Sepp_Blatter/Sepp_Blatter_0002.jpg,Sepp_Blatter/Sepp_Blatter_0003.jpg,1,0.50857925
Simon_Cowell/Simon_Cowell_0001.jpg,Simon_Cowell/Simon_Cowell_0002.jpg,1,0.53727585
Slobodan_Milosevic/Slobodan_Milosevic_0001.jpg,Slobodan_Milosevic/Slobodan_Milosevic_0003.jpg,1,0.70962024
Slobodan_Milosevic/Slobodan_Milosevic_0002.jpg,Slobodan_Milosevic/Slobodan_Milosevic_0003.jpg,1,0.70066464
Slobodan_Milosevic/Slobodan_Milosevic_0003.jpg,Slobodan_Milosevic/Slobodan_Milosevic_0004.jpg,1,0.49738541
Stacy_Dragila/Stacy_Dragila_0001.jpg,Stacy_Dragila/Stacy_Dragila_0002.jpg,1,0.53463668
Stephen_Ambrose/Stephen_Ambrose_0001.jpg,Stephen_Ambrose/Stephen_Ambrose_0002.jpg,1,0.36622378
Stephen_Daldry/Stephen_Daldry_0001.jpg,Stephen_Daldry/Stephen_Daldry_0002.jpg,1,0.38116696
Stephen_Friedman/Stephen_Friedman_0001.jpg,Stephen_Friedman/Stephen_Friedman_0002.jpg,1,0.54285955
Theo_Epstein/Theo_Epstein_0001.jpg,Theo_Epstein/Theo_Epstein_0002.jpg,1,0.59838915
Thomas_Wyman/Thomas_Wyman_0001.jpg,Thomas_Wyman/Thomas_Wyman_0002.jpg,1,0.38747358
Tim_Floyd/Tim_Floyd_0001.jpg,Tim_Floyd/Tim_Floyd_0002.jpg,1,0.74152899
Tom_Watson/Tom_Watson_0001.jpg,Tom_Watson/Tom_Watson_0003.jpg,1,0.44025528
Tom_Watson/Tom_Watson_0002.jpg,Tom_Watson/Tom_Watson_0003.jpg,1,0.41224623
Tommy_Robredo/Tommy_Robredo_0001.jpg,Tommy_Robredo/Tommy_Robredo_0003.jpg,1,0.45518690
Tommy_Robredo/Tommy_Robredo_0002.jpg,Tommy_Robredo/Tommy_Robredo_0003.jpg,1,0.70391428
Tony_Parker/Tony_Parker_0001.jpg,Tony_Parker/Tony_Parker_0002.jpg,1,0.39538312
Tony_Stewart/Tony_Stewart_0001.jpg,Tony_Stewart/Tony_Stewart_0006.jpg,1,0.55932593
Tony_Stewart/Tony_Stewart_0002.jpg,Tony_Stewart/Tony_Stewart_0003.jpg,1,0.48946530
Tony_Stewart/Tony_Stewart_0004.jpg,Tony_Stewart/Tony_Stewart_0005.jpg,1,0.41389337
Tony_Stewart/Tony_Stewart_0004.jpg,Tony_Stewart/Tony_Stewart_0006.jpg,1,0.46670970
Vladimir_Voltchkov/Vladimir_Voltchkov_0001.jpg,Vladimir_Voltchkov/Vladimir_Voltchkov_0002.jpg,1,0.53616345
Wang_Yi/Wang_Yi_0001.jpg,Wang_Yi/Wang_Yi_0002.jpg,1,0.56796980
Zafarullah_Khan_Jamali/Zafarullah_Khan_Jamali_0001.jpg,Zafarullah_Khan_Jamali/Zafarullah_Khan_Jamali_0002.jpg,1,0.67115963
Zhu_Rongji/Zhu_Rongji_0001.jpg,Zhu_Rongji/Zhu_Rongji_0003.jpg,1,0.68282557
Zhu_Rongji/Zhu_Rongji_0002.jpg,Zhu_Rongji/Zhu_Rongji_0008.jpg,1,0.73478067
Abdel_Madi_Shabneh/Abdel_Madi_Shabneh_0001.jpg,Dean_Barker/Dean_Barker_0001.jpg,0,0.08710311
Abdel_Madi_Shabneh/Abdel_Madi_Shabneh_0001.jpg,Giancarlo_Fisichella/Giancarlo_Fisichella_0001.jpg,0,0.31399542
Abdel_Madi_Shabneh/Abdel_Madi_Shabneh_0001.jpg,Mikhail_Gorbachev/Mikhail_Gorbachev_0001.jpg,0,-0.01183419
Abdul_Rahman/Abdul_Rahman_0001.jpg,Portia_de_Rossi/Portia_de_Rossi_0001.jpg,0,0.06739509
Abel_Pacheco/Abel_Pacheco_0001.jpg,Jong_Thae_Hwa/Jong_Thae_Hwa_0002.jpg,0,0.13571522
Abel_Pacheco/Abel_Pacheco_0002.jpg,Jean-Francois_Lemounier/Jean-Francois_Lemounier_0001.jpg,0,0.03972847
Afton_Smith/Afton_Smith_0001.jpg,Dwayne_Wade/Dwayne_Wade_0001.jpg,0,0.16261667
Ahmad_Jbarah/Ahmad_Jbarah_0001.jpg,James_Comey/James_Comey_0001.jpg,0,0.07456206
Akhmed_Zakayev/Akhmed_Zakayev_0002.jpg,Donna_Morrissey/Donna_Morrissey_0001.jpg,0,-0.08378161
Alan_Dershowitz/Alan_Dershowitz_0001.jpg,Bertrand_Bonello/Bertrand_Bonello_0001.jpg,0,0.19542347
Alanis_Morissette/Alanis_Morissette_0001.jpg,Martin_Cauchon/Martin_Cauchon_0001.jpg,0,-0.03041420
Alexander_Lukashenko/Alexander_Lukashenko_0001.jpg,Heather_Chinnock/Heather_Chinnock_0001.jpg,0,0.10389862
Alfonso_Cuaron/Alfonso_Cuaron_0001.jpg,Jason_Priestley/Jason_Priestley_0001.jpg,0,0.12489242
Alfonso_Cuaron/Alfonso_Cuaron_0001.jpg,Patty_Schnyder/Patty_Schnyder_0002.jpg,0,-0.24704450
Alfonso_Soriano/Alfonso_Soriano_0001.jpg,Bill_Nelson/Bill_Nelson_0002.jpg,0,-0.02856187
Alfonso_Soriano/Alfonso_Soriano_0001.jpg,Julio_De_Brun/Julio_De_Brun_0001.jpg,0,-0.08116727
Alfonso_Soriano/Alfonso_Soriano_0001.jpg,Patty_Schnyder/Patty_Schnyder_0003.jpg,0,0.02833635
Alonzo_Mourning/Alonzo_Mourning_0001.jpg,Cecilia_Cheung/Cecilia_Cheung_0001.jpg,0,0.07416930
Amber_Tamblyn/Amber_Tamblyn_0002.jpg,Benjamin_Netanyahu/Benjamin_Netanyahu_0001.jpg,0,-0.01197019
Amporn_Falise/Amporn_Falise_0001.jpg,Joe_Pantoliano/Joe_Pantoliano_0001.jpg,0,0.00105149
Anders_Fogh_Rasmussen/Anders_Fogh_Rasmussen_0002.jpg,Johnson_Panjaitan/Johnson_Panjaitan_0002.jpg,0,0.04497996
Andre_Bucher/Andre_Bucher_0001.jpg,Joseph_Ralston/Joseph_Ralston_0001.jpg,0,-0.13005263
Andre_Bucher/Andre_Bucher_0001.jpg,Maria_Garcia/Maria_Garcia_0001.jpg,0,0.00965293
Andrew_Gilligan/Andrew_Gilligan_0001.jpg,Henry_Castellanos/Henry_Castellanos_0001.jpg,0,-0.00113015
Andrew_Shutley/Andrew_Shutley_0001.jpg,Edmund_Stoiber/Edmund_Stoiber_0005.jpg,0,-0.03999807
Andrew_Shutley/Andrew_Shutley_0001.jpg,Mitchell_Swartz/Mitchell_Swartz_0001.jpg,0,-0.15366036
Andrew_Shutley/Andrew_Shutley_0001.jpg,Saeb_Erekat/Saeb_Erekat_0002.jpg,0,0.29581732
Andy_Dick/Andy_Dick_0001.jpg,Simon_Yam/Simon_Yam_0001.jpg,0,-0.04585905
Andy_Griffith/Andy_Griffith_0001.jpg,Osrat_Iosef/Osrat_Iosef_0001.jpg,0,0.12234302
Andy_Wisecarver/Andy_Wisecarver_0001.jpg,Dimitar_Berbatov/Dimitar_Berbatov_0001.jpg,0,0.01759395
Angela_Lansbury/Angela_Lansbury_0001.jpg,Steven_Van_Zandt/Steven_Van_Zandt_0001.jpg,0,0.18145414
Angela_Lansbury/Angela_Lansbury_0002.jpg,John_Coomber/John_Coomber_0001.jpg,0,0.10880082
Ann_Veneman/Ann_Veneman_0006.jpg,Sergio_Garcia/Sergio_Garcia_0002.jpg,0,-0.27361694
Ann_Veneman/Ann_Veneman_0008.jpg,Ted_Williams/Ted_Williams_0001.jpg,0,0.03136896
Annie-Jeanne_Reynaud/Annie-Jeanne_Reynaud_0001.jpg,SJ_Twu/SJ_Twu_0001.jpg,0,-0.03753081
Anthony_Carter/Anthony_Carter_0001.jpg,Eliza_Dushku/Eliza_Dushku_0001.jpg,0,-0.03863940
Antonio_Cassano/Antonio_Cassano_0001.jpg,Paul_Celluci/Paul_Celluci_0001.jpg,0,0.07720219
Anwar_Ibrahim/Anwar_Ibrahim_0001.jpg,David_Alpay/David_Alpay_0001.jpg,0,-0.00650492
Armand_Sargen/Armand_Sargen_0001.jpg,Daryl_Sabara/Daryl_Sabara_0001.jpg,0,0.04582194
Armand_Sargen/Armand_Sargen_0001.jpg,Kelvin_Sampson/Kelvin_Sampson_0003.jpg,0,0.17141554
Armand_Sargen/Armand_Sargen_0001.jpg,Lisa_Gottsegen/Lisa_Gottsegen_0002.jpg,0,-0.00669995
Atom_Egoyan/Atom_Egoyan_0001.jpg,Bill_Stapleton/Bill_Stapleton_0001.jpg,0,-0.05185551
Atom_Egoyan/Atom_Egoyan_0001.jpg,Janis_Ruth_Coulter/Janis_Ruth_Coulter_0001.jpg,0,0.06280451
Barbara_Brezigar/Barbara_Brezigar_0002.jpg,Doris_Roberts/Doris_Roberts_0002.jpg,0,0.09282190
Barbara_Felt-Miller/Barbara_Felt-Miller_0001.jpg,Leticia_Dolera/Leticia_Dolera_0001.jpg,0,0.34094724
Bart_Freundlich/Bart_Freundlich_0001.jpg,Ernie_Grunfeld/Ernie_Grunfeld_0001.jpg,0,-0.09235666
Bart_Freundlich/Bart_Freundlich_0001.jpg,Kirsten_Gilham/Kirsten_Gilham_0001.jpg,0,0.04099148
Benjamin_Martinez/Benjamin_Martinez_0001.jpg,Garry_McCoy/Garry_McCoy_0001.jpg,0,0.14374711
Benjamin_Netanyahu/Benjamin_Netanyahu_0001.jpg,Maria_Callas/Maria_Callas_0001.jpg,0,0.02243235
Benjamin_Netanyahu/Benjamin_Netanyahu_0005.jpg,Frank_Beamer/Frank_Beamer_0001.jpg,0,0.26291996
Bernard_Law/Bernard_Law_0001.jpg,Liu_Xiaoqing/Liu_Xiaoqing_0001.jpg,0,-0.11201509
Bernard_Law/Bernard_Law_0003.jpg,Valerie_Harper/Valerie_Harper_0002.jpg,0,-0.06113673
Bertrand_Bonello/Bertrand_Bonello_0001.jpg,Jong_Thae_Hwa/Jong_Thae_Hwa_0002.jpg,0,0.01858896
Bill_Bradley/Bill_Bradley_0001.jpg,Chen_Tsai-chin/Chen_Tsai-chin_0001.jpg,0,0.02082566
Bill_Bradley/Bill_Bradley_0001.jpg,Helen_Alvare/Helen_Alvare_0001.jpg,0,0.01072600
Bill_Elliott/Bill_Elliott_0001.jpg,Mary_Anne_Souza/Mary_Anne_Souza_0001.jpg,0,0.07669759
Bill_Frist/Bill_Frist_0005.jpg,Jimmy_Kimmel/Jimmy_Kimmel_0002.jpg,0,0.02629704
Bill_Maher/Bill_Maher_0001.jpg,Brad_Russ/Brad_Russ_0001.jpg,0,0.04660733
Bill_Maher/Bill_Maher_0001.jpg,Juliette_Binoche/Juliette_Binoche_0001.jpg,0,0.11943084
Bill_Nelson/Bill_Nelson_0001.jpg,Kim_Jong-Il/Kim_Jong-Il_0003.jpg,0,0.02853700
Bill_Nelson/Bill_Nelson_0002.jpg,Gillian_Anderson/Gillian_Anderson_0001.jpg,0,0.02632535
Bill_Stapleton/Bill_Stapleton_0001.jpg,Sedigh_Barmak/Sedigh_Barmak_0001.jpg,0,0.09250120
Bill_Stapleton/Bill_Stapleton_0001.jpg,Valerie_Harper/Valerie_Harper_0001.jpg,0,0.01787351
Billy_Bob_Thornton/Billy_Bob_Thornton_0001.jpg,Herb_Dhaliwal/Herb_Dhaliwal_0001.jpg,0,0.27536589
Billy_Bob_Thornton/Billy_Bob_Thornton_0001.jpg,Nong_Duc_Manh/Nong_Duc_Manh_0001.jpg,0,0.01476690
Bob_Alper/Bob_Alper_0001.jpg,Kevin_Millwood/Kevin_Millwood_0001.jpg,0,0.06818883
Bob_Graham/Bob_Graham_0002.jpg,Dwayne_Wade/Dwayne_Wade_0001.jpg,0,-0.07879932
Bob_Petrino/Bob_Petrino_0001.jpg,Geraldine_Chaplin/Geraldine_Chaplin_0004.jpg,0,0.07697597
Bob_Petrino/Bob_Petrino_0001.jpg,Jorge_Castaneda/Jorge_Castaneda_0001.jpg,0,0.09333665
Boris_Becker/Boris_Becker_0004.jpg,Julianna_Margulies/Julianna_Margulies_0002.jpg,0,0.13239282
Brad_Russ/Brad_Russ_0001.jpg,Hana_Urushima/Hana_Urushima_0001.jpg,0,0.13817951
Brad_Russ/Brad_Russ_0001.jpg,Romeo_Gigli/Romeo_Gigli_0001.jpg,0,-0.07893662
Brawley_King/Brawley_King_0001.jpg,Tom_Glavine/Tom_Glavine_0002.jpg,0,-0.06616084
Brian_Griese/Brian_Griese_0002.jpg,Jeffrey_Archer/Jeffrey_Archer_0002.jpg,0,0.03951555
Brian_Griese/Brian_Griese_0002.jpg,Laura_Elena_Harring/Laura_Elena_Harring_0001.jpg,0,-0.00207448
Brian_Griese/Brian_Griese_0002.jpg,Nicolas_Lapentti/Nicolas_Lapentti_0002.jpg,0,0.12165412
Bryan_Adams/Bryan_Adams_0001.jpg,Michael_Kors/Michael_Kors_0001.jpg,0,0.01085423
Bryan_Adams/Bryan_Adams_0001.jpg,Mohamed_Seineldin/Mohamed_Seineldin_0001.jpg,0,0.00167516
Calbert_Cheaney/Calbert_Cheaney_0001.jpg,Ian_Smith/Ian_Smith_0001.jpg,0,0.03367997
Calbert_Cheaney/Calbert_Cheaney_0001.jpg,Robert_Downey_Jr/Robert_Downey_Jr_0001.jpg,0,-0.06754499
Carl_Reiner/Carl_Reiner_0001.jpg,Hamid_Efendi/Hamid_Efendi_0001.jpg,0,0.31718358
Carl_Reiner/Carl_Reiner_0002.jpg,John_Engler/John_Engler_0001.jpg,0,0.14763680
Carl_Reiner/Carl_Reiner_0002.jpg,Prince_Rainier_III/Prince_Rainier_III_0001.jpg,0,0.34525973
Carl_Reiner/Carl_Reiner_0002.jpg,Tom_Glavine/Tom_Glavine_0002.jpg,0,0.22413893
Carlo_Azeglio_Ciampi/Carlo_Azeglio_Ciampi_0001.jpg,Francis_Ford_Coppola/Francis_Ford_Coppola_0001.jpg,0,0.22716969
Carlos_Arroyo/Carlos_Arroyo_0001.jpg,Shane_Phillips/Shane_Phillips_0001.jpg,0,0.08539678
Carlos_Paternina/Carlos_Paternina_0001.jpg,Emily_Stevens/Emily_Stevens_0001.jpg,0,0.09672070
Carlos_Paternina/Carlos_Paternina_0001.jpg,Paul_Sarbanes/Paul_Sarbanes_0001.jpg,0,0.12516621
Casey_Mears/Casey_Mears_0001.jpg,Mike_Davis/Mike_Davis_0001.jpg,0,-0.05380281
Casey_Mears/Casey_Mears_0001.jpg,Yukiko_Okudo/Yukiko_Okudo_0001.jpg,0,0.08794844
Cathy_Freeman/Cathy_Freeman_0002.jpg,William_Martin/William_Martin_0002.jpg,0,0.05380277
Cecilia_Cheung/Cecilia_Cheung_0001.jpg,Daryl_Parks/Daryl_Parks_0001.jpg,0,0.10389589
Cecilia_Cheung/Cecilia_Cheung_0001.jpg,Pascal_Affi_Nguessan/Pascal_Affi_Nguessan_0001.jpg,0,0.23924339
Chen_Tsai-chin/Chen_Tsai-chin_0001.jpg,Dereck_Whittenburg/Dereck_Whittenburg_0001.jpg,0,0.07948600
Chen_Tsai-chin/Chen_Tsai-chin_0001.jpg,Mamdouh_Habib/Mamdouh_Habib_0001.jpg,0,-0.10178116
Cho_Myung-kyun/Cho_Myung-kyun_0001.jpg,David_Bell/David_Bell_0001.jpg,0,0.10228556
Cho_Myung-kyun/Cho_Myung-kyun_0001.jpg,Fernando_Sanz/Fernando_Sanz_0001.jpg,0,0.10042128
Cho_Myung-kyun/Cho_Myung-kyun_0001.jpg,Georgia_Giddings/Georgia_Giddings_0001.jpg,0,0.05942071
Cho_Myung-kyun/Cho_Myung-kyun_0001.jpg,Richard_Fine/Richard_Fine_0001.jpg,0,0.13301516
Choi_Yun-yong/Choi_Yun-yong_0001.jpg,Chuck_Eidson/Chuck_Eidson_0001.jpg,0,0.07563248
Chris_Dodd/Chris_Dodd_0001.jpg,Taylor_Twellman/Taylor_Twellman_0001.jpg,0,0.23996915
Chris_Swecker/Chris_Swecker_0001.jpg,Tom_Vilsack/Tom_Vilsack_0001.jpg,0,0.23396774
Christian_Lacroix/Christian_Lacroix_0001.jpg,Laura_Elena_Harring/Laura_Elena_Harring_0001.jpg,0,0.02210519
Christian_Lacroix/Christian_Lacroix_0001.jpg,Ornella_Muti/Ornella_Muti_0001.jpg,0,0.07235336
Chuck_Eidson/Chuck_Eidson_0001.jpg,Sigourney_Weaver/Sigourney_Weaver_0001.jpg,0,-0.03255229
Clare_Short/Clare_Short_0004.jpg,Don_Carcieri/Don_Carcieri_0001.jpg,0,0.27042153
Coco_dEste/Coco_dEste_0001.jpg,Darvis_Patton/Darvis_Patton_0001.jpg,0,-0.08482708
Coco_dEste/Coco_dEste_0001.jpg,Melina_Kanakaredes/Melina_Kanakaredes_0001.jpg,0,0.35908383
Coco_dEste/Coco_dEste_0001.jpg,Tom_Rouen/Tom_Rouen_0001.jpg,0,-0.10383409
Coleen_Rowley/Coleen_Rowley_0001.jpg,Nong_Duc_Manh/Nong_Duc_Manh_0001.jpg,0,-0.09362201
Corinne_Coman/Corinne_Coman_0002.jpg,Frank_Beamer/Frank_Beamer_0001.jpg,0,0.02633228
Dale_Earnhardt_Jr/Dale_Earnhardt_Jr_0001.jpg,Nick_Reilly/Nick_Reilly_0001.jpg,0,0.24773954
Dario_Franchitti/Dario_Franchitti_0001.jpg,Henry_Castellanos/Henry_Castellanos_0001.jpg,0,0.18995622
Darren_Campel/Darren_Campel_0001.jpg,Hilary_McKay/Hilary_McKay_0001.jpg,0,0.07843205
Darvis_Patton/Darvis_Patton_0001.jpg,Gerard_Tronche/Gerard_Tronche_0001.jpg,0,-0.05149190
Darvis_Patton/Darvis_Patton_0001.jpg,William_Macy/William_Macy_0004.jpg,0,-0.00410918
Daryl_Parks/Daryl_Parks_0001.jpg,Guus_Hiddink/Guus_Hiddink_0001.jpg,0,0.09926042
Daryl_Sabara/Daryl_Sabara_0001.jpg,Nick_Reilly/Nick_Reilly_0001.jpg,0,0.03451894
Daryl_Sabara/Daryl_Sabara_0001.jpg,Valentina_Tereshkova/Valentina_Tereshkova_0001.jpg,0,0.08883011
Dave_Johnson/Dave_Johnson_0001.jpg,Howard_Stern/Howard_Stern_0001.jpg,0,-0.01585707
Dave_Tucker/Dave_Tucker_0001.jpg,Gary_Gitnick/Gary_Gitnick_0001.jpg,0,0.09396049
David_Collenette/David_Collenette_0001.jpg,Salman_Khan/Salman_Khan_0001.jpg,0,-0.01774294
David_Westerfield/David_Westerfield_0001.jpg,Stan_Kroenke/Stan_Kroenke_0001.jpg,0,0.06375942
Dean_Jacek/Dean_Jacek_0001.jpg,Larry_Wilmore/Larry_Wilmore_0001.jpg,0,0.06284726
Demi_Moore/Demi_Moore_0002.jpg,Fred_Thompson/Fred_Thompson_0001.jpg,0,-0.01694608
Demi_Moore/Demi_Moore_0002.jpg,Linus_Roache/Linus_Roache_0001.jpg,0,0.06454575
Dereck_Whittenburg/Dereck_Whittenburg_0001.jpg,Lindsey_Graham/Lindsey_Graham_0002.jpg,0,0.15846491
Dianne_Reeves/Dianne_Reeves_0001.jpg,Larry_Wilmore/Larry_Wilmore_0001.jpg,0,0.24421044
Dianne_Reeves/Dianne_Reeves_0001.jpg,Romeo_Gigli/Romeo_Gigli_0001.jpg,0,0.07425413
Don_Carcieri/Don_Carcieri_0001.jpg,Janica_Kostelic/Janica_Kostelic_0001.jpg,0,0.08142121
Dora_Bakoyianni/Dora_Bakoyianni_0001.jpg,Richard_Sambrook/Richard_Sambrook_0002.jpg,0,-0.03842311
Dora_Bakoyianni/Dora_Bakoyianni_0001.jpg,Saeb_Erekat/Saeb_Erekat_0002.jpg,0,0.11633532
Doris_Roberts/Doris_Roberts_0001.jpg,Nong_Duc_Manh/Nong_Duc_Manh_0001.jpg,0,-0.13710195
Doug_Wilson/Doug_Wilson_0001.jpg,Szu_Yu_Chen/Szu_Yu_Chen_0001.jpg,0,-0.00105512
Douglas_Gansler/Douglas_Gansler_0001.jpg,Martin_Brooke/Martin_Brooke_0001.jpg,0,0.17119358
Douglas_Gansler/Douglas_Gansler_0001.jpg,Ronald_Kadish/Ronald_Kadish_0001.jpg,0,0.14209563
Dwayne_Wade/Dwayne_Wade_0001.jpg,Mike_Farrar/Mike_Farrar_0001.jpg,0,0.03183202
Edward_Arsenault/Edward_Arsenault_0001.jpg,Jim_Hardin/Jim_Hardin_0001.jpg,0,0.06083593
Einars_Repse/Einars_Repse_0001.jpg,Minnie_Mendoza/Minnie_Mendoza_0001.jpg,0,0.15018341
Einars_Repse/Einars_Repse_0001.jpg,Tim_Blake_Nelson/Tim_Blake_Nelson_0001.jpg,0,0.13532278
Elinor_Caplan/Elinor_Caplan_0001.jpg,Hilary_McKay/Hilary_McKay_0001.jpg,0,0.31842887
Eliza_Dushku/Eliza_Dushku_0001.jpg,George_Lucas/George_Lucas_0001.jpg,0,-0.13722463
Eliza_Dushku/Eliza_Dushku_0001.jpg,Itzhak_Perlman/Itzhak_Perlman_0001.jpg,0,-0.00795593
Emily_Stevens/Emily_Stevens_0001.jpg,Janez_Drnovsek/Janez_Drnovsek_0001.jpg,0,-0.07048270
Emmanuelle_Beart/Emmanuelle_Beart_0002.jpg,Phil_Jackson/Phil_Jackson_0001.jpg,0,0.00990775
Eric_Daze/Eric_Daze_0001.jpg,Sterling_Hitchcock/Sterling_Hitchcock_0001.jpg,0,0.13663092
Erika_Christensen/Erika_Christensen_0002.jpg,Michael_Dell/Michael_Dell_0001.jpg,0,0.09521094
Erika_Christensen/Erika_Christensen_0002.jpg,Woody_Allen/Woody_Allen_0002.jpg,0,0.04437320
Eriko_Tamura/Eriko_Tamura_0001.jpg,Georgia_Giddings/Georgia_Giddings_0001.jpg,0,0.01081021
Ernie_Grunfeld/Ernie_Grunfeld_0001.jpg,Frank_Coraci/Frank_Coraci_0001.jpg,0,0.24804547
Eugene_Melnyk/Eugene_Melnyk_0001.jpg,Mahima_Chaudhari/Mahima_Chaudhari_0001.jpg,0,-0.00858034
Fatma_Kusibeh/Fatma_Kusibeh_0001.jpg,Lee_Baca/Lee_Baca_0001.jpg,0,0.04844300
Federico_Trillo/Federico_Trillo_0001.jpg,Jonathan_Woodgate/Jonathan_Woodgate_0001.jpg,0,0.11116523
Fernando_Alonso/Fernando_Alonso_0001.jpg,Sam_Brownback/Sam_Brownback_0001.jpg,0,-0.06216785
Fernando_Sanz/Fernando_Sanz_0001.jpg,Miranda_Otto/Miranda_Otto_0001.jpg,0,-0.09707496
Fernando_Sanz/Fernando_Sanz_0001.jpg,Roy_Moore/Roy_Moore_0001.jpg,0,0.07299900
Flor_Montulo/Flor_Montulo_0002.jpg,Juan_Pablo_Montoya/Juan_Pablo_Montoya_0001.jpg,0,-0.05802309
Francisco_Garcia/Francisco_Garcia_0001.jpg,Marsha_Sharp/Marsha_Sharp_0001.jpg,0,0.04029715
Francois_Ozon/Francois_Ozon_0001.jpg,Makiya_Ali_Hassan/Makiya_Ali_Hassan_0001.jpg,0,0.25395879
Frank_Coraci/Frank_Coraci_0001.jpg,Tomoko_Hagiwara/Tomoko_Hagiwara_0002.jpg,0,0.01161310
Frank_Van_Ecke/Frank_Van_Ecke_0001.jpg,Tsutomu_Takebe/Tsutomu_Takebe_0001.jpg,0,0.24949422
Fred_Thompson/Fred_Thompson_0002.jpg,Helen_Alvare/Helen_Alvare_0001.jpg,0,0.14312157
Fred_Thompson/Fred_Thompson_0002.jpg,Sterling_Hitchcock/Sterling_Hitchcock_0001.jpg,0,0.09025317
Fred_Thompson/Fred_Thompson_0003.jpg,Magda_Kertasz/Magda_Kertasz_0001.jpg,0,-0.06515905
Garry_Trudeau/Garry_Trudeau_0001.jpg,Pat_Riley/Pat_Riley_0001.jpg,0,0.04031952
Garry_Witherall/Garry_Witherall_0001.jpg,Howard_Stern/Howard_Stern_0001.jpg,0,0.11171021
Garry_Witherall/Garry_Witherall_0001.jpg,Ingrid_Betancourt/Ingrid_Betancourt_0001.jpg,0,-0.00681045
Garry_Witherall/Garry_Witherall_0001.jpg,Martin_Keown/Martin_Keown_0001.jpg,0,0.07386725
Gary_Gero/Gary_Gero_0001.jpg,Kim_Hong-gul/Kim_Hong-gul_0001.jpg,0,0.19469634
Gary_Gero/Gary_Gero_0001.jpg,Phil_Gramm/Phil_Gramm_0001.jpg,0,0.21968991
Gavin_Degraw/Gavin_Degraw_0001.jpg,Jeffrey_Archer/Jeffrey_Archer_0001.jpg,0,0.19807650
Gene_Robinson/Gene_Robinson_0003.jpg,Martha_Bowen/Martha_Bowen_0002.jpg,0,0.03892960
Georgia_Giddings/Georgia_Giddings_0001.jpg,Mahima_Chaudhari/Mahima_Chaudhari_0001.jpg,0,0.12991722
Geovani_Lapentti/Geovani_Lapentti_0001.jpg,Rodney_Rempt/Rodney_Rempt_0001.jpg,0,0.17605150
Geovani_Lapentti/Geovani_Lapentti_0001.jpg,Sam_Brownback/Sam_Brownback_0001.jpg,0,0.06388383
Gerard_de_Cortanze/Gerard_de_Cortanze_0001.jpg,Mark_Wahlberg/Mark_Wahlberg_0001.jpg,0,-0.05246776
Gian_Marco/Gian_Marco_0002.jpg,Kevin_Stallings/Kevin_Stallings_0002.jpg,0,0.27026606
Giancarlo_Fisichella/Giancarlo_Fisichella_0001.jpg,Maria_Callas/Maria_Callas_0001.jpg,0,-0.09566316
Gideon_Yago/Gideon_Yago_0001.jpg,Natalie_Williams/Natalie_Williams_0001.jpg,0,-0.10501129
Gideon_Yago/Gideon_Yago_0001.jpg,Paul_William_Hurley/Paul_William_Hurley_0001.jpg,0,0.06672424
Glenn_Plummer/Glenn_Plummer_0001.jpg,Maria_Garcia/Maria_Garcia_0001.jpg,0,-0.08995281
Grant_Hackett/Grant_Hackett_0001.jpg,Todd_Robbins/Todd_Robbins_0001.jpg,0,-0.01869790
Grant_Hackett/Grant_Hackett_0003.jpg,Milo_Djukanovic/Milo_Djukanovic_0003.jpg,0,0.07701477
Gray_Davis/Gray_Davis_0026.jpg,Karen_Lynn_Gorney/Karen_Lynn_Gorney_0001.jpg,0,-0.04936045
Gregg_Popovich/Gregg_Popovich_0003.jpg,Vernon_Forrest/Vernon_Forrest_0001.jpg,0,0.19241917
Gregor_Gysi/Gregor_Gysi_0001.jpg,Tomoko_Hagiwara/Tomoko_Hagiwara_0001.jpg,0,0.17929661
Guy_Ritchie/Guy_Ritchie_0002.jpg,Herb_Dhaliwal/Herb_Dhaliwal_0001.jpg,0,0.20605034
Guy_Ritchie/Guy_Ritchie_0002.jpg,William_Macy/William_Macy_0001.jpg,0,0.36124822
Hamid_Efendi/Hamid_Efendi_0001.jpg,Jimmy_Carter/Jimmy_Carter_0008.jpg,0,0.12717399
Hamzah_Haz/Hamzah_Haz_0002.jpg,Hilary_McKay/Hilary_McKay_0001.jpg,0,0.15761915
Harald_Ringstorff/Harald_Ringstorff_0001.jpg,Pat_Riley/Pat_Riley_0001.jpg,0,0.12201513
Harald_Ringstorff/Harald_Ringstorff_0001.jpg,Romano_Prodi/Romano_Prodi_0006.jpg,0,0.27489448
Heather_Chinnock/Heather_Chinnock_0001.jpg,Jean-Francois_Lemounier/Jean-Francois_Lemounier_0001.jpg,0,0.05745715
Helen_Alvare/Helen_Alvare_0001.jpg,Milo_Djukanovic/Milo_Djukanovic_0001.jpg,0,0.06580095
Henry_Castellanos/Henry_Castellanos_0001.jpg,Pamela_Anderson/Pamela_Anderson_0004.jpg,0,-0.12949882
Henry_Castellanos/Henry_Castellanos_0001.jpg,Tommy_Shane_Steiner/Tommy_Shane_Steiner_0001.jpg,0,-0.07718054
Herb_Dhaliwal/Herb_Dhaliwal_0001.jpg,Hung_Wan-ting/Hung_Wan-ting_0001.jpg,0,-0.07136796
Hilary_McKay/Hilary_McKay_0001.jpg,Kevin_Millwood/Kevin_Millwood_0001.jpg,0,-0.05871406
Howard_Stern/Howard_Stern_0001.jpg,Maria_Callas/Maria_Callas_0001.jpg,0,0.07756700
Hugo_Chavez/Hugo_Chavez_0033.jpg,Karen_Lynn_Gorney/Karen_Lynn_Gorney_0001.jpg,0,0.20285726
Hugo_Chavez/Hugo_Chavez_0060.jpg,Steve_Shiver/Steve_Shiver_0001.jpg,0,0.17239657
Imam_Samudra/Imam_Samudra_0001.jpg,Ivana_Trump/Ivana_Trump_0001.jpg,0,0.14448893
Imelda_Marcos/Imelda_Marcos_0001.jpg,Patty_Schnyder/Patty_Schnyder_0004.jpg,0,0.12924805
Jack_Smith/Jack_Smith_0001.jpg,Mary_Jo_Myers/Mary_Jo_Myers_0001.jpg,0,-0.02040020
James_Caan/James_Caan_0002.jpg,Paul_Sarbanes/Paul_Sarbanes_0002.jpg,0,0.27064380
James_Comey/James_Comey_0001.jpg,Juan_Carlos_Morales/Juan_Carlos_Morales_0001.jpg,0,0.10623170
James_Comey/James_Comey_0001.jpg,Paul_William_Hurley/Paul_William_Hurley_0001.jpg,0,0.00371995
Jamling_Norgay/Jamling_Norgay_0001.jpg,Zico/Zico_0002.jpg,0,0.01278316
Jan_Pronk/Jan_Pronk_0001.jpg,Kim_Dong-hwa/Kim_Dong-hwa_0001.jpg,0,-0.06756057
Janez_Drnovsek/Janez_Drnovsek_0001.jpg,Sterling_Hitchcock/Sterling_Hitchcock_0001.jpg,0,-0.06754312
Janica_Kostelic/Janica_Kostelic_0002.jpg,Yasushi_Akashi/Yasushi_Akashi_0001.jpg,0,-0.00989165
Janice_Abreu/Janice_Abreu_0001.jpg,Kevin_Sorbo/Kevin_Sorbo_0001.jpg,0,0.00980737
Jeffrey_Ashby/Jeffrey_Ashby_0001.jpg,Michael_Dell/Michael_Dell_0001.jpg,0,0.21172518
Jennifer_Garner/Jennifer_Garner_0006.jpg,Mike_Duke/Mike_Duke_0001.jpg,0,0.05943873
Jennifer_Renee_Short/Jennifer_Renee_Short_0001.jpg,Taylor_Twellman/Taylor_Twellman_0001.jpg,0,-0.09479977
Jerry_Seinfeld/Jerry_Seinfeld_0001.jpg,Tim_Blake_Nelson/Tim_Blake_Nelson_0001.jpg,0,0.05295936
Jerry_Tarkanian/Jerry_Tarkanian_0001.jpg,Thomas_Rupprath/Thomas_Rupprath_0001.jpg,0,-0.15212232
Jessica_Lange/Jessica_Lange_0002.jpg,Sedigh_Barmak/Sedigh_Barmak_0001.jpg,0,-0.01909916
Jim_Freudenberg/Jim_Freudenberg_0001.jpg,Nigel_Redden/Nigel_Redden_0001.jpg,0,0.30499399
Jim_Freudenberg/Jim_Freudenberg_0001.jpg,Tina_Pisnik/Tina_Pisnik_0001.jpg,0,0.04479959
Jim_Haslett/Jim_Haslett_0001.jpg,Tsutomu_Takebe/Tsutomu_Takebe_0001.jpg,0,-0.08337808
Jim_Otto/Jim_Otto_0001.jpg,Rafiq_Hariri/Rafiq_Hariri_0001.jpg,0,0.16875654
Jimmy_Gurule/Jimmy_Gurule_0001.jpg,Terry_McAuliffe/Terry_McAuliffe_0001.jpg,0,0.00211693
Jodie_Foster/Jodie_Foster_0003.jpg,Joe_Pantoliano/Joe_Pantoliano_0001.jpg,0,-0.02714664
John_Herrington/John_Herrington_0001.jpg,Luis_Ernesto_Derbez_Bautista/Luis_Ernesto_Derbez_Bautista_0002.jpg,0,0.01322323
John_Richardson/John_Richardson_0001.jpg,Yasushi_Akashi/Yasushi_Akashi_0001.jpg,0,-0.04098880
John_Snow/John_Snow_0017.jpg,Se_Hyuk_Joo/Se_Hyuk_Joo_0001.jpg,0,0.05031693
Jonathan_Arden/Jonathan_Arden_0001.jpg,Joseph_Ralston/Joseph_Ralston_0001.jpg,0,0.06106545
Jorge_Castaneda/Jorge_Castaneda_0001.jpg,Robert_Fico/Robert_Fico_0001.jpg,0,0.07177270
Jose_Rosado/Jose_Rosado_0001.jpg,Micky_Arison/Micky_Arison_0001.jpg,0,0.08563766
Joseph_Blatter/Joseph_Blatter_0001.jpg,Ronald_Kadish/Ronald_Kadish_0001.jpg,0,0.19688699
Joseph_Ralston/Joseph_Ralston_0002.jpg,Juan_Pablo_Montoya/Juan_Pablo_Montoya_0005.jpg,0,0.13153845
Joseph_Ralston/Joseph_Ralston_0002.jpg,Yoshiyuki_Kamei/Yoshiyuki_Kamei_0001.jpg,0,0.23320717
Juliette_Binoche/Juliette_Binoche_0001.jpg,Matthew_Broderick/Matthew_Broderick_0003.jpg,0,0.06557659
Julio_De_Brun/Julio_De_Brun_0001.jpg,Patty_Schnyder/Patty_Schnyder_0001.jpg,0,-0.01772556
Julio_De_Brun/Julio_De_Brun_0001.jpg,Vernon_Forrest/Vernon_Forrest_0001.jpg,0,-0.11130361
Justin_Guarini/Justin_Guarini_0002.jpg,Prince_Edward/Prince_Edward_0001.jpg,0,0.05368508
Kate_Winslet/Kate_Winslet_0002.jpg,Mike_Duke/Mike_Duke_0001.jpg,0,-0.02428479
Katie_Wagner/Katie_Wagner_0001.jpg,Stan_Kroenke/Stan_Kroenke_0001.jpg,0,0.14166078
Keith_Lowen/Keith_Lowen_0001.jpg,Robert_Evans/Robert_Evans_0002.jpg,0,0.06673367
Keith_Lowen/Keith_Lowen_0001.jpg,Silvia_Farina_Elia/Silvia_Farina_Elia_0002.jpg,0,-0.09183945
Ken_Loach/Ken_Loach_0001.jpg,Taku_Yamasaki/Taku_Yamasaki_0001.jpg,0,-0.10897437
Kevin_Crane/Kevin_Crane_0001.jpg,Mike_Krzyzewski/Mike_Krzyzewski_0002.jpg,0,0.02051985
Kevin_Millwood/Kevin_Millwood_0001.jpg,Mitchell_Crooks/Mitchell_Crooks_0001.jpg,0,0.18246074
Kim_Clijsters/Kim_Clijsters_0004.jpg,Martin_Short/Martin_Short_0001.jpg,0,-0.14119752
Kim_Hong-gul/Kim_Hong-gul_0001.jpg,Milo_Djukanovic/Milo_Djukanovic_0003.jpg,0,0.09646636
Kim_Jong-Il/Kim_Jong-Il_0003.jpg,Rick_Reed/Rick_Reed_0001.jpg,0,0.16910911
Lance_Armstrong/Lance_Armstrong_0009.jpg,Maria_Garcia/Maria_Garcia_0001.jpg,0,0.03110911
Laurent_Jalabert/Laurent_Jalabert_0002.jpg,Vincent_Gallo/Vincent_Gallo_0001.jpg,0,0.02948331
Leon_LaPorte/Leon_LaPorte_0001.jpg,Ted_Williams/Ted_Williams_0001.jpg,0,0.24861857
Leon_LaPorte/Leon_LaPorte_0001.jpg,Tommy_Thompson/Tommy_Thompson_0005.jpg,0,0.30724519
Leonardo_Fernandez/Leonardo_Fernandez_0001.jpg,Romano_Prodi/Romano_Prodi_0007.jpg,0,0.07926928
Leticia_Dolera/Leticia_Dolera_0001.jpg,Tom_Glavine/Tom_Glavine_0001.jpg,0,0.07981619
Lorraine_Bracco/Lorraine_Bracco_0001.jpg,Momcilo_Perisic/Momcilo_Perisic_0001.jpg,0,-0.02007324
Luis_Ernesto_Derbez_Bautista/Luis_Ernesto_Derbez_Bautista_0001.jpg,Tyra_Banks/Tyra_Banks_0001.jpg,0,0.16830802
Maria_Burks/Maria_Burks_0001.jpg,Todd_Parrott/Todd_Parrott_0001.jpg,0,0.13782260
Mario_Lemieux/Mario_Lemieux_0001.jpg,Stan_Kroenke/Stan_Kroenke_0001.jpg,0,0.10714982
Mark_Everson/Mark_Everson_0001.jpg,Martin_Sheen/Martin_Sheen_0002.jpg,0,0.23859428
Marquier_Montano_Contreras/Marquier_Montano_Contreras_0001.jpg,SJ_Twu/SJ_Twu_0001.jpg,0,-0.03526475
Marsha_Sharp/Marsha_Sharp_0001.jpg,Steve_Shiver/Steve_Shiver_0001.jpg,0,0.14630738
Martin_Cauchon/Martin_Cauchon_0002.jpg,Vitali_Klitschko/Vitali_Klitschko_0003.jpg,0,0.18739271
Martin_Hoellwarth/Martin_Hoellwarth_0002.jpg,Mary_Katherine_Smart/Mary_Katherine_Smart_0001.jpg,0,0.15957311
Martina_Hingis/Martina_Hingis_0001.jpg,Terry_McAuliffe/Terry_McAuliffe_0002.jpg,0,0.01522521
Melina_Kanakaredes/Melina_Kanakaredes_0001.jpg,Ornella_Muti/Ornella_Muti_0001.jpg,0,0.09983270
Michael_Dell/Michael_Dell_0001.jpg,Mike_Duke/Mike_Duke_0001.jpg,0,0.13682097
Michael_Dell/Michael_Dell_0001.jpg,Nigel_Redden/Nigel_Redden_0001.jpg,0,0.07791640
Michael_Richards/Michael_Richards_0001.jpg,Silvia_Farina_Elia/Silvia_Farina_Elia_0003.jpg,0,0.10903514
Milan_Kucan/Milan_Kucan_0001.jpg,Salman_Khan/Salman_Khan_0001.jpg,0,0.11154561
Nancy_Kerrigan/Nancy_Kerrigan_0001.jpg,Sam_Brownback/Sam_Brownback_0001.jpg,0,0.06732406
Naomi_Campbell/Naomi_Campbell_0001.jpg,Tom_Ridge/Tom_Ridge_0016.jpg,0,0.03210015
Nina_Jacobson/Nina_Jacobson_0001.jpg,Portia_de_Rossi/Portia_de_Rossi_0001.jpg,0,0.10964892
Noah_Wyle/Noah_Wyle_0003.jpg,Robbie_Coltrane/Robbie_Coltrane_0001.jpg,0,0.15131798
Nora_Bendijo/Nora_Bendijo_0001.jpg,William_Martin/William_Martin_0002.jpg,0,0.07393011
Nursultan_Nazarbayev/Nursultan_Nazarbayev_0001.jpg,Robert_Bonner/Robert_Bonner_0001.jpg,0,0.30549285
Pascal_Affi_Nguessan/Pascal_Affi_Nguessan_0001.jpg,Tom_Moss/Tom_Moss_0001.jpg,0,0.07417847
Pat_Summitt/Pat_Summitt_0001.jpg,Paul_Celluci/Paul_Celluci_0001.jpg,0,0.01012521
Patty_Schnyder/Patty_Schnyder_0003.jpg,Pernilla_Bjorn/Pernilla_Bjorn_0001.jpg,0,0.19142437
Patty_Schnyder/Patty_Schnyder_0003.jpg,Prince_Philippe/Prince_Philippe_0001.jpg,0,0.02802016
Patty_Schnyder/Patty_Schnyder_0004.jpg,Ricardo_Lagos/Ricardo_Lagos_0025.jpg,0,0.02963961
Pervez_Musharraf/Pervez_Musharraf_0003.jpg,Richard_Rodriguez/Richard_Rodriguez_0001.jpg,0,0.13706344
Phil_Gramm/Phil_Gramm_0002.jpg,Stefan_Tafrov/Stefan_Tafrov_0001.jpg,0,-0.02357842
Rachel_Kempson/Rachel_Kempson_0001.jpg,Zorica_Radovic/Zorica_Radovic_0001.jpg,0,0.19454351
Rachel_Roy/Rachel_Roy_0001.jpg,Steve_Shiver/Steve_Shiver_0001.jpg,0,0.13614188
Richard_Fine/Richard_Fine_0001.jpg,Richard_Rodriguez/Richard_Rodriguez_0001.jpg,0,0.16866380
Rick_Reed/Rick_Reed_0001.jpg,Ruth_Bader_Ginsburg/Ruth_Bader_Ginsburg_0001.jpg,0,0.03501049
Robbie_Naish/Robbie_Naish_0001.jpg,Zhong_Nanshan/Zhong_Nanshan_0001.jpg,0,0.13827772
Robert_Bonner/Robert_Bonner_0002.jpg,Vincent_Brooks/Vincent_Brooks_0002.jpg,0,-0.05285817
Robert_Downey_Jr/Robert_Downey_Jr_0001.jpg,Tommy_Shane_Steiner/Tommy_Shane_Steiner_0001.jpg,0,-0.00742121
Robert_Evans/Robert_Evans_0001.jpg,Todd_Robbins/Todd_Robbins_0001.jpg,0,0.04065716
Romeo_Gigli/Romeo_Gigli_0001.jpg,Tom_Harkin/Tom_Harkin_0004.jpg,0,0.14412403
Saeb_Erekat/Saeb_Erekat_0001.jpg,Tom_Coverdale/Tom_Coverdale_0002.jpg,0,-0.12803446
Se_Hyuk_Joo/Se_Hyuk_Joo_0001.jpg,Tom_Rouen/Tom_Rouen_0001.jpg,0,-0.03304984
Sergio_Garcia/Sergio_Garcia_0002.jpg,Thomas_Watjen/Thomas_Watjen_0001.jpg,0,-0.01540682
Simon_Yam/Simon_Yam_0001.jpg,Terry_McAuliffe/Terry_McAuliffe_0003.jpg,0,0.13183904
Simon_Yam/Simon_Yam_0001.jpg,Tommy_Haas/Tommy_Haas_0005.jpg,0,-0.00065767
Stan_Kroenke/Stan_Kroenke_0001.jpg,William_Hyde/William_Hyde_0001.jpg,0,0.05966120
Steve_Ballmer/Steve_Ballmer_0001.jpg,Tina_Pisnik/Tina_Pisnik_0001.jpg,0,0.24877116
Steve_Ballmer/Steve_Ballmer_0002.jpg,Vincent_Gallo/Vincent_Gallo_0003.jpg,0,0.05687632
Steve_Shiver/Steve_Shiver_0001.jpg,Thomas_Rupprath/Thomas_Rupprath_0003.jpg,0,-0.09104195
Tina_Fey/Tina_Fey_0001.jpg,Todd_Parrott/Todd_Parrott_0001.jpg,0,0.06900014
Adolfo_Rodriguez_Saa/Adolfo_Rodriguez_Saa_0001.jpg,Dave_Odom/Dave_Odom_0001.jpg,0,0.00276149
Adolfo_Rodriguez_Saa/Adolfo_Rodriguez_Saa_0001.jpg,Nancy_Powell/Nancy_Powell_0001.jpg,0,0.12608284
Adrien_Brody/Adrien_Brody_0003.jpg,Damon_Dash/Damon_Dash_0001.jpg,0,0.17429842
Ahmed_Ahmed/Ahmed_Ahmed_0001.jpg,Mike_Smith/Mike_Smith_0001.jpg,0,0.15827276
Al_Sharpton/Al_Sharpton_0005.jpg,Cole_Chapman/Cole_Chapman_0001.jpg,0,0.04430146
Alberto_Sordi/Alberto_Sordi_0001.jpg,James_Cameron/James_Cameron_0002.jpg,0,0.14187236
Alejandro_Lerner/Alejandro_Lerner_0001.jpg,Jesper_Parnevik/Jesper_Parnevik_0001.jpg,0,0.02136330
Alejandro_Lerner/Alejandro_Lerner_0001.jpg,TA_McLendon/TA_McLendon_0001.jpg,0,0.10842136
Alex_Penelas/Alex_Penelas_0001.jpg,Robin_Johansen/Robin_Johansen_0001.jpg,0,0.07663568
Alex_Penelas/Alex_Penelas_0002.jpg,Gretchen_Mol/Gretchen_Mol_0001.jpg,0,0.15529774
Alexandra_Stevenson/Alexandra_Stevenson_0003.jpg,Ronde_Barber/Ronde_Barber_0001.jpg,0,-0.02705153
Ali_Adbul_Karim_Madani/Ali_Adbul_Karim_Madani_0001.jpg,Carey_Lowell/Carey_Lowell_0001.jpg,0,-0.03903987
Ali_Mohammed_Maher/Ali_Mohammed_Maher_0001.jpg,Isabela_Moraes/Isabela_Moraes_0001.jpg,0,0.09138647
Ali_Mohammed_Maher/Ali_Mohammed_Maher_0001.jpg,Isidro_Pastor/Isidro_Pastor_0001.jpg,0,0.11542909
Alicia_Silverstone/Alicia_Silverstone_0002.jpg,Jennifer_Thompson/Jennifer_Thompson_0001.jpg,0,0.19144820
Alicia_Silverstone/Alicia_Silverstone_0002.jpg,Jonathan_Tiomkin/Jonathan_Tiomkin_0001.jpg,0,-0.03234633
Alicia_Silverstone/Alicia_Silverstone_0002.jpg,Serge_Tchuruk/Serge_Tchuruk_0001.jpg,0,0.05875109
Andre_Agassi/Andre_Agassi_0031.jpg,Boris_Jordan/Boris_Jordan_0001.jpg,0,0.19256979
Andre_Techine/Andre_Techine_0001.jpg,Lloyd_Richards/Lloyd_Richards_0001.jpg,0,-0.15137607
Andy_Benes/Andy_Benes_0001.jpg,Doug_Moe/Doug_Moe_0001.jpg,0,0.14356676
Andy_Benes/Andy_Benes_0001.jpg,Mitar_Rasevic/Mitar_Rasevic_0001.jpg,0,0.10229585
Andy_Bryant/Andy_Bryant_0001.jpg,Mike_Slive/Mike_Slive_0001.jpg,0,0.19874591
Anna_Kournikova/Anna_Kournikova_0008.jpg,Colin_Farrell/Colin_Farrell_0001.jpg,0,0.00426312
Anne_ONeil/Anne_ONeil_0001.jpg,Sophie/Sophie_0001.jpg,0,0.11604407
Anthony_Lee_Johnson/Anthony_Lee_Johnson_0001.jpg,Dave_Williams/Dave_Williams_0001.jpg,0,0.00572472
Arnold_Palmer/Arnold_Palmer_0001.jpg,Stephanie_Zimbalist/Stephanie_Zimbalist_0001.jpg,0,0.06561698
Arnold_Palmer/Arnold_Palmer_0003.jpg,Charles_Kartman/Charles_Kartman_0001.jpg,0,0.18003076
Aron_Ralston/Aron_Ralston_0001.jpg,Bill_Fennelly/Bill_Fennelly_0001.jpg,0,0.17822185
Bart_Hendricks/Bart_Hendricks_0001.jpg,Philippe_Noiret/Philippe_Noiret_0001.jpg,0,-0.01681504
Ben_Kingsley/Ben_Kingsley_0001.jpg,Daryl_Hannah/Daryl_Hannah_0001.jpg,0,0.10242020
Ben_Kingsley/Ben_Kingsley_0001.jpg,Jean_Nagel/Jean_Nagel_0001.jpg,0,0.23430476
Ben_Kingsley/Ben_Kingsley_0001.jpg,Perry_Farrell/Perry_Farrell_0001.jpg,0,0.08406033
Benjamin_Neulander/Benjamin_Neulander_0001.jpg,Robin_Tunney/Robin_Tunney_0001.jpg,0,0.17116405
Bernardo_Segura/Bernardo_Segura_0001.jpg,Debra_Shank/Debra_Shank_0001.jpg,0,0.13312700
Bernardo_Segura/Bernardo_Segura_0002.jpg,Douglas_Paal/Douglas_Paal_0001.jpg,0,-0.15454260
Bernardo_Segura/Bernardo_Segura_0002.jpg,Jeanette_Stauffer/Jeanette_Stauffer_0001.jpg,0,0.04059192
Bill_Pryor/Bill_Pryor_0001.jpg,Ronde_Barber/Ronde_Barber_0001.jpg,0,-0.09388243
Bob_Melvin/Bob_Melvin_0001.jpg,Richard_Hamilton/Richard_Hamilton_0001.jpg,0,-0.05131857
Bob_Stoops/Bob_Stoops_0003.jpg,Wayne_Allard/Wayne_Allard_0001.jpg,0,0.20873158
Bobby_Jackson/Bobby_Jackson_0001.jpg,Bruce_Gebhardt/Bruce_Gebhardt_0001.jpg,0,-0.16400200
Bobby_Jackson/Bobby_Jackson_0001.jpg,JP_Suarez/JP_Suarez_0001.jpg,0,0.00542255
Bobby_Jackson/Bobby_Jackson_0001.jpg,Madge_Overhouse/Madge_Overhouse_0001.jpg,0,-0.13277511
Bobby_Jackson/Bobby_Jackson_0001.jpg,Nicola_Wells/Nicola_Wells_0001.jpg,0,0.01515475
Bobby_Robson/Bobby_Robson_0001.jpg,Rollie_Massimino/Rollie_Massimino_0001.jpg,0,0.25283819
Bode_Miller/Bode_Miller_0001.jpg,David_Howard/David_Howard_0001.jpg,0,0.08321237
Bode_Miller/Bode_Miller_0001.jpg,Steffi_Graf/Steffi_Graf_0001.jpg,0,0.12259968
Boris_Jordan/Boris_Jordan_0001.jpg,Kim_Weeks/Kim_Weeks_0001.jpg,0,-0.07189661
Boris_Jordan/Boris_Jordan_0001.jpg,Vincent_Sombrotto/Vincent_Sombrotto_0001.jpg,0,0.10906166
Brad_Alexander_Smith/Brad_Alexander_Smith_0001.jpg,Jason_Alexander/Jason_Alexander_0002.jpg,0,-0.03726097
Brad_Alexander_Smith/Brad_Alexander_Smith_0001.jpg,Kate_Lee/Kate_Lee_0001.jpg,0,0.13030829
Brad_Alexander_Smith/Brad_Alexander_Smith_0001.jpg,Tatiana_Gratcheva/Tatiana_Gratcheva_0001.jpg,0,0.04929811
Brandon_Webb/Brandon_Webb_0001.jpg,Helmut_Panke/Helmut_Panke_0001.jpg,0,0.14148526
Brandon_Webb/Brandon_Webb_0001.jpg,Larry_Hahn/Larry_Hahn_0001.jpg,0,0.24028623
Brandon_Webb/Brandon_Webb_0001.jpg,Ryan_Leaf/Ryan_Leaf_0001.jpg,0,0.22550975
Brennon_Leighton/Brennon_Leighton_0001.jpg,Laurel_Clark/Laurel_Clark_0001.jpg,0,-0.01076691
Brett_Hawke/Brett_Hawke_0001.jpg,Teri_Files/Teri_Files_0001.jpg,0,0.12931332
Bruce_Gebhardt/Bruce_Gebhardt_0001.jpg,Jean-Luc_Bideau/Jean-Luc_Bideau_0001.jpg,0,-0.07078142
Bruce_Gebhardt/Bruce_Gebhardt_0001.jpg,Masao_Azuma/Masao_Azuma_0001.jpg,0,0.04709145
Bryan_Cooley/Bryan_Cooley_0001.jpg,Katie_Harman/Katie_Harman_0003.jpg,0,-0.01297458
Bryan_Murray/Bryan_Murray_0001.jpg,Eric_Schacht/Eric_Schacht_0001.jpg,0,-0.09502073
Bryan_Murray/Bryan_Murray_0001.jpg,Mikhail_Youzhny/Mikhail_Youzhny_0001.jpg,0,0.11163221
Bryan_Murray/Bryan_Murray_0001.jpg,Mitchell_Daniels/Mitchell_Daniels_0002.jpg,0,0.16946125
Camille_Colvin/Camille_Colvin_0001.jpg,Irina_Yatchenko/Irina_Yatchenko_0001.jpg,0,0.16023104
Carey_Lowell/Carey_Lowell_0001.jpg,Charlie_Coles/Charlie_Coles_0001.jpg,0,0.03596202
Carl_Pope/Carl_Pope_0001.jpg,Larry_Hahn/Larry_Hahn_0001.jpg,0,0.20320675
Carolina_Barco/Carolina_Barco_0001.jpg,Daryl_Hannah/Daryl_Hannah_0001.jpg,0,0.01212999
Carolina_Barco/Carolina_Barco_0001.jpg,Lindsay_Davenport/Lindsay_Davenport_0022.jpg,0,-0.03476977
Carolina_Barco/Carolina_Barco_0001.jpg,Norodom_Sihanouk/Norodom_Sihanouk_0001.jpg,0,-0.02114809
Caroline_Kennedy/Caroline_Kennedy_0003.jpg,Henry_Suazo/Henry_Suazo_0001.jpg,0,0.07893138
Catherine_Bell/Catherine_Bell_0001.jpg,Guillaume_Cannet/Guillaume_Cannet_0001.jpg,0,0.08470606
Catherine_Zeta-Jones/Catherine_Zeta-Jones_0010.jpg,Pier_Ferdinando_Casini/Pier_Ferdinando_Casini_0001.jpg,0,0.11713849
Catherine_Zeta-Jones/Catherine_Zeta-Jones_0011.jpg,Hayley_Tullett/Hayley_Tullett_0002.jpg,0,0.08819135
Celso_Amorim/Celso_Amorim_0002.jpg,Juljia_Vysotskij/Juljia_Vysotskij_0001.jpg,0,0.04895823
Celso_Amorim/Celso_Amorim_0002.jpg,Kevin_Costner/Kevin_Costner_0001.jpg,0,-0.13548298
Celso_Amorim/Celso_Amorim_0002.jpg,Thomas_Stewart/Thomas_Stewart_0001.jpg,0,0.14525872
Chanda_Rubin/Chanda_Rubin_0003.jpg,Richard_Tubb/Richard_Tubb_0001.jpg,0,-0.07677882
Chante_Jawan_Mallard/Chante_Jawan_Mallard_0001.jpg,Stephen_Glassroth/Stephen_Glassroth_0001.jpg,0,0.24904126
Chante_Jawan_Mallard/Chante_Jawan_Mallard_0001.jpg,Vicente_Fox/Vicente_Fox_0023.jpg,0,-0.07776175
Charles_Bronson/Charles_Bronson_0002.jpg,Hu_Jintao/Hu_Jintao_0004.jpg,0,0.16505951
Charles_Kartman/Charles_Kartman_0001.jpg,Debra_Shank/Debra_Shank_0001.jpg,0,0.09410861
Charles_Schumer/Charles_Schumer_0002.jpg,James_Watt/James_Watt_0001.jpg,0,0.03263367
Charles_Schumer/Charles_Schumer_0002.jpg,Justin_Gatlin/Justin_Gatlin_0002.jpg,0,0.02320176
Charles_Schumer/Charles_Schumer_0002.jpg,Lionel_Chalmers/Lionel_Chalmers_0001.jpg,0,-0.11267751
Chris_Rock/Chris_Rock_0002.jpg,Dalai_Lama/Dalai_Lama_0001.jpg,0,-0.03208932
Christine_Baumgartner/Christine_Baumgartner_0002.jpg,Vincent_Sombrotto/Vincent_Sombrotto_0001.jpg,0,0.07474788
Christine_Baumgartner/Christine_Baumgartner_0003.jpg,Lars_Burgsmuller/Lars_Burgsmuller_0001.jpg,0,0.05936871
Chyung_Dai-chul/Chyung_Dai-chul_0001.jpg,Dan_Reeves/Dan_Reeves_0001.jpg,0,0.19949591
Cindy_Moll/Cindy_Moll_0001.jpg,Daniel_Radcliffe/Daniel_Radcliffe_0003.jpg,0,0.06849084
Cindy_Moll/Cindy_Moll_0001.jpg,James_McPherson/James_McPherson_0001.jpg,0,-0.03676565
Cindy_Moll/Cindy_Moll_0001.jpg,Robin_Johansen/Robin_Johansen_0001.jpg,0,0.06579078
Claire_De_Gryse/Claire_De_Gryse_0001.jpg,Deb_Santos/Deb_Santos_0001.jpg,0,0.28499326
Claire_Tomalin/Claire_Tomalin_0001.jpg,Steve_Case/Steve_Case_0001.jpg,0,-0.06785162
Clay_Campbell/Clay_Campbell_0001.jpg,Leonardo_DiCaprio/Leonardo_DiCaprio_0002.jpg,0,-0.11563587
Cole_Chapman/Cole_Chapman_0001.jpg,Marisol_Martinez_Sambran/Marisol_Martinez_Sambran_0001.jpg,0,-0.23477709
Colin_Phillips/Colin_Phillips_0001.jpg,Ian_McKellen/Ian_McKellen_0003.jpg,0,0.03995629
Colin_Phillips/Colin_Phillips_0001.jpg,Lloyd_Richards/Lloyd_Richards_0001.jpg,0,-0.04677744
Colin_Prescot/Colin_Prescot_0001.jpg,Laurie_Hobbs/Laurie_Hobbs_0001.jpg,0,0.01749119
Connie_Freydell/Connie_Freydell_0001.jpg,Tommy_Maddox/Tommy_Maddox_0001.jpg,0,0.11489817
Craig_OClair/Craig_OClair_0001.jpg,Steve_Avery/Steve_Avery_0001.jpg,0,-0.06492570
Damarius_Bilbo/Damarius_Bilbo_0001.jpg,Juljia_Vysotskij/Juljia_Vysotskij_0001.jpg,0,0.00048907
Damon_Dash/Damon_Dash_0001.jpg,Henry_Suazo/Henry_Suazo_0001.jpg,0,0.12573540
Daniel_Comisso_Urdaneta/Daniel_Comisso_Urdaneta_0001.jpg,Larry_Ralston/Larry_Ralston_0001.jpg,0,-0.04084653
Daniel_Radcliffe/Daniel_Radcliffe_0003.jpg,Diane_Green/Diane_Green_0002.jpg,0,0.31332713
Daniel_Radcliffe/Daniel_Radcliffe_0003.jpg,Rick_Barnes/Rick_Barnes_0002.jpg,0,0.12171116
Daniel_Radcliffe/Daniel_Radcliffe_0003.jpg,Vicente_Fox/Vicente_Fox_0032.jpg,0,-0.09339109
Dany_Heatley/Dany_Heatley_0001.jpg,Richard_Parsons/Richard_Parsons_0001.jpg,0,0.03955502
Dany_Heatley/Dany_Heatley_0001.jpg,Terry_Hoeppner/Terry_Hoeppner_0001.jpg,0,-0.01366243
Dave_Odom/Dave_Odom_0001.jpg,Maritza_Macias_Furano/Maritza_Macias_Furano_0001.jpg,0,0.11026515
David_Beckham/David_Beckham_0022.jpg,Laura_Morante/Laura_Morante_0001.jpg,0,0.24323374
David_Duval/David_Duval_0001.jpg,Philippe_Noiret/Philippe_Noiret_0002.jpg,0,0.02474258
David_Ho/David_Ho_0001.jpg,Doug_Moe/Doug_Moe_0001.jpg,0,0.09085729
David_Ho/David_Ho_0001.jpg,Erskine_Bowles/Erskine_Bowles_0001.jpg,0,0.09433985
David_Ho/David_Ho_0001.jpg,Evander_Holyfield/Evander_Holyfield_0001.jpg,0,-0.03259087
David_Howard/David_Howard_0001.jpg,Hugo_Conte/Hugo_Conte_0001.jpg,0,0.19007288
Denzel_Washington/Denzel_Washington_0004.jpg,Henry_Suazo/Henry_Suazo_0001.jpg,0,0.20317394
Des_Brown/Des_Brown_0001.jpg,Eliott_Spitzer/Eliott_Spitzer_0001.jpg,0,0.03703491
Des_Brown/Des_Brown_0001.jpg,Svetislav_Pesic/Svetislav_Pesic_0001.jpg,0,0.09125276
Diana_Ross/Diana_Ross_0001.jpg,Rick_Rickert/Rick_Rickert_0001.jpg,0,-0.09876443
Dianne_Feinstein/Dianne_Feinstein_0003.jpg,Dwayne_Johnson/Dwayne_Johnson_0002.jpg,0,-0.02480421
Dick_Clark/Dick_Clark_0003.jpg,Manfred_Stolpe/Manfred_Stolpe_0001.jpg,0,0.23577964
Dino_Risi/Dino_Risi_0001.jpg,Gabriel_Farhi/Gabriel_Farhi_0001.jpg,0,-0.01729948
Doc_Rivers/Doc_Rivers_0001.jpg,Melissa_Joan_Hart/Melissa_Joan_Hart_0001.jpg,0,0.06367429
Dominick_Dunne/Dominick_Dunne_0001.jpg,Nicoletta_Braschi/Nicoletta_Braschi_0001.jpg,0,0.12279128
Don_Flanagan/Don_Flanagan_0001.jpg,Ed_Sullivan/Ed_Sullivan_0001.jpg,0,-0.00669727
Don_Flanagan/Don_Flanagan_0001.jpg,Ratna_Sari_Dewi_Sukarno/Ratna_Sari_Dewi_Sukarno_0001.jpg,0,0.11853889
Donald_Keyser/Donald_Keyser_0001.jpg,Salma_Hayek/Salma_Hayek_0002.jpg,0,0.01059826
Douglas_Paal/Douglas_Paal_0001.jpg,Ed_Sullivan/Ed_Sullivan_0001.jpg,0,0.20289759
Douglas_Paal/Douglas_Paal_0001.jpg,Richard_Hamilton/Richard_Hamilton_0001.jpg,0,-0.10573920
Dusty_Baker/Dusty_Baker_0001.jpg,Saddam_Hussein/Saddam_Hussein_0002.jpg,0,0.05244430
Ed_Rendell/Ed_Rendell_0001.jpg,Jamie_Dimon/Jamie_Dimon_0001.jpg,0,-0.02223693
Ed_Rendell/Ed_Rendell_0001.jpg,Richard_Cohen/Richard_Cohen_0001.jpg,0,-0.05807668
Eddie_Murray/Eddie_Murray_0001.jpg,Kevin_Costner/Kevin_Costner_0007.jpg,0,-0.12283427
Elaine_Stritch/Elaine_Stritch_0001.jpg,Richard_Parsons/Richard_Parsons_0001.jpg,0,0.10146966
Elena_Tihomirova/Elena_Tihomirova_0001.jpg,Mike_Slive/Mike_Slive_0001.jpg,0,-0.09156678
Elena_Tihomirova/Elena_Tihomirova_0001.jpg,Mohammed_Abu_Sharia/Mohammed_Abu_Sharia_0001.jpg,0,-0.11518788
Eric_Schacht/Eric_Schacht_0001.jpg,Jennifer_Keller/Jennifer_Keller_0002.jpg,0,-0.14303362
Erik_Morales/Erik_Morales_0003.jpg,Werner_Schlager/Werner_Schlager_0001.jpg,0,0.07673270
Erin_Brockovich/Erin_Brockovich_0001.jpg,Henry_Suazo/Henry_Suazo_0001.jpg,0,-0.00535057
Erin_Brockovich/Erin_Brockovich_0001.jpg,Mike_Carona/Mike_Carona_0001.jpg,0,0.00830676
Evan_Rachel_Wood/Evan_Rachel_Wood_0001.jpg,Sharon_Frey/Sharon_Frey_0001.jpg,0,0.10140703
Evander_Holyfield/Evander_Holyfield_0001.jpg,Julio_Rossi/Julio_Rossi_0001.jpg,0,-0.14105096
Evander_Holyfield/Evander_Holyfield_0001.jpg,Michael_Jordan/Michael_Jordan_0003.jpg,0,0.20368204
Evander_Holyfield/Evander_Holyfield_0001.jpg,Mike_Carona/Mike_Carona_0001.jpg,0,0.20762445
Fatmir_Limaj/Fatmir_Limaj_0001.jpg,Todd_Haynes/Todd_Haynes_0004.jpg,0,0.31215608
Felicity_Huffman/Felicity_Huffman_0001.jpg,Nelson_Acosta/Nelson_Acosta_0001.jpg,0,0.12439100
Felipe_De_Borbon/Felipe_De_Borbon_0001.jpg,Jose_Bove/Jose_Bove_0001.jpg,0,0.15340021
Frank_Cassell/Frank_Cassell_0002.jpg,Jesper_Parnevik/Jesper_Parnevik_0001.jpg,0,-0.05762582
Frank_Cassell/Frank_Cassell_0003.jpg,Ronde_Barber/Ronde_Barber_0001.jpg,0,0.04044086
Fred_Durst/Fred_Durst_0001.jpg,Marisol_Martinez_Sambran/Marisol_Martinez_Sambran_0001.jpg,0,-0.07209796
Fred_Durst/Fred_Durst_0001.jpg,Shavon_Earp/Shavon_Earp_0001.jpg,0,0.10105407
Fujio_Cho/Fujio_Cho_0001.jpg,Javier_Vargas/Javier_Vargas_0001.jpg,0,0.29157558
Fujio_Cho/Fujio_Cho_0002.jpg,Tatsuya_Fuji/Tatsuya_Fuji_0001.jpg,0,0.09787504
Fujio_Cho/Fujio_Cho_0003.jpg,Michael_Brandon/Michael_Brandon_0001.jpg,0,0.17629468
Fujio_Cho/Fujio_Cho_0006.jpg,Olene_Walker/Olene_Walker_0001.jpg,0,0.11012074
Gabriel_Farhi/Gabriel_Farhi_0001.jpg,Lars_Burgsmuller/Lars_Burgsmuller_0001.jpg,0,0.04690074
Gao_Qiang/Gao_Qiang_0002.jpg,Kenneth_Brill/Kenneth_Brill_0001.jpg,0,0.07487009
Gary_Stevens/Gary_Stevens_0001.jpg,Wanda_Ilene_Barzee/Wanda_Ilene_Barzee_0001.jpg,0,-0.00563321
Geoff_Hoon/Geoff_Hoon_0001.jpg,Osama_bin_Laden/Osama_bin_Laden_0003.jpg,0,-0.05767195
Geoff_Hoon/Geoff_Hoon_0003.jpg,Richard_Tubb/Richard_Tubb_0001.jpg,0,0.16485366
Geoff_Hoon/Geoff_Hoon_0005.jpg,Thomas_Stewart/Thomas_Stewart_0001.jpg,0,0.12964213
George_Brumley/George_Brumley_0001.jpg,Manfred_Stolpe/Manfred_Stolpe_0001.jpg,0,0.20118171
George_Brumley/George_Brumley_0001.jpg,Ryan_Leaf/Ryan_Leaf_0001.jpg,0,-0.07877386
George_Brumley/George_Brumley_0002.jpg,Sergei_Yushenkov/Sergei_Yushenkov_0001.jpg,0,-0.05875625
George_Papandreou/George_Papandreou_0002.jpg,Tatiana_Panova/Tatiana_Panova_0001.jpg,0,0.04775824
George_Papandreou/George_Papandreou_0004.jpg,Larry_Lindsey/Larry_Lindsey_0002.jpg,0,0.09565957
George_Papandreou/George_Papandreou_0004.jpg,Paul_LeClerc/Paul_LeClerc_0001.jpg,0,-0.04868522
Ghassan_Elashi/Ghassan_Elashi_0001.jpg,Rick_Rickert/Rick_Rickert_0001.jpg,0,0.03494772
Gloria_Allred/Gloria_Allred_0002.jpg,Roman_Tam/Roman_Tam_0001.jpg,0,-0.03855735
Greg_Kinsey/Greg_Kinsey_0001.jpg,Priscilla_Presley/Priscilla_Presley_0001.jpg,0,0.04130058
Greg_Ostertag/Greg_Ostertag_0002.jpg,Kevin_Costner/Kevin_Costner_0006.jpg,0,0.05364181
Greg_Owen/Greg_Owen_0001.jpg,Mark_Sisk/Mark_Sisk_0001.jpg,0,0.00075986
Greg_Owen/Greg_Owen_0002.jpg,Mike_Smith/Mike_Smith_0001.jpg,0,-0.03148453
Gretchen_Mol/Gretchen_Mol_0001.jpg,Isabella_Rossellini/Isabella_Rossellini_0002.jpg,0,0.29295450
Gunilla_Backman/Gunilla_Backman_0001.jpg,Kathleen_Abernathy/Kathleen_Abernathy_0001.jpg,0,0.06676836
Hanan_Ashrawi/Hanan_Ashrawi_0001.jpg,Mario_Kreutzberger/Mario_Kreutzberger_0002.jpg,0,0.21506499
Hans_Leistritz/Hans_Leistritz_0001.jpg,Saddam_Hussein/Saddam_Hussein_0018.jpg,0,-0.07372062
Hans_Leistritz/Hans_Leistritz_0001.jpg,Sue_Grafton/Sue_Grafton_0001.jpg,0,0.04944722
Hans_Peter_Briegel/Hans_Peter_Briegel_0001.jpg,Theresa_May/Theresa_May_0002.jpg,0,-0.01008085
Harriet_Lessy/Harriet_Lessy_0001.jpg,Mike_Carona/Mike_Carona_0001.jpg,0,0.01313533
Harry_Kalas/Harry_Kalas_0002.jpg,Joe_Strummer/Joe_Strummer_0001.jpg,0,0.12134019
Harry_Kalas/Harry_Kalas_0002.jpg,Lewis_Booth/Lewis_Booth_0001.jpg,0,0.11486252
Hayley_Tullett/Hayley_Tullett_0001.jpg,Ian_McKellen/Ian_McKellen_0001.jpg,0,0.11438157
Henry_Suazo/Henry_Suazo_0001.jpg,Ratna_Sari_Dewi_Sukarno/Ratna_Sari_Dewi_Sukarno_0001.jpg,0,-0.10702057
Hernan_Crespo/Hernan_Crespo_0001.jpg,Ronde_Barber/Ronde_Barber_0001.jpg,0,0.05955572
Hiroyuki_Yoshino/Hiroyuki_Yoshino_0001.jpg,Rollie_Massimino/Rollie_Massimino_0001.jpg,0,0.01432058
Hu_Jintao/Hu_Jintao_0006.jpg,Jerome_Jenkins/Jerome_Jenkins_0001.jpg,0,0.02830110
Hugh_Jessiman/Hugh_Jessiman_0001.jpg,Solomon_Passy/Solomon_Passy_0001.jpg,0,-0.02215843
Hugh_Jessiman/Hugh_Jessiman_0001.jpg,TA_McLendon/TA_McLendon_0001.jpg,0,0.30413783
Hugo_Conte/Hugo_Conte_0001.jpg,Laurent_Woulzy/Laurent_Woulzy_0001.jpg,0,0.19769277
Irina_Yatchenko/Irina_Yatchenko_0001.jpg,Katie_Harman/Katie_Harman_0002.jpg,0,-0.00022233
Isidro_Pastor/Isidro_Pastor_0001.jpg,Mark_Butcher/Mark_Butcher_0001.jpg,0,0.16160503
Ismail_Merchant/Ismail_Merchant_0001.jpg,Mack_Brown/Mack_Brown_0002.jpg,0,0.15842898
Ismail_Merchant/Ismail_Merchant_0002.jpg,Kathleen_Abernathy/Kathleen_Abernathy_0001.jpg,0,-0.03328849
Ivan_Helguera/Ivan_Helguera_0001.jpg,William_Donaldson/William_Donaldson_0004.jpg,0,0.01230239
Iveta_Benesova/Iveta_Benesova_0001.jpg,Jacques_Chirac/Jacques_Chirac_0050.jpg,0,0.14108455
Jacques_Chirac/Jacques_Chirac_0020.jpg,Tzipora_Obziler/Tzipora_Obziler_0001.jpg,0,-0.07114320
Jacques_Chirac/Jacques_Chirac_0035.jpg,Richard_Shelby/Richard_Shelby_0002.jpg,0,0.36419344
James_Cameron/James_Cameron_0001.jpg,Richard_Shelby/Richard_Shelby_0002.jpg,0,0.10447831
James_McGreevey/James_McGreevey_0001.jpg,Katie_Harman/Katie_Harman_0002.jpg,0,0.01112126
James_McGreevey/James_McGreevey_0001.jpg,Tzipora_Obziler/Tzipora_Obziler_0001.jpg,0,-0.09152614
James_Sensenbrenner/James_Sensenbrenner_0001.jpg,Jimmy_Smits/Jimmy_Smits_0001.jpg,0,-0.15971690
James_Sensenbrenner/James_Sensenbrenner_0001.jpg,Maria_Shkolnikova/Maria_Shkolnikova_0001.jpg,0,0.01292289
James_Watt/James_Watt_0001.jpg,Priscilla_Presley/Priscilla_Presley_0002.jpg,0,0.08319420
Jamie_Dimon/Jamie_Dimon_0001.jpg,Robert_Korzeniowski/Robert_Korzeniowski_0001.jpg,0,0.26293710
Jason_Alexander/Jason_Alexander_0001.jpg,Mike_Maroth/Mike_Maroth_0001.jpg,0,-0.05410690
Jason_Alexander/Jason_Alexander_0001.jpg,Wayne_Allard/Wayne_Allard_0001.jpg,0,0.00677735
Jason_Kidd/Jason_Kidd_0007.jpg,Louisa_Baileche/Louisa_Baileche_0001.jpg,0,0.09301113
Javier_Vargas/Javier_Vargas_0001.jpg,Jesse_Helms/Jesse_Helms_0001.jpg,0,-0.10593800
Jeanette_Gray/Jeanette_Gray_0001.jpg,Keith_Fotta/Keith_Fotta_0001.jpg,0,0.24876082
Jeanette_Stauffer/Jeanette_Stauffer_0001.jpg,Marie-Josee_Croze/Marie-Josee_Croze_0001.jpg,0,-0.01096057
Jeffrey_Donaldson/Jeffrey_Donaldson_0001.jpg,Leonardo_DiCaprio/Leonardo_DiCaprio_0008.jpg,0,0.21052426
Jeffrey_Donaldson/Jeffrey_Donaldson_0001.jpg,Peter_Bacanovic/Peter_Bacanovic_0001.jpg,0,0.12804857
Jennifer_Connelly/Jennifer_Connelly_0004.jpg,Martin_Bandier/Martin_Bandier_0001.jpg,0,-0.01798197
Jesper_Parnevik/Jesper_Parnevik_0001.jpg,Justin_Gatlin/Justin_Gatlin_0002.jpg,0,0.08813184
Jimmy_Smits/Jimmy_Smits_0001.jpg,Robin_Johansen/Robin_Johansen_0001.jpg,0,0.08258276
Jimmy_Smits/Jimmy_Smits_0001.jpg,Shane_Hmiel/Shane_Hmiel_0001.jpg,0,-0.04666688
Joe_Crede/Joe_Crede_0001.jpg,Tom_DeLay/Tom_DeLay_0001.jpg,0,0.01447449
John_Burkett/John_Burkett_0001.jpg,Leonardo_DiCaprio/Leonardo_DiCaprio_0002.jpg,0,0.17568608
John_McKay/John_McKay_0001.jpg,Mary_Sue_Coleman/Mary_Sue_Coleman_0001.jpg,0,0.06406616
Johnny_Hallyday/Johnny_Hallyday_0001.jpg,Olene_Walker/Olene_Walker_0001.jpg,0,0.00946026
Jonathan_Tiomkin/Jonathan_Tiomkin_0001.jpg,Rita_Grande/Rita_Grande_0002.jpg,0,0.01188135
Jorge_Rodolfo_Canicoba_Corral/Jorge_Rodolfo_Canicoba_Corral_0001.jpg,Wayne_Allard/Wayne_Allard_0001.jpg,0,-0.03864042
Jose_Bove/Jose_Bove_0001.jpg,Juergen_Trittin/Juergen_Trittin_0001.jpg,0,0.13965175
Juljia_Vysotskij/Juljia_Vysotskij_0001.jpg,Patrick_Coleman/Patrick_Coleman_0001.jpg,0,-0.06291611
Kate_Lee/Kate_Lee_0001.jpg,Toshimitsu_Motegi/Toshimitsu_Motegi_0001.jpg,0,-0.05137436
Kathie_Louise_Saunders/Kathie_Louise_Saunders_0001.jpg,Roberto_Lavagna/Roberto_Lavagna_0001.jpg,0,0.11878344
Kathie_Louise_Saunders/Kathie_Louise_Saunders_0001.jpg,Rosalyn_Carter/Rosalyn_Carter_0001.jpg,0,0.03285261
Kenneth_Branagh/Kenneth_Branagh_0001.jpg,Pinar_del_Rio/Pinar_del_Rio_0001.jpg,0,-0.10439772
Kevin_Costner/Kevin_Costner_0005.jpg,Stephen_Glassroth/Stephen_Glassroth_0001.jpg,0,0.11688597
Khader_Rashid_Rahim/Khader_Rashid_Rahim_0001.jpg,Richard_Cohen/Richard_Cohen_0001.jpg,0,0.31413844
Khalid_Khannouchi/Khalid_Khannouchi_0001.jpg,Werner_Schlager/Werner_Schlager_0001.jpg,0,0.05361895
Kim_Su_Nam/Kim_Su_Nam_0001.jpg,Todd_Haynes/Todd_Haynes_0004.jpg,0,0.17639884
Kim_Weeks/Kim_Weeks_0001.jpg,Marie-Josee_Croze/Marie-Josee_Croze_0001.jpg,0,0.17199507
Kimora_Lee/Kimora_Lee_0001.jpg,Robin_Johansen/Robin_Johansen_0001.jpg,0,0.07428874
Kurt_Suzuki/Kurt_Suzuki_0001.jpg,Scott_Hoch/Scott_Hoch_0001.jpg,0,0.13021843
Larry_Lindsey/Larry_Lindsey_0001.jpg,Wanda_Ilene_Barzee/Wanda_Ilene_Barzee_0001.jpg,0,0.00212814
Larry_Ralston/Larry_Ralston_0001.jpg,Richard_Carl/Richard_Carl_0001.jpg,0,0.09545301
Larry_Ralston/Larry_Ralston_0001.jpg,William_Donaldson/William_Donaldson_0006.jpg,0,0.19179162
Larry_Ralston/Larry_Ralston_0001.jpg,Willie_Wilson/Willie_Wilson_0001.jpg,0,-0.08446525
Laurel_Clark/Laurel_Clark_0001.jpg,Laurent_Woulzy/Laurent_Woulzy_0001.jpg,0,0.28561985
Laurel_Clark/Laurel_Clark_0001.jpg,Priscilla_Presley/Priscilla_Presley_0001.jpg,0,0.02808316
Leandrinho_Barbosa/Leandrinho_Barbosa_0001.jpg,Melissa_Joan_Hart/Melissa_Joan_Hart_0001.jpg,0,0.02939106
Leandrinho_Barbosa/Leandrinho_Barbosa_0001.jpg,Olene_Walker/Olene_Walker_0001.jpg,0,-0.15652446
Leon_Barmore/Leon_Barmore_0001.jpg,Sachin_Tendulkar/Sachin_Tendulkar_0001.jpg,0,-0.11923577
Leon_Barmore/Leon_Barmore_0001.jpg,Yusaku_Miyazato/Yusaku_Miyazato_0001.jpg,0,0.16370142
Leonard_Schrank/Leonard_Schrank_0001.jpg,Marie_Haghal/Marie_Haghal_0001.jpg,0,0.04523938
Leonard_Schrank/Leonard_Schrank_0001.jpg,Rick_Rickert/Rick_Rickert_0001.jpg,0,0.14631219
Linda_Franklin/Linda_Franklin_0001.jpg,Melissa_Joan_Hart/Melissa_Joan_Hart_0001.jpg,0,0.12739645
Lindsay_Davenport/Lindsay_Davenport_0001.jpg,Martin_Burnham/Martin_Burnham_0001.jpg,0,0.26398063
Lindsay_Davenport/Lindsay_Davenport_0017.jpg,Oxana_Fedorova/Oxana_Fedorova_0003.jpg,0,0.04080058
Lionel_Chalmers/Lionel_Chalmers_0001.jpg,Mohammad_Fares/Mohammad_Fares_0001.jpg,0,-0.12959984
Lisa_Ling/Lisa_Ling_0002.jpg,Mike_Maroth/Mike_Maroth_0001.jpg,0,0.11711140
Lucy_Liu/Lucy_Liu_0003.jpg,Prince_William/Prince_William_0001.jpg,0,0.08058545
Maria_Luisa_Mendonca/Maria_Luisa_Mendonca_0002.jpg,Stephane_Delajoux/Stephane_Delajoux_0001.jpg,0,-0.02780541
Maria_Luisa_Mendonca/Maria_Luisa_Mendonca_0002.jpg,Terunobu_Maeda/Terunobu_Maeda_0001.jpg,0,-0.03445313
Maria_Shkolnikova/Maria_Shkolnikova_0001.jpg,Martin_Rodriguez/Martin_Rodriguez_0001.jpg,0,0.01179069
Mariana_Ohata/Mariana_Ohata_0001.jpg,Xavier_Malisse/Xavier_Malisse_0003.jpg,0,0.19709882
Mario_Kreutzberger/Mario_Kreutzberger_0001.jpg,Shavon_Earp/Shavon_Earp_0001.jpg,0,0.29683882
Mario_Kreutzberger/Mario_Kreutzberger_0002.jpg,Raul_Cubas/Raul_Cubas_0001.jpg,0,0.26963007
Maritza_Macias_Furano/Maritza_Macias_Furano_0001.jpg,Qusai_Hussein/Qusai_Hussein_0001.jpg,0,0.04032573
Mark_Butcher/Mark_Butcher_0001.jpg,Scott_Hoch/Scott_Hoch_0001.jpg,0,0.13833661
Mark_Sisk/Mark_Sisk_0001.jpg,Mehdi_Baala/Mehdi_Baala_0001.jpg,0,-0.05464631
Mark_Sisk/Mark_Sisk_0001.jpg,Stephen_Swindal/Stephen_Swindal_0001.jpg,0,0.11295790
Masao_Azuma/Masao_Azuma_0001.jpg,Mikhail_Kalashnikov/Mikhail_Kalashnikov_0001.jpg,0,0.14217447
McGuire_Gibson/McGuire_Gibson_0001.jpg,Richard_Haass/Richard_Haass_0001.jpg,0,0.22297457
Mehdi_Baala/Mehdi_Baala_0001.jpg,Steve_Avery/Steve_Avery_0001.jpg,0,0.05978696
Melissa_Joan_Hart/Melissa_Joan_Hart_0001.jpg,Mikhail_Kalashnikov/Mikhail_Kalashnikov_0001.jpg,0,-0.03181490
Melissa_Joan_Hart/Melissa_Joan_Hart_0001.jpg,Sue_Grafton/Sue_Grafton_0001.jpg,0,0.06616871
Michael_Brandon/Michael_Brandon_0001.jpg,Toshimitsu_Motegi/Toshimitsu_Motegi_0001.jpg,0,0.20226446
Michael_Shelby/Michael_Shelby_0001.jpg,Olene_Walker/Olene_Walker_0001.jpg,0,0.27981716
Michel_Kratochvil/Michel_Kratochvil_0001.jpg,Sheldon_Silver/Sheldon_Silver_0001.jpg,0,0.00838917
Mike_Eskew/Mike_Eskew_0001.jpg,Zarai_Toledo/Zarai_Toledo_0001.jpg,0,0.02364425
Mike_OConnell/Mike_OConnell_0001.jpg,Roberto_Lavagna/Roberto_Lavagna_0001.jpg,0,0.09715161
Mike_Sherman/Mike_Sherman_0001.jpg,Natalie_Maines/Natalie_Maines_0003.jpg,0,0.10222714
Mike_Sherman/Mike_Sherman_0001.jpg,Paige_Fitzgerald/Paige_Fitzgerald_0001.jpg,0,0.04536911
Milt_Heflin/Milt_Heflin_0001.jpg,Pier_Ferdinando_Casini/Pier_Ferdinando_Casini_0001.jpg,0,-0.14478782
Nicholoas_DiMarzio/Nicholoas_DiMarzio_0001.jpg,Richard_Parsons/Richard_Parsons_0001.jpg,0,0.04122156
Nikki_McKibbin/Nikki_McKibbin_0001.jpg,Stephen_Swindal/Stephen_Swindal_0001.jpg,0,0.14543737
Nikki_McKibbin/Nikki_McKibbin_0001.jpg,Steven_Tyler/Steven_Tyler_0001.jpg,0,-0.20088792
Osama_Al_Baz/Osama_Al_Baz_0001.jpg,Patricia_Wartusch/Patricia_Wartusch_0001.jpg,0,-0.10555393
Osama_Al_Baz/Osama_Al_Baz_0001.jpg,Sandra_Day_OConner/Sandra_Day_OConner_0001.jpg,0,0.20425457
Patricia_Phillips/Patricia_Phillips_0001.jpg,Thierry_Falise/Thierry_Falise_0002.jpg,0,0.10189620
Paula_Locke/Paula_Locke_0001.jpg,Teri_Files/Teri_Files_0001.jpg,0,0.49982595
Peter_Bacanovic/Peter_Bacanovic_0002.jpg,Robert_Korzeniowski/Robert_Korzeniowski_0001.jpg,0,0.37653172
Pier_Ferdinando_Casini/Pier_Ferdinando_Casini_0001.jpg,Ratna_Sari_Dewi_Sukarno/Ratna_Sari_Dewi_Sukarno_0001.jpg,0,0.02164582
Priscilla_Presley/Priscilla_Presley_0002.jpg,Raul_Rivero/Raul_Rivero_0001.jpg,0,0.12008791
Raaf_Schefter/Raaf_Schefter_0001.jpg,Rick_Dinse/Rick_Dinse_0002.jpg,0,0.15088443
Richard_Sterner/Richard_Sterner_0001.jpg,Steven_Spielberg/Steven_Spielberg_0002.jpg,0,0.17963076
Rick_Dinse/Rick_Dinse_0002.jpg,Shavon_Earp/Shavon_Earp_0001.jpg,0,0.07570261
Roberto_Lavagna/Roberto_Lavagna_0001.jpg,Sandra_Bullock/Sandra_Bullock_0004.jpg,0,0.05960270
Rod_Stewart/Rod_Stewart_0001.jpg,Steffi_Graf/Steffi_Graf_0002.jpg,0,0.11012135
Rodolfo_Abalos/Rodolfo_Abalos_0001.jpg,Thierry_Falise/Thierry_Falise_0003.jpg,0,-0.04388057
Roman_Tam/Roman_Tam_0001.jpg,Zalmay_Khalilzad/Zalmay_Khalilzad_0001.jpg,0,0.14045285
Scott_Hoch/Scott_Hoch_0001.jpg,Thomas_Stewart/Thomas_Stewart_0001.jpg,0,0.29427791
Seymour_Cassell/Seymour_Cassell_0001.jpg,Todd_Haynes/Todd_Haynes_0004.jpg,0,-0.04237036
Shaun_Rusling/Shaun_Rusling_0001.jpg,Vincent_Sombrotto/Vincent_Sombrotto_0001.jpg,0,0.18153727
Sheldon_Silver/Sheldon_Silver_0001.jpg,Xavier_Malisse/Xavier_Malisse_0003.jpg,0,-0.24336004
Stephane_Delajoux/Stephane_Delajoux_0001.jpg,Tristan_Gretzky/Tristan_Gretzky_0001.jpg,0,0.01377274
Takahiro_Mori/Takahiro_Mori_0001.jpg,Tony_Blair/Tony_Blair_0064.jpg,0,-0.07598356
Thierry_Falise/Thierry_Falise_0002.jpg,Werner_Schlager/Werner_Schlager_0001.jpg,0,0.06476207
Abbas_Kiarostami/Abbas_Kiarostami_0001.jpg,Fujio_Mitarai/Fujio_Mitarai_0001.jpg,0,0.17217816
Abdullah/Abdullah_0001.jpg,Teresa_Heinz_Kerry/Teresa_Heinz_Kerry_0001.jpg,0,0.00248278
Abdullah/Abdullah_0003.jpg,Samuel_Waksal/Samuel_Waksal_0001.jpg,0,-0.14942856
Abdullah/Abdullah_0004.jpg,Julio_Cesar_Franco/Julio_Cesar_Franco_0001.jpg,0,0.09202799
Abid_Hamid_Mahmud_Al-Tikriti/Abid_Hamid_Mahmud_Al-Tikriti_0001.jpg,Anjum_Hussain/Anjum_Hussain_0001.jpg,0,0.15277623
Abid_Hamid_Mahmud_Al-Tikriti/Abid_Hamid_Mahmud_Al-Tikriti_0002.jpg,Doris_Schroeder/Doris_Schroeder_0001.jpg,0,0.26750660
Adam_Freier/Adam_Freier_0001.jpg,Hillary_Clinton/Hillary_Clinton_0003.jpg,0,-0.09279088
Adam_Freier/Adam_Freier_0001.jpg,Princess_Caroline/Princess_Caroline_0001.jpg,0,0.03835626
Adam_Freier/Adam_Freier_0001.jpg,Regina_Ip/Regina_Ip_0001.jpg,0,-0.02568919
Alan_Ball/Alan_Ball_0001.jpg,Kristin_Scott_Thomas/Kristin_Scott_Thomas_0001.jpg,0,-0.03852069
Alan_Ball/Alan_Ball_0002.jpg,Yuri_Malenchenko/Yuri_Malenchenko_0001.jpg,0,0.05260627
Albert_Costa/Albert_Costa_0006.jpg,Gary_Barnett/Gary_Barnett_0001.jpg,0,0.02956474
Albert_Costa/Albert_Costa_0006.jpg,John_Marburger/John_Marburger_0001.jpg,0,0.02046310
Albert_Costa/Albert_Costa_0006.jpg,Wen_Jiabao/Wen_Jiabao_0007.jpg,0,-0.04468976
Alberta_Lee/Alberta_Lee_0001.jpg,Babe_Ruth/Babe_Ruth_0001.jpg,0,0.23200397
Alex_Popov/Alex_Popov_0001.jpg,Kent_Rominger/Kent_Rominger_0002.jpg,0,0.09322442
Alex_Popov/Alex_Popov_0001.jpg,Matthew_During/Matthew_During_0001.jpg,0,0.10830368
Ali_Khamenei/Ali_Khamenei_0002.jpg,Roberto_Canessa/Roberto_Canessa_0001.jpg,0,0.00710552
Amelia_Vega/Amelia_Vega_0001.jpg,Gina_Lollobrigida/Gina_Lollobrigida_0001.jpg,0,-0.06601207
Amelia_Vega/Amelia_Vega_0005.jpg,Jim_Harrick/Jim_Harrick_0001.jpg,0,-0.08920964
Amy_Pascal/Amy_Pascal_0001.jpg,Eduardo_Duhalde/Eduardo_Duhalde_0007.jpg,0,0.04460469
Amy_Pascal/Amy_Pascal_0001.jpg,Hank_Azaria/Hank_Azaria_0001.jpg,0,0.01813865
Amy_Pascal/Amy_Pascal_0001.jpg,John_Marburger/John_Marburger_0001.jpg,0,0.25802326
Amy_Redford/Amy_Redford_0001.jpg,Roman_Coppola/Roman_Coppola_0001.jpg,0,0.01839813
Amy_Redford/Amy_Redford_0001.jpg,Victor_Kraatz/Victor_Kraatz_0001.jpg,0,0.01094988
Anderson_Varejao/Anderson_Varejao_0001.jpg,Dennis_Oswald/Dennis_Oswald_0001.jpg,0,0.07021865
Anderson_Varejao/Anderson_Varejao_0001.jpg,Garth_Drabinsky/Garth_Drabinsky_0001.jpg,0,0.12857728
Andrei_Nikolishin/Andrei_Nikolishin_0001.jpg,Angelica_Romero/Angelica_Romero_0001.jpg,0,-0.02068830
Andrew_Bernard/Andrew_Bernard_0001.jpg,Don_Nickles/Don_Nickles_0002.jpg,0,0.08363114
Andrew_Bernard/Andrew_Bernard_0001.jpg,Hassan_Wirajuda/Hassan_Wirajuda_0001.jpg,0,0.05748400
Andrew_Bernard/Andrew_Bernard_0001.jpg,Mark_Broxmeyer/Mark_Broxmeyer_0001.jpg,0,-0.09822645
Andrew_Fastow/Andrew_Fastow_0001.jpg,Luca_Cordero_di_Montezemolo/Luca_Cordero_di_Montezemolo_0001.jpg,0,0.00675949
Andrew_Fastow/Andrew_Fastow_0001.jpg,Meghann_Shaughnessy/Meghann_Shaughnessy_0001.jpg,0,0.00496161
Andrew_Fastow/Andrew_Fastow_0001.jpg,Tomas_Malik/Tomas_Malik_0001.jpg,0,0.12526771
Andrew_Luster/Andrew_Luster_0001.jpg,Eric_Rosser/Eric_Rosser_0001.jpg,0,0.07724925
Andrew_Luster/Andrew_Luster_0001.jpg,Jose_Manuel_Durao_Barroso/Jose_Manuel_Durao_Barroso_0006.jpg,0,0.18408580
Andrew_Luster/Andrew_Luster_0001.jpg,Lisa_Murkowski/Lisa_Murkowski_0001.jpg,0,0.18759167
Anita_DeFrantz/Anita_DeFrantz_0001.jpg,Carla_Gay_Balingit/Carla_Gay_Balingit_0001.jpg,0,0.21109973
Anita_DeFrantz/Anita_DeFrantz_0001.jpg,Penny_Lancaster/Penny_Lancaster_0001.jpg,0,0.04900952
Anjum_Hussain/Anjum_Hussain_0001.jpg,David_Caraway/David_Caraway_0002.jpg,0,-0.12481642
Anne_Cavers/Anne_Cavers_0001.jpg,James_Barksdale/James_Barksdale_0001.jpg,0,0.09555271
Anne_Cavers/Anne_Cavers_0001.jpg,Stephen_Oake/Stephen_Oake_0001.jpg,0,0.10322308
Anthony_Hazen/Anthony_Hazen_0001.jpg,Debra_Yang/Debra_Yang_0001.jpg,0,-0.01030427
Antonio_Catania/Antonio_Catania_0001.jpg,Barry_Bonds/Barry_Bonds_0001.jpg,0,-0.05445057
Antonio_Catania/Antonio_Catania_0001.jpg,Taylyn_Solomon/Taylyn_Solomon_0001.jpg,0,0.03914809
Aretha_Franklin/Aretha_Franklin_0001.jpg,Jean_Brumley/Jean_Brumley_0001.jpg,0,0.06010751
Aretha_Franklin/Aretha_Franklin_0001.jpg,Teruaki_Masumoto/Teruaki_Masumoto_0001.jpg,0,0.10238370
Art_Lopez/Art_Lopez_0001.jpg,Diane_Lane/Diane_Lane_0001.jpg,0,0.15201816
Arthur_Johnson/Arthur_Johnson_0001.jpg,Selma_Phoenix/Selma_Phoenix_0001.jpg,0,0.08494739
Arye_Mekel/Arye_Mekel_0002.jpg,Chung_Mong-joon/Chung_Mong-joon_0001.jpg,0,0.03531795
Arye_Mekel/Arye_Mekel_0002.jpg,Georgina_Papin/Georgina_Papin_0001.jpg,0,0.04271278
Babe_Ruth/Babe_Ruth_0001.jpg,Jim_Harrick/Jim_Harrick_0001.jpg,0,0.18182036
Babe_Ruth/Babe_Ruth_0001.jpg,Pete_Aldridge/Pete_Aldridge_0001.jpg,0,0.14546797
Barry_Bonds/Barry_Bonds_0001.jpg,James_Barksdale/James_Barksdale_0001.jpg,0,0.02315819
Barry_Bonds/Barry_Bonds_0001.jpg,Mickey_Sherman/Mickey_Sherman_0001.jpg,0,0.16344735
Barry_Switzer/Barry_Switzer_0001.jpg,Jiang_Zemin/Jiang_Zemin_0011.jpg,0,-0.07075070
Barry_Switzer/Barry_Switzer_0001.jpg,Kirk_Ferentz/Kirk_Ferentz_0002.jpg,0,0.11055793
Bernard_Giraudeau/Bernard_Giraudeau_0001.jpg,Keira_Knightley/Keira_Knightley_0001.jpg,0,0.12069791
Bernard_Landry/Bernard_Landry_0003.jpg,Stacey_Jones/Stacey_Jones_0001.jpg,0,0.01145330
Bernard_Landry/Bernard_Landry_0004.jpg,Sylvia_Plachy/Sylvia_Plachy_0001.jpg,0,0.17245460
Biljana_Plavsic/Biljana_Plavsic_0001.jpg,Kieran_Prendergast/Kieran_Prendergast_0002.jpg,0,0.10839594
Bill_Cartwright/Bill_Cartwright_0001.jpg,Claude_Jorda/Claude_Jorda_0001.jpg,0,0.18824732
Bill_Lerach/Bill_Lerach_0001.jpg,Martin_Verkerk/Martin_Verkerk_0002.jpg,0,0.20888789
Bob_Hope/Bob_Hope_0001.jpg,Stanley_Ho/Stanley_Ho_0001.jpg,0,0.23621055
Bob_Hope/Bob_Hope_0005.jpg,Micah_Knorr/Micah_Knorr_0001.jpg,0,0.06764650
Bob_Hope/Bob_Hope_0005.jpg,Mitchell_Potter/Mitchell_Potter_0001.jpg,0,0.19043304
Bob_Menendez/Bob_Menendez_0001.jpg,David_Caraway/David_Caraway_0002.jpg,0,0.13640335
Bob_Menendez/Bob_Menendez_0001.jpg,Lauren_Hutton/Lauren_Hutton_0001.jpg,0,0.19203101
Bob_Riley/Bob_Riley_0001.jpg,Danny_Ainge/Danny_Ainge_0001.jpg,0,0.16243991
Bob_Riley/Bob_Riley_0001.jpg,Nastassia_Kinski/Nastassia_Kinski_0002.jpg,0,0.00436121
Bob_Riley/Bob_Riley_0001.jpg,Sheila_Wellstone/Sheila_Wellstone_0002.jpg,0,0.03628480
Brad_Wilk/Brad_Wilk_0001.jpg,Phil_Cline/Phil_Cline_0001.jpg,0,-0.00103937
Brad_Wilk/Brad_Wilk_0001.jpg,Scott_Dalton/Scott_Dalton_0001.jpg,0,0.08546056
Brian_Grazier/Brian_Grazier_0001.jpg,Tomas_Malik/Tomas_Malik_0001.jpg,0,0.21333867
Brian_StPierre/Brian_StPierre_0001.jpg,Steve_Mariucci/Steve_Mariucci_0002.jpg,0,0.22331060
Cari_Davis/Cari_Davis_0001.jpg,Don_Henley/Don_Henley_0001.jpg,0,0.11296546
Cari_Davis/Cari_Davis_0001.jpg,Mark_Broxmeyer/Mark_Broxmeyer_0001.jpg,0,-0.05778324
Carin_Koch/Carin_Koch_0001.jpg,John_Banko/John_Banko_0002.jpg,0,0.01194477
Carla_Gay_Balingit/Carla_Gay_Balingit_0001.jpg,Frank_Lautenberg/Frank_Lautenberg_0002.jpg,0,0.03490206
Carla_Gay_Balingit/Carla_Gay_Balingit_0001.jpg,Paula_Dobriansky/Paula_Dobriansky_0001.jpg,0,0.05430445
Carlos_Ruiz/Carlos_Ruiz_0001.jpg,Peter_Schultz/Peter_Schultz_0001.jpg,0,0.10372113
Carlos_Ruiz/Carlos_Ruiz_0003.jpg,Jennifer_Tilly/Jennifer_Tilly_0001.jpg,0,0.21201947
Carly_Fiorina/Carly_Fiorina_0002.jpg,Peter_Ueberroth/Peter_Ueberroth_0001.jpg,0,0.16245817
Catherine_Woodard/Catherine_Woodard_0001.jpg,Mike_Sweeney/Mike_Sweeney_0001.jpg,0,-0.00611437
Chan_Ho_Park/Chan_Ho_Park_0001.jpg,Xiang_Xu/Xiang_Xu_0001.jpg,0,-0.07100153
Chance_Mock/Chance_Mock_0001.jpg,Herb_Ritts/Herb_Ritts_0001.jpg,0,0.13990572
Chance_Mock/Chance_Mock_0001.jpg,Shafal_Mosed/Shafal_Mosed_0001.jpg,0,0.11047609
Chance_Mock/Chance_Mock_0001.jpg,Simona_Hradil/Simona_Hradil_0001.jpg,0,-0.06439400
Chance_Mock/Chance_Mock_0001.jpg,Troy_Jenkins/Troy_Jenkins_0001.jpg,0,-0.00937041
Charles_Taylor/Charles_Taylor_0007.jpg,Tom_Curley/Tom_Curley_0001.jpg,0,0.14084896
Chea_Sophara/Chea_Sophara_0001.jpg,John_Wolf/John_Wolf_0001.jpg,0,0.08264132
Chris_Cirino/Chris_Cirino_0001.jpg,Jen_Bice/Jen_Bice_0001.jpg,0,0.10438499
Chris_Cirino/Chris_Cirino_0001.jpg,Mary_Lou_Markakis/Mary_Lou_Markakis_0001.jpg,0,0.07073382
Chris_Cirino/Chris_Cirino_0001.jpg,Peri_Gilpin/Peri_Gilpin_0001.jpg,0,-0.03006995
Christina_Sawaya/Christina_Sawaya_0001.jpg,Greg_Gilbert/Greg_Gilbert_0001.jpg,0,-0.05266994
Chung_Mong-joon/Chung_Mong-joon_0001.jpg,David_Modell/David_Modell_0001.jpg,0,0.20338652
Chung_Mong-joon/Chung_Mong-joon_0001.jpg,Luca_Cordero_di_Montezemolo/Luca_Cordero_di_Montezemolo_0001.jpg,0,0.05633606
Chung_Mong-joon/Chung_Mong-joon_0001.jpg,Nick_Markakis/Nick_Markakis_0001.jpg,0,0.07689678
Chung_Mong-joon/Chung_Mong-joon_0002.jpg,John_Rusnak/John_Rusnak_0001.jpg,0,0.17966673
Claire_Leger/Claire_Leger_0001.jpg,David_Caraway/David_Caraway_0002.jpg,0,0.18084934
Claire_Leger/Claire_Leger_0001.jpg,Jerry_Sexton/Jerry_Sexton_0001.jpg,0,0.23475498
Claire_Leger/Claire_Leger_0001.jpg,Nobuyuki_Idei/Nobuyuki_Idei_0001.jpg,0,0.02168813
Clark_Randt/Clark_Randt_0001.jpg,Katie_Boone/Katie_Boone_0001.jpg,0,0.20085499
Clark_Randt/Clark_Randt_0001.jpg,Marc-Andre_Fleury/Marc-Andre_Fleury_0001.jpg,0,0.08488896
Clemente_de_la_Vega/Clemente_de_la_Vega_0001.jpg,Ron_Gonzales/Ron_Gonzales_0001.jpg,0,0.04985582
Colin_Campbell/Colin_Campbell_0001.jpg,Frank_Keating/Frank_Keating_0001.jpg,0,0.38610569
Colin_Campbell/Colin_Campbell_0001.jpg,Jean_Carnahan/Jean_Carnahan_0002.jpg,0,0.01283805
Colin_Campbell/Colin_Campbell_0001.jpg,Mitchell_Potter/Mitchell_Potter_0001.jpg,0,0.29641658
Colleen_Atwood/Colleen_Atwood_0001.jpg,Penelope_Cruz/Penelope_Cruz_0002.jpg,0,0.00565277
Craig_Morgan/Craig_Morgan_0001.jpg,Matthew_McConaughey/Matthew_McConaughey_0001.jpg,0,0.27528542
Dan_Duquette/Dan_Duquette_0001.jpg,Paddy_Torsney/Paddy_Torsney_0001.jpg,0,0.04560142
Daniel_Ortega/Daniel_Ortega_0001.jpg,Norah_Jones/Norah_Jones_0006.jpg,0,0.20838642
Daniel_Patrick_Moynihan/Daniel_Patrick_Moynihan_0001.jpg,Eglis_Yaima_Cruz/Eglis_Yaima_Cruz_0001.jpg,0,-0.06767584
Daniel_Patrick_Moynihan/Daniel_Patrick_Moynihan_0001.jpg,Newton_Carlton_Slawson/Newton_Carlton_Slawson_0001.jpg,0,0.19887614
Daniel_Rouse/Daniel_Rouse_0001.jpg,Doris_Schroeder/Doris_Schroeder_0001.jpg,0,0.06722915
Daniel_Rouse/Daniel_Rouse_0001.jpg,Mike_Johanns/Mike_Johanns_0001.jpg,0,0.14186291
Daniell_Sunjata/Daniell_Sunjata_0001.jpg,Marc-Andre_Fleury/Marc-Andre_Fleury_0002.jpg,0,0.15801521
Danny_Ainge/Danny_Ainge_0001.jpg,Lee_Ann_Terlaji/Lee_Ann_Terlaji_0001.jpg,0,0.21807361
David_Leahy/David_Leahy_0001.jpg,Jerry_Sexton/Jerry_Sexton_0001.jpg,0,0.21028063
David_Scott_Morris/David_Scott_Morris_0001.jpg,Valerie_Thwaites/Valerie_Thwaites_0001.jpg,0,0.36206353
David_Zeplowitz/David_Zeplowitz_0001.jpg,Jerry_Springer/Jerry_Springer_0001.jpg,0,0.14066678
Dawn_Staley/Dawn_Staley_0001.jpg,Hasan_Wirayuda/Hasan_Wirayuda_0001.jpg,0,0.26266438
Debra_Rose/Debra_Rose_0001.jpg,Jonathan_Edwards/Jonathan_Edwards_0002.jpg,0,-0.14728850
Debra_Yang/Debra_Yang_0001.jpg,Hashim_Thaci/Hashim_Thaci_0002.jpg,0,0.02682873
Debra_Yang/Debra_Yang_0001.jpg,Yekaterina_Guseva/Yekaterina_Guseva_0001.jpg,0,-0.00439415
Denis_Fassou-Nguesso/Denis_Fassou-Nguesso_0001.jpg,William_Overlin/William_Overlin_0001.jpg,0,0.17753503
Derrick_Taylor/Derrick_Taylor_0001.jpg,Giuseppe_Morchio/Giuseppe_Morchio_0001.jpg,0,0.14609349
Derrick_Taylor/Derrick_Taylor_0001.jpg,William_Overlin/William_Overlin_0001.jpg,0,0.13123915
Dick_Cheney/Dick_Cheney_0005.jpg,James_Murdoch/James_Murdoch_0001.jpg,0,0.18868279
Dick_Cheney/Dick_Cheney_0008.jpg,Nobuyuki_Idei/Nobuyuki_Idei_0001.jpg,0,0.15096724
Dick_Smothers/Dick_Smothers_0001.jpg,Yoon_Won-Sik/Yoon_Won-Sik_0001.jpg,0,0.09483229
Dita_Von_Tesse/Dita_Von_Tesse_0001.jpg,Mohammed_Al-Douri/Mohammed_Al-Douri_0012.jpg,0,-0.00775155
Don_Henley/Don_Henley_0001.jpg,Ernie_Eves/Ernie_Eves_0001.jpg,0,0.39950386
Don_Henley/Don_Henley_0001.jpg,Gil_Cates/Gil_Cates_0001.jpg,0,0.28191492
Don_Henley/Don_Henley_0001.jpg,Stephen_Frears/Stephen_Frears_0001.jpg,0,0.17593727
Don_Henley/Don_Henley_0001.jpg,Ziwang_Xu/Ziwang_Xu_0001.jpg,0,-0.03478250
Donald_Regan/Donald_Regan_0001.jpg,John_Gruden/John_Gruden_0001.jpg,0,0.14270344
Doris_Schroeder/Doris_Schroeder_0002.jpg,Joe_Mantegna/Joe_Mantegna_0001.jpg,0,0.08339398
Eduardo_Duhalde/Eduardo_Duhalde_0001.jpg,Paula_Dobriansky/Paula_Dobriansky_0001.jpg,0,-0.20666653
Eduardo_Duhalde/Eduardo_Duhalde_0002.jpg,Tab_Turner/Tab_Turner_0001.jpg,0,0.12854125
Eduardo_Duhalde/Eduardo_Duhalde_0013.jpg,James_Murdoch/James_Murdoch_0001.jpg,0,0.00597027
Edward_Egan/Edward_Egan_0001.jpg,Ernie_Fletcher/Ernie_Fletcher_0002.jpg,0,-0.05346746
Edward_Johnson/Edward_Johnson_0001.jpg,Jessica_Capshaw/Jessica_Capshaw_0001.jpg,0,0.25078863
El_Hadji_Diouf/El_Hadji_Diouf_0001.jpg,Hitomi_Soga/Hitomi_Soga_0002.jpg,0,-0.11489207
Emilio_Botin/Emilio_Botin_0001.jpg,Luca_Cordero_di_Montezemolo/Luca_Cordero_di_Montezemolo_0001.jpg,0,0.03134324
Emilio_Botin/Emilio_Botin_0001.jpg,Robert_Hyatt/Robert_Hyatt_0001.jpg,0,0.13331667
Enrique_Iglesias/Enrique_Iglesias_0001.jpg,Gisele_Bundchen/Gisele_Bundchen_0002.jpg,0,-0.04116972
Eric_Bana/Eric_Bana_0001.jpg,Mike_Sweeney/Mike_Sweeney_0001.jpg,0,0.09730539
Eric_Bana/Eric_Bana_0001.jpg,Tab_Turner/Tab_Turner_0001.jpg,0,0.13226648
Eric_Benet/Eric_Benet_0001.jpg,Mohammad_Mustapha_Miro/Mohammad_Mustapha_Miro_0001.jpg,0,-0.05262508
Eric_Rosser/Eric_Rosser_0001.jpg,Marc-Andre_Fleury/Marc-Andre_Fleury_0002.jpg,0,0.02943419
Eric_Rosser/Eric_Rosser_0001.jpg,Peter_Chan/Peter_Chan_0001.jpg,0,-0.02811879
Ernie_Eves/Ernie_Eves_0002.jpg,Hana_Makhmalbaf/Hana_Makhmalbaf_0001.jpg,0,-0.03853488
Fernando_Vargas/Fernando_Vargas_0001.jpg,Julio_Cesar_Franco/Julio_Cesar_Franco_0001.jpg,0,0.00064806
Fernando_Vargas/Fernando_Vargas_0003.jpg,Martin_Verkerk/Martin_Verkerk_0003.jpg,0,0.19210686
Flavia_Pennetta/Flavia_Pennetta_0001.jpg,Larry_Flynt/Larry_Flynt_0001.jpg,0,-0.03323850
Flavia_Pennetta/Flavia_Pennetta_0001.jpg,Micah_Knorr/Micah_Knorr_0001.jpg,0,0.07963835
Flavia_Pennetta/Flavia_Pennetta_0001.jpg,Paul_Wellstone/Paul_Wellstone_0001.jpg,0,0.08874942
Frank_Keating/Frank_Keating_0001.jpg,Paul_McCartney/Paul_McCartney_0007.jpg,0,0.01376883
Frank_Lautenberg/Frank_Lautenberg_0002.jpg,Michael_Capellas/Michael_Capellas_0001.jpg,0,0.26856214
Frank_Lautenberg/Frank_Lautenberg_0002.jpg,Steve_Allee/Steve_Allee_0001.jpg,0,0.00305897
Fujio_Mitarai/Fujio_Mitarai_0001.jpg,Harvey_Weinstein/Harvey_Weinstein_0001.jpg,0,0.09142733
Gabriella_Bo/Gabriella_Bo_0001.jpg,Jeremy_Shockey/Jeremy_Shockey_0002.jpg,0,-0.08339888
Gavyn_Arthur/Gavyn_Arthur_0001.jpg,Kevin_Hearn/Kevin_Hearn_0001.jpg,0,0.04940445
Gavyn_Arthur/Gavyn_Arthur_0001.jpg,Lynne_Slepian/Lynne_Slepian_0001.jpg,0,0.03833875
Gavyn_Arthur/Gavyn_Arthur_0001.jpg,Zahir_Shah/Zahir_Shah_0001.jpg,0,0.17822662
George_HW_Bush/George_HW_Bush_0007.jpg,George_Maxwell_Richards/George_Maxwell_Richards_0001.jpg,0,0.06896325
George_HW_Bush/George_HW_Bush_0013.jpg,Penny_Lancaster/Penny_Lancaster_0001.jpg,0,0.14834261
George_Maxwell_Richards/George_Maxwell_Richards_0001.jpg,Reggie_Miller/Reggie_Miller_0001.jpg,0,-0.06643253
Georgina_Papin/Georgina_Papin_0001.jpg,Mary_Lou_Retton/Mary_Lou_Retton_0001.jpg,0,0.14364311
Georgina_Papin/Georgina_Papin_0001.jpg,Svend_Robinson/Svend_Robinson_0001.jpg,0,0.16626395
Gerry_Kelly/Gerry_Kelly_0001.jpg,Keira_Knightley/Keira_Knightley_0001.jpg,0,0.07596621
Giannina_Facio/Giannina_Facio_0001.jpg,Peri_Gilpin/Peri_Gilpin_0001.jpg,0,0.12137599
Gideon_Black/Gideon_Black_0001.jpg,Kevin_Hearn/Kevin_Hearn_0001.jpg,0,0.13912629
Gideon_Black/Gideon_Black_0001.jpg,Shafal_Mosed/Shafal_Mosed_0001.jpg,0,-0.09164186
Gisele_Bundchen/Gisele_Bundchen_0002.jpg,Penny_Lancaster/Penny_Lancaster_0001.jpg,0,0.07469431
Giuseppe_Morchio/Giuseppe_Morchio_0001.jpg,Penny_Lancaster/Penny_Lancaster_0001.jpg,0,-0.00050795
Greg_Frers/Greg_Frers_0001.jpg,Mohammed_Al-Douri/Mohammed_Al-Douri_0004.jpg,0,0.03861256
Greg_Gilbert/Greg_Gilbert_0001.jpg,Mehmet_Ali_Sahin/Mehmet_Ali_Sahin_0001.jpg,0,0.16793275
Gregorio_Honasan/Gregorio_Honasan_0001.jpg,Jim_Schwarz/Jim_Schwarz_0001.jpg,0,-0.14109191
Gregorio_Honasan/Gregorio_Honasan_0001.jpg,Jonathan_Fine/Jonathan_Fine_0001.jpg,0,0.20869070
Gregorio_Honasan/Gregorio_Honasan_0001.jpg,Matt_Doherty/Matt_Doherty_0001.jpg,0,0.16357446
Hama_Arba_Diallo/Hama_Arba_Diallo_0001.jpg,Zhang_Yimou/Zhang_Yimou_0001.jpg,0,0.06440350
Hana_Makhmalbaf/Hana_Makhmalbaf_0001.jpg,Raquel_Welch/Raquel_Welch_0001.jpg,0,0.11333178
Hassan_Wirajuda/Hassan_Wirajuda_0001.jpg,Scott_Dalton/Scott_Dalton_0001.jpg,0,0.01971064
Hector_Babenco/Hector_Babenco_0002.jpg,Talisa_Bratt/Talisa_Bratt_0001.jpg,0,-0.00068907
Herb_Ritts/Herb_Ritts_0001.jpg,Mark_Broxmeyer/Mark_Broxmeyer_0001.jpg,0,0.09504280
Hugh_Campbell/Hugh_Campbell_0001.jpg,Ken_Watanabe/Ken_Watanabe_0001.jpg,0,0.07364538
Hugh_Campbell/Hugh_Campbell_0001.jpg,Masamori_Tokuyama/Masamori_Tokuyama_0001.jpg,0,0.15793309
Hugh_Campbell/Hugh_Campbell_0001.jpg,Tom_Foy/Tom_Foy_0001.jpg,0,0.23778805
Imran_Khan/Imran_Khan_0001.jpg,Matt_Morris/Matt_Morris_0001.jpg,0,0.04574946
Imran_Khan/Imran_Khan_0001.jpg,Nancy_Humbert/Nancy_Humbert_0001.jpg,0,-0.17644043
Ivan_Lee/Ivan_Lee_0001.jpg,Jennifer_Furminger/Jennifer_Furminger_0001.jpg,0,-0.05145394
James_Hallock/James_Hallock_0001.jpg,Robert_Beck/Robert_Beck_0001.jpg,0,0.30047145
James_Murdoch/James_Murdoch_0001.jpg,Martina_McBride/Martina_McBride_0003.jpg,0,0.17996433
Jamie_Kellner/Jamie_Kellner_0001.jpg,Tomas_Malik/Tomas_Malik_0001.jpg,0,-0.09634694
Jamie_King/Jamie_King_0001.jpg,Lauren_Hutton/Lauren_Hutton_0002.jpg,0,0.22170393
Jane_Fonda/Jane_Fonda_0002.jpg,Martha_Stewart/Martha_Stewart_0004.jpg,0,0.17810981
Janet_Leigh/Janet_Leigh_0001.jpg,Marianne_Stanley/Marianne_Stanley_0001.jpg,0,-0.04265581
Jaromir_Jagr/Jaromir_Jagr_0001.jpg,Troy_Jenkins/Troy_Jenkins_0001.jpg,0,0.14505094
Jean_Brumley/Jean_Brumley_0002.jpg,Jim_Harrick/Jim_Harrick_0001.jpg,0,0.07051184
Jen_Bice/Jen_Bice_0001.jpg,Judi_Dench/Judi_Dench_0002.jpg,0,0.02944308
Jennifer_Furminger/Jennifer_Furminger_0001.jpg,Matthew_During/Matthew_During_0001.jpg,0,0.20399356
Jennifer_Tilly/Jennifer_Tilly_0001.jpg,Serge_Klarsfeld/Serge_Klarsfeld_0001.jpg,0,0.14222002
Jennifer_Tilly/Jennifer_Tilly_0001.jpg,Stella_Tennant/Stella_Tennant_0001.jpg,0,-0.05707669
Jeremy_Shockey/Jeremy_Shockey_0002.jpg,Robert_Beck/Robert_Beck_0001.jpg,0,0.01447153
Jerry_Regier/Jerry_Regier_0002.jpg,Paulina_Rodriguez_Davila/Paulina_Rodriguez_Davila_0001.jpg,0,0.04890603
Jerry_Regier/Jerry_Regier_0003.jpg,Lee_Hyung-taik/Lee_Hyung-taik_0001.jpg,0,0.07805499
Jerry_Regier/Jerry_Regier_0003.jpg,Pete_Rose/Pete_Rose_0002.jpg,0,0.28628907
Jessica_Capshaw/Jessica_Capshaw_0001.jpg,Penelope_Cruz/Penelope_Cruz_0002.jpg,0,-0.03556113
Jiang_Zemin/Jiang_Zemin_0004.jpg,Michelangelo_Antonioni/Michelangelo_Antonioni_0001.jpg,0,0.03602392
Jiang_Zemin/Jiang_Zemin_0013.jpg,Roman_Coppola/Roman_Coppola_0001.jpg,0,0.00329969
Jim_Sterk/Jim_Sterk_0001.jpg,Jonathan_Edwards/Jonathan_Edwards_0003.jpg,0,0.10608675
Jim_Sterk/Jim_Sterk_0001.jpg,Ken_Watanabe/Ken_Watanabe_0002.jpg,0,0.00895335
Joey_Harrington/Joey_Harrington_0001.jpg,Nick_Price/Nick_Price_0001.jpg,0,0.02817208
John_Lynch/John_Lynch_0001.jpg,Michael_Sullivan/Michael_Sullivan_0001.jpg,0,0.26838905
John_Robbins/John_Robbins_0001.jpg,Tom_Foy/Tom_Foy_0001.jpg,0,-0.01805083
John_Thune/John_Thune_0001.jpg,Milan_Milutinovic/Milan_Milutinovic_0001.jpg,0,0.01059329
John_Velazquez/John_Velazquez_0001.jpg,Marco_Antonio_Barrera/Marco_Antonio_Barrera_0003.jpg,0,-0.07456520
John_Velazquez/John_Velazquez_0001.jpg,Tammy_Lynn_Michaels/Tammy_Lynn_Michaels_0001.jpg,0,0.16214971
John_Wolf/John_Wolf_0002.jpg,Prince_Harry/Prince_Harry_0001.jpg,0,-0.06718893
Jonathan_Byrd/Jonathan_Byrd_0001.jpg,Mike_Matheny/Mike_Matheny_0001.jpg,0,0.11291684
Jonathan_Byrd/Jonathan_Byrd_0001.jpg,Sheikh_Ahmed_Yassin/Sheikh_Ahmed_Yassin_0001.jpg,0,0.05627798
Jonathan_Horton/Jonathan_Horton_0001.jpg,Lee_Ann_Terlaji/Lee_Ann_Terlaji_0001.jpg,0,0.10922901
Jorge_Alberto_Galindo/Jorge_Alberto_Galindo_0001.jpg,Roger_King/Roger_King_0001.jpg,0,0.18076888
Joseph_Biden/Joseph_Biden_0005.jpg,Mahdi_Al_Bassam/Mahdi_Al_Bassam_0001.jpg,0,0.07763000
Joseph_Biden/Joseph_Biden_0005.jpg,Tung_Chee-hwa/Tung_Chee-hwa_0004.jpg,0,0.35175502
Judy_Genshaft/Judy_Genshaft_0001.jpg,Shane_Warne/Shane_Warne_0001.jpg,0,0.03249627
Jules_Asner/Jules_Asner_0001.jpg,Robert_Beck/Robert_Beck_0001.jpg,0,0.07141951
Julien_Varlet/Julien_Varlet_0001.jpg,Scott_Dalton/Scott_Dalton_0001.jpg,0,0.24797431
Kate_Burton/Kate_Burton_0001.jpg,Martha_Stewart/Martha_Stewart_0002.jpg,0,0.15664724
Kate_Richardson/Kate_Richardson_0001.jpg,Roman_Coppola/Roman_Coppola_0001.jpg,0,0.06868491
Katie_Boone/Katie_Boone_0001.jpg,Uthai_Pimchaichon/Uthai_Pimchaichon_0001.jpg,0,-0.00865640
Katie_Smith/Katie_Smith_0001.jpg,Leland_Chapman/Leland_Chapman_0001.jpg,0,0.09370454
Katrin_Susi/Katrin_Susi_0001.jpg,Luca_Cordero_di_Montezemolo/Luca_Cordero_di_Montezemolo_0001.jpg,0,0.04675917
Kay_Bailey_Hutchison/Kay_Bailey_Hutchison_0001.jpg,Theodore_Tweed_Roosevelt/Theodore_Tweed_Roosevelt_0003.jpg,0,0.18232252
Kieran_Prendergast/Kieran_Prendergast_0001.jpg,Lachlan_Murdoch/Lachlan_Murdoch_0001.jpg,0,0.04282581
King_Abdullah_II/King_Abdullah_II_0004.jpg,Robert_Hyatt/Robert_Hyatt_0001.jpg,0,-0.05971348
Kirk_Ferentz/Kirk_Ferentz_0002.jpg,Milan_Milutinovic/Milan_Milutinovic_0001.jpg,0,0.16642052
Lachlan_Murdoch/Lachlan_Murdoch_0001.jpg,Mickey_Sherman/Mickey_Sherman_0001.jpg,0,-0.14571433
Larry_Flynt/Larry_Flynt_0001.jpg,Phil_Cline/Phil_Cline_0001.jpg,0,0.17550465
Larry_Greene/Larry_Greene_0001.jpg,Mike_Brey/Mike_Brey_0002.jpg,0,-0.04126015
Laurence_Tribe/Laurence_Tribe_0001.jpg,Uthai_Pimchaichon/Uthai_Pimchaichon_0001.jpg,0,0.14225215
Lee_Ann_Terlaji/Lee_Ann_Terlaji_0001.jpg,Roman_Coppola/Roman_Coppola_0001.jpg,0,0.09506235
Lee_Yuan-tseh/Lee_Yuan-tseh_0001.jpg,Shafal_Mosed/Shafal_Mosed_0001.jpg,0,0.12685031
Lee_Yuan-tseh/Lee_Yuan-tseh_0001.jpg,Yuri_Malenchenko/Yuri_Malenchenko_0002.jpg,0,0.07523608
Leland_Chapman/Leland_Chapman_0001.jpg,Theodore_Tweed_Roosevelt/Theodore_Tweed_Roosevelt_0001.jpg,0,0.04800956
Leslie_Moonves/Leslie_Moonves_0002.jpg,Robert_Hyatt/Robert_Hyatt_0001.jpg,0,0.08976988
Lisa_Murkowski/Lisa_Murkowski_0001.jpg,Serge_Klarsfeld/Serge_Klarsfeld_0001.jpg,0,0.13787290
Magui_Serna/Magui_Serna_0001.jpg,Maura_Tierney/Maura_Tierney_0001.jpg,0,0.04280198
Mahdi_Al_Bassam/Mahdi_Al_Bassam_0001.jpg,Marc-Andre_Fleury/Marc-Andre_Fleury_0002.jpg,0,0.00970703
Mahdi_Al_Bassam/Mahdi_Al_Bassam_0001.jpg,Mother_Teresa/Mother_Teresa_0001.jpg,0,0.34045056
Malak_Habbak/Malak_Habbak_0001.jpg,Prince_Harry/Prince_Harry_0003.jpg,0,0.04461194
Manuel_Pellegrini/Manuel_Pellegrini_0001.jpg,Rolf_Eckrodt/Rolf_Eckrodt_0001.jpg,0,0.13183606
Manuela_Montebrun/Manuela_Montebrun_0001.jpg,Martina_McBride/Martina_McBride_0002.jpg,0,0.17222492
Manuela_Montebrun/Manuela_Montebrun_0001.jpg,Steven_Seagal/Steven_Seagal_0002.jpg,0,0.13259836
Marion_Fahnestock/Marion_Fahnestock_0001.jpg,Wen_Jiabao/Wen_Jiabao_0003.jpg,0,0.00907615
Mark_Hamister/Mark_Hamister_0001.jpg,Xiang_Xu/Xiang_Xu_0001.jpg,0,0.18565005
Martha_Martinez_Flores/Martha_Martinez_Flores_0001.jpg,Mike_Brey/Mike_Brey_0002.jpg,0,-0.04246074
Martha_Stewart/Martha_Stewart_0005.jpg,Victor_Kraatz/Victor_Kraatz_0001.jpg,0,0.04110614
Martin_Lawrence/Martin_Lawrence_0001.jpg,Mickey_Sherman/Mickey_Sherman_0001.jpg,0,0.15730308
Martin_Lawrence/Martin_Lawrence_0001.jpg,Penny_Lancaster/Penny_Lancaster_0001.jpg,0,0.13537718
Martin_McCauley/Martin_McCauley_0002.jpg,Steven_Seagal/Steven_Seagal_0001.jpg,0,0.23616692
Martin_Verkerk/Martin_Verkerk_0001.jpg,Steven_Seagal/Steven_Seagal_0001.jpg,0,0.33729592
Martina_McBride/Martina_McBride_0003.jpg,Peter_Schultz/Peter_Schultz_0001.jpg,0,0.12664630
Masamori_Tokuyama/Masamori_Tokuyama_0001.jpg,Regina_Ip/Regina_Ip_0001.jpg,0,0.18805890
Masamori_Tokuyama/Masamori_Tokuyama_0001.jpg,Serge_Melac/Serge_Melac_0001.jpg,0,0.17649901
Matt_Doherty/Matt_Doherty_0002.jpg,Saoud_Al_Faisal/Saoud_Al_Faisal_0001.jpg,0,0.05919557
Meghann_Shaughnessy/Meghann_Shaughnessy_0001.jpg,William_Perry/William_Perry_0001.jpg,0,0.04274757
Mehmet_Ali_Sahin/Mehmet_Ali_Sahin_0001.jpg,Peri_Gilpin/Peri_Gilpin_0001.jpg,0,0.18220711
Mehmet_Ali_Sahin/Mehmet_Ali_Sahin_0001.jpg,Raquel_Welch/Raquel_Welch_0002.jpg,0,0.11652648
Michael_Capellas/Michael_Capellas_0001.jpg,Victor_Garber/Victor_Garber_0001.jpg,0,-0.00905374
Mickey_Sherman/Mickey_Sherman_0001.jpg,Roman_Coppola/Roman_Coppola_0001.jpg,0,-0.11293586
Mike_Brey/Mike_Brey_0002.jpg,Nick_Markakis/Nick_Markakis_0001.jpg,0,0.04275887
Mike_Johanns/Mike_Johanns_0001.jpg,Pascal_Lamy/Pascal_Lamy_0001.jpg,0,0.08812725
Mike_Matheny/Mike_Matheny_0001.jpg,Norm_Coleman/Norm_Coleman_0005.jpg,0,0.08881518
Mohammad_Mustapha_Miro/Mohammad_Mustapha_Miro_0001.jpg,Steve_Mariucci/Steve_Mariucci_0002.jpg,0,0.09707470
Mother_Teresa/Mother_Teresa_0001.jpg,Yekaterina_Guseva/Yekaterina_Guseva_0001.jpg,0,0.15660866
Nancy_Humbert/Nancy_Humbert_0001.jpg,Park_Na-kyong/Park_Na-kyong_0001.jpg,0,0.00878233
Nanni_Moretti/Nanni_Moretti_0001.jpg,Shigeru_Ishiba/Shigeru_Ishiba_0001.jpg,0,-0.06280141
Natalia_Dmitrieva/Natalia_Dmitrieva_0001.jpg,Willie_Nelson/Willie_Nelson_0001.jpg,0,0.26024663
Natalie_Juniardi/Natalie_Juniardi_0001.jpg,Uthai_Pimchaichon/Uthai_Pimchaichon_0001.jpg,0,0.01827296
Nick_Price/Nick_Price_0001.jpg,Tab_Turner/Tab_Turner_0001.jpg,0,0.12141970
Norm_Coleman/Norm_Coleman_0004.jpg,Peri_Gilpin/Peri_Gilpin_0001.jpg,0,-0.02428001
Norm_Coleman/Norm_Coleman_0007.jpg,Scott_McClellan/Scott_McClellan_0005.jpg,0,-0.04669061
Paddy_Torsney/Paddy_Torsney_0001.jpg,Tung_Chee-hwa/Tung_Chee-hwa_0009.jpg,0,0.05230268
Park_Na-kyong/Park_Na-kyong_0001.jpg,Vecdi_Gonul/Vecdi_Gonul_0001.jpg,0,-0.02434452
Patrick_Rafter/Patrick_Rafter_0001.jpg,Peter_Care/Peter_Care_0001.jpg,0,-0.11306117
Pierre_Van_Hooijdonk/Pierre_Van_Hooijdonk_0001.jpg,Scott_McClellan/Scott_McClellan_0001.jpg,0,0.03317440
Regina_Ip/Regina_Ip_0001.jpg,Rohman_al-Ghozi/Rohman_al-Ghozi_0001.jpg,0,0.10919371
Renee_Zellweger/Renee_Zellweger_0009.jpg,Yuri_Malenchenko/Yuri_Malenchenko_0002.jpg,0,-0.03001255
Rolf_Eckrodt/Rolf_Eckrodt_0002.jpg,Teresa_Heinz_Kerry/Teresa_Heinz_Kerry_0001.jpg,0,0.18842077
Rubens_Barrichello/Rubens_Barrichello_0010.jpg,Stella_Tennant/Stella_Tennant_0001.jpg,0,0.00061117
Saoud_Al_Faisal/Saoud_Al_Faisal_0001.jpg,Vecdi_Gonul/Vecdi_Gonul_0001.jpg,0,0.09351305
Scott_Dalton/Scott_Dalton_0001.jpg,Zach_Safrin/Zach_Safrin_0001.jpg,0,0.12026804
Scott_McClellan/Scott_McClellan_0002.jpg,Tom_Schnackenberg/Tom_Schnackenberg_0001.jpg,0,0.15354922
Todd_MacCulloch/Todd_MacCulloch_0001.jpg,Willie_Nelson/Willie_Nelson_0001.jpg,0,0.23302475
Tom_Curley/Tom_Curley_0001.jpg,Wanda_de_la_Jesus/Wanda_de_la_Jesus_0001.jpg,0,0.06452595
Troy_Jenkins/Troy_Jenkins_0001.jpg,Walid_Al-Awadi/Walid_Al-Awadi_0001.jpg,0,-0.04180115
William_Overlin/William_Overlin_0001.jpg,Yekaterina_Guseva/Yekaterina_Guseva_0001.jpg,0,0.08193649
Aaron_Patterson/Aaron_Patterson_0001.jpg,Frank_Bell/Frank_Bell_0001.jpg,0,-0.03850175
Abdoulaye_Wade/Abdoulaye_Wade_0004.jpg,Bruce_Weber/Bruce_Weber_0002.jpg,0,0.02350961
Abner_Martinez/Abner_Martinez_0001.jpg,Carlos_Alberto/Carlos_Alberto_0001.jpg,0,0.03824549
Adam_Sandler/Adam_Sandler_0002.jpg,Matthew_Ouimet/Matthew_Ouimet_0001.jpg,0,0.08081424
Adam_Sandler/Adam_Sandler_0003.jpg,Saeed_Anwar/Saeed_Anwar_0001.jpg,0,0.20557541
Adolfo_Aguilar_Zinser/Adolfo_Aguilar_Zinser_0003.jpg,Jaime_Pressly/Jaime_Pressly_0001.jpg,0,-0.09788752
Agnelo_Queiroz/Agnelo_Queiroz_0001.jpg,Aung_San_Suu_Kyi/Aung_San_Suu_Kyi_0002.jpg,0,0.08917344
Agnelo_Queiroz/Agnelo_Queiroz_0001.jpg,Dave_Barr/Dave_Barr_0001.jpg,0,-0.05935161
Aicha_El_Ouafi/Aicha_El_Ouafi_0003.jpg,Michael_Lechner/Michael_Lechner_0001.jpg,0,0.01842299
Akbar_Hashemi_Rafsanjani/Akbar_Hashemi_Rafsanjani_0001.jpg,Larry_Harris/Larry_Harris_0001.jpg,0,0.12549639
Al_Pacino/Al_Pacino_0002.jpg,Charles_Cope/Charles_Cope_0001.jpg,0,0.28058100
Alex_Barros/Alex_Barros_0001.jpg,Brandon_Jones/Brandon_Jones_0001.jpg,0,0.17940713
Alex_Barros/Alex_Barros_0002.jpg,Will_Smith/Will_Smith_0002.jpg,0,0.06098492
Alex_Ferguson/Alex_Ferguson_0001.jpg,Rainer_Gut/Rainer_Gut_0001.jpg,0,0.01144204
Alex_Wallau/Alex_Wallau_0001.jpg,Shireen_Amir_Begum/Shireen_Amir_Begum_0001.jpg,0,-0.03450780
Alexandra_Jackson/Alexandra_Jackson_0001.jpg,Larry_Harris/Larry_Harris_0001.jpg,0,-0.35524258
Alfonso_Portillo/Alfonso_Portillo_0001.jpg,Benito_Santiago/Benito_Santiago_0001.jpg,0,0.25463593
Alfonso_Portillo/Alfonso_Portillo_0001.jpg,Faye_Alibocus/Faye_Alibocus_0001.jpg,0,0.32067254
Alfonso_Portillo/Alfonso_Portillo_0001.jpg,Fidel_Castro/Fidel_Castro_0017.jpg,0,0.07766365
Ali_Abdullah_Saleh/Ali_Abdullah_Saleh_0001.jpg,Khalid_Qazi/Khalid_Qazi_0001.jpg,0,-0.00585146
Allan_Houston/Allan_Houston_0001.jpg,Andy_Garcia/Andy_Garcia_0001.jpg,0,0.11770758
Allan_Houston/Allan_Houston_0001.jpg,Heidi_Klum/Heidi_Klum_0001.jpg,0,-0.12012348
Allan_Houston/Allan_Houston_0001.jpg,Thomas_Mesereau_Jr/Thomas_Mesereau_Jr_0001.jpg,0,0.20703357
Ally_Sheedy/Ally_Sheedy_0001.jpg,Hugh_Carey/Hugh_Carey_0001.jpg,0,-0.00880830
Ally_Sheedy/Ally_Sheedy_0001.jpg,Myung_Yang/Myung_Yang_0001.jpg,0,0.09935692
Amanda_Marsh/Amanda_Marsh_0001.jpg,Tony_Curtis/Tony_Curtis_0002.jpg,0,-0.00204158
Anastasia_Myskina/Anastasia_Myskina_0001.jpg,Raul_Gonzalez/Raul_Gonzalez_0001.jpg,0,0.00590812
Anastasia_Myskina/Anastasia_Myskina_0003.jpg,Len_Jenoff/Len_Jenoff_0002.jpg,0,0.09921538
Andrzej_Tyszkiewicz/Andrzej_Tyszkiewicz_0001.jpg,Wes_Craven/Wes_Craven_0001.jpg,0,0.10123253
Andy_Griggs/Andy_Griggs_0001.jpg,Lech_Walesa/Lech_Walesa_0002.jpg,0,0.09464973
Andy_Rooney/Andy_Rooney_0001.jpg,Jessica_Simpson/Jessica_Simpson_0001.jpg,0,0.07308863
Anna_Nicole_Smith/Anna_Nicole_Smith_0002.jpg,Marcus_Garrettson/Marcus_Garrettson_0001.jpg,0,0.04615928
Antonio_Palocci/Antonio_Palocci_0003.jpg,Liza_Minnelli/Liza_Minnelli_0001.jpg,0,0.10457067
Antonio_Palocci/Antonio_Palocci_0005.jpg,JC_Chasez/JC_Chasez_0001.jpg,0,0.14018437
Antonio_Palocci/Antonio_Palocci_0005.jpg,Jose_Woldenberg/Jose_Woldenberg_0001.jpg,0,0.12872584
Antonio_Palocci/Antonio_Palocci_0006.jpg,John_Geoghan/John_Geoghan_0001.jpg,0,0.08794287
Antonio_Palocci/Antonio_Palocci_0008.jpg,Hans_Corell/Hans_Corell_0001.jpg,0,0.11178837
Arif_Mardin/Arif_Mardin_0001.jpg,Eduardo_Fischer/Eduardo_Fischer_0001.jpg,0,0.09476919
Arnaud_Lagardere/Arnaud_Lagardere_0001.jpg,Melanie_Griffith/Melanie_Griffith_0003.jpg,0,-0.03252316
Ashton_Kutcher/Ashton_Kutcher_0002.jpg,Daniel_Barenboim/Daniel_Barenboim_0001.jpg,0,-0.02666583
Asif_Hanif/Asif_Hanif_0001.jpg,Robbie_Williams/Robbie_Williams_0001.jpg,0,-0.06506310
Asmaa_Assad/Asmaa_Assad_0001.jpg,Barry_Hinson/Barry_Hinson_0001.jpg,0,-0.07746609
Aung_San_Suu_Kyi/Aung_San_Suu_Kyi_0001.jpg,Charla_Moye/Charla_Moye_0001.jpg,0,0.09381206
Azmi_Bishara/Azmi_Bishara_0001.jpg,Sammy_Sosa/Sammy_Sosa_0002.jpg,0,0.20312026
Barry_Hinson/Barry_Hinson_0001.jpg,Nino_DAngelo/Nino_DAngelo_0001.jpg,0,0.21773405
Barry_Zito/Barry_Zito_0002.jpg,Chris_Gratton/Chris_Gratton_0001.jpg,0,0.05607979
Bill_Graham/Bill_Graham_0008.jpg,Michelle_Hofland/Michelle_Hofland_0001.jpg,0,0.03295585
Bill_Graham/Bill_Graham_0009.jpg,Jacqueline_Marris/Jacqueline_Marris_0001.jpg,0,-0.07945332
Bill_Readdy/Bill_Readdy_0001.jpg,Brendan_Gaughan/Brendan_Gaughan_0001.jpg,0,0.27541828
Bill_Readdy/Bill_Readdy_0001.jpg,Jaymon_Crabb/Jaymon_Crabb_0001.jpg,0,0.12632582
Bill_Readdy/Bill_Readdy_0001.jpg,Yasser_Arafat/Yasser_Arafat_0003.jpg,0,0.06739644
Billy_Rork/Billy_Rork_0001.jpg,Eva_Mendes/Eva_Mendes_0001.jpg,0,0.02713216
Billy_Rork/Billy_Rork_0001.jpg,German_Khan/German_Khan_0001.jpg,0,-0.00627007
Billy_Rork/Billy_Rork_0001.jpg,Peter_Struck/Peter_Struck_0002.jpg,0,0.45929575
Bison_Dele/Bison_Dele_0001.jpg,Brian_McIntyre/Brian_McIntyre_0001.jpg,0,0.15328889
Bob_Dole/Bob_Dole_0002.jpg,Dai_Chul_Chyung/Dai_Chul_Chyung_0001.jpg,0,0.02271854
Bob_Dole/Bob_Dole_0002.jpg,John_Henry/John_Henry_0001.jpg,0,0.00764920
Bob_Dole/Bob_Dole_0003.jpg,Chris_Gratton/Chris_Gratton_0001.jpg,0,-0.05126125
Bob_Dole/Bob_Dole_0003.jpg,Hugh_Carey/Hugh_Carey_0001.jpg,0,0.21529016
Bob_Geldof/Bob_Geldof_0001.jpg,Zoran_Djindjic/Zoran_Djindjic_0002.jpg,0,-0.01748348
Bob_Geldof/Bob_Geldof_0002.jpg,Ed_Wade/Ed_Wade_0001.jpg,0,0.09094861
Bob_Holden/Bob_Holden_0001.jpg,Fernando_Leon_de_Aranoa/Fernando_Leon_de_Aranoa_0001.jpg,0,0.03181816
Bob_Iger/Bob_Iger_0001.jpg,Edie_Falco/Edie_Falco_0001.jpg,0,-0.01684895
Bob_Iger/Bob_Iger_0001.jpg,Jean-Claude_Van_Damme/Jean-Claude_Van_Damme_0001.jpg,0,0.28066352
Brian_Clemens/Brian_Clemens_0001.jpg,Brian_Meadors/Brian_Meadors_0001.jpg,0,0.07164264
Brian_Clemens/Brian_Clemens_0001.jpg,Melanie_Griffith/Melanie_Griffith_0002.jpg,0,0.06869816
Brian_Heidik/Brian_Heidik_0002.jpg,Djabir_Said-Guerni/Djabir_Said-Guerni_0001.jpg,0,0.16830133
Brian_McIntyre/Brian_McIntyre_0001.jpg,Hans_Corell/Hans_Corell_0001.jpg,0,0.12241289
Brian_McIntyre/Brian_McIntyre_0001.jpg,Mohammed_Abulhasan/Mohammed_Abulhasan_0001.jpg,0,0.05665756
Brian_Pavlich/Brian_Pavlich_0001.jpg,Ruben_Wolkowyski/Ruben_Wolkowyski_0001.jpg,0,0.15156181
Brook_Robinson/Brook_Robinson_0001.jpg,Tom_McClintock/Tom_McClintock_0001.jpg,0,0.24056926
Brooke_Adams/Brooke_Adams_0001.jpg,Paula_Prentiss/Paula_Prentiss_0001.jpg,0,0.05764295
Brooke_Gordon/Brooke_Gordon_0001.jpg,Joschka_Fischer/Joschka_Fischer_0012.jpg,0,0.01510057
Bruce_Weber/Bruce_Weber_0001.jpg,Hal_Sellers/Hal_Sellers_0001.jpg,0,0.25177726
Bryan_Thomas/Bryan_Thomas_0001.jpg,Joey_Mantia/Joey_Mantia_0001.jpg,0,0.05136867
Bustam_A_Zedan_Aljanabi/Bustam_A_Zedan_Aljanabi_0001.jpg,Kajsa_Bergqvist/Kajsa_Bergqvist_0001.jpg,0,0.22177607
Calvin_Joseph_Coleman/Calvin_Joseph_Coleman_0001.jpg,Hassan_Nasrallah/Hassan_Nasrallah_0001.jpg,0,0.01843964
Carla_Sullivan/Carla_Sullivan_0001.jpg,Edie_Falco/Edie_Falco_0001.jpg,0,0.10325225
Carlos_Barragan/Carlos_Barragan_0001.jpg,Chen_Shui-bian/Chen_Shui-bian_0003.jpg,0,0.21102177
Carlos_Salinas/Carlos_Salinas_0001.jpg,Norman_Mailer/Norman_Mailer_0001.jpg,0,0.12502491
Carlos_Salinas/Carlos_Salinas_0001.jpg,Sonya_Walger/Sonya_Walger_0001.jpg,0,-0.04643513
Carolyn_Dawn_Johnson/Carolyn_Dawn_Johnson_0003.jpg,Lydia_Shum/Lydia_Shum_0001.jpg,0,-0.03282963
Carolyn_Kuhl/Carolyn_Kuhl_0001.jpg,Pierre_Boulanger/Pierre_Boulanger_0001.jpg,0,0.06194789
Celine_Dion/Celine_Dion_0002.jpg,John_Stallworth/John_Stallworth_0002.jpg,0,0.03433162
Celine_Dion/Celine_Dion_0005.jpg,Linda_Baboolal/Linda_Baboolal_0001.jpg,0,0.03852851
Celine_Dion/Celine_Dion_0005.jpg,Tom_Poston/Tom_Poston_0001.jpg,0,0.00939813
Chakib_Khelil/Chakib_Khelil_0002.jpg,Chuck_Woolery/Chuck_Woolery_0001.jpg,0,0.04640654
Charla_Moye/Charla_Moye_0001.jpg,Patti_Balgojevich/Patti_Balgojevich_0001.jpg,0,0.02220862
Charles_Cope/Charles_Cope_0001.jpg,Garry_Alejano/Garry_Alejano_0001.jpg,0,0.20613532
Charles_Holzner/Charles_Holzner_0001.jpg,Eurico_Guterres/Eurico_Guterres_0001.jpg,0,0.16818748
Charles_Holzner/Charles_Holzner_0001.jpg,Greg_Kinnear/Greg_Kinnear_0001.jpg,0,-0.11314910
Chen_Shui-bian/Chen_Shui-bian_0003.jpg,Gaston_Gaudio/Gaston_Gaudio_0001.jpg,0,0.01654527
Chris_Gratton/Chris_Gratton_0001.jpg,Mario_Vasquez_Rana/Mario_Vasquez_Rana_0001.jpg,0,0.10872230
Chris_Kolanas/Chris_Kolanas_0001.jpg,Joshua_Gracin/Joshua_Gracin_0001.jpg,0,0.13802928
Claudia_Pechstein/Claudia_Pechstein_0002.jpg,Mireille_Jospin-Dandieu/Mireille_Jospin-Dandieu_0001.jpg,0,0.01490094
Clay_Aiken/Clay_Aiken_0001.jpg,Svetlana_Koroleva/Svetlana_Koroleva_0001.jpg,0,0.02845911
Colin_Powell/Colin_Powell_0095.jpg,Frank_Hsieh/Frank_Hsieh_0001.jpg,0,0.14946136
Craig_David/Craig_David_0001.jpg,Tom_McClintock/Tom_McClintock_0001.jpg,0,-0.04680496
Craig_Wilson/Craig_Wilson_0001.jpg,Kajsa_Bergqvist/Kajsa_Bergqvist_0001.jpg,0,0.06242751
Cristina_Fernandez/Cristina_Fernandez_0002.jpg,Stephen_Cooper/Stephen_Cooper_0001.jpg,0,-0.01943628
Curtis_Joseph/Curtis_Joseph_0001.jpg,Terrell_Suggs/Terrell_Suggs_0002.jpg,0,-0.04856038
Cynthia_Rowley/Cynthia_Rowley_0001.jpg,Michael_Friedman/Michael_Friedman_0001.jpg,0,-0.04967400
Damon_van_Dam/Damon_van_Dam_0002.jpg,Jason_Sorens/Jason_Sorens_0001.jpg,0,0.03802814
Daniel_Barenboim/Daniel_Barenboim_0001.jpg,Tyler_Grillo/Tyler_Grillo_0001.jpg,0,-0.01880739
Daniel_Bruehl/Daniel_Bruehl_0001.jpg,Gus_Frerotte/Gus_Frerotte_0001.jpg,0,-0.02173209
Daniel_Bruehl/Daniel_Bruehl_0001.jpg,Max_Mosley/Max_Mosley_0001.jpg,0,0.16009934
Daniel_Bruehl/Daniel_Bruehl_0001.jpg,Ramon_Cardenas/Ramon_Cardenas_0001.jpg,0,-0.05388432
Daniele_Bergamin/Daniele_Bergamin_0001.jpg,Kenneth_Evans/Kenneth_Evans_0001.jpg,0,-0.09351954
Danielle_Spencer/Danielle_Spencer_0001.jpg,Rachel_Wheatley/Rachel_Wheatley_0001.jpg,0,0.01668375
Darcy_Regier/Darcy_Regier_0001.jpg,William_Hurt/William_Hurt_0001.jpg,0,0.13916022
Dave_Matthews/Dave_Matthews_0001.jpg,Linda_Dano/Linda_Dano_0001.jpg,0,0.03179802
Dave_Matthews/Dave_Matthews_0001.jpg,Paul_Burrell/Paul_Burrell_0007.jpg,0,0.12592885
Dave_McNealey/Dave_McNealey_0001.jpg,Gerald_Riley/Gerald_Riley_0001.jpg,0,0.13081807
David_Bisbal/David_Bisbal_0001.jpg,Terri_Clark/Terri_Clark_0001.jpg,0,0.15702102
David_Chase/David_Chase_0001.jpg,Ekaterina_Dmitriev/Ekaterina_Dmitriev_0001.jpg,0,0.05592987
David_McCullough/David_McCullough_0001.jpg,Evo_Morales/Evo_Morales_0001.jpg,0,0.19811448
David_McKiernan/David_McKiernan_0001.jpg,Fernando_Leon_de_Aranoa/Fernando_Leon_de_Aranoa_0001.jpg,0,0.05264026
David_McKiernan/David_McKiernan_0001.jpg,Jane_Leeves/Jane_Leeves_0001.jpg,0,0.06136067
Dennis_Erickson/Dennis_Erickson_0002.jpg,Hisham_Halawi/Hisham_Halawi_0001.jpg,0,0.11376920
Dennis_Erickson/Dennis_Erickson_0002.jpg,Noer_Muis/Noer_Muis_0001.jpg,0,0.16297635
Derek_Lowe/Derek_Lowe_0002.jpg,Hisham_Halawi/Hisham_Halawi_0001.jpg,0,-0.06833908
Derek_Lowe/Derek_Lowe_0002.jpg,Madonna/Madonna_0001.jpg,0,0.17485383
Derek_Lowe/Derek_Lowe_0002.jpg,Mohamed_Benaissa/Mohamed_Benaissa_0001.jpg,0,-0.00029814
Diego_Colorado/Diego_Colorado_0001.jpg,Jason_Sorens/Jason_Sorens_0001.jpg,0,-0.03876974
Diego_Colorado/Diego_Colorado_0001.jpg,John_Gordnick/John_Gordnick_0001.jpg,0,0.37858644
Diego_Diego_Lerman/Diego_Diego_Lerman_0001.jpg,Francisco_Flores/Francisco_Flores_0002.jpg,0,0.05859909
Diego_Diego_Lerman/Diego_Diego_Lerman_0001.jpg,Lesley_Coppin/Lesley_Coppin_0001.jpg,0,0.09206372
Djabir_Said-Guerni/Djabir_Said-Guerni_0001.jpg,Paul_Tracy/Paul_Tracy_0001.jpg,0,0.10820018
Djabir_Said-Guerni/Djabir_Said-Guerni_0001.jpg,Pedro_Solbes/Pedro_Solbes_0003.jpg,0,-0.01400523
Dominik_Hrbaty/Dominik_Hrbaty_0001.jpg,Toshi_Izawa/Toshi_Izawa_0001.jpg,0,0.08727445
Donald_Keck/Donald_Keck_0001.jpg,Kyoko_Nakayama/Kyoko_Nakayama_0001.jpg,0,-0.10014839
Donald_Keck/Donald_Keck_0001.jpg,Tom_Poston/Tom_Poston_0001.jpg,0,0.03618004
Donna_Walker/Donna_Walker_0001.jpg,Jacqueline_Marris/Jacqueline_Marris_0001.jpg,0,0.07885636
Dragan_Covic/Dragan_Covic_0001.jpg,Todd_Reid/Todd_Reid_0001.jpg,0,0.00173143
Dudley_Rogers/Dudley_Rogers_0001.jpg,Syed_Ibrahim/Syed_Ibrahim_0001.jpg,0,-0.01416262
Dunn_Lampton/Dunn_Lampton_0001.jpg,Jessica_Simpson/Jessica_Simpson_0001.jpg,0,0.11434893
Dustin_Hoffman/Dustin_Hoffman_0001.jpg,Nicole_Parker/Nicole_Parker_0001.jpg,0,-0.09516902
Ed_Wade/Ed_Wade_0001.jpg,Roger_Staubach/Roger_Staubach_0001.jpg,0,0.02489631
Ed_Wade/Ed_Wade_0001.jpg,Terri_Clark/Terri_Clark_0001.jpg,0,0.04528367
Eddie_Lucio/Eddie_Lucio_0001.jpg,Patti_Balgojevich/Patti_Balgojevich_0001.jpg,0,0.04571835
Eddie_Sutton/Eddie_Sutton_0001.jpg,James_Wattana/James_Wattana_0001.jpg,0,0.14341414
Eddie_Sutton/Eddie_Sutton_0001.jpg,Jeanne_Anne_Schroeder/Jeanne_Anne_Schroeder_0001.jpg,0,0.18710962
Eddie_Sutton/Eddie_Sutton_0002.jpg,Ronald_Ito/Ronald_Ito_0001.jpg,0,0.11912211
Eduardo_Fischer/Eduardo_Fischer_0001.jpg,Kimberly_Bruckner/Kimberly_Bruckner_0001.jpg,0,-0.00145859
Edward_Lohn/Edward_Lohn_0001.jpg,Lily_Safra/Lily_Safra_0001.jpg,0,0.10089506
Edward_Lohn/Edward_Lohn_0001.jpg,Nino_DAngelo/Nino_DAngelo_0001.jpg,0,0.24353853
Ekaterina_Dmitriev/Ekaterina_Dmitriev_0001.jpg,Mitch_Kupchak/Mitch_Kupchak_0001.jpg,0,0.06586494
Eladio_Larez/Eladio_Larez_0001.jpg,Frank_Pallone/Frank_Pallone_0001.jpg,0,0.14301510
Eli_Broad/Eli_Broad_0001.jpg,Ravan_AG_Farhadi/Ravan_AG_Farhadi_0001.jpg,0,0.33340469
Elijah_Wood/Elijah_Wood_0002.jpg,Stefano_Gabbana/Stefano_Gabbana_0001.jpg,0,0.12451726
Elijah_Wood/Elijah_Wood_0003.jpg,Marcus_Garrettson/Marcus_Garrettson_0001.jpg,0,-0.09798787
Elijan_Ingram/Elijan_Ingram_0001.jpg,Michelle_Hofland/Michelle_Hofland_0001.jpg,0,0.05664041
Elijan_Ingram/Elijan_Ingram_0001.jpg,Nastia_Liukin/Nastia_Liukin_0001.jpg,0,-0.07636447
Elvis_Costello/Elvis_Costello_0001.jpg,Jaime_Pressly/Jaime_Pressly_0001.jpg,0,-0.03287773
Emelie_Loit/Emelie_Loit_0001.jpg,Thomas_Mesereau_Jr/Thomas_Mesereau_Jr_0001.jpg,0,0.17372039
Eric_Staal/Eric_Staal_0001.jpg,Jerry_Lewis/Jerry_Lewis_0001.jpg,0,0.01777057
Erin_Hershey_Presley/Erin_Hershey_Presley_0001.jpg,Frank_Dunham_Jr/Frank_Dunham_Jr_0001.jpg,0,0.05738141
Erin_Hershey_Presley/Erin_Hershey_Presley_0001.jpg,Yukio_Hatoyama/Yukio_Hatoyama_0001.jpg,0,-0.01438984
Eva_Mendes/Eva_Mendes_0001.jpg,Larry_Harris/Larry_Harris_0001.jpg,0,0.14615069
Faye_Alibocus/Faye_Alibocus_0001.jpg,Frank_Bell/Frank_Bell_0001.jpg,0,-0.02869568
Faye_Alibocus/Faye_Alibocus_0001.jpg,Tommy_Tubberville/Tommy_Tubberville_0001.jpg,0,0.07994782
Felix_Mantilla/Felix_Mantilla_0001.jpg,Jerry_Lewis/Jerry_Lewis_0001.jpg,0,0.09745553
Fernando_Leon_de_Aranoa/Fernando_Leon_de_Aranoa_0001.jpg,John_Scarlett/John_Scarlett_0001.jpg,0,0.09763748
Fernando_Leon_de_Aranoa/Fernando_Leon_de_Aranoa_0001.jpg,Mike_Leach/Mike_Leach_0001.jpg,0,-0.08852474
Fidel_Castro/Fidel_Castro_0007.jpg,Hu_Maoyuan/Hu_Maoyuan_0001.jpg,0,0.11872719
Francisco_Flores/Francisco_Flores_0004.jpg,Hisham_Halawi/Hisham_Halawi_0001.jpg,0,-0.10904889
Frank_Bell/Frank_Bell_0001.jpg,Khatol_Mohammad_Zai/Khatol_Mohammad_Zai_0001.jpg,0,0.03580341
Frank_Dunham_Jr/Frank_Dunham_Jr_0001.jpg,Tom_McClintock/Tom_McClintock_0001.jpg,0,0.09467440
Frank_Hsieh/Frank_Hsieh_0001.jpg,Paula_Prentiss/Paula_Prentiss_0001.jpg,0,-0.12280276
Frank_Pallone/Frank_Pallone_0001.jpg,Jim_Wall/Jim_Wall_0001.jpg,0,-0.00536526
Frank_Pallone/Frank_Pallone_0001.jpg,Mary_Tyler_Moore/Mary_Tyler_Moore_0002.jpg,0,-0.03784610
Frank_Schmoekel/Frank_Schmoekel_0001.jpg,Ronald_Ito/Ronald_Ito_0001.jpg,0,0.08624403
Franko_Simatovic/Franko_Simatovic_0002.jpg,Tyler_Grillo/Tyler_Grillo_0001.jpg,0,0.02399464
Franz_Gsell/Franz_Gsell_0001.jpg,John_Scarlett/John_Scarlett_0001.jpg,0,0.11400057
Franz_Gsell/Franz_Gsell_0001.jpg,Sarah_Jessica_Parker/Sarah_Jessica_Parker_0002.jpg,0,0.01684988
Fred_Eckhard/Fred_Eckhard_0001.jpg,Rachel_Wheatley/Rachel_Wheatley_0001.jpg,0,0.05087141
Garry_Alejano/Garry_Alejano_0001.jpg,Iban_Mayo/Iban_Mayo_0001.jpg,0,0.05627021
Garry_Alejano/Garry_Alejano_0001.jpg,Michael_Olowokandi/Michael_Olowokandi_0001.jpg,0,-0.02945122
Garry_Alejano/Garry_Alejano_0001.jpg,Morgan_Freeman/Morgan_Freeman_0002.jpg,0,-0.15568861
Garry_Alejano/Garry_Alejano_0001.jpg,Peter_Struck/Peter_Struck_0005.jpg,0,0.06650317
Gary_Marshall/Gary_Marshall_0001.jpg,Rashid_Qureshi/Rashid_Qureshi_0001.jpg,0,0.04873832
Gerald_Fitch/Gerald_Fitch_0001.jpg,Robin_Williams/Robin_Williams_0001.jpg,0,0.07789668
Gerald_Riley/Gerald_Riley_0001.jpg,Michael_Hagee/Michael_Hagee_0001.jpg,0,0.11635128
German_Khan/German_Khan_0001.jpg,Morgan_Freeman/Morgan_Freeman_0002.jpg,0,-0.06665821
Grady_Little/Grady_Little_0001.jpg,Robert_Morvillo/Robert_Morvillo_0001.jpg,0,0.13158822
Hal_Sellers/Hal_Sellers_0001.jpg,Janet_Thorpe/Janet_Thorpe_0001.jpg,0,0.06082170
Hans_Corell/Hans_Corell_0001.jpg,John_Gordnick/John_Gordnick_0001.jpg,0,-0.01173096
Heidi_Klum/Heidi_Klum_0002.jpg,Paul_Reiser/Paul_Reiser_0001.jpg,0,0.03537912
Heidi_Klum/Heidi_Klum_0003.jpg,Pedro_Solbes/Pedro_Solbes_0001.jpg,0,0.08924618
Hermando_Harton/Hermando_Harton_0001.jpg,Paris_Hilton/Paris_Hilton_0002.jpg,0,0.09637997
Holly_Robinson_Peete/Holly_Robinson_Peete_0001.jpg,Michael_Hagee/Michael_Hagee_0001.jpg,0,-0.02144318
Howard_Ross/Howard_Ross_0001.jpg,Kajsa_Bergqvist/Kajsa_Bergqvist_0001.jpg,0,0.23033392
Howard_Ross/Howard_Ross_0001.jpg,Patsy_Hardy/Patsy_Hardy_0001.jpg,0,0.07877235
Hugh_Carey/Hugh_Carey_0001.jpg,Lawrence_Roberts/Lawrence_Roberts_0001.jpg,0,0.03938534
Hugh_Carey/Hugh_Carey_0001.jpg,Tracee_Treadwell/Tracee_Treadwell_0001.jpg,0,0.04113904
Iban_Mayo/Iban_Mayo_0002.jpg,Juan_Valencia_Osorio/Juan_Valencia_Osorio_0001.jpg,0,-0.02402923
Iban_Mayo/Iban_Mayo_0002.jpg,Rosalie_Perkov/Rosalie_Perkov_0001.jpg,0,-0.06367755
Ibrahim_Al-Marashi/Ibrahim_Al-Marashi_0001.jpg,John_Travolta/John_Travolta_0003.jpg,0,0.08319068
Ibrahim_Al-Marashi/Ibrahim_Al-Marashi_0001.jpg,Joshua_Gracin/Joshua_Gracin_0001.jpg,0,0.30052182
Imad_Moustapha/Imad_Moustapha_0002.jpg,Kyoko_Nakayama/Kyoko_Nakayama_0001.jpg,0,0.02370177
Ira_Einhorn/Ira_Einhorn_0001.jpg,John_Ruiz/John_Ruiz_0002.jpg,0,-0.06521428
Jacqueline_Marris/Jacqueline_Marris_0001.jpg,Matthew_Ouimet/Matthew_Ouimet_0001.jpg,0,0.09158140
Jaime_Pressly/Jaime_Pressly_0001.jpg,Tiago_Splitter/Tiago_Splitter_0001.jpg,0,-0.05073159
James_Brown/James_Brown_0001.jpg,Mary_Blige/Mary_Blige_0001.jpg,0,0.08793468
James_Brown/James_Brown_0001.jpg,Paul_Reiser/Paul_Reiser_0001.jpg,0,0.16788319
James_Mathis/James_Mathis_0001.jpg,Yuri_Fedotov/Yuri_Fedotov_0001.jpg,0,0.03735211
James_Wattana/James_Wattana_0001.jpg,Paul_Reiser/Paul_Reiser_0001.jpg,0,-0.00627149
James_Wattana/James_Wattana_0001.jpg,Ron_Kirk/Ron_Kirk_0001.jpg,0,0.07917974
James_Young/James_Young_0001.jpg,Jeffrey_Scott_Postell/Jeffrey_Scott_Postell_0002.jpg,0,0.10939083
James_Young/James_Young_0001.jpg,Ronald_Harwood/Ronald_Harwood_0001.jpg,0,0.16649705
Jane_Leeves/Jane_Leeves_0001.jpg,Tom_McClintock/Tom_McClintock_0001.jpg,0,0.09373247
Janet_Crawford/Janet_Crawford_0001.jpg,Thomas_Scavone/Thomas_Scavone_0001.jpg,0,-0.06416128
Jason_Sorens/Jason_Sorens_0001.jpg,Lidija_Djukanovic/Lidija_Djukanovic_0001.jpg,0,-0.01535192
Jason_Vale/Jason_Vale_0001.jpg,Marcus_Garrettson/Marcus_Garrettson_0001.jpg,0,0.13133349
Jason_Vale/Jason_Vale_0001.jpg,Zoran_Djindjic/Zoran_Djindjic_0003.jpg,0,0.06802941
Jaymon_Crabb/Jaymon_Crabb_0001.jpg,Ted_Christopher/Ted_Christopher_0001.jpg,0,0.18893410
Jeff_Weaver/Jeff_Weaver_0001.jpg,Kyoko_Nakayama/Kyoko_Nakayama_0001.jpg,0,-0.04980300
Jeff_Weaver/Jeff_Weaver_0001.jpg,Rosalie_Perkov/Rosalie_Perkov_0001.jpg,0,-0.05462644
Jeffrey_Scott_Postell/Jeffrey_Scott_Postell_0001.jpg,Tara_Dawn_Christensen/Tara_Dawn_Christensen_0001.jpg,0,0.00712679
Jeffrey_Scott_Postell/Jeffrey_Scott_Postell_0002.jpg,Lesley_Coppin/Lesley_Coppin_0001.jpg,0,0.10109310
Jennifer_Capriati/Jennifer_Capriati_0026.jpg,Ruben_Wolkowyski/Ruben_Wolkowyski_0001.jpg,0,0.16991976
Jim_Bunning/Jim_Bunning_0001.jpg,Terence_Newman/Terence_Newman_0001.jpg,0,0.12204645
Jim_Jeffords/Jim_Jeffords_0001.jpg,Peter_Rasch/Peter_Rasch_0001.jpg,0,0.29379934
Jim_Jeffords/Jim_Jeffords_0001.jpg,Tom_Sizemore/Tom_Sizemore_0001.jpg,0,0.14144517
Job_Cohen/Job_Cohen_0001.jpg,John_Stockton/John_Stockton_0002.jpg,0,0.24351524
John_Franco/John_Franco_0001.jpg,Paul_Wolfowitz/Paul_Wolfowitz_0004.jpg,0,0.17516553
John_Gordnick/John_Gordnick_0001.jpg,Linda_Dano/Linda_Dano_0001.jpg,0,0.17735690
John_Gordnick/John_Gordnick_0001.jpg,Paul_Vathis/Paul_Vathis_0001.jpg,0,-0.06779310
John_Gordnick/John_Gordnick_0001.jpg,Yasser_Arafat/Yasser_Arafat_0003.jpg,0,0.05928534
John_Stockton/John_Stockton_0004.jpg,Patsy_Hardy/Patsy_Hardy_0001.jpg,0,0.06161255
John_Travolta/John_Travolta_0002.jpg,Lech_Walesa/Lech_Walesa_0001.jpg,0,0.00074707
Juan_Valencia_Osorio/Juan_Valencia_Osorio_0001.jpg,Tom_Daschle/Tom_Daschle_0006.jpg,0,0.14969087
Juergen_Schrempp/Juergen_Schrempp_0001.jpg,Mitt_Romney/Mitt_Romney_0001.jpg,0,0.21452296
Julien_Boutter/Julien_Boutter_0001.jpg,Saeed_Anwar/Saeed_Anwar_0001.jpg,0,-0.11799398
Kaisser_Bazan/Kaisser_Bazan_0001.jpg,Lawrence_Vito/Lawrence_Vito_0001.jpg,0,-0.07260250
Kaisser_Bazan/Kaisser_Bazan_0001.jpg,Pierre_Lacroix/Pierre_Lacroix_0001.jpg,0,0.18534082
Kajsa_Bergqvist/Kajsa_Bergqvist_0001.jpg,Tayshaun_Prince/Tayshaun_Prince_0001.jpg,0,-0.11192785
Keith_Snyder/Keith_Snyder_0001.jpg,Terri_Clark/Terri_Clark_0001.jpg,0,0.09226214
Kemal_Dervis/Kemal_Dervis_0003.jpg,Roger_Staubach/Roger_Staubach_0001.jpg,0,0.11727534
Kifah_Ajouri/Kifah_Ajouri_0001.jpg,Laurie_Pirtle/Laurie_Pirtle_0001.jpg,0,0.07598537
Kifah_Ajouri/Kifah_Ajouri_0001.jpg,Raul_Gonzalez/Raul_Gonzalez_0001.jpg,0,0.23669493
Kimberly_Bruckner/Kimberly_Bruckner_0001.jpg,Pete_Carroll/Pete_Carroll_0001.jpg,0,0.00566865
Kirk_Douglas/Kirk_Douglas_0001.jpg,Nida_Blanca/Nida_Blanca_0001.jpg,0,-0.00285621
Larry_Harris/Larry_Harris_0001.jpg,Michael_Lechner/Michael_Lechner_0001.jpg,0,-0.02506165
Larry_Lucchino/Larry_Lucchino_0001.jpg,Rudy_Tomjanovich/Rudy_Tomjanovich_0001.jpg,0,0.17706689
Latrell_Sprewell/Latrell_Sprewell_0001.jpg,Rosalie_Perkov/Rosalie_Perkov_0001.jpg,0,0.05551810
Laura_Schlessinger/Laura_Schlessinger_0001.jpg,Tony_Curtis/Tony_Curtis_0001.jpg,0,0.14407857
Laurie_Pirtle/Laurie_Pirtle_0001.jpg,Roberta_Combs/Roberta_Combs_0001.jpg,0,0.14362219
Lawrence_Roberts/Lawrence_Roberts_0001.jpg,Lynne_Thigpen/Lynne_Thigpen_0001.jpg,0,0.09700196
Lawrence_Roberts/Lawrence_Roberts_0001.jpg,Nick_Cassavetes/Nick_Cassavetes_0001.jpg,0,-0.06124266
Lech_Walesa/Lech_Walesa_0002.jpg,Rick_Wagoner/Rick_Wagoner_0002.jpg,0,0.42060247
Len_Jenoff/Len_Jenoff_0002.jpg,Tom_Daschle/Tom_Daschle_0007.jpg,0,-0.07567212
Lew_Rywin/Lew_Rywin_0001.jpg,Terri_Clark/Terri_Clark_0001.jpg,0,-0.20381895
Linda_Dano/Linda_Dano_0001.jpg,Terence_Newman/Terence_Newman_0001.jpg,0,-0.00954172
Lydia_Shum/Lydia_Shum_0001.jpg,Mario_Vasquez_Rana/Mario_Vasquez_Rana_0001.jpg,0,0.07244603
Lynne_Thigpen/Lynne_Thigpen_0001.jpg,Mary_Blige/Mary_Blige_0001.jpg,0,0.20160306
Malcolm_Glazer/Malcolm_Glazer_0001.jpg,Noer_Muis/Noer_Muis_0001.jpg,0,-0.00535364
Malcolm_Glazer/Malcolm_Glazer_0001.jpg,Tabare_Vazquez/Tabare_Vazquez_0001.jpg,0,0.23261470
Marc_Bulger/Marc_Bulger_0001.jpg,Paul_Wolfowitz/Paul_Wolfowitz_0007.jpg,0,0.05291967
Marcus_Garrettson/Marcus_Garrettson_0001.jpg,Pham_Sy_Chien/Pham_Sy_Chien_0001.jpg,0,0.21329840
Marcus_Garrettson/Marcus_Garrettson_0001.jpg,Roberto_Carlos/Roberto_Carlos_0003.jpg,0,0.14131348
Maribel_Dominguez/Maribel_Dominguez_0001.jpg,Michael_Winterbottom/Michael_Winterbottom_0003.jpg,0,0.09676614
Marion_Barry/Marion_Barry_0001.jpg,Steve_Peace/Steve_Peace_0001.jpg,0,0.15810755
Mark_Hogan/Mark_Hogan_0001.jpg,Queen_Elizabeth_II/Queen_Elizabeth_II_0011.jpg,0,-0.06642078
Mark_Hogan/Mark_Hogan_0001.jpg,Roger_Toussaint/Roger_Toussaint_0001.jpg,0,-0.02558516
Mary_Blige/Mary_Blige_0001.jpg,Raul_Gonzalez/Raul_Gonzalez_0001.jpg,0,0.08732767
Massoud_Barzani/Massoud_Barzani_0001.jpg,Pierre_Lacroix/Pierre_Lacroix_0001.jpg,0,0.13833466
Max_Mosley/Max_Mosley_0001.jpg,Raul_Gonzalez/Raul_Gonzalez_0001.jpg,0,0.13129178
Melvin_Talbert/Melvin_Talbert_0001.jpg,Rudy_Tomjanovich/Rudy_Tomjanovich_0001.jpg,0,0.01352083
Michael_Hagee/Michael_Hagee_0001.jpg,Sonya_Walger/Sonya_Walger_0001.jpg,0,0.06200376
Michael_Killeen/Michael_Killeen_0001.jpg,Sammy_Sosa/Sammy_Sosa_0002.jpg,0,0.05914663
Michael_Olowokandi/Michael_Olowokandi_0001.jpg,Pete_Carroll/Pete_Carroll_0002.jpg,0,0.13399230
Michael_Winterbottom/Michael_Winterbottom_0001.jpg,Pierre_Boulanger/Pierre_Boulanger_0001.jpg,0,0.09674129
Mike_Price/Mike_Price_0002.jpg,Tom_Miller/Tom_Miller_0001.jpg,0,0.12697722
Milo_Maestrecampo/Milo_Maestrecampo_0001.jpg,Yuri_Fedotov/Yuri_Fedotov_0001.jpg,0,0.15600502
Milo_Maestrecampo/Milo_Maestrecampo_0002.jpg,Steve_Peace/Steve_Peace_0001.jpg,0,0.02415234
Milo_Maestrecampo/Milo_Maestrecampo_0003.jpg,Stacey_Dales-Schuman/Stacey_Dales-Schuman_0001.jpg,0,0.10631953
Mitt_Romney/Mitt_Romney_0001.jpg,Nida_Blanca/Nida_Blanca_0001.jpg,0,-0.01390102
Mohamed_ElBaradei/Mohamed_ElBaradei_0008.jpg,Rachel_Wheatley/Rachel_Wheatley_0001.jpg,0,0.04979037
Mohammad_Aktar/Mohammad_Aktar_0001.jpg,Rafeeuddin_Ahmed/Rafeeuddin_Ahmed_0001.jpg,0,0.04980277
Mohammad_Aktar/Mohammad_Aktar_0001.jpg,Tom_McClintock/Tom_McClintock_0001.jpg,0,-0.08844433
Mohammed_Abulhasan/Mohammed_Abulhasan_0001.jpg,Stephane_Rousseau/Stephane_Rousseau_0001.jpg,0,0.01442962
Mohammed_Abulhasan/Mohammed_Abulhasan_0001.jpg,Vladimiro_Montesinos/Vladimiro_Montesinos_0001.jpg,0,0.28581387
Nastia_Liukin/Nastia_Liukin_0001.jpg,Nicole_Parker/Nicole_Parker_0001.jpg,0,0.03706980
Nastia_Liukin/Nastia_Liukin_0001.jpg,Sharon_Davis/Sharon_Davis_0002.jpg,0,-0.00861897
Nicolas_Latorre/Nicolas_Latorre_0001.jpg,Paula_Prentiss/Paula_Prentiss_0001.jpg,0,0.11457369
Nicolas_Latorre/Nicolas_Latorre_0001.jpg,Vassilis_Xiros/Vassilis_Xiros_0001.jpg,0,0.16206141
Nicolas_Latorre/Nicolas_Latorre_0001.jpg,William_Delahunt/William_Delahunt_0001.jpg,0,0.08719806
Pete_Sampras/Pete_Sampras_0010.jpg,Stan_Heath/Stan_Heath_0001.jpg,0,0.10389775
Phil_Vassar/Phil_Vassar_0002.jpg,Tabare_Vazquez/Tabare_Vazquez_0001.jpg,0,0.01853612
Philip_Zalewski/Philip_Zalewski_0001.jpg,Stefan_Holm/Stefan_Holm_0001.jpg,0,0.07205763
Roberto_Carlos/Roberto_Carlos_0001.jpg,Yasser_Arafat/Yasser_Arafat_0005.jpg,0,-0.08327749
Roger_Cook/Roger_Cook_0001.jpg,Wilbert_Foy/Wilbert_Foy_0001.jpg,0,0.16903183
Roger_Staubach/Roger_Staubach_0001.jpg,Severino_Antinori/Severino_Antinori_0001.jpg,0,0.07022181
Ron_Kirk/Ron_Kirk_0001.jpg,Troy_Hudson/Troy_Hudson_0001.jpg,0,0.02318607
Sammy_Sosa/Sammy_Sosa_0002.jpg,Stan_Heath/Stan_Heath_0002.jpg,0,0.05280133
Sandra_Ceccarelli/Sandra_Ceccarelli_0001.jpg,Stephen_Cooper/Stephen_Cooper_0001.jpg,0,0.11170408
Sandra_Ceccarelli/Sandra_Ceccarelli_0001.jpg,Tom_Coughlin/Tom_Coughlin_0001.jpg,0,-0.03040914
Shireen_Amir_Begum/Shireen_Amir_Begum_0001.jpg,Sushma_Swaraj/Sushma_Swaraj_0001.jpg,0,0.19383408
Sinead_OConnor/Sinead_OConnor_0001.jpg,Stephane_Rochon/Stephane_Rochon_0001.jpg,0,-0.04638329
Adrian_Annus/Adrian_Annus_0001.jpg,Jorge_Marquez-Ruarte/Jorge_Marquez-Ruarte_0001.jpg,0,-0.14089473
Adrian_Annus/Adrian_Annus_0001.jpg,Patrick_Bourrat/Patrick_Bourrat_0001.jpg,0,0.10783524
Adrian_Murrell/Adrian_Murrell_0001.jpg,Jose_Cevallos/Jose_Cevallos_0001.jpg,0,0.01054476
Adrian_Murrell/Adrian_Murrell_0001.jpg,Paul_Brandt/Paul_Brandt_0001.jpg,0,-0.13078567
Ahmed_Ibrahim_Bilal/Ahmed_Ibrahim_Bilal_0001.jpg,Beatrice_Dalle/Beatrice_Dalle_0001.jpg,0,-0.10457599
Ahmed_Ibrahim_Bilal/Ahmed_Ibrahim_Bilal_0001.jpg,Lee_Chang-dong/Lee_Chang-dong_0001.jpg,0,0.02458845
Aileen_Riggin_Soule/Aileen_Riggin_Soule_0001.jpg,Norio_Ohga/Norio_Ohga_0001.jpg,0,0.26287395
Aitor_Gonzalez/Aitor_Gonzalez_0002.jpg,Horace_Donovan_Reid/Horace_Donovan_Reid_0001.jpg,0,-0.00296079
Ajit_Agarkar/Ajit_Agarkar_0001.jpg,Jesse_James/Jesse_James_0001.jpg,0,0.13871190
Akbar_Al_Baker/Akbar_Al_Baker_0001.jpg,Andrei_Konchalovsky/Andrei_Konchalovsky_0001.jpg,0,0.11806319
Akbar_Al_Baker/Akbar_Al_Baker_0001.jpg,Bobby_Goldwater/Bobby_Goldwater_0001.jpg,0,0.19657624
Alain_Cervantes/Alain_Cervantes_0001.jpg,Bob_Huggins/Bob_Huggins_0003.jpg,0,0.12266485
Alain_Cervantes/Alain_Cervantes_0001.jpg,Pierre_Png/Pierre_Png_0001.jpg,0,-0.00112267
Alanna_Ubach/Alanna_Ubach_0001.jpg,Paul_Gascoigne/Paul_Gascoigne_0001.jpg,0,0.00666709
Alec_Baldwin/Alec_Baldwin_0004.jpg,Goh_Kun/Goh_Kun_0002.jpg,0,0.02792129
Alex_Holmes/Alex_Holmes_0001.jpg,Beatrice_Dalle/Beatrice_Dalle_0001.jpg,0,0.01712603
Alfred_Sant/Alfred_Sant_0001.jpg,Randall_Tobias/Randall_Tobias_0001.jpg,0,0.23217149
Alfredo_Moreno/Alfredo_Moreno_0001.jpg,Dyab_Abou_Jahjah/Dyab_Abou_Jahjah_0001.jpg,0,0.05486131
Alfredo_Moreno/Alfredo_Moreno_0001.jpg,Suzanne_Torrance/Suzanne_Torrance_0001.jpg,0,0.05886391
Alfredo_Pena/Alfredo_Pena_0001.jpg,Emmanuel_Milingo/Emmanuel_Milingo_0001.jpg,0,0.15606642
Alvaro_Noboa/Alvaro_Noboa_0001.jpg,Phan_Van_Khai/Phan_Van_Khai_0001.jpg,0,0.12832057
Alvaro_Noboa/Alvaro_Noboa_0002.jpg,Timothy_Rigas/Timothy_Rigas_0001.jpg,0,0.16999234
Amanda_Coetzer/Amanda_Coetzer_0001.jpg,Bridgette_Wilson-Sampras/Bridgette_Wilson-Sampras_0002.jpg,0,0.02521571
Amanda_Coetzer/Amanda_Coetzer_0001.jpg,Eddie_Jordan/Eddie_Jordan_0001.jpg,0,0.04239564
Amer_al-Saadi/Amer_al-Saadi_0004.jpg,Miguel_Cotto/Miguel_Cotto_0001.jpg,0,0.17785324
Amy_Brenneman/Amy_Brenneman_0001.jpg,Russell_Coutts/Russell_Coutts_0002.jpg,0,0.08730657
Amy_Brenneman/Amy_Brenneman_0001.jpg,Terje_Roed-Larsen/Terje_Roed-Larsen_0001.jpg,0,0.07496604
Andrew_Firestone/Andrew_Firestone_0001.jpg,Harry_Schmidt/Harry_Schmidt_0004.jpg,0,-0.02944697
Andrew_Firestone/Andrew_Firestone_0001.jpg,Ian_Campbell/Ian_Campbell_0001.jpg,0,0.12331268
Andrew_Firestone/Andrew_Firestone_0001.jpg,Jose_Acasuso/Jose_Acasuso_0001.jpg,0,-0.05553774
Andrew_Firestone/Andrew_Firestone_0001.jpg,Omar_Sharif/Omar_Sharif_0004.jpg,0,0.10961385
Andy_Graves/Andy_Graves_0001.jpg,Gil_de_Ferran/Gil_de_Ferran_0001.jpg,0,0.12748653
Angela_Alvarado_Rosa/Angela_Alvarado_Rosa_0001.jpg,Gerald_Calabrese/Gerald_Calabrese_0001.jpg,0,0.16339378
Angela_Alvarado_Rosa/Angela_Alvarado_Rosa_0001.jpg,Jeffrey_Jones/Jeffrey_Jones_0001.jpg,0,0.14925939
Anneli_Jaatteenmaki/Anneli_Jaatteenmaki_0002.jpg,Eric_Robert_Rudolph/Eric_Robert_Rudolph_0002.jpg,0,-0.09047735
Anneli_Jaatteenmaki/Anneli_Jaatteenmaki_0002.jpg,Gerry_Adams/Gerry_Adams_0006.jpg,0,0.15815377
Anneli_Jaatteenmaki/Anneli_Jaatteenmaki_0002.jpg,Jorge_Marquez-Ruarte/Jorge_Marquez-Ruarte_0001.jpg,0,0.16679111
Anthony_Corso/Anthony_Corso_0001.jpg,Johnny_Benson/Johnny_Benson_0001.jpg,0,0.09318221
Anthony_Corso/Anthony_Corso_0001.jpg,Ray_Allen/Ray_Allen_0003.jpg,0,0.12827858
Anthony_Pico/Anthony_Pico_0001.jpg,Stephanie_Cohen_Aloro/Stephanie_Cohen_Aloro_0001.jpg,0,0.05375819
Ari_Fleischer/Ari_Fleischer_0001.jpg,Razali_Ismail/Razali_Ismail_0001.jpg,0,0.15897587
Ari_Fleischer/Ari_Fleischer_0009.jpg,Jean-Marc_de_La_Sabliere/Jean-Marc_de_La_Sabliere_0002.jpg,0,0.25956321
Arianna_Huffington/Arianna_Huffington_0004.jpg,Philippe_Gagnon/Philippe_Gagnon_0001.jpg,0,0.25772291
Arnaud_Clement/Arnaud_Clement_0001.jpg,Jeffrey_Jones/Jeffrey_Jones_0002.jpg,0,0.04412953
Arnaud_Clement/Arnaud_Clement_0001.jpg,King_Gyanendra/King_Gyanendra_0001.jpg,0,0.18395324
Arnaud_Clement/Arnaud_Clement_0002.jpg,Grady_Irvin_Jr/Grady_Irvin_Jr_0002.jpg,0,-0.11929969
Arnold_Scott/Arnold_Scott_0001.jpg,Randy_Dryer/Randy_Dryer_0001.jpg,0,0.36314127
Art_Howe/Art_Howe_0002.jpg,Luciano_Bovicelli/Luciano_Bovicelli_0001.jpg,0,0.19569072
Art_Howe/Art_Howe_0003.jpg,Teresa_Worbis/Teresa_Worbis_0001.jpg,0,-0.03059664
Artieas_Shanks/Artieas_Shanks_0001.jpg,Derek_King/Derek_King_0001.jpg,0,0.07675235
Astrid_Betancourt/Astrid_Betancourt_0001.jpg,Frederick_Madden/Frederick_Madden_0001.jpg,0,0.02243660
Barbara_De_Brun/Barbara_De_Brun_0001.jpg,Cosmo_Iacavazzi/Cosmo_Iacavazzi_0001.jpg,0,-0.02691485
Barry_Collier/Barry_Collier_0001.jpg,Narendra_Modi/Narendra_Modi_0001.jpg,0,0.01592973
Ben_Affleck/Ben_Affleck_0003.jpg,Patricia_Hearst/Patricia_Hearst_0001.jpg,0,-0.08408443
Ben_Affleck/Ben_Affleck_0004.jpg,Daniel_Scioli/Daniel_Scioli_0001.jpg,0,0.09483695
Ben_Affleck/Ben_Affleck_0007.jpg,Marcio_de_Souza/Marcio_de_Souza_0001.jpg,0,0.30185020
Ben_Broussard/Ben_Broussard_0001.jpg,Rudi_Voeller/Rudi_Voeller_0001.jpg,0,0.04284134
Betsy_Smith/Betsy_Smith_0002.jpg,Steven_Kinlock/Steven_Kinlock_0001.jpg,0,0.06675601
Betty_Williams/Betty_Williams_0001.jpg,Mary_Catherine_Correll/Mary_Catherine_Correll_0001.jpg,0,0.24964768
Bianca_Jagger/Bianca_Jagger_0001.jpg,Dario_Camuffo/Dario_Camuffo_0001.jpg,0,-0.03234559
Bianca_Jagger/Bianca_Jagger_0001.jpg,Fabricio_Oberto/Fabricio_Oberto_0001.jpg,0,0.05467742
Bill_Callahan/Bill_Callahan_0001.jpg,Gina_Gershon/Gina_Gershon_0001.jpg,0,0.06704780
Bill_Kollar/Bill_Kollar_0001.jpg,Gina_Gershon/Gina_Gershon_0001.jpg,0,0.04979561
Bill_Kollar/Bill_Kollar_0001.jpg,Jose_Miguel_Aleman/Jose_Miguel_Aleman_0001.jpg,0,0.10273992
Bill_Kollar/Bill_Kollar_0001.jpg,Mae_Jemison/Mae_Jemison_0001.jpg,0,-0.04655400
Bill_Kollar/Bill_Kollar_0001.jpg,Mohammed_Ashraf_Hafiz/Mohammed_Ashraf_Hafiz_0001.jpg,0,0.12780309
Bill_Kollar/Bill_Kollar_0001.jpg,Patty_Sheehan/Patty_Sheehan_0001.jpg,0,-0.14181787
Bill_Parsons/Bill_Parsons_0001.jpg,Donna_Barrera/Donna_Barrera_0001.jpg,0,0.08417350
Bill_Stein/Bill_Stein_0001.jpg,Vanessa_Incontrada/Vanessa_Incontrada_0004.jpg,0,-0.03704030
Blythe_Hartley/Blythe_Hartley_0001.jpg,Jackie_Dennis/Jackie_Dennis_0001.jpg,0,0.16131070
Blythe_Hartley/Blythe_Hartley_0002.jpg,Gil_de_Ferran/Gil_de_Ferran_0002.jpg,0,-0.08954114
Bob_Curtis/Bob_Curtis_0001.jpg,Helen_Clark/Helen_Clark_0001.jpg,0,0.08322462
Bob_Huggins/Bob_Huggins_0003.jpg,Sylvester_Stallone/Sylvester_Stallone_0002.jpg,0,0.02487829
Bobby_Goldwater/Bobby_Goldwater_0001.jpg,John_Moxley/John_Moxley_0001.jpg,0,0.20470913
Bobby_Goldwater/Bobby_Goldwater_0001.jpg,Ulrich_Kueperkoch/Ulrich_Kueperkoch_0001.jpg,0,0.01723338
Bono/Bono_0003.jpg,Ian_Huntley/Ian_Huntley_0001.jpg,0,0.07974742
Brad_Garrett/Brad_Garrett_0001.jpg,Hoda_Asfor/Hoda_Asfor_0001.jpg,0,0.24459000
Brad_Garrett/Brad_Garrett_0004.jpg,Wang_Nan/Wang_Nan_0001.jpg,0,-0.24104530
Brandon_Hammond/Brandon_Hammond_0001.jpg,Thomas_Kelly/Thomas_Kelly_0001.jpg,0,-0.01743577
Brandon_Robinson/Brandon_Robinson_0001.jpg,Giovanny_Cordoba/Giovanny_Cordoba_0001.jpg,0,0.19635516
Brandon_Robinson/Brandon_Robinson_0001.jpg,Michael_Linscott/Michael_Linscott_0001.jpg,0,0.07245204
Brandon_Robinson/Brandon_Robinson_0001.jpg,Shi_Guangsheng/Shi_Guangsheng_0001.jpg,0,-0.01440157
Brendan_Stai/Brendan_Stai_0001.jpg,Dan_Guerrero/Dan_Guerrero_0001.jpg,0,0.08999763
Brett_Boone/Brett_Boone_0001.jpg,Jean-Marc_de_La_Sabliere/Jean-Marc_de_La_Sabliere_0001.jpg,0,0.23461986
Brett_Boone/Brett_Boone_0001.jpg,Teresa_Worbis/Teresa_Worbis_0001.jpg,0,-0.04383174
Brian_Billick/Brian_Billick_0001.jpg,Ian_Huntley/Ian_Huntley_0001.jpg,0,-0.04334265
Brian_Billick/Brian_Billick_0001.jpg,John_Wayne/John_Wayne_0001.jpg,0,0.23244804
Brian_Billick/Brian_Billick_0001.jpg,Stephanie_Moore/Stephanie_Moore_0001.jpg,0,0.18516134
Brian_Olson/Brian_Olson_0001.jpg,Roberto_Tovar/Roberto_Tovar_0001.jpg,0,0.00138205
Bud_Selig/Bud_Selig_0001.jpg,Franz_Fischler/Franz_Fischler_0001.jpg,0,0.11449185
Bud_Selig/Bud_Selig_0003.jpg,John_Duprey/John_Duprey_0001.jpg,0,0.02510534
Carla_Moreno/Carla_Moreno_0001.jpg,Suzanne_Torrance/Suzanne_Torrance_0001.jpg,0,0.16411419
Carla_Moreno/Carla_Moreno_0001.jpg,Tang_Jiaxuan/Tang_Jiaxuan_0003.jpg,0,0.03723657
Carlos_Beltran/Carlos_Beltran_0001.jpg,Ulrich_Kueperkoch/Ulrich_Kueperkoch_0001.jpg,0,0.24041709
Carlos_Ghosn/Carlos_Ghosn_0001.jpg,Jim_Paxson/Jim_Paxson_0001.jpg,0,0.04788242
Carlos_Ghosn/Carlos_Ghosn_0002.jpg,Ray_Allen/Ray_Allen_0003.jpg,0,0.03133308
Carlton_Dotson/Carlton_Dotson_0001.jpg,Jim_Paxson/Jim_Paxson_0001.jpg,0,0.12226560
Carlton_Dotson/Carlton_Dotson_0001.jpg,Patrick_Bourrat/Patrick_Bourrat_0001.jpg,0,0.12593484
Carlton_Dotson/Carlton_Dotson_0001.jpg,Porter_Goss/Porter_Goss_0001.jpg,0,0.07113588
Carlton_Dotson/Carlton_Dotson_0001.jpg,Vyacheslav_Fetisov/Vyacheslav_Fetisov_0001.jpg,0,0.14441922
Cass_Ballenger/Cass_Ballenger_0001.jpg,Norio_Ohga/Norio_Ohga_0001.jpg,0,0.11864035
Cecile_de_France/Cecile_de_France_0001.jpg,Dyab_Abou_Jahjah/Dyab_Abou_Jahjah_0001.jpg,0,-0.03722569
Cecile_de_France/Cecile_de_France_0001.jpg,Terrence_Kiel/Terrence_Kiel_0001.jpg,0,0.08553614
Charles_Bell/Charles_Bell_0001.jpg,Tatjana_Gsell/Tatjana_Gsell_0001.jpg,0,-0.05145508
Charlotte_Rampling/Charlotte_Rampling_0001.jpg,Lana_Clarkson/Lana_Clarkson_0002.jpg,0,-0.01158626
Chick_Hearn/Chick_Hearn_0001.jpg,Mohammed_Salmane/Mohammed_Salmane_0001.jpg,0,0.14574581
Christopher_Reeve/Christopher_Reeve_0004.jpg,Pauline_Landers/Pauline_Landers_0001.jpg,0,0.14717044
Christopher_Reeve/Christopher_Reeve_0004.jpg,Scott_OGrady/Scott_OGrady_0001.jpg,0,0.01810765
Cindy_Margolis/Cindy_Margolis_0001.jpg,Mark_Cuban/Mark_Cuban_0002.jpg,0,-0.14020923
Claire_Danes/Claire_Danes_0002.jpg,Nadine_Vinzens/Nadine_Vinzens_0001.jpg,0,0.14464071
Claudio_Lopez/Claudio_Lopez_0001.jpg,Gabrielle_Rose/Gabrielle_Rose_0001.jpg,0,0.03939226
Collis_Temple_III/Collis_Temple_III_0001.jpg,Eva_Amurri/Eva_Amurri_0001.jpg,0,-0.10432470
Collis_Temple_III/Collis_Temple_III_0001.jpg,Rob_Niedermayer/Rob_Niedermayer_0001.jpg,0,0.05358357
Collis_Temple_III/Collis_Temple_III_0001.jpg,Santiago_Botero/Santiago_Botero_0001.jpg,0,0.03820911
Collis_Temple_III/Collis_Temple_III_0001.jpg,Simon_Chalk/Simon_Chalk_0001.jpg,0,0.06505269
Conan_OBrien/Conan_OBrien_0001.jpg,Liliana_Cavani/Liliana_Cavani_0001.jpg,0,0.15214321
Corinna_Harfouch/Corinna_Harfouch_0001.jpg,Ivo_Dubs/Ivo_Dubs_0001.jpg,0,0.17686146
Corinna_Harfouch/Corinna_Harfouch_0001.jpg,Tim_Curry/Tim_Curry_0001.jpg,0,0.05726322
Cristina_Kirchner/Cristina_Kirchner_0001.jpg,Stefanie_De_Roux/Stefanie_De_Roux_0001.jpg,0,0.07328060
Dan_Boyle/Dan_Boyle_0001.jpg,Paul_Clark/Paul_Clark_0001.jpg,0,-0.06904209
Dan_Boyle/Dan_Boyle_0001.jpg,Thabo_Mbeki/Thabo_Mbeki_0003.jpg,0,0.00722247
Daniel_Chin/Daniel_Chin_0001.jpg,Ian_Huntley/Ian_Huntley_0001.jpg,0,-0.05841093
Daniel_Chin/Daniel_Chin_0001.jpg,Jim_Letten/Jim_Letten_0001.jpg,0,0.08710478
Daniel_Chin/Daniel_Chin_0001.jpg,Julia_Glass/Julia_Glass_0001.jpg,0,0.01379022
Daniel_Scioli/Daniel_Scioli_0001.jpg,Lena_Katina/Lena_Katina_0001.jpg,0,0.00888360
Daniel_Scioli/Daniel_Scioli_0001.jpg,Lindsay_Lohan/Lindsay_Lohan_0001.jpg,0,0.06719153
Dario_Camuffo/Dario_Camuffo_0001.jpg,Eli_Stutsman/Eli_Stutsman_0001.jpg,0,0.04207169
David_Brinkley/David_Brinkley_0001.jpg,Jeff_Bridges/Jeff_Bridges_0001.jpg,0,0.12597454
David_Brinkley/David_Brinkley_0001.jpg,Stephen_Arigbabu/Stephen_Arigbabu_0001.jpg,0,0.02173858
David_Montoya/David_Montoya_0001.jpg,Mary_Elizabeth_Mastrantonio/Mary_Elizabeth_Mastrantonio_0001.jpg,0,0.11077029
David_Siegel/David_Siegel_0001.jpg,Francis_Mer/Francis_Mer_0001.jpg,0,0.09629335
Dennis_Johnson/Dennis_Johnson_0001.jpg,Satnarine_Sharma/Satnarine_Sharma_0001.jpg,0,0.27307588
Denys_Arcand/Denys_Arcand_0001.jpg,Nadine_Vinzens/Nadine_Vinzens_0002.jpg,0,-0.00410476
Derek_Jeter/Derek_Jeter_0001.jpg,Tian_Zhuang_Zhuang/Tian_Zhuang_Zhuang_0001.jpg,0,0.07664032
Derek_Jeter/Derek_Jeter_0003.jpg,Jolanta_Kwasniewski/Jolanta_Kwasniewski_0002.jpg,0,0.13387302
Derek_King/Derek_King_0001.jpg,Yasein_Taher/Yasein_Taher_0001.jpg,0,-0.03482034
Derrick_Battie/Derrick_Battie_0001.jpg,Ian_Huntley/Ian_Huntley_0001.jpg,0,0.08254366
Diego_Armando_Maradona/Diego_Armando_Maradona_0001.jpg,Robert_Gordon_Card/Robert_Gordon_Card_0001.jpg,0,0.06223068
Don_King/Don_King_0001.jpg,Thomas_Kelly/Thomas_Kelly_0001.jpg,0,0.22411241
Don_King/Don_King_0001.jpg,Zurab_Tsereteli/Zurab_Tsereteli_0001.jpg,0,0.14700389
Donna_Barrera/Donna_Barrera_0001.jpg,Francis_Mer/Francis_Mer_0002.jpg,0,-0.03802275
Donna_Shalala/Donna_Shalala_0002.jpg,Sereyvuth_Kem/Sereyvuth_Kem_0001.jpg,0,0.10896531
Duncan_Fletcher/Duncan_Fletcher_0001.jpg,John_Cusack/John_Cusack_0002.jpg,0,0.08569880
Duncan_Fletcher/Duncan_Fletcher_0001.jpg,Mike_Alden/Mike_Alden_0001.jpg,0,0.16813338
Dustin_Brown/Dustin_Brown_0001.jpg,Jose_Cevallos/Jose_Cevallos_0001.jpg,0,-0.00672536
Dyab_Abou_Jahjah/Dyab_Abou_Jahjah_0001.jpg,John_Cornyn/John_Cornyn_0001.jpg,0,-0.01760959
Ed_Mekertichian/Ed_Mekertichian_0001.jpg,Paul_Clark/Paul_Clark_0001.jpg,0,0.24805036
Edmund_Hillary/Edmund_Hillary_0002.jpg,Miguel_Cotto/Miguel_Cotto_0001.jpg,0,0.13974270
Elena_Likhovtseva/Elena_Likhovtseva_0001.jpg,Marty_Mornhinweg/Marty_Mornhinweg_0002.jpg,0,0.11453392
Eli_Stutsman/Eli_Stutsman_0001.jpg,Kalpana_Chawla/Kalpana_Chawla_0004.jpg,0,0.06578317
Eli_Stutsman/Eli_Stutsman_0001.jpg,Marcio_de_Souza/Marcio_de_Souza_0001.jpg,0,0.07898164
Eli_Stutsman/Eli_Stutsman_0001.jpg,Michael_Phelps/Michael_Phelps_0001.jpg,0,0.01789737
Elizabeth_Regan/Elizabeth_Regan_0001.jpg,Eugene_Teslovic/Eugene_Teslovic_0001.jpg,0,-0.05796770
Emmanuel_Milingo/Emmanuel_Milingo_0001.jpg,Enrica_Fico/Enrica_Fico_0001.jpg,0,0.06028817
Enola_Rice/Enola_Rice_0001.jpg,Lana_Clarkson/Lana_Clarkson_0002.jpg,0,0.23744707
Erin_Runnion/Erin_Runnion_0003.jpg,Rob_Lowe/Rob_Lowe_0002.jpg,0,0.02130190
Eugene_Teslovic/Eugene_Teslovic_0001.jpg,Goh_Kun/Goh_Kun_0001.jpg,0,-0.02261795
Eugene_Teslovic/Eugene_Teslovic_0001.jpg,Jean-Marc_de_La_Sabliere/Jean-Marc_de_La_Sabliere_0002.jpg,0,-0.01015756
Eva_Amurri/Eva_Amurri_0001.jpg,Tanya_Holyk/Tanya_Holyk_0001.jpg,0,0.13605502
Fabricio_Oberto/Fabricio_Oberto_0001.jpg,Rudi_Voeller/Rudi_Voeller_0001.jpg,0,0.09800568
Felix_Sanchez/Felix_Sanchez_0001.jpg,Ian_Moran/Ian_Moran_0001.jpg,0,0.07217488
Fernando_Henrique_Cardoso/Fernando_Henrique_Cardoso_0001.jpg,Michael_Phelps/Michael_Phelps_0001.jpg,0,-0.02910209
Fernando_Henrique_Cardoso/Fernando_Henrique_Cardoso_0008.jpg,Sherry_Fisher/Sherry_Fisher_0001.jpg,0,-0.02017790
Francis_Mer/Francis_Mer_0002.jpg,Patrick_Bourrat/Patrick_Bourrat_0001.jpg,0,0.19134805
Franz_Fischler/Franz_Fischler_0002.jpg,Robert_Lange/Robert_Lange_0001.jpg,0,0.15906411
Frederick_Madden/Frederick_Madden_0001.jpg,Gary_Condit/Gary_Condit_0001.jpg,0,0.00240796
Gary_Bauer/Gary_Bauer_0001.jpg,Greg_Hodge/Greg_Hodge_0001.jpg,0,0.24464038
Gary_Condit/Gary_Condit_0001.jpg,Nathan_Lane/Nathan_Lane_0002.jpg,0,0.08924571
Gary_Locke/Gary_Locke_0001.jpg,Marcio_de_Souza/Marcio_de_Souza_0001.jpg,0,0.04420071
Gen_Meredith/Gen_Meredith_0001.jpg,Matthew_Vaughan/Matthew_Vaughan_0001.jpg,0,-0.06047334
Gerry_Adams/Gerry_Adams_0008.jpg,Jamir_Miller/Jamir_Miller_0001.jpg,0,-0.05871265
Gilles_Panizzi/Gilles_Panizzi_0001.jpg,Jim_Piper/Jim_Piper_0001.jpg,0,0.23288894
Gina_Gershon/Gina_Gershon_0001.jpg,Patricia_Garone/Patricia_Garone_0001.jpg,0,-0.02258393
Gina_Gershon/Gina_Gershon_0001.jpg,Zhang_Ziyi/Zhang_Ziyi_0002.jpg,0,0.08982798
Giovanny_Cordoba/Giovanny_Cordoba_0001.jpg,Jackie_Sherrill/Jackie_Sherrill_0001.jpg,0,-0.04110615
Giovanny_Cordoba/Giovanny_Cordoba_0001.jpg,Keith_Olbermann/Keith_Olbermann_0001.jpg,0,-0.03073977
Grady_Irvin_Jr/Grady_Irvin_Jr_0002.jpg,Oracene_Williams/Oracene_Williams_0001.jpg,0,0.15646793
Graeme_Smith/Graeme_Smith_0001.jpg,John_Salazar/John_Salazar_0001.jpg,0,0.32113713
Graham_Bentley/Graham_Bentley_0001.jpg,Jason_Clermont/Jason_Clermont_0001.jpg,0,0.16445324
Guillaume_Depardieu/Guillaume_Depardieu_0001.jpg,Manuel_Llorente/Manuel_Llorente_0001.jpg,0,0.00629851
Gunter_Pleuger/Gunter_Pleuger_0001.jpg,Nicole_Kidman/Nicole_Kidman_0002.jpg,0,-0.04149316
Gunter_Pleuger/Gunter_Pleuger_0002.jpg,Robby_Ginepri/Robby_Ginepri_0001.jpg,0,-0.00361238
Gunter_Pleuger/Gunter_Pleuger_0003.jpg,Vaclav_Klaus/Vaclav_Klaus_0001.jpg,0,0.01395822
Hanns_Schumacher/Hanns_Schumacher_0001.jpg,Martin_Gecht/Martin_Gecht_0001.jpg,0,0.27123016
Henri_Proglio/Henri_Proglio_0001.jpg,Ibrahim_Haddad/Ibrahim_Haddad_0001.jpg,0,0.37191498
Henri_Proglio/Henri_Proglio_0001.jpg,Jeffery_Hendren/Jeffery_Hendren_0001.jpg,0,0.19437510
Hermann_Maier/Hermann_Maier_0001.jpg,Phan_Van_Khai/Phan_Van_Khai_0001.jpg,0,-0.00498755
Hermann_Maier/Hermann_Maier_0002.jpg,Stephen_Arigbabu/Stephen_Arigbabu_0001.jpg,0,0.13221271
Hideki_Sato/Hideki_Sato_0001.jpg,Peter_Mugyeni/Peter_Mugyeni_0001.jpg,0,0.15463485
Hideki_Sato/Hideki_Sato_0001.jpg,Troy_Aikman/Troy_Aikman_0001.jpg,0,0.00403436
Hoda_Asfor/Hoda_Asfor_0001.jpg,Juergen_Peters/Juergen_Peters_0001.jpg,0,0.25008270
Hoda_Asfor/Hoda_Asfor_0001.jpg,Lindsay_Lohan/Lindsay_Lohan_0001.jpg,0,0.30558729
Horace_Donovan_Reid/Horace_Donovan_Reid_0001.jpg,Rob_Lowe/Rob_Lowe_0001.jpg,0,0.16417715
Hunter_Kemper/Hunter_Kemper_0001.jpg,Marsha_Thomason/Marsha_Thomason_0001.jpg,0,-0.03480545
Ian_Campbell/Ian_Campbell_0001.jpg,Mike_Alden/Mike_Alden_0001.jpg,0,-0.06772660
Ian_Huntley/Ian_Huntley_0001.jpg,Jalen_Rose/Jalen_Rose_0001.jpg,0,0.10610089
Ian_Huntley/Ian_Huntley_0001.jpg,Sebastian_Saja/Sebastian_Saja_0002.jpg,0,0.13014048
Ian_Moran/Ian_Moran_0001.jpg,Stephanie_Cohen_Aloro/Stephanie_Cohen_Aloro_0001.jpg,0,0.06984179
Ian_Thorpe/Ian_Thorpe_0005.jpg,Mickey_Gilley/Mickey_Gilley_0001.jpg,0,0.11754917
Ignacio_Antonio_Velasco/Ignacio_Antonio_Velasco_0001.jpg,Rich_Brooks/Rich_Brooks_0001.jpg,0,0.09365309
Iran_Brown/Iran_Brown_0001.jpg,Margaret_Caruso/Margaret_Caruso_0001.jpg,0,-0.09479627
Isabelle_Huppert/Isabelle_Huppert_0001.jpg,Marcio_de_Souza/Marcio_de_Souza_0001.jpg,0,-0.04614469
Isabelle_Huppert/Isabelle_Huppert_0002.jpg,Phan_Van_Khai/Phan_Van_Khai_0003.jpg,0,0.03729422
Ivan_Shvedoff/Ivan_Shvedoff_0001.jpg,Josh_Childress/Josh_Childress_0001.jpg,0,0.17493507
Ivan_Shvedoff/Ivan_Shvedoff_0001.jpg,Miguel_Estrada/Miguel_Estrada_0002.jpg,0,0.00691595
Ivan_Shvedoff/Ivan_Shvedoff_0001.jpg,Vojislav_Seselj/Vojislav_Seselj_0001.jpg,0,0.31379688
Izzat_Ibrahim/Izzat_Ibrahim_0001.jpg,Jerry_Rice/Jerry_Rice_0001.jpg,0,0.01509409
Jacques_Villeneuve/Jacques_Villeneuve_0001.jpg,Wim_Duisenberg/Wim_Duisenberg_0001.jpg,0,0.11430450
Jalen_Rose/Jalen_Rose_0001.jpg,Suzanne_Torrance/Suzanne_Torrance_0001.jpg,0,0.04795725
James_Butts/James_Butts_0001.jpg,Nicole_Kidman/Nicole_Kidman_0002.jpg,0,0.06513326
James_Butts/James_Butts_0002.jpg,Jerry_Colangelo/Jerry_Colangelo_0001.jpg,0,0.01054250
James_Butts/James_Butts_0002.jpg,Sherry_Fisher/Sherry_Fisher_0001.jpg,0,0.01239108
James_May/James_May_0001.jpg,Trevor_McDonald/Trevor_McDonald_0001.jpg,0,0.27085680
James_May/James_May_0001.jpg,Vaclav_Klaus/Vaclav_Klaus_0002.jpg,0,0.14416502
Jamie_Cooke/Jamie_Cooke_0001.jpg,Kalpana_Chawla/Kalpana_Chawla_0005.jpg,0,0.01336830
Jamie_Cooke/Jamie_Cooke_0001.jpg,Mickey_Rooney/Mickey_Rooney_0001.jpg,0,0.09092899
Jamir_Miller/Jamir_Miller_0001.jpg,Laura_Hernandez/Laura_Hernandez_0001.jpg,0,0.12132469
Jana_Pittman/Jana_Pittman_0001.jpg,Liv_Tyler/Liv_Tyler_0001.jpg,0,0.13427328
Jason_Clermont/Jason_Clermont_0001.jpg,Jose_Carlo_Fernandez/Jose_Carlo_Fernandez_0001.jpg,0,0.13003445
Jason_Clermont/Jason_Clermont_0001.jpg,Patty_Duke/Patty_Duke_0001.jpg,0,-0.05433319
Jeff_Bridges/Jeff_Bridges_0001.jpg,Landon_Donovan/Landon_Donovan_0001.jpg,0,0.04828578
Jeff_Bridges/Jeff_Bridges_0001.jpg,Patty_Duke/Patty_Duke_0001.jpg,0,0.15825504
Jeffery_Hendren/Jeffery_Hendren_0001.jpg,Jeremy_Wotherspoon/Jeremy_Wotherspoon_0001.jpg,0,-0.02806390
Jennifer_McCoy/Jennifer_McCoy_0001.jpg,Manuel_Llorente/Manuel_Llorente_0001.jpg,0,-0.07607872
Jennifer_McCoy/Jennifer_McCoy_0001.jpg,William_Cocksedge/William_Cocksedge_0001.jpg,0,0.22782040
Jerry_Colangelo/Jerry_Colangelo_0001.jpg,Vin_Diesel/Vin_Diesel_0002.jpg,0,0.11590577
Jerry_Rice/Jerry_Rice_0001.jpg,Joe_Gatti/Joe_Gatti_0002.jpg,0,0.11890785
Jessica_Brungo/Jessica_Brungo_0001.jpg,Landon_Donovan/Landon_Donovan_0001.jpg,0,-0.17470521
Jim_OBrien/Jim_OBrien_0001.jpg,Nadine_Vinzens/Nadine_Vinzens_0001.jpg,0,0.00983787
Jim_Paxson/Jim_Paxson_0001.jpg,Robert_Gordon_Card/Robert_Gordon_Card_0001.jpg,0,0.02393972
Joe_Gatti/Joe_Gatti_0002.jpg,Mike_Samp/Mike_Samp_0001.jpg,0,-0.01628697
Joel_Todd/Joel_Todd_0001.jpg,John_Fox/John_Fox_0001.jpg,0,0.19310571
Joel_Todd/Joel_Todd_0001.jpg,Momir_Nikolic/Momir_Nikolic_0001.jpg,0,0.17239931
John_Cornyn/John_Cornyn_0001.jpg,Jose_Mourinho/Jose_Mourinho_0002.jpg,0,-0.03204703
John_Cornyn/John_Cornyn_0001.jpg,Robert_Weitzel/Robert_Weitzel_0001.jpg,0,0.04148188
John_Cornyn/John_Cornyn_0001.jpg,Toshihiko_Fukui/Toshihiko_Fukui_0002.jpg,0,0.16347650
John_Dallager/John_Dallager_0001.jpg,Jose_Canseco_Sr/Jose_Canseco_Sr_0001.jpg,0,0.03941809
John_Spencer/John_Spencer_0002.jpg,Stephanie_Moore/Stephanie_Moore_0001.jpg,0,0.19401929
John_Walsh/John_Walsh_0001.jpg,Kalpana_Chawla/Kalpana_Chawla_0001.jpg,0,-0.02726671
John_Wright/John_Wright_0001.jpg,Sandra_Milo/Sandra_Milo_0001.jpg,0,-0.03654445
John_Wright/John_Wright_0001.jpg,Trevor_McDonald/Trevor_McDonald_0001.jpg,0,0.16196209
Johnny_Benson/Johnny_Benson_0001.jpg,Lana_Clarkson/Lana_Clarkson_0002.jpg,0,0.15221651
Johnny_Benson/Johnny_Benson_0001.jpg,Teresa_Worbis/Teresa_Worbis_0001.jpg,0,0.13477305
Jolanta_Kwasniewski/Jolanta_Kwasniewski_0002.jpg,Martin_Howard/Martin_Howard_0001.jpg,0,-0.12500712
Jose_Canseco_Sr/Jose_Canseco_Sr_0001.jpg,Julia_Glass/Julia_Glass_0001.jpg,0,-0.04934243
Jose_Mourinho/Jose_Mourinho_0001.jpg,Joseph_LePore/Joseph_LePore_0001.jpg,0,-0.02240210
Jose_Mourinho/Jose_Mourinho_0002.jpg,LeRoy_Millette_Jr/LeRoy_Millette_Jr_0001.jpg,0,0.15979972
Jose_Vicente_Rangel/Jose_Vicente_Rangel_0001.jpg,Leuris_Pupo/Leuris_Pupo_0001.jpg,0,0.11870354
Jose_Vicente_Rangel/Jose_Vicente_Rangel_0001.jpg,Scott_OGrady/Scott_OGrady_0001.jpg,0,0.06621055
Joy_Lee_Sadler/Joy_Lee_Sadler_0001.jpg,Laurie_Chan/Laurie_Chan_0001.jpg,0,0.07214546
Joy_Lee_Sadler/Joy_Lee_Sadler_0001.jpg,Norio_Ohga/Norio_Ohga_0001.jpg,0,0.17313930
Joy_Lee_Sadler/Joy_Lee_Sadler_0001.jpg,Stephanie_Moore/Stephanie_Moore_0001.jpg,0,0.14278829
Karen_Pereiras/Karen_Pereiras_0001.jpg,Michael_Phelps/Michael_Phelps_0002.jpg,0,0.14084285
Keith_Brown/Keith_Brown_0001.jpg,Nicole_Kidman/Nicole_Kidman_0017.jpg,0,0.07876964
Keith_Brown/Keith_Brown_0001.jpg,William_Harrison/William_Harrison_0001.jpg,0,0.13405508
Keith_Van_Horn/Keith_Van_Horn_0001.jpg,Sherry_Fisher/Sherry_Fisher_0001.jpg,0,0.09014783
Kelli_White/Kelli_White_0001.jpg,Rudi_Voeller/Rudi_Voeller_0001.jpg,0,-0.01774089
King_Gyanendra/King_Gyanendra_0001.jpg,Otto_Reich/Otto_Reich_0001.jpg,0,0.27363437
Lana_Clarkson/Lana_Clarkson_0001.jpg,Mike_Samp/Mike_Samp_0001.jpg,0,0.17711592
Landon_Donovan/Landon_Donovan_0001.jpg,Robby_Ginepri/Robby_Ginepri_0001.jpg,0,0.10385650
Larry_Tanenbaum/Larry_Tanenbaum_0001.jpg,Mike_Samp/Mike_Samp_0001.jpg,0,0.01068818
Laura_Ziskin/Laura_Ziskin_0001.jpg,Reyyan_Uzuner/Reyyan_Uzuner_0001.jpg,0,-0.00332486
Laura_Ziskin/Laura_Ziskin_0001.jpg,Robert_Gordon_Card/Robert_Gordon_Card_0001.jpg,0,-0.19106363
LeRoy_Millette_Jr/LeRoy_Millette_Jr_0001.jpg,Leuris_Pupo/Leuris_Pupo_0001.jpg,0,0.26362258
Lee_Chang-dong/Lee_Chang-dong_0001.jpg,Phil_Bredesen/Phil_Bredesen_0001.jpg,0,0.14454547
Liliana_Cavani/Liliana_Cavani_0001.jpg,Richard_Pennington/Richard_Pennington_0001.jpg,0,0.17722151
Lindsay_Lohan/Lindsay_Lohan_0001.jpg,Mireya_Elisa_Moscoso_Rodriguez/Mireya_Elisa_Moscoso_Rodriguez_0001.jpg,0,0.05204096
Lloyd_Ward/Lloyd_Ward_0002.jpg,Tina_Andrews/Tina_Andrews_0001.jpg,0,0.16453679
Mark_Heller/Mark_Heller_0001.jpg,Nicolas_Kiefer/Nicolas_Kiefer_0001.jpg,0,0.09371138
Mark_Heller/Mark_Heller_0001.jpg,Parris_Glendening/Parris_Glendening_0001.jpg,0,-0.02951021
Mark_Heller/Mark_Heller_0001.jpg,Peter_Hillary/Peter_Hillary_0002.jpg,0,-0.07234719
Martin_Gecht/Martin_Gecht_0001.jpg,Peter_Hillary/Peter_Hillary_0001.jpg,0,0.13032891
Mary_Elizabeth_Mastrantonio/Mary_Elizabeth_Mastrantonio_0001.jpg,Vaclav_Klaus/Vaclav_Klaus_0001.jpg,0,0.03518777
Michael_Arif/Michael_Arif_0001.jpg,Sean_Patrick_OMalley/Sean_Patrick_OMalley_0003.jpg,0,0.20593999
Michael_Linscott/Michael_Linscott_0001.jpg,Tom_Brady/Tom_Brady_0002.jpg,0,0.16900527
Mick_Jagger/Mick_Jagger_0003.jpg,Oracene_Williams/Oracene_Williams_0001.jpg,0,0.01488047
Mo_Elleithee/Mo_Elleithee_0001.jpg,Tanya_Holyk/Tanya_Holyk_0001.jpg,0,0.03947610
Mohammed_Ashraf_Hafiz/Mohammed_Ashraf_Hafiz_0001.jpg,Rod_Bryden/Rod_Bryden_0001.jpg,0,-0.00855299
Mukhtar_Alytnbayev/Mukhtar_Alytnbayev_0001.jpg,Oracene_Williams/Oracene_Williams_0001.jpg,0,0.14540079
Patricia_Garone/Patricia_Garone_0001.jpg,Sean_Patrick_OMalley/Sean_Patrick_OMalley_0002.jpg,0,0.19739164
Patricia_Hearst/Patricia_Hearst_0001.jpg,Scott_Dickson/Scott_Dickson_0001.jpg,0,-0.03686881
Patty_Duke/Patty_Duke_0001.jpg,Simon_Chalk/Simon_Chalk_0001.jpg,0,0.22304772
Paul_Bettany/Paul_Bettany_0001.jpg,Ulrich_Kueperkoch/Ulrich_Kueperkoch_0001.jpg,0,0.04471483
Paul_Gascoigne/Paul_Gascoigne_0003.jpg,Tian_Liang/Tian_Liang_0001.jpg,0,0.08352764
Paul_Greengrass/Paul_Greengrass_0001.jpg,Tim_Pawlenty/Tim_Pawlenty_0001.jpg,0,0.05999735
Perry_Compton/Perry_Compton_0001.jpg,William_Shatner/William_Shatner_0001.jpg,0,0.22873722
Peter_Camejo/Peter_Camejo_0001.jpg,Ruth_Christofferson/Ruth_Christofferson_0001.jpg,0,0.24703884
Porter_Goss/Porter_Goss_0001.jpg,Tara_Kirk/Tara_Kirk_0001.jpg,0,0.08447620
Rand_Miller/Rand_Miller_0001.jpg,Robert_Nillson/Robert_Nillson_0001.jpg,0,-0.11007029
Rich_Brooks/Rich_Brooks_0001.jpg,Sharess_Harrell/Sharess_Harrell_0001.jpg,0,0.11208533
Richard_Pennington/Richard_Pennington_0001.jpg,Robby_Ginepri/Robby_Ginepri_0002.jpg,0,0.06325438
Robert_Gordon_Card/Robert_Gordon_Card_0001.jpg,William_Shatner/William_Shatner_0001.jpg,0,0.11557480
Robert_Kipkoech_Cheruiyot/Robert_Kipkoech_Cheruiyot_0001.jpg,Sally_Kirkland/Sally_Kirkland_0003.jpg,0,0.08148853
Robert_Kipkoech_Cheruiyot/Robert_Kipkoech_Cheruiyot_0001.jpg,Steve_Park/Steve_Park_0001.jpg,0,-0.01646749
Russell_Coutts/Russell_Coutts_0001.jpg,Tian_Liang/Tian_Liang_0001.jpg,0,0.06510869
Sandra_Milo/Sandra_Milo_0001.jpg,Satnarine_Sharma/Satnarine_Sharma_0001.jpg,0,0.08724710
Steve_Nesbitt/Steve_Nesbitt_0001.jpg,Win_Aung/Win_Aung_0004.jpg,0,0.17119052
Sylvester_Stallone/Sylvester_Stallone_0007.jpg,TJ_Ford/TJ_Ford_0001.jpg,0,0.15745525
Sylvie_Guillem/Sylvie_Guillem_0001.jpg,Vadim_Devyatovskiy/Vadim_Devyatovskiy_0001.jpg,0,0.10318838
Tara_Kirk/Tara_Kirk_0001.jpg,Win_Aung/Win_Aung_0001.jpg,0,0.19689721
Aaron_Guiel/Aaron_Guiel_0001.jpg,Pascal_Rheaume/Pascal_Rheaume_0001.jpg,0,0.11424508
Aaron_Guiel/Aaron_Guiel_0001.jpg,Steve_Zahn/Steve_Zahn_0001.jpg,0,0.15163156
Adrian_Nastase/Adrian_Nastase_0002.jpg,Princess_Victoria/Princess_Victoria_0001.jpg,0,0.14769334
Ahmed_Chalabi/Ahmed_Chalabi_0001.jpg,Rosario_Dawson/Rosario_Dawson_0001.jpg,0,0.00370692
Ahmed_Ghazi/Ahmed_Ghazi_0001.jpg,Julia_Tymoshenko/Julia_Tymoshenko_0003.jpg,0,0.10477450
Ahmet_Demir/Ahmet_Demir_0001.jpg,Wally_Szczerbiak/Wally_Szczerbiak_0001.jpg,0,0.10481028
Ain_Seppik/Ain_Seppik_0001.jpg,Gerhard_Schroeder/Gerhard_Schroeder_0055.jpg,0,0.11529604
Ain_Seppik/Ain_Seppik_0001.jpg,Misty_Dawn_Clymer/Misty_Dawn_Clymer_0001.jpg,0,0.19863638
Ain_Seppik/Ain_Seppik_0001.jpg,Raoul_Ruiz/Raoul_Ruiz_0001.jpg,0,0.05829126
Ain_Seppik/Ain_Seppik_0001.jpg,Susan_Whelan/Susan_Whelan_0001.jpg,0,0.09359191
Aishwarya_Rai/Aishwarya_Rai_0001.jpg,Chloe_Sevigny/Chloe_Sevigny_0001.jpg,0,-0.13443631
Aishwarya_Rai/Aishwarya_Rai_0001.jpg,Dinah_Turner/Dinah_Turner_0001.jpg,0,0.23290521
Aishwarya_Rai/Aishwarya_Rai_0001.jpg,Rosario_Dawson/Rosario_Dawson_0001.jpg,0,0.23987775
Alan_Zemaitis/Alan_Zemaitis_0001.jpg,Lauren_Killian/Lauren_Killian_0001.jpg,0,0.07360771
Alex_Cejka/Alex_Cejka_0001.jpg,Taufik_Hidayat/Taufik_Hidayat_0002.jpg,0,-0.10454910
Alexandre_Daigle/Alexandre_Daigle_0001.jpg,Brent_Coles/Brent_Coles_0001.jpg,0,-0.13499407
Ali_Bin_Hussein/Ali_Bin_Hussein_0001.jpg,Ben_Cahoon/Ben_Cahoon_0001.jpg,0,0.04153214
Ali_Bin_Hussein/Ali_Bin_Hussein_0001.jpg,Oswald_Gruebel/Oswald_Gruebel_0001.jpg,0,0.15204777
Ali_Bin_Hussein/Ali_Bin_Hussein_0001.jpg,Raf_Vallone/Raf_Vallone_0001.jpg,0,0.10155701
Alimzhan_Tokhtakhounov/Alimzhan_Tokhtakhounov_0001.jpg,Jeane_Kirkpatrick/Jeane_Kirkpatrick_0001.jpg,0,0.04940063
Alimzhan_Tokhtakhounov/Alimzhan_Tokhtakhounov_0002.jpg,Butch_Davis/Butch_Davis_0001.jpg,0,0.18947759
Alisha_Richman/Alisha_Richman_0001.jpg,Camille_Lewis/Camille_Lewis_0001.jpg,0,-0.05726708
Alisha_Richman/Alisha_Richman_0001.jpg,Katerina_Smrzova/Katerina_Smrzova_0001.jpg,0,0.29774946
Alisha_Richman/Alisha_Richman_0001.jpg,Miguel_Rosseto/Miguel_Rosseto_0001.jpg,0,0.10423920
Amelie_Mauresmo/Amelie_Mauresmo_0003.jpg,Laura_Flessel/Laura_Flessel_0001.jpg,0,-0.03981890
Amelie_Mauresmo/Amelie_Mauresmo_0018.jpg,Bob_Colvin/Bob_Colvin_0001.jpg,0,0.27042919
Ana_Claudia_Talancon/Ana_Claudia_Talancon_0001.jpg,Piers_Sellers/Piers_Sellers_0001.jpg,0,-0.02384580
Andrea_Kiser/Andrea_Kiser_0001.jpg,Ellen_Barkin/Ellen_Barkin_0001.jpg,0,0.03882248
Andrea_Kiser/Andrea_Kiser_0001.jpg,Imre_Kertasz/Imre_Kertasz_0001.jpg,0,-0.00405120
Andrea_Kiser/Andrea_Kiser_0001.jpg,Matt_Dillon/Matt_Dillon_0001.jpg,0,0.08130819
Andrea_Kiser/Andrea_Kiser_0001.jpg,Yann_Martel/Yann_Martel_0002.jpg,0,-0.01453279
Andres_DAlessandro/Andres_DAlessandro_0001.jpg,Leticia_Van_de_Putte/Leticia_Van_de_Putte_0001.jpg,0,0.00673986
Andres_DAlessandro/Andres_DAlessandro_0001.jpg,Ronaldo_Luis_Nazario_de_Lima/Ronaldo_Luis_Nazario_de_Lima_0001.jpg,0,0.20539267
Anette_Hosoi/Anette_Hosoi_0001.jpg,Rolf_Zimmermann/Rolf_Zimmermann_0001.jpg,0,0.02848530
Anette_Hosoi/Anette_Hosoi_0001.jpg,Sheila_Taormina/Sheila_Taormina_0001.jpg,0,0.32136944
Anette_Hosoi/Anette_Hosoi_0001.jpg,Tora_Takagi/Tora_Takagi_0001.jpg,0,0.12741391
Angelo_Reyes/Angelo_Reyes_0001.jpg,Chip_Knight/Chip_Knight_0001.jpg,0,0.06613578
Angelo_Reyes/Angelo_Reyes_0001.jpg,Oliver_Neuville/Oliver_Neuville_0001.jpg,0,0.00301544
Anne_Heche/Anne_Heche_0001.jpg,Sasha_Alexander/Sasha_Alexander_0001.jpg,0,0.08890599
Anne_Heche/Anne_Heche_0001.jpg,Tanya_Lindenmuth/Tanya_Lindenmuth_0001.jpg,0,0.19252461
Antje_Buschschulte/Antje_Buschschulte_0001.jpg,Jerry_Angelo/Jerry_Angelo_0001.jpg,0,0.19114254
Anton_Balasingham/Anton_Balasingham_0001.jpg,Matt_Siebrandt/Matt_Siebrandt_0001.jpg,0,-0.04721757
Anton_Balasingham/Anton_Balasingham_0001.jpg,Will_Ferrell/Will_Ferrell_0001.jpg,0,0.19887944
Armando_Avila_Panchame/Armando_Avila_Panchame_0001.jpg,Monica_Gabrielle/Monica_Gabrielle_0001.jpg,0,0.12607980
Armando_Avila_Panchame/Armando_Avila_Panchame_0001.jpg,Retief_Goosen/Retief_Goosen_0001.jpg,0,0.26003844
BJ_Habibie/BJ_Habibie_0001.jpg,Craig_MacTavish/Craig_MacTavish_0001.jpg,0,0.28053886
Baz_Luhrmann/Baz_Luhrmann_0001.jpg,Danny_Avalon/Danny_Avalon_0001.jpg,0,0.10966633
Begum_Khaleda_Zia/Begum_Khaleda_Zia_0001.jpg,Eric_Idle/Eric_Idle_0001.jpg,0,-0.03818342
Begum_Khaleda_Zia/Begum_Khaleda_Zia_0001.jpg,Michael_Andretti/Michael_Andretti_0001.jpg,0,0.04570662
Begum_Khaleda_Zia/Begum_Khaleda_Zia_0001.jpg,Picabo_Street/Picabo_Street_0001.jpg,0,0.24884920
Ben_Cahoon/Ben_Cahoon_0001.jpg,Nate_Blackwell/Nate_Blackwell_0001.jpg,0,-0.07751719
Ben_Cahoon/Ben_Cahoon_0001.jpg,Roy_Williams/Roy_Williams_0003.jpg,0,-0.02715421
Ben_Curtis/Ben_Curtis_0003.jpg,Jim_Calhoun/Jim_Calhoun_0001.jpg,0,0.07587631
Benicio_Del_Toro/Benicio_Del_Toro_0001.jpg,Elizabeth_Taylor/Elizabeth_Taylor_0001.jpg,0,0.11861580
Benicio_Del_Toro/Benicio_Del_Toro_0001.jpg,Ismail_Khan/Ismail_Khan_0001.jpg,0,0.16110767
Benicio_Del_Toro/Benicio_Del_Toro_0001.jpg,Tonya_Payne/Tonya_Payne_0001.jpg,0,-0.02085776
Bijan_Namdar_Zangeneh/Bijan_Namdar_Zangeneh_0001.jpg,Petro_Symonenko/Petro_Symonenko_0001.jpg,0,-0.03148678
Billy_Graham/Billy_Graham_0001.jpg,Karin_Pilsaeter/Karin_Pilsaeter_0001.jpg,0,0.01890037
Billy_Graham/Billy_Graham_0001.jpg,Piers_Sellers/Piers_Sellers_0001.jpg,0,0.02440513
Billy_Graham/Billy_Graham_0002.jpg,Howard_Wilkinson/Howard_Wilkinson_0001.jpg,0,0.33835250
Bob_Colvin/Bob_Colvin_0002.jpg,Janet_Napolitano/Janet_Napolitano_0001.jpg,0,0.05513232
Boris_Henry/Boris_Henry_0001.jpg,John_Reid/John_Reid_0002.jpg,0,0.06703916
Brandon_Boyd/Brandon_Boyd_0001.jpg,James_Brosnahan/James_Brosnahan_0001.jpg,0,0.04486167
Brandon_Boyd/Brandon_Boyd_0001.jpg,Neil_Moritz/Neil_Moritz_0001.jpg,0,0.03794571
Brent_Coles/Brent_Coles_0001.jpg,Zoe_Ball/Zoe_Ball_0001.jpg,0,0.01248731
Brett_Hull/Brett_Hull_0001.jpg,Gregorio_Rosal/Gregorio_Rosal_0001.jpg,0,-0.01055456
Brett_Hull/Brett_Hull_0001.jpg,Kirsten_Clark/Kirsten_Clark_0001.jpg,0,0.03491981
Brett_Hull/Brett_Hull_0001.jpg,Ralph_Nader/Ralph_Nader_0001.jpg,0,0.20968291
Brett_Perry/Brett_Perry_0001.jpg,Neri_Marcore/Neri_Marcore_0001.jpg,0,-0.02489037
Bruce_Willis/Bruce_Willis_0001.jpg,Carlos_Juarez/Carlos_Juarez_0001.jpg,0,0.08075397
Bruce_Willis/Bruce_Willis_0001.jpg,Jim_Carrey/Jim_Carrey_0001.jpg,0,-0.00783052
Bruce_Willis/Bruce_Willis_0001.jpg,Petria_Thomas/Petria_Thomas_0002.jpg,0,-0.28184533
Bryant_Young/Bryant_Young_0001.jpg,Jim_Bollman/Jim_Bollman_0001.jpg,0,0.03598738
Bryant_Young/Bryant_Young_0001.jpg,Maurice_Cheeks/Maurice_Cheeks_0001.jpg,0,0.07296869
Buddy_Ryan/Buddy_Ryan_0001.jpg,James_Brosnahan/James_Brosnahan_0001.jpg,0,0.29032356
Buddy_Ryan/Buddy_Ryan_0001.jpg,Nancy_Reagan/Nancy_Reagan_0002.jpg,0,0.09641612
Butch_Davis/Butch_Davis_0002.jpg,Herta_Daeubler-Gmelin/Herta_Daeubler-Gmelin_0002.jpg,0,0.30032212
Byron_Scott/Byron_Scott_0001.jpg,Jane_Clayson/Jane_Clayson_0001.jpg,0,0.06897171
Camille_Lewis/Camille_Lewis_0001.jpg,Lincoln_Chafee/Lincoln_Chafee_0001.jpg,0,0.02348045
Camille_Lewis/Camille_Lewis_0001.jpg,Nathirah_Hussein/Nathirah_Hussein_0001.jpg,0,-0.09901185
Carol_Burnett/Carol_Burnett_0001.jpg,Raf_Vallone/Raf_Vallone_0001.jpg,0,0.08822091
Carol_Niedermayer/Carol_Niedermayer_0001.jpg,Kristin_Scott/Kristin_Scott_0001.jpg,0,0.09363472
Catherine_Ndereba/Catherine_Ndereba_0001.jpg,Janet_Napolitano/Janet_Napolitano_0004.jpg,0,0.00490216
Chandrika_Kumaratunga/Chandrika_Kumaratunga_0001.jpg,Kevin_Satterfield/Kevin_Satterfield_0001.jpg,0,-0.10032965
Charles_Mathews/Charles_Mathews_0001.jpg,Will_Ferrell/Will_Ferrell_0001.jpg,0,0.03465632
Charles_Mathews/Charles_Mathews_0002.jpg,Kristin_Scott/Kristin_Scott_0001.jpg,0,0.05992813
Charlie_Garner/Charlie_Garner_0001.jpg,Luo_Linquan/Luo_Linquan_0001.jpg,0,0.15335250
Charlie_Williams/Charlie_Williams_0001.jpg,Julia_Tymoshenko/Julia_Tymoshenko_0001.jpg,0,-0.00303682
Cheryl_Ford/Cheryl_Ford_0001.jpg,Chris_Cookson/Chris_Cookson_0001.jpg,0,-0.06239135
Chip_Knight/Chip_Knight_0001.jpg,Ronald_Post/Ronald_Post_0001.jpg,0,-0.00487183
Chloe_Sevigny/Chloe_Sevigny_0001.jpg,Emyr_Jones_Parry/Emyr_Jones_Parry_0001.jpg,0,-0.01521733
Chloe_Sevigny/Chloe_Sevigny_0001.jpg,Petria_Thomas/Petria_Thomas_0003.jpg,0,-0.12684891
Chris_Cornell/Chris_Cornell_0001.jpg,Desmon_Farmer/Desmon_Farmer_0001.jpg,0,-0.02814921
Christine_Ebersole/Christine_Ebersole_0002.jpg,Paul_Walker/Paul_Walker_0001.jpg,0,0.06361455
Christoph_Daum/Christoph_Daum_0001.jpg,Scott_Hubbard/Scott_Hubbard_0001.jpg,0,-0.08247938
Christopher_Conyers/Christopher_Conyers_0001.jpg,Michael_Milton/Michael_Milton_0001.jpg,0,0.35081631
Christopher_Conyers/Christopher_Conyers_0001.jpg,Raoul_Ruiz/Raoul_Ruiz_0001.jpg,0,0.00155349
Chuck_Bednarik/Chuck_Bednarik_0001.jpg,Mario_Jardel/Mario_Jardel_0001.jpg,0,0.13297039
Cindy_Zagorski/Cindy_Zagorski_0001.jpg,Rosie_Perez/Rosie_Perez_0001.jpg,0,0.20377268
Claudia_Schiffer/Claudia_Schiffer_0001.jpg,Lynn_Abraham/Lynn_Abraham_0002.jpg,0,0.00162384
Claudia_Schiffer/Claudia_Schiffer_0003.jpg,Lin_Yung_Hsi/Lin_Yung_Hsi_0001.jpg,0,-0.15952894
Colin_Cowie/Colin_Cowie_0001.jpg,Mstislav_Rostropovich/Mstislav_Rostropovich_0001.jpg,0,-0.12552467
Condoleezza_Rice/Condoleezza_Rice_0002.jpg,Mehmet_Okur/Mehmet_Okur_0001.jpg,0,0.00254988
Condoleezza_Rice/Condoleezza_Rice_0007.jpg,Ryan_Nyquist/Ryan_Nyquist_0001.jpg,0,-0.10467540
Costas_Simitis/Costas_Simitis_0002.jpg,Lorraine_Fenton/Lorraine_Fenton_0001.jpg,0,-0.02000389
Craig_MacTavish/Craig_MacTavish_0001.jpg,Vince_Dooley/Vince_Dooley_0001.jpg,0,0.06011818
Cristina_Saralegui/Cristina_Saralegui_0001.jpg,Dave_Robertson/Dave_Robertson_0001.jpg,0,0.05399793
Cruz_Bustamante/Cruz_Bustamante_0002.jpg,Dean_Barkley/Dean_Barkley_0003.jpg,0,0.05568855
Cyndi_Thompson/Cyndi_Thompson_0001.jpg,Nicolas_Escude/Nicolas_Escude_0002.jpg,0,-0.13711315
Cyndi_Thompson/Cyndi_Thompson_0002.jpg,Owen_Nolan/Owen_Nolan_0001.jpg,0,0.01994907
Dalia_Rabin-Pelosoff/Dalia_Rabin-Pelosoff_0001.jpg,Sean_Combs/Sean_Combs_0001.jpg,0,-0.17039940
Daniel_Darnell/Daniel_Darnell_0001.jpg,Malcolm_Jamal_Warner/Malcolm_Jamal_Warner_0001.jpg,0,-0.01152242
Danny_Avalon/Danny_Avalon_0001.jpg,Sean_Penn/Sean_Penn_0002.jpg,0,0.00498038
David_Blaine/David_Blaine_0001.jpg,Nicholas_Tse/Nicholas_Tse_0002.jpg,0,0.12813026
David_Blaine/David_Blaine_0001.jpg,Ramon_Delgado/Ramon_Delgado_0001.jpg,0,0.00466804
David_Heymann/David_Heymann_0003.jpg,Norm_Macdonald/Norm_Macdonald_0001.jpg,0,-0.01739580
David_Surrett/David_Surrett_0001.jpg,Michael_Taylor/Michael_Taylor_0001.jpg,0,0.22809686
David_Tornberg/David_Tornberg_0001.jpg,Ricky_Ponting/Ricky_Ponting_0001.jpg,0,0.07722810
Deece_Eckstein/Deece_Eckstein_0001.jpg,Diana_Munz/Diana_Munz_0001.jpg,0,0.19019996
Deece_Eckstein/Deece_Eckstein_0001.jpg,Tommy_Lewis/Tommy_Lewis_0001.jpg,0,0.11907237
Denis_Coderre/Denis_Coderre_0001.jpg,Don_Siegelman/Don_Siegelman_0001.jpg,0,0.17785826
Denis_Coderre/Denis_Coderre_0001.jpg,John_Eder/John_Eder_0001.jpg,0,0.32042992
Desmon_Farmer/Desmon_Farmer_0001.jpg,Lin_Yung_Hsi/Lin_Yung_Hsi_0001.jpg,0,0.17131539
Diana_Krall/Diana_Krall_0004.jpg,Ramon_Delgado/Ramon_Delgado_0001.jpg,0,-0.00902282
Dick_Armey/Dick_Armey_0001.jpg,Mehmet_Okur/Mehmet_Okur_0001.jpg,0,0.01324164
Dinah_Turner/Dinah_Turner_0001.jpg,Mekhi_Phifer/Mekhi_Phifer_0001.jpg,0,0.15001087
Dinah_Turner/Dinah_Turner_0001.jpg,Tammy_Helm/Tammy_Helm_0001.jpg,0,0.11727578
Don_Boudria/Don_Boudria_0001.jpg,Roy_Chaderton/Roy_Chaderton_0001.jpg,0,0.22093458
Don_Boudria/Don_Boudria_0001.jpg,Sananda_Maitreya/Sananda_Maitreya_0001.jpg,0,-0.10056932
Don_Matthews/Don_Matthews_0001.jpg,Kirsten_Clark/Kirsten_Clark_0001.jpg,0,0.11207274
Don_Matthews/Don_Matthews_0001.jpg,Pa_Kou_Hang/Pa_Kou_Hang_0001.jpg,0,0.10317968
Don_Matthews/Don_Matthews_0001.jpg,Peter_Arnett/Peter_Arnett_0002.jpg,0,0.16625683
Don_Siegelman/Don_Siegelman_0002.jpg,Elizabeth_Taylor/Elizabeth_Taylor_0002.jpg,0,0.05447800
Donald_Pettit/Donald_Pettit_0001.jpg,Edward_James_Olmos/Edward_James_Olmos_0002.jpg,0,-0.00166637
Doug_Collins/Doug_Collins_0001.jpg,Kristanna_Loken/Kristanna_Loken_0005.jpg,0,0.02867051
Dyana_Calub/Dyana_Calub_0001.jpg,Ronald_Post/Ronald_Post_0001.jpg,0,0.11137839
Earl_Counter/Earl_Counter_0001.jpg,Joe_Friedberg/Joe_Friedberg_0001.jpg,0,-0.00210176
Edward_Albee/Edward_Albee_0001.jpg,Nicola_Bono/Nicola_Bono_0001.jpg,0,0.06128557
Edward_Belvin/Edward_Belvin_0001.jpg,Jacqueline_Gold/Jacqueline_Gold_0001.jpg,0,0.09428895
Edward_James_Olmos/Edward_James_Olmos_0002.jpg,Mariano_Zabaleta/Mariano_Zabaleta_0001.jpg,0,0.09786468
Elin_Nordegren/Elin_Nordegren_0001.jpg,George_Brumley_III/George_Brumley_III_0001.jpg,0,0.09290331
Elin_Nordegren/Elin_Nordegren_0001.jpg,Samantha_Daniels/Samantha_Daniels_0001.jpg,0,-0.08286386
Elin_Nordegren/Elin_Nordegren_0002.jpg,Leszek_Miller/Leszek_Miller_0003.jpg,0,0.06522788
Elisabeth_Welch/Elisabeth_Welch_0001.jpg,Piers_Sellers/Piers_Sellers_0001.jpg,0,0.15492231
Elizabeth_Taylor/Elizabeth_Taylor_0001.jpg,Olympia_Dukakis/Olympia_Dukakis_0001.jpg,0,0.16911678
Ellen_DeGeneres/Ellen_DeGeneres_0002.jpg,Lorraine_Fenton/Lorraine_Fenton_0001.jpg,0,0.11928767
Elva_Hsiao/Elva_Hsiao_0001.jpg,Samantha_Daniels/Samantha_Daniels_0001.jpg,0,0.15520756
Emma_Watson/Emma_Watson_0002.jpg,Henry_Hyde/Henry_Hyde_0001.jpg,0,0.02209403
Emyr_Jones_Parry/Emyr_Jones_Parry_0001.jpg,Sally_Clark/Sally_Clark_0001.jpg,0,0.17559060
Eric_Ryan_Donnelly/Eric_Ryan_Donnelly_0001.jpg,Iain_Duncan_Smith/Iain_Duncan_Smith_0001.jpg,0,0.14574581
Ernesto_Zedillo/Ernesto_Zedillo_0001.jpg,Lenny_Kravitz/Lenny_Kravitz_0001.jpg,0,-0.09320734
Ernesto_Zedillo/Ernesto_Zedillo_0001.jpg,Megan_Mullally/Megan_Mullally_0002.jpg,0,-0.00549638
Erwin_Mapasseng/Erwin_Mapasseng_0001.jpg,Hilary_Duff/Hilary_Duff_0003.jpg,0,0.09996636
Evelyn_Lauder/Evelyn_Lauder_0001.jpg,Nathan_Powell/Nathan_Powell_0001.jpg,0,0.02724931
Fernando_Hierro/Fernando_Hierro_0001.jpg,Prince_Charles/Prince_Charles_0002.jpg,0,0.08899172
Flavia_Delaroli/Flavia_Delaroli_0002.jpg,John_Warner/John_Warner_0004.jpg,0,0.08179485
Flavia_Delaroli/Flavia_Delaroli_0002.jpg,Vanessa_Laine/Vanessa_Laine_0001.jpg,0,0.18129598
Fran_Drescher/Fran_Drescher_0001.jpg,Warren_Truss/Warren_Truss_0001.jpg,0,-0.08083740
Fran_Drescher/Fran_Drescher_0002.jpg,Jay_Leno/Jay_Leno_0003.jpg,0,-0.16839629
Frank_Murkowski/Frank_Murkowski_0001.jpg,James_Brosnahan/James_Brosnahan_0001.jpg,0,0.13695852
Frank_Stallone/Frank_Stallone_0001.jpg,Tommy_Lewis/Tommy_Lewis_0001.jpg,0,0.25249064
Frank_Stallone/Frank_Stallone_0002.jpg,Toni_Braxton/Toni_Braxton_0002.jpg,0,0.13260883
Gary_Coleman/Gary_Coleman_0001.jpg,Koichi_Tanaka/Koichi_Tanaka_0001.jpg,0,0.01373502
Gary_Coleman/Gary_Coleman_0001.jpg,Uri_Lopolianski/Uri_Lopolianski_0001.jpg,0,0.05410997
Gary_Sayler/Gary_Sayler_0001.jpg,Ralph_Sampson/Ralph_Sampson_0001.jpg,0,0.13579904
George_Brumley_III/George_Brumley_III_0001.jpg,Will_Ferrell/Will_Ferrell_0001.jpg,0,-0.02406745
George_Lopez/George_Lopez_0005.jpg,Iain_Duncan_Smith/Iain_Duncan_Smith_0001.jpg,0,0.12435416
Georgina_Bardach/Georgina_Bardach_0001.jpg,Henry_Hilow/Henry_Hilow_0001.jpg,0,0.01815610
Gilberto_Rodriguez_Orejuela/Gilberto_Rodriguez_Orejuela_0003.jpg,Lennox_Lewis/Lennox_Lewis_0001.jpg,0,-0.12076545
Gilberto_Rodriguez_Orejuela/Gilberto_Rodriguez_Orejuela_0003.jpg,Nancy_Demme/Nancy_Demme_0001.jpg,0,-0.15912598
Gordon_Lightfoot/Gordon_Lightfoot_0001.jpg,Lima_Azimi/Lima_Azimi_0001.jpg,0,-0.16901176
Gordon_Lightfoot/Gordon_Lightfoot_0001.jpg,Robert_Nardelli/Robert_Nardelli_0001.jpg,0,0.24822430
Gracia_Burnham/Gracia_Burnham_0001.jpg,Jim_Calhoun/Jim_Calhoun_0001.jpg,0,0.18437254
Gregorio_Rosal/Gregorio_Rosal_0001.jpg,Richard_Greenberg/Richard_Greenberg_0001.jpg,0,0.15785033
Guenter_Verheugen/Guenter_Verheugen_0001.jpg,Kaspar_Villiger/Kaspar_Villiger_0001.jpg,0,0.08276688
Guillermo_Canas/Guillermo_Canas_0001.jpg,Tim_Duncan/Tim_Duncan_0002.jpg,0,0.13838655
Guillermo_Canas/Guillermo_Canas_0002.jpg,Michalis_Chrisohoides/Michalis_Chrisohoides_0001.jpg,0,-0.04570390
Hal_McCoy/Hal_McCoy_0001.jpg,Rudolph_Holton/Rudolph_Holton_0001.jpg,0,0.13683435
Hank_Aaron/Hank_Aaron_0001.jpg,Steve_Valentine/Steve_Valentine_0001.jpg,0,0.12105182
Hans_Eichel/Hans_Eichel_0001.jpg,Jimmy_Iovine/Jimmy_Iovine_0001.jpg,0,0.27393037
Hashan_Tillakaratne/Hashan_Tillakaratne_0001.jpg,John_Warner/John_Warner_0003.jpg,0,-0.14005931
Heath_Ledger/Heath_Ledger_0002.jpg,Melissa_Stark/Melissa_Stark_0001.jpg,0,0.10931328
Henry_Hilow/Henry_Hilow_0001.jpg,Monica_Gabrielle/Monica_Gabrielle_0001.jpg,0,-0.11311871
Herta_Daeubler-Gmelin/Herta_Daeubler-Gmelin_0002.jpg,Koichi_Tanaka/Koichi_Tanaka_0001.jpg,0,0.19995990
Hilary_Duff/Hilary_Duff_0001.jpg,Luther_Htu/Luther_Htu_0001.jpg,0,0.06042314
Hun_Sen/Hun_Sen_0002.jpg,John_Rigas/John_Rigas_0002.jpg,0,0.19032329
Idi_Amin/Idi_Amin_0001.jpg,Stephen_Silas/Stephen_Silas_0001.jpg,0,-0.02000746
Isabel_Orellana/Isabel_Orellana_0001.jpg,Spike_Helmick/Spike_Helmick_0001.jpg,0,0.12509005
Ismael_Miranda/Ismael_Miranda_0001.jpg,Janela_Jara/Janela_Jara_0001.jpg,0,0.12247854
Ismael_Miranda/Ismael_Miranda_0001.jpg,Peter_Greenspun/Peter_Greenspun_0001.jpg,0,-0.00034786
Ismail_Khan/Ismail_Khan_0001.jpg,Malcolm_Jamal_Warner/Malcolm_Jamal_Warner_0001.jpg,0,0.10926466
JK_Rowling/JK_Rowling_0005.jpg,Sasha_Alexander/Sasha_Alexander_0001.jpg,0,0.23912349
Jackie_Chan/Jackie_Chan_0003.jpg,Jennifer_Gratz/Jennifer_Gratz_0001.jpg,0,-0.08373585
Jacqueline_Edwards/Jacqueline_Edwards_0001.jpg,Meg_Wakeman/Meg_Wakeman_0001.jpg,0,0.03168039
Jacqueline_Edwards/Jacqueline_Edwards_0001.jpg,Noor_Mohammed/Noor_Mohammed_0001.jpg,0,0.13129131
James_Baker/James_Baker_0001.jpg,Mike_Tice/Mike_Tice_0001.jpg,0,0.02388604
James_Harris/James_Harris_0001.jpg,Keith_Bogans/Keith_Bogans_0002.jpg,0,0.05486479
James_Layug/James_Layug_0001.jpg,Ralph_Sampson/Ralph_Sampson_0001.jpg,0,-0.06609739
Jane_Clayson/Jane_Clayson_0001.jpg,Rene_Antonio_Leon_Rodriguez/Rene_Antonio_Leon_Rodriguez_0001.jpg,0,-0.07881001
Jane_Kaczmarek/Jane_Kaczmarek_0002.jpg,Morris_Watts/Morris_Watts_0001.jpg,0,0.13835198
Jane_Russell/Jane_Russell_0001.jpg,Martin_ONeill/Martin_ONeill_0001.jpg,0,0.19941282
Janela_Jara/Janela_Jara_0001.jpg,Kirsten_Clark/Kirsten_Clark_0001.jpg,0,-0.07097577
Janela_Jara/Janela_Jara_0001.jpg,Pa_Kou_Hang/Pa_Kou_Hang_0001.jpg,0,0.26928613
Janela_Jara/Janela_Jara_0001.jpg,Ricky_Cottrill/Ricky_Cottrill_0001.jpg,0,0.11594853
Janet_Napolitano/Janet_Napolitano_0002.jpg,Laurie_Laychak/Laurie_Laychak_0001.jpg,0,0.27093473
Javier_Camara/Javier_Camara_0001.jpg,Nate_Blackwell/Nate_Blackwell_0001.jpg,0,0.08981876
Jeane_Kirkpatrick/Jeane_Kirkpatrick_0001.jpg,Jeff_Van_Gundy/Jeff_Van_Gundy_0003.jpg,0,-0.07364213
Jeane_Kirkpatrick/Jeane_Kirkpatrick_0001.jpg,Richard_Greenberg/Richard_Greenberg_0001.jpg,0,0.04105754
Jeff_Van_Gundy/Jeff_Van_Gundy_0001.jpg,Richard_Naughton/Richard_Naughton_0001.jpg,0,0.22722223
Jeffrey_Katzenberg/Jeffrey_Katzenberg_0001.jpg,Susan_Whelan/Susan_Whelan_0001.jpg,0,-0.12465203
Jennette_Bradley/Jennette_Bradley_0001.jpg,Tammy_Helm/Tammy_Helm_0001.jpg,0,0.03828451
Jim_Furyk/Jim_Furyk_0006.jpg,Linn_Thornton/Linn_Thornton_0001.jpg,0,0.13543642
John_Eastman/John_Eastman_0001.jpg,Ricky_Ponting/Ricky_Ponting_0001.jpg,0,0.12868831
John_F_Kennedy_Jr/John_F_Kennedy_Jr_0002.jpg,Nathan_Powell/Nathan_Powell_0001.jpg,0,-0.03479075
John_Garamendi/John_Garamendi_0001.jpg,Petro_Symonenko/Petro_Symonenko_0002.jpg,0,-0.02415492
John_Madden/John_Madden_0001.jpg,Sara_Silverman/Sara_Silverman_0001.jpg,0,0.05568063
Jose_Luis_Rodriguez_Zapatero/Jose_Luis_Rodriguez_Zapatero_0001.jpg,Rene_Antonio_Leon_Rodriguez/Rene_Antonio_Leon_Rodriguez_0001.jpg,0,0.14310518
Jose_Luis_Rodriguez_Zapatero/Jose_Luis_Rodriguez_Zapatero_0001.jpg,Steve_Lenard/Steve_Lenard_0001.jpg,0,0.14603733
Jose_Santos/Jose_Santos_0001.jpg,Michael_Boyce/Michael_Boyce_0001.jpg,0,0.14773372
Joseph_Kabila/Joseph_Kabila_0001.jpg,Rose_Linkins/Rose_Linkins_0001.jpg,0,-0.12800473
Juan_Francisco_Palencia/Juan_Francisco_Palencia_0001.jpg,Kristanna_Loken/Kristanna_Loken_0002.jpg,0,-0.13788426
Juan_Francisco_Palencia/Juan_Francisco_Palencia_0001.jpg,Warren_Truss/Warren_Truss_0001.jpg,0,0.10501717
Juan_Roman_Riquelme/Juan_Roman_Riquelme_0001.jpg,Ralph_Sampson/Ralph_Sampson_0001.jpg,0,0.32640341
Julia_Tymoshenko/Julia_Tymoshenko_0002.jpg,Luis_Sanchez/Luis_Sanchez_0001.jpg,0,-0.04579789
Karin_Pilsaeter/Karin_Pilsaeter_0001.jpg,Mike_Flanagan/Mike_Flanagan_0001.jpg,0,-0.07927421
Karin_Pilsaeter/Karin_Pilsaeter_0001.jpg,Petria_Thomas/Petria_Thomas_0003.jpg,0,-0.08972793
Keith_Bogans/Keith_Bogans_0002.jpg,Martin_ONeill/Martin_ONeill_0001.jpg,0,-0.05960168
Kelly_Leigh/Kelly_Leigh_0001.jpg,Spike_Helmick/Spike_Helmick_0001.jpg,0,0.14657812
Ken_Macha/Ken_Macha_0003.jpg,Tommy_Lewis/Tommy_Lewis_0001.jpg,0,0.08048084
Kenneth_Carlsen/Kenneth_Carlsen_0001.jpg,Robin_Cook/Robin_Cook_0001.jpg,0,-0.01196850
Kevin_Borseth/Kevin_Borseth_0001.jpg,Michael_Caine/Michael_Caine_0004.jpg,0,-0.05763812
Koichi_Tanaka/Koichi_Tanaka_0001.jpg,Ricardo_Lopez_Murphy/Ricardo_Lopez_Murphy_0001.jpg,0,0.02103722
Kristin_Scott/Kristin_Scott_0001.jpg,Max_Mayfield/Max_Mayfield_0002.jpg,0,0.07594333
Laura_Flessel/Laura_Flessel_0001.jpg,Owen_Nolan/Owen_Nolan_0001.jpg,0,-0.03654096
Lauren_Killian/Lauren_Killian_0002.jpg,Tommy_Lewis/Tommy_Lewis_0001.jpg,0,0.06756911
Laurie_Laychak/Laurie_Laychak_0001.jpg,Pa_Kou_Hang/Pa_Kou_Hang_0001.jpg,0,0.01668829
Lawrence_Di_Rita/Lawrence_Di_Rita_0001.jpg,Mekhi_Phifer/Mekhi_Phifer_0001.jpg,0,0.05163720
Lennox_Lewis/Lennox_Lewis_0003.jpg,Monte_Kiffin/Monte_Kiffin_0001.jpg,0,0.16965762
Leon_Lai/Leon_Lai_0001.jpg,Monica_Lewinsky/Monica_Lewinsky_0001.jpg,0,-0.01762957
Leon_Lai/Leon_Lai_0001.jpg,Sun_Myung_Moon/Sun_Myung_Moon_0001.jpg,0,0.08885577
Lily_Tomlin/Lily_Tomlin_0001.jpg,Marcos_Daniel_Jimenez/Marcos_Daniel_Jimenez_0001.jpg,0,0.03249332
Lily_Tomlin/Lily_Tomlin_0002.jpg,Sim_Yong/Sim_Yong_0001.jpg,0,0.11655541
Linn_Thornton/Linn_Thornton_0001.jpg,Sherri_Coale/Sherri_Coale_0001.jpg,0,0.04838106
Linn_Thornton/Linn_Thornton_0001.jpg,Tom_Cruise/Tom_Cruise_0002.jpg,0,0.25317830
Lloyd_Mudiwa/Lloyd_Mudiwa_0001.jpg,Sebastien_Grosjean/Sebastien_Grosjean_0001.jpg,0,0.11595099
Lois_Smart/Lois_Smart_0001.jpg,Tavis_Smiley/Tavis_Smiley_0001.jpg,0,0.33668712
Luis_Sanchez/Luis_Sanchez_0001.jpg,Petro_Symonenko/Petro_Symonenko_0001.jpg,0,-0.02715175
Luo_Linquan/Luo_Linquan_0001.jpg,Martin_ONeill/Martin_ONeill_0001.jpg,0,-0.02859228
Luther_Htu/Luther_Htu_0001.jpg,Steve_Karsay/Steve_Karsay_0001.jpg,0,-0.12415764
Lynn_Abraham/Lynn_Abraham_0001.jpg,Michael_Keaton/Michael_Keaton_0002.jpg,0,0.03145982
Lynn_Abraham/Lynn_Abraham_0002.jpg,Mariano_Zabaleta/Mariano_Zabaleta_0001.jpg,0,0.06441382
Mark_Richt/Mark_Richt_0003.jpg,Wilton_Gregory/Wilton_Gregory_0001.jpg,0,0.05660669
Martha_Smith/Martha_Smith_0001.jpg,Ray_Sherman/Ray_Sherman_0001.jpg,0,0.23483276
Martin_ONeill/Martin_ONeill_0001.jpg,Mike_Weir/Mike_Weir_0011.jpg,0,0.12054162
Mary-Kate_Olsen/Mary-Kate_Olsen_0001.jpg,Sim_Yong/Sim_Yong_0001.jpg,0,-0.01352082
Matt_Siebrandt/Matt_Siebrandt_0001.jpg,Rodney_Dangerfield/Rodney_Dangerfield_0001.jpg,0,-0.00834834
Maurice_Cheeks/Maurice_Cheeks_0001.jpg,Steve_Austin/Steve_Austin_0001.jpg,0,0.26634455
Mehmet_Okur/Mehmet_Okur_0001.jpg,Randy_Travis/Randy_Travis_0001.jpg,0,0.05720254
Michael_McNeely/Michael_McNeely_0001.jpg,Sean_Combs/Sean_Combs_0001.jpg,0,-0.03942957
Michael_Milton/Michael_Milton_0001.jpg,Wilfredo_Moreno/Wilfredo_Moreno_0001.jpg,0,-0.00007925
Michael_Powell/Michael_Powell_0001.jpg,Scott_Weiland/Scott_Weiland_0001.jpg,0,0.23038274
Miguel_Rosseto/Miguel_Rosseto_0001.jpg,Pascal_Rheaume/Pascal_Rheaume_0001.jpg,0,0.19488813
Miguel_Rosseto/Miguel_Rosseto_0001.jpg,Ricky_Ponting/Ricky_Ponting_0002.jpg,0,0.09904021
Mike_Flanagan/Mike_Flanagan_0001.jpg,Mohammed_Baqir_al-Hakim/Mohammed_Baqir_al-Hakim_0002.jpg,0,0.10618329
Mike_Tice/Mike_Tice_0001.jpg,Patti_Smith/Patti_Smith_0001.jpg,0,-0.04552056
Mohammed_Baqir_al-Hakim/Mohammed_Baqir_al-Hakim_0002.jpg,Tatyana_Tomashova/Tatyana_Tomashova_0001.jpg,0,0.07339142
Mufti_Mohammad_Syed/Mufti_Mohammad_Syed_0001.jpg,Raoul_Ruiz/Raoul_Ruiz_0004.jpg,0,0.05748794
Nancy_Demme/Nancy_Demme_0001.jpg,Roger_Mahony/Roger_Mahony_0001.jpg,0,0.10173912
Nancy_Reagan/Nancy_Reagan_0001.jpg,Rafael_Bielsa/Rafael_Bielsa_0001.jpg,0,0.00516897
Natasha_McElhone/Natasha_McElhone_0002.jpg,Robert_Nardelli/Robert_Nardelli_0001.jpg,0,0.03644960
Nathirah_Hussein/Nathirah_Hussein_0001.jpg,Susan_Whelan/Susan_Whelan_0001.jpg,0,0.35194659
Neil_Moritz/Neil_Moritz_0001.jpg,Roy_Williams/Roy_Williams_0002.jpg,0,0.19382541
Neil_Moritz/Neil_Moritz_0001.jpg,Xanana_Gusmao/Xanana_Gusmao_0005.jpg,0,0.10045047
Nelson_Shanks/Nelson_Shanks_0001.jpg,Pedro_Martinez/Pedro_Martinez_0001.jpg,0,0.03414277
Nelson_Shanks/Nelson_Shanks_0001.jpg,Ren_Qingjin/Ren_Qingjin_0001.jpg,0,0.37407395
Noor_Mohammed/Noor_Mohammed_0001.jpg,Scott_Weiland/Scott_Weiland_0001.jpg,0,0.18497694
Oswald_Gruebel/Oswald_Gruebel_0001.jpg,Richard_Penniman/Richard_Penniman_0001.jpg,0,0.02479794
Parthiv_Patel/Parthiv_Patel_0001.jpg,Tonya_Payne/Tonya_Payne_0001.jpg,0,-0.02220184
Pauley_Perrette/Pauley_Perrette_0001.jpg,Roy_Williams/Roy_Williams_0004.jpg,0,-0.01977748
Peter_Arnett/Peter_Arnett_0002.jpg,Rodney_Dangerfield/Rodney_Dangerfield_0001.jpg,0,0.16026378
Peter_Greenspun/Peter_Greenspun_0001.jpg,Rod_Thorn/Rod_Thorn_0001.jpg,0,0.14906867
Peter_Harvey/Peter_Harvey_0001.jpg,Warren_Truss/Warren_Truss_0001.jpg,0,0.05501853
Raja_Ramani/Raja_Ramani_0001.jpg,Richard_Greenberg/Richard_Greenberg_0001.jpg,0,-0.04704960
Raja_Ramani/Raja_Ramani_0001.jpg,Will_Young/Will_Young_0001.jpg,0,0.04933139
Ralph_Sampson/Ralph_Sampson_0001.jpg,Samantha_Daniels/Samantha_Daniels_0001.jpg,0,0.02448488
Raoul_Ruiz/Raoul_Ruiz_0003.jpg,Tirunesh_Dibaba/Tirunesh_Dibaba_0001.jpg,0,0.04825210
Ren_Qingjin/Ren_Qingjin_0001.jpg,Wilton_Gregory/Wilton_Gregory_0001.jpg,0,0.14214137
Ricardo_Lopez_Murphy/Ricardo_Lopez_Murphy_0002.jpg,Roberto_Robaina/Roberto_Robaina_0001.jpg,0,0.23371652
Ricky_Ponting/Ricky_Ponting_0001.jpg,Ronaldo_Luis_Nazario_de_Lima/Ronaldo_Luis_Nazario_de_Lima_0004.jpg,0,0.08396624
Robin_Cook/Robin_Cook_0001.jpg,Wilton_Gregory/Wilton_Gregory_0001.jpg,0,0.23639444
Roger_Federer/Roger_Federer_0004.jpg,Steve_Backley/Steve_Backley_0002.jpg,0,0.04920128
Ronald_Post/Ronald_Post_0001.jpg,Steve_Karsay/Steve_Karsay_0001.jpg,0,0.08829875
Ryan_Nyquist/Ryan_Nyquist_0001.jpg,Winona_Ryder/Winona_Ryder_0022.jpg,0,0.11437766
Sally_Clark/Sally_Clark_0001.jpg,Scott_Ritter/Scott_Ritter_0002.jpg,0,-0.06735634
Samantha_Daniels/Samantha_Daniels_0001.jpg,Taufik_Hidayat/Taufik_Hidayat_0003.jpg,0,0.03235176
Sherri_Coale/Sherri_Coale_0001.jpg,Troy_Garity/Troy_Garity_0001.jpg,0,0.10684566
Steve_Valentine/Steve_Valentine_0001.jpg,Toni_Braxton/Toni_Braxton_0002.jpg,0,0.03118046
Tammy_Helm/Tammy_Helm_0001.jpg,Tom_Smothers/Tom_Smothers_0001.jpg,0,0.11640458
Tanya_Lindenmuth/Tanya_Lindenmuth_0001.jpg,Tora_Takagi/Tora_Takagi_0001.jpg,0,-0.00432658
Toni_Braxton/Toni_Braxton_0003.jpg,Yann_Martel/Yann_Martel_0002.jpg,0,0.04344692
AJ_Lamas/AJ_Lamas_0001.jpg,Chris_Penn/Chris_Penn_0001.jpg,0,0.22002140
Ahmed_Qureia/Ahmed_Qureia_0001.jpg,Stanley_McChrystal/Stanley_McChrystal_0003.jpg,0,0.30494764
Ahmet_Necdet_Sezer/Ahmet_Necdet_Sezer_0001.jpg,John_Rowe/John_Rowe_0001.jpg,0,0.22297615
Alan_Dreher/Alan_Dreher_0001.jpg,Emily_Mason/Emily_Mason_0001.jpg,0,0.20716703
Alan_Dreher/Alan_Dreher_0001.jpg,Francisco_Santos/Francisco_Santos_0001.jpg,0,0.27866888
Alan_Dreher/Alan_Dreher_0001.jpg,Robert_Bullock/Robert_Bullock_0002.jpg,0,0.11366808
Alan_Mulally/Alan_Mulally_0002.jpg,Tomomi_Morita/Tomomi_Morita_0001.jpg,0,0.05850684
Alan_Stonecipher/Alan_Stonecipher_0001.jpg,Luis_Gonzalez/Luis_Gonzalez_0001.jpg,0,0.12850580
Alberto_Ruiz_Gallardon/Alberto_Ruiz_Gallardon_0001.jpg,James_Smith/James_Smith_0002.jpg,0,-0.00906432
Alessandra_Cerna/Alessandra_Cerna_0001.jpg,John_Darby/John_Darby_0001.jpg,0,-0.12866811
Alessandra_Cerna/Alessandra_Cerna_0001.jpg,John_Rowland/John_Rowland_0002.jpg,0,0.05980961
Alessandra_Cerna/Alessandra_Cerna_0001.jpg,Marina_Canetti/Marina_Canetti_0001.jpg,0,0.19732320
Alessandra_Cerna/Alessandra_Cerna_0001.jpg,Randy_Jackson/Randy_Jackson_0001.jpg,0,0.02880946
Alessandra_Cerna/Alessandra_Cerna_0001.jpg,Richard_Jewell/Richard_Jewell_0001.jpg,0,0.03982126
Alex_Cabrera/Alex_Cabrera_0001.jpg,Fred_Huff/Fred_Huff_0001.jpg,0,0.02464171
Alex_Cabrera/Alex_Cabrera_0001.jpg,Tommy_Franks/Tommy_Franks_0009.jpg,0,-0.05145596
Alex_Corretja/Alex_Corretja_0001.jpg,Jacky_Cheung/Jacky_Cheung_0001.jpg,0,-0.18146117
Alexandra_Spann/Alexandra_Spann_0001.jpg,Beth_Blough/Beth_Blough_0001.jpg,0,0.12211169
Ali_Hammoud/Ali_Hammoud_0001.jpg,Randy_Jackson/Randy_Jackson_0001.jpg,0,-0.07004297
Almeida_Baptista/Almeida_Baptista_0001.jpg,Jan_Peter_Balkenende/Jan_Peter_Balkenende_0001.jpg,0,-0.05270599
Almeida_Baptista/Almeida_Baptista_0001.jpg,Jason_Mewes/Jason_Mewes_0001.jpg,0,0.18420357
Almeida_Baptista/Almeida_Baptista_0001.jpg,Taoufik_Mathlouthi/Taoufik_Mathlouthi_0001.jpg,0,0.01676914
Amanda_Bynes/Amanda_Bynes_0002.jpg,Grant_Rossenmeyer/Grant_Rossenmeyer_0001.jpg,0,0.07304312
Amy_Cotton/Amy_Cotton_0001.jpg,Matt_Walters/Matt_Walters_0001.jpg,0,0.13248082
Amy_Cotton/Amy_Cotton_0001.jpg,Roberto_Guaterroma/Roberto_Guaterroma_0001.jpg,0,0.02172603
Andrew_Jarecki/Andrew_Jarecki_0001.jpg,Barbara_Boxer/Barbara_Boxer_0001.jpg,0,0.17634420
Andrew_Jarecki/Andrew_Jarecki_0001.jpg,Tessa_Jowell/Tessa_Jowell_0001.jpg,0,0.10076204
Andy_North/Andy_North_0001.jpg,Eric_Hinske/Eric_Hinske_0001.jpg,0,-0.00806545
Andy_North/Andy_North_0001.jpg,Marina_Kuptsova/Marina_Kuptsova_0001.jpg,0,0.36615497
Andy_North/Andy_North_0001.jpg,Phil_Bennett/Phil_Bennett_0001.jpg,0,0.16349173
Angela_Merkel/Angela_Merkel_0002.jpg,Hal_Gehman/Hal_Gehman_0001.jpg,0,0.28161746
Angela_Merkel/Angela_Merkel_0003.jpg,Anna_Jones/Anna_Jones_0001.jpg,0,-0.02535291
Angela_Merkel/Angela_Merkel_0003.jpg,Frank_Griswold/Frank_Griswold_0001.jpg,0,0.08281705
Anna_Jones/Anna_Jones_0001.jpg,Ray_Romano/Ray_Romano_0008.jpg,0,-0.01207480
Anthony_LaPaglia/Anthony_LaPaglia_0001.jpg,Roberto_Guaterroma/Roberto_Guaterroma_0001.jpg,0,0.25826448
Arlen_Specter/Arlen_Specter_0001.jpg,Bill_Butler/Bill_Butler_0001.jpg,0,0.17265125
Arlen_Specter/Arlen_Specter_0002.jpg,Barbara_Boxer/Barbara_Boxer_0001.jpg,0,0.11616470
Atal_Bihari_Vajpayee/Atal_Bihari_Vajpayee_0003.jpg,Ruben_Sierra/Ruben_Sierra_0001.jpg,0,0.22147803
Atsushi_Sato/Atsushi_Sato_0001.jpg,Monica_Serra/Monica_Serra_0001.jpg,0,0.11554260
Baburam_Bhattari/Baburam_Bhattari_0001.jpg,Muhammad_Saeed_al-Sahhaf/Muhammad_Saeed_al-Sahhaf_0004.jpg,0,0.23040083
Barry_Alvarez/Barry_Alvarez_0001.jpg,John_Jones/John_Jones_0001.jpg,0,0.29783329
Bill_Belichick/Bill_Belichick_0001.jpg,John_Petty/John_Petty_0001.jpg,0,0.15659979
Bill_Belichick/Bill_Belichick_0001.jpg,Phillipe_Comtois/Phillipe_Comtois_0001.jpg,0,0.02371310
Bill_Belichick/Bill_Belichick_0002.jpg,Roger_Machado/Roger_Machado_0001.jpg,0,0.10954054
Bill_Byrne/Bill_Byrne_0001.jpg,Bill_Sizemore/Bill_Sizemore_0001.jpg,0,0.32547742
Bill_Curry/Bill_Curry_0001.jpg,Ellen_Martin/Ellen_Martin_0001.jpg,0,-0.00695336
Bill_Curry/Bill_Curry_0001.jpg,Richard_Langille/Richard_Langille_0001.jpg,0,0.04225329
Bill_Curry/Bill_Curry_0001.jpg,Roberto_Guaterroma/Roberto_Guaterroma_0001.jpg,0,0.03827026
Billy_Beane/Billy_Beane_0001.jpg,Tom_Welch/Tom_Welch_0001.jpg,0,0.16347094
Boris_Trajkovski/Boris_Trajkovski_0001.jpg,Laurent_Gbagbo/Laurent_Gbagbo_0002.jpg,0,0.15410632
Brad_Brownell/Brad_Brownell_0001.jpg,Hussam_Mohammed_Amin/Hussam_Mohammed_Amin_0001.jpg,0,-0.04849723
Brandon_Fails/Brandon_Fails_0001.jpg,Christian_Lirette/Christian_Lirette_0001.jpg,0,0.21908727
Brandon_Fails/Brandon_Fails_0001.jpg,Ellen_Engleman/Ellen_Engleman_0002.jpg,0,-0.03113875
Brandon_Inge/Brandon_Inge_0001.jpg,Eric_Lloyd/Eric_Lloyd_0001.jpg,0,-0.00431179
Brenda_Magana/Brenda_Magana_0001.jpg,Nikolay_Davydenko/Nikolay_Davydenko_0001.jpg,0,-0.09520097
Brian_Jordan/Brian_Jordan_0001.jpg,Joe_Cravens/Joe_Cravens_0001.jpg,0,-0.03026479
Brian_Lara/Brian_Lara_0001.jpg,John_Darby/John_Darby_0001.jpg,0,0.11782940
Brian_Lara/Brian_Lara_0001.jpg,Stanley_Nelson/Stanley_Nelson_0001.jpg,0,0.16180179
Calvin_Harrison/Calvin_Harrison_0001.jpg,Luis_Gonzalez_Macchi/Luis_Gonzalez_Macchi_0003.jpg,0,0.14938910
Calvin_Harrison/Calvin_Harrison_0001.jpg,Richard_Gephardt/Richard_Gephardt_0009.jpg,0,0.07679488
Calvin_Harrison/Calvin_Harrison_0001.jpg,Suzanne_Fox/Suzanne_Fox_0001.jpg,0,-0.13610941
Camilla_Parker_Bowles/Camilla_Parker_Bowles_0002.jpg,Gustavo_Franco/Gustavo_Franco_0001.jpg,0,-0.00128804
Carina_Lau_Ka-ling/Carina_Lau_Ka-ling_0001.jpg,Lin_Yi-fu/Lin_Yi-fu_0001.jpg,0,0.15279387
Carlos_Ortega/Carlos_Ortega_0003.jpg,Lionel_Hampton/Lionel_Hampton_0001.jpg,0,0.03712221
Carolina_Kluft/Carolina_Kluft_0003.jpg,Gwen_Stefani/Gwen_Stefani_0001.jpg,0,0.15897708
Carson_Palmer/Carson_Palmer_0003.jpg,Richard_Jewell/Richard_Jewell_0001.jpg,0,0.13423905
Catherine_Deneuve/Catherine_Deneuve_0004.jpg,Jade_Jagger/Jade_Jagger_0001.jpg,0,0.08169615
Catriona_Le_May_Doan/Catriona_Le_May_Doan_0001.jpg,Craig_Burley/Craig_Burley_0001.jpg,0,0.23777720
Catriona_Le_May_Doan/Catriona_Le_May_Doan_0001.jpg,Phil_Mickelson/Phil_Mickelson_0001.jpg,0,0.05013331
Charlie_Deane/Charlie_Deane_0001.jpg,Queen_Silvia/Queen_Silvia_0001.jpg,0,-0.08150835
Charlotte_Church/Charlotte_Church_0001.jpg,Kaoru_Hasuike/Kaoru_Hasuike_0001.jpg,0,-0.00009909
Charlotte_Church/Charlotte_Church_0001.jpg,Sourav_Ganguly/Sourav_Ganguly_0001.jpg,0,0.06824629
Cheryl_Hines/Cheryl_Hines_0001.jpg,Du_Qinglin/Du_Qinglin_0001.jpg,0,0.00089763
Cheryl_Hines/Cheryl_Hines_0001.jpg,Lane_Odom/Lane_Odom_0001.jpg,0,-0.02104464
Chin-Hui_Tsao/Chin-Hui_Tsao_0001.jpg,Rosemarie_Stack/Rosemarie_Stack_0001.jpg,0,0.04919394
Choi_Sung-hong/Choi_Sung-hong_0004.jpg,Debra_Messing/Debra_Messing_0001.jpg,0,-0.03530164
Choi_Sung-hong/Choi_Sung-hong_0004.jpg,Frederique_van_der_Wal/Frederique_van_der_Wal_0001.jpg,0,0.03846304
Chris_Penn/Chris_Penn_0001.jpg,Phil_Bennett/Phil_Bennett_0001.jpg,0,0.22102804
Chris_Penn/Chris_Penn_0001.jpg,Taoufik_Mathlouthi/Taoufik_Mathlouthi_0001.jpg,0,-0.06446558
Christian_Lirette/Christian_Lirette_0001.jpg,Sargis_Sargsian/Sargis_Sargsian_0001.jpg,0,0.19481984
Christina_Aguilera/Christina_Aguilera_0002.jpg,Joshua_Harapko/Joshua_Harapko_0001.jpg,0,-0.01201957
Christina_Aguilera/Christina_Aguilera_0004.jpg,Jerry_Falwell/Jerry_Falwell_0002.jpg,0,-0.12755954
Christopher_Amolsch/Christopher_Amolsch_0001.jpg,Steve_Pagliuca/Steve_Pagliuca_0001.jpg,0,0.08288693
Christopher_Matero/Christopher_Matero_0001.jpg,Valery_Giscard_dEstaing/Valery_Giscard_dEstaing_0001.jpg,0,-0.02404141
Claudine_Farrell/Claudine_Farrell_0001.jpg,Mike_Miller/Mike_Miller_0002.jpg,0,-0.03989055
Clive_Woodward/Clive_Woodward_0001.jpg,Douglas_Faneuil/Douglas_Faneuil_0001.jpg,0,0.07284704
Clive_Woodward/Clive_Woodward_0001.jpg,Jose_Sarney/Jose_Sarney_0002.jpg,0,0.27646253
Coretta_Scott_King/Coretta_Scott_King_0001.jpg,Robert_Torricelli/Robert_Torricelli_0001.jpg,0,-0.01951857
Cori_Enghusen/Cori_Enghusen_0001.jpg,Ernie_Stewart/Ernie_Stewart_0001.jpg,0,0.14344020
Courtney_Love/Courtney_Love_0001.jpg,Jennifer_Aniston/Jennifer_Aniston_0003.jpg,0,-0.07857435
Courtney_Love/Courtney_Love_0001.jpg,Ruben_Sierra/Ruben_Sierra_0001.jpg,0,0.01783306
Craig_Burley/Craig_Burley_0001.jpg,Stanley_McChrystal/Stanley_McChrystal_0003.jpg,0,0.26548439
Daniel_Coats/Daniel_Coats_0001.jpg,Kathryn_Grayson/Kathryn_Grayson_0001.jpg,0,-0.01739243
Daniel_Day-Lewis/Daniel_Day-Lewis_0003.jpg,Scott_Yates/Scott_Yates_0001.jpg,0,0.17436770
Daniela_Hantuchova/Daniela_Hantuchova_0001.jpg,Jan_Peter_Balkenende/Jan_Peter_Balkenende_0001.jpg,0,0.17532340
Danny_Green/Danny_Green_0001.jpg,Rodrigo_Rato/Rodrigo_Rato_0001.jpg,0,0.21445183
Darin_Erstad/Darin_Erstad_0001.jpg,Steve_Fehr/Steve_Fehr_0001.jpg,0,0.11804673
Daryl_Smith/Daryl_Smith_0001.jpg,Reese_Witherspoon/Reese_Witherspoon_0004.jpg,0,0.05882908
David_Hanson/David_Hanson_0001.jpg,Richard_Norton-Taylor/Richard_Norton-Taylor_0001.jpg,0,0.07292563
David_Hilt/David_Hilt_0001.jpg,Hipolito_Mejia/Hipolito_Mejia_0003.jpg,0,0.09209777
Dennis_Franchione/Dennis_Franchione_0001.jpg,Hugh_Miller/Hugh_Miller_0001.jpg,0,0.00280435
Dennis_Kucinich/Dennis_Kucinich_0003.jpg,Sam_Torrance/Sam_Torrance_0002.jpg,0,0.03199157
Dennis_Kucinich/Dennis_Kucinich_0004.jpg,Radovan_Karadzic/Radovan_Karadzic_0001.jpg,0,-0.08503567
Dennis_Kucinich/Dennis_Kucinich_0006.jpg,Iain_Anderson/Iain_Anderson_0001.jpg,0,0.25297695
Derek_Bond/Derek_Bond_0001.jpg,John_Jumper/John_Jumper_0001.jpg,0,0.10376963
Diane_Ladd/Diane_Ladd_0001.jpg,Trevor_Watson/Trevor_Watson_0001.jpg,0,-0.16375792
Dick_Latessa/Dick_Latessa_0001.jpg,John_Burnett/John_Burnett_0001.jpg,0,0.09058440
Dick_Latessa/Dick_Latessa_0002.jpg,Martha_Beatriz_Roque/Martha_Beatriz_Roque_0001.jpg,0,0.12624776
Didier_Defago/Didier_Defago_0001.jpg,Jerry_Falwell/Jerry_Falwell_0002.jpg,0,0.07849072
Don_Hewitt/Don_Hewitt_0001.jpg,Guennadi_Chipouline/Guennadi_Chipouline_0001.jpg,0,0.03399197
Donald_Carty/Donald_Carty_0001.jpg,Ernie_Stewart/Ernie_Stewart_0001.jpg,0,0.27243444
Donald_Carty/Donald_Carty_0001.jpg,Jeffrey_Immelt/Jeffrey_Immelt_0002.jpg,0,0.23056528
Donald_Carty/Donald_Carty_0001.jpg,Vladimir_Putin/Vladimir_Putin_0034.jpg,0,0.22565152
Du_Qinglin/Du_Qinglin_0001.jpg,Meryl_Streep/Meryl_Streep_0007.jpg,0,0.02696377
Dustan_Mohr/Dustan_Mohr_0001.jpg,Edward_Flynn/Edward_Flynn_0001.jpg,0,0.03022540
Dustan_Mohr/Dustan_Mohr_0001.jpg,Enrik_Vendt/Enrik_Vendt_0001.jpg,0,0.10267784
Dustan_Mohr/Dustan_Mohr_0001.jpg,Nikolay_Davydenko/Nikolay_Davydenko_0001.jpg,0,0.14952940
Dustan_Mohr/Dustan_Mohr_0001.jpg,Sourav_Ganguly/Sourav_Ganguly_0005.jpg,0,0.16769379
Dustan_Mohr/Dustan_Mohr_0001.jpg,Theo_Angelopoulos/Theo_Angelopoulos_0001.jpg,0,0.09383752
E_Clay_Shaw/E_Clay_Shaw_0001.jpg,Jerry_Jones/Jerry_Jones_0001.jpg,0,0.24644467
Eduard_Shevardnadze/Eduard_Shevardnadze_0003.jpg,Martha_Lucia_Ramirez/Martha_Lucia_Ramirez_0001.jpg,0,0.05382459
Edward_Flynn/Edward_Flynn_0001.jpg,Madeleine_Albright/Madeleine_Albright_0002.jpg,0,0.05072191
Edward_Lu/Edward_Lu_0001.jpg,Robert_Zoellick/Robert_Zoellick_0007.jpg,0,0.01863206
Edwina_Currie/Edwina_Currie_0004.jpg,Eric_Hinske/Eric_Hinske_0002.jpg,0,0.02497364
Elena_de_Chavez/Elena_de_Chavez_0001.jpg,Jack_Goodman/Jack_Goodman_0001.jpg,0,0.08800009
Elizabeth_Shue/Elizabeth_Shue_0001.jpg,Odai_Hussein/Odai_Hussein_0001.jpg,0,0.02166945
Elizabeth_Shue/Elizabeth_Shue_0002.jpg,Princess_Hisako/Princess_Hisako_0001.jpg,0,-0.02607230
Elizabeth_Shue/Elizabeth_Shue_0002.jpg,Terry_Stotts/Terry_Stotts_0001.jpg,0,-0.05183795
Ellen_Engleman/Ellen_Engleman_0001.jpg,Guennadi_Chipouline/Guennadi_Chipouline_0001.jpg,0,0.04557651
Ellen_Saracini/Ellen_Saracini_0001.jpg,Ray_Romano/Ray_Romano_0006.jpg,0,-0.06317799
Elsa_Zylberstein/Elsa_Zylberstein_0002.jpg,Matt_Braker/Matt_Braker_0001.jpg,0,-0.01990461
Elvis_Stojko/Elvis_Stojko_0001.jpg,Jerry_Falwell/Jerry_Falwell_0001.jpg,0,0.04069563
Elvis_Stojko/Elvis_Stojko_0001.jpg,Robert_Mueller/Robert_Mueller_0005.jpg,0,0.16713545
Emma_Thompson/Emma_Thompson_0003.jpg,Nathan_Doudney/Nathan_Doudney_0001.jpg,0,0.08183002
Emmit_Smith/Emmit_Smith_0002.jpg,Rafael_Ramirez/Rafael_Ramirez_0004.jpg,0,0.20945166
Enrik_Vendt/Enrik_Vendt_0001.jpg,Lane_Odom/Lane_Odom_0001.jpg,0,0.12529324
Enrique_Oliu/Enrique_Oliu_0001.jpg,Markus_Naslund/Markus_Naslund_0001.jpg,0,-0.00743164
Enrique_Oliu/Enrique_Oliu_0001.jpg,William_McDonough/William_McDonough_0001.jpg,0,0.04439905
Eric_Hinske/Eric_Hinske_0001.jpg,Juan_Antonio_Samaranch/Juan_Antonio_Samaranch_0001.jpg,0,-0.09629367
Eric_Lloyd/Eric_Lloyd_0001.jpg,Jessica_Alba/Jessica_Alba_0002.jpg,0,0.15683083
Eric_Lloyd/Eric_Lloyd_0001.jpg,Valery_Giscard_dEstaing/Valery_Giscard_dEstaing_0001.jpg,0,0.08699604
Ernie_Harwell/Ernie_Harwell_0001.jpg,Queen_Beatrix/Queen_Beatrix_0003.jpg,0,0.09809937
Felipe_Perez_Roque/Felipe_Perez_Roque_0002.jpg,MC_Hammer/MC_Hammer_0001.jpg,0,0.19120240
Frank_Griswold/Frank_Griswold_0001.jpg,Yana_Klochkova/Yana_Klochkova_0001.jpg,0,0.14915085
Frank_Zappa/Frank_Zappa_0001.jpg,Markus_Naslund/Markus_Naslund_0001.jpg,0,-0.04165922
Frederique_van_der_Wal/Frederique_van_der_Wal_0001.jpg,Pedro_Mahecha/Pedro_Mahecha_0001.jpg,0,-0.01961403
Frederique_van_der_Wal/Frederique_van_der_Wal_0001.jpg,Raja_Zafar-ul-Haq/Raja_Zafar-ul-Haq_0001.jpg,0,0.10260876
Gary_Leon_Ridgway/Gary_Leon_Ridgway_0001.jpg,Robert_Wagner/Robert_Wagner_0001.jpg,0,0.14364545
Gary_Leon_Ridgway/Gary_Leon_Ridgway_0001.jpg,Scott_Yates/Scott_Yates_0001.jpg,0,0.19113423
Gary_Leon_Ridgway/Gary_Leon_Ridgway_0001.jpg,Yana_Klochkova/Yana_Klochkova_0001.jpg,0,0.01968813
Gene_Keady/Gene_Keady_0001.jpg,Mark_Sacco/Mark_Sacco_0001.jpg,0,0.11395103
George_Gregan/George_Gregan_0001.jpg,John_Negroponte/John_Negroponte_0027.jpg,0,0.17910434
Glen_DaSilva/Glen_DaSilva_0001.jpg,Rachel_Hunter/Rachel_Hunter_0004.jpg,0,-0.06157125
Glen_DaSilva/Glen_DaSilva_0001.jpg,Robert_Mugabe/Robert_Mugabe_0002.jpg,0,0.01497176
Glen_Sather/Glen_Sather_0001.jpg,Leslie_Caldwell/Leslie_Caldwell_0003.jpg,0,0.17692623
Glen_Sather/Glen_Sather_0001.jpg,Trevor_Watson/Trevor_Watson_0001.jpg,0,0.01386969
Goran_Zivkovic/Goran_Zivkovic_0001.jpg,Lee_Soo-hyuck/Lee_Soo-hyuck_0002.jpg,0,0.20009172
Goran_Zivkovic/Goran_Zivkovic_0001.jpg,Martha_Sahagun_de_Fox/Martha_Sahagun_de_Fox_0001.jpg,0,0.12128498
Goran_Zivkovic/Goran_Zivkovic_0001.jpg,Shane_Reynolds/Shane_Reynolds_0001.jpg,0,0.05917947
Grant_Rossenmeyer/Grant_Rossenmeyer_0001.jpg,Trevor_Watson/Trevor_Watson_0001.jpg,0,-0.14411490
Gregory_Hines/Gregory_Hines_0001.jpg,Marcus_Gronholm/Marcus_Gronholm_0002.jpg,0,-0.18802300
Guennadi_Chipouline/Guennadi_Chipouline_0001.jpg,Tom_Lantos/Tom_Lantos_0001.jpg,0,0.14518708
Guillermo_Ortiz/Guillermo_Ortiz_0001.jpg,Nestor_Santillan/Nestor_Santillan_0001.jpg,0,-0.01578195
Guillermo_Ortiz/Guillermo_Ortiz_0002.jpg,Strom_Thurmond/Strom_Thurmond_0002.jpg,0,0.15484157
Gus_Van_Sant/Gus_Van_Sant_0003.jpg,Natalie_Stewart/Natalie_Stewart_0001.jpg,0,0.05565131
Gwen_Stefani/Gwen_Stefani_0001.jpg,Hugh_Miller/Hugh_Miller_0001.jpg,0,-0.02262484
Gwendal_Peizerat/Gwendal_Peizerat_0003.jpg,Turner_Stevenson/Turner_Stevenson_0001.jpg,0,0.25758660
Hal_Gehman/Hal_Gehman_0001.jpg,Scott_Yates/Scott_Yates_0001.jpg,0,-0.08028953
Hamad_Bin_Isa_al-Khalifa/Hamad_Bin_Isa_al-Khalifa_0001.jpg,Marta_Dominguz/Marta_Dominguz_0001.jpg,0,-0.01720340
Harrison_Ford/Harrison_Ford_0002.jpg,Marcus_Gronholm/Marcus_Gronholm_0001.jpg,0,0.21804136
Harvey_Wachsman/Harvey_Wachsman_0001.jpg,Narayan_Singh_Pun/Narayan_Singh_Pun_0001.jpg,0,0.06542577
Heather_Locklear/Heather_Locklear_0001.jpg,John_Mayer/John_Mayer_0003.jpg,0,-0.11317009
Heather_Locklear/Heather_Locklear_0001.jpg,Pablo_Khulental/Pablo_Khulental_0001.jpg,0,0.11219654
Hichiro_Naemura/Hichiro_Naemura_0002.jpg,Richard_Jewell/Richard_Jewell_0001.jpg,0,0.32073951
Hipolito_Mejia/Hipolito_Mejia_0003.jpg,Jim_Ahern/Jim_Ahern_0001.jpg,0,0.16319530
Holly_Hunter/Holly_Hunter_0003.jpg,Joshua_Perper/Joshua_Perper_0001.jpg,0,-0.03496589
Hugh_Hefner/Hugh_Hefner_0001.jpg,Sam_Mendes/Sam_Mendes_0001.jpg,0,0.06491417
Iain_Anderson/Iain_Anderson_0001.jpg,James_Kopp/James_Kopp_0002.jpg,0,0.10320549
Iain_Anderson/Iain_Anderson_0001.jpg,Recep_Tayyip_Erdogan/Recep_Tayyip_Erdogan_0012.jpg,0,0.03866186
Ilan_Goldfajn/Ilan_Goldfajn_0001.jpg,Jennifer_Aniston/Jennifer_Aniston_0017.jpg,0,0.06103940
Ilie_Nastase/Ilie_Nastase_0001.jpg,Michael_Lopez-Alegria/Michael_Lopez-Alegria_0001.jpg,0,0.12957025
Intisar_Ajouri/Intisar_Ajouri_0003.jpg,Lin_Yi-fu/Lin_Yi-fu_0001.jpg,0,-0.04409850
Itamar_Franco/Itamar_Franco_0001.jpg,Jessica_Alba/Jessica_Alba_0001.jpg,0,-0.09120496
Jack_Goodman/Jack_Goodman_0001.jpg,Kirsten_Dunst/Kirsten_Dunst_0001.jpg,0,0.13835026
Jack_Goodman/Jack_Goodman_0001.jpg,Saburo_Kawabuchi/Saburo_Kawabuchi_0002.jpg,0,0.17220664
Jack_Nicholson/Jack_Nicholson_0001.jpg,Pat_Wharton/Pat_Wharton_0001.jpg,0,0.16332661
Jack_Valenti/Jack_Valenti_0001.jpg,Shinzo_Abe/Shinzo_Abe_0001.jpg,0,0.04929844
Jake_Plummer/Jake_Plummer_0001.jpg,Jose_Dirceu/Jose_Dirceu_0002.jpg,0,0.15250018
Jakob_Kellenberger/Jakob_Kellenberger_0001.jpg,Lara_Logan/Lara_Logan_0001.jpg,0,-0.11953746
Jakob_Kellenberger/Jakob_Kellenberger_0001.jpg,Pedro_Mahecha/Pedro_Mahecha_0001.jpg,0,0.01559641
James_Maguire/James_Maguire_0001.jpg,Ronald_Reagan/Ronald_Reagan_0001.jpg,0,0.03332537
James_Smith/James_Smith_0002.jpg,Kyra_Sedgwick/Kyra_Sedgwick_0001.jpg,0,-0.01273876
Jason_Statham/Jason_Statham_0001.jpg,Kwame_Kilpatrick/Kwame_Kilpatrick_0001.jpg,0,-0.09957893
Jawad_Boulus/Jawad_Boulus_0001.jpg,Narayan_Singh_Pun/Narayan_Singh_Pun_0001.jpg,0,-0.03034711
Jean-Rene_Fourtou/Jean-Rene_Fourtou_0001.jpg,Roh_Moo-hyun/Roh_Moo-hyun_0028.jpg,0,0.02586856
Jeannette_Biedermann/Jeannette_Biedermann_0001.jpg,Kenny_Brack/Kenny_Brack_0001.jpg,0,-0.16035649
Jennifer_Granholm/Jennifer_Granholm_0001.jpg,Trudi_Lacey/Trudi_Lacey_0001.jpg,0,0.06279169
Jerelle_Kraus/Jerelle_Kraus_0001.jpg,Warren_Beatty/Warren_Beatty_0001.jpg,0,0.16953875
Jesus_Cardenal/Jesus_Cardenal_0001.jpg,Pablo_Khulental/Pablo_Khulental_0001.jpg,0,0.03437521
Jim_Hendry/Jim_Hendry_0001.jpg,Larry_Beinfest/Larry_Beinfest_0001.jpg,0,0.34501970
Joan_Claybrook/Joan_Claybrook_0002.jpg,Pablo_Latras/Pablo_Latras_0001.jpg,0,0.08144975
Joaquin_Sanchez/Joaquin_Sanchez_0001.jpg,Richard_Armitage/Richard_Armitage_0001.jpg,0,0.08820029
Joe_Cocker/Joe_Cocker_0001.jpg,Martha_Beatriz_Roque/Martha_Beatriz_Roque_0001.jpg,0,0.18642631
Joe_Cocker/Joe_Cocker_0001.jpg,Randy_Jackson/Randy_Jackson_0001.jpg,0,0.23814625
Joe_Cravens/Joe_Cravens_0001.jpg,Sam_Mendes/Sam_Mendes_0001.jpg,0,-0.09400954
John_Barnett/John_Barnett_0001.jpg,Kathryn_Grayson/Kathryn_Grayson_0001.jpg,0,-0.06435743
John_Darby/John_Darby_0001.jpg,Masum_Turker/Masum_Turker_0003.jpg,0,0.05834887
John_Ferguson/John_Ferguson_0001.jpg,Paul_Schrader/Paul_Schrader_0001.jpg,0,0.08799654
John_Paul_DeJoria/John_Paul_DeJoria_0001.jpg,Paul_Pierce/Paul_Pierce_0001.jpg,0,0.02514099
John_Reilly/John_Reilly_0002.jpg,Princess_Hisako/Princess_Hisako_0001.jpg,0,0.01911401
John_Rowland/John_Rowland_0002.jpg,Steve_Kerr/Steve_Kerr_0001.jpg,0,0.23528975
Johnny_Depp/Johnny_Depp_0001.jpg,Leo_Mullin/Leo_Mullin_0001.jpg,0,0.03128512
Johnny_Depp/Johnny_Depp_0001.jpg,Trudi_Lacey/Trudi_Lacey_0001.jpg,0,-0.00155560
Johnny_Htu/Johnny_Htu_0001.jpg,Roger_Machado/Roger_Machado_0001.jpg,0,-0.01391959
Jose_Dirceu/Jose_Dirceu_0001.jpg,Robert_Torricelli/Robert_Torricelli_0003.jpg,0,0.19461304
Juan_Antonio_Samaranch/Juan_Antonio_Samaranch_0001.jpg,Stefan_Koubek/Stefan_Koubek_0001.jpg,0,0.00957859
Juergen_Braehmer/Juergen_Braehmer_0001.jpg,Shawn_Bradley/Shawn_Bradley_0001.jpg,0,-0.04721780
Juergen_Braehmer/Juergen_Braehmer_0001.jpg,Travis_Rudolph/Travis_Rudolph_0001.jpg,0,-0.02308837
Kathryn_Grayson/Kathryn_Grayson_0001.jpg,Queen_Beatrix/Queen_Beatrix_0004.jpg,0,0.16607867
Kathryn_Grayson/Kathryn_Grayson_0001.jpg,Ruben_Sierra/Ruben_Sierra_0001.jpg,0,-0.07053623
Kathryn_Grayson/Kathryn_Grayson_0001.jpg,Shannon_OBrien/Shannon_OBrien_0002.jpg,0,0.29543439
Katie_Holmes/Katie_Holmes_0001.jpg,Park_Jung_Sung/Park_Jung_Sung_0001.jpg,0,0.10838505
Kenny_Brack/Kenny_Brack_0001.jpg,Lin_Yi-fu/Lin_Yi-fu_0001.jpg,0,0.05908864
Kwame_Kilpatrick/Kwame_Kilpatrick_0001.jpg,Shannon_OBrien/Shannon_OBrien_0002.jpg,0,-0.05842692
Kyra_Sedgwick/Kyra_Sedgwick_0001.jpg,Reese_Witherspoon/Reese_Witherspoon_0003.jpg,0,0.20263535
Kyra_Sedgwick/Kyra_Sedgwick_0001.jpg,Richard_Hellfant/Richard_Hellfant_0001.jpg,0,0.21971968
Kyra_Sedgwick/Kyra_Sedgwick_0001.jpg,Wilbert_Elki_Meza_Majino/Wilbert_Elki_Meza_Majino_0001.jpg,0,0.06258073
Lance_Bass/Lance_Bass_0003.jpg,Queen_Rania/Queen_Rania_0005.jpg,0,0.22475621
Lara_Logan/Lara_Logan_0001.jpg,Turner_Stevenson/Turner_Stevenson_0001.jpg,0,0.06938882
Laszlo_Kovacs/Laszlo_Kovacs_0001.jpg,Luke_Ridnour/Luke_Ridnour_0001.jpg,0,0.05505853
Laszlo_Kovacs/Laszlo_Kovacs_0001.jpg,Olesya_Bonabarenko/Olesya_Bonabarenko_0002.jpg,0,0.07025477
Lee_Byung-woong/Lee_Byung-woong_0001.jpg,William_Hochul/William_Hochul_0002.jpg,0,0.08235233
Lee_Soo-hyuck/Lee_Soo-hyuck_0001.jpg,Robert_Bullock/Robert_Bullock_0001.jpg,0,0.18724835
Leslie_Caldwell/Leslie_Caldwell_0001.jpg,Shane_Reynolds/Shane_Reynolds_0001.jpg,0,-0.06172506
Leslie_Caldwell/Leslie_Caldwell_0002.jpg,Turner_Stevenson/Turner_Stevenson_0001.jpg,0,0.04655520
Li_Zhaoxing/Li_Zhaoxing_0004.jpg,Susan_Sarandon/Susan_Sarandon_0004.jpg,0,-0.02203672
Linda_Mason/Linda_Mason_0001.jpg,Rupert_Murdoch/Rupert_Murdoch_0002.jpg,0,0.07652340
Liu_Mingkang/Liu_Mingkang_0002.jpg,Pedro_Pauleta/Pedro_Pauleta_0001.jpg,0,0.02978646
Liu_Ye/Liu_Ye_0001.jpg,Ruben_Sierra/Ruben_Sierra_0001.jpg,0,-0.11980474
Liu_Ye/Liu_Ye_0001.jpg,Steve_Alford/Steve_Alford_0001.jpg,0,-0.02097842
Loretta_Lynn_Harper/Loretta_Lynn_Harper_0001.jpg,Michel_Temer/Michel_Temer_0002.jpg,0,0.16151464
Luis_Gonzalez/Luis_Gonzalez_0001.jpg,Warren_Beatty/Warren_Beatty_0001.jpg,0,0.13131948
Madeleine_Albright/Madeleine_Albright_0002.jpg,Martha_Lucia_Ramirez/Martha_Lucia_Ramirez_0002.jpg,0,0.17772998
Maha_Habib/Maha_Habib_0001.jpg,Princess_Elisabeth/Princess_Elisabeth_0001.jpg,0,0.06563515
Marc_Anthony/Marc_Anthony_0001.jpg,Michael_Pfleger/Michael_Pfleger_0001.jpg,0,0.19072777
Marcus_Gronholm/Marcus_Gronholm_0001.jpg,Teresa_Graves/Teresa_Graves_0001.jpg,0,-0.05823729
Marcus_Gronholm/Marcus_Gronholm_0001.jpg,Tommy_Franks/Tommy_Franks_0008.jpg,0,0.17031729
Marina_Canetti/Marina_Canetti_0001.jpg,Saied_Hadi_al_Mudarissi/Saied_Hadi_al_Mudarissi_0001.jpg,0,0.04274260
Mario_Alfaro-Lopez/Mario_Alfaro-Lopez_0001.jpg,Richard_Armitage/Richard_Armitage_0006.jpg,0,0.06366660
Mario_Alfaro-Lopez/Mario_Alfaro-Lopez_0001.jpg,Tom_Lantos/Tom_Lantos_0001.jpg,0,-0.00767666
Mark_Dacey/Mark_Dacey_0001.jpg,Turner_Stevenson/Turner_Stevenson_0001.jpg,0,0.10071920
Mark_Dacey/Mark_Dacey_0002.jpg,Steve_Cox/Steve_Cox_0001.jpg,0,0.23484182
Mark_Kelly/Mark_Kelly_0001.jpg,Mark_Lazarus/Mark_Lazarus_0001.jpg,0,0.27419025
Mark_Lazarus/Mark_Lazarus_0001.jpg,Ronnie_Jagday/Ronnie_Jagday_0001.jpg,0,0.02445734
Mark_Sacco/Mark_Sacco_0001.jpg,Tono_Suratman/Tono_Suratman_0001.jpg,0,0.12660073
Markus_Naslund/Markus_Naslund_0001.jpg,Robert_Wagner/Robert_Wagner_0001.jpg,0,0.05570997
Martin_Kristof/Martin_Kristof_0001.jpg,Taia_Balk/Taia_Balk_0001.jpg,0,0.12642771
Matt_Anderson/Matt_Anderson_0001.jpg,Seth_Gorney/Seth_Gorney_0001.jpg,0,-0.01167314
Matt_Braker/Matt_Braker_0001.jpg,Surakait_Sathirathai/Surakait_Sathirathai_0001.jpg,0,0.06145591
Matt_Roney/Matt_Roney_0001.jpg,Wilbert_Elki_Meza_Majino/Wilbert_Elki_Meza_Majino_0001.jpg,0,-0.02557553
Michael_Bolton/Michael_Bolton_0001.jpg,Robert_Bullock/Robert_Bullock_0002.jpg,0,0.15022054
Michael_Pfleger/Michael_Pfleger_0001.jpg,Robert_Ehrlich/Robert_Ehrlich_0002.jpg,0,0.10540105
Michael_Schumacher/Michael_Schumacher_0017.jpg,Natalie_Imbruglia/Natalie_Imbruglia_0001.jpg,0,0.14090000
Michael_Shane_Jolly/Michael_Shane_Jolly_0001.jpg,Trudi_Lacey/Trudi_Lacey_0001.jpg,0,-0.02963180
Michel_Temer/Michel_Temer_0001.jpg,Paul_Shanley/Paul_Shanley_0001.jpg,0,0.13294038
Michelle_Yeoh/Michelle_Yeoh_0005.jpg,Saburo_Kawabuchi/Saburo_Kawabuchi_0001.jpg,0,0.12475187
Mike_Helton/Mike_Helton_0001.jpg,Octavio_Lara/Octavio_Lara_0001.jpg,0,-0.01694620
Mike_Miller/Mike_Miller_0002.jpg,Toby_Keith/Toby_Keith_0001.jpg,0,0.18501779
Monica_Seles/Monica_Seles_0002.jpg,Queen_Beatrix/Queen_Beatrix_0004.jpg,0,0.13408929
Nancy_Sinatra/Nancy_Sinatra_0001.jpg,Sargis_Sargsian/Sargis_Sargsian_0001.jpg,0,0.02828484
Pablo_Khulental/Pablo_Khulental_0001.jpg,Rosemarie_Stack/Rosemarie_Stack_0002.jpg,0,0.05256235
Park_Jung_Sung/Park_Jung_Sung_0001.jpg,Robert_Bullock/Robert_Bullock_0002.jpg,0,0.22778252
Paul_Pierce/Paul_Pierce_0002.jpg,Robert_Bullock/Robert_Bullock_0002.jpg,0,0.23586757
Pedro_Pauleta/Pedro_Pauleta_0001.jpg,Robert_Tyrrell/Robert_Tyrrell_0001.jpg,0,-0.03489643
Pedro_Pauleta/Pedro_Pauleta_0001.jpg,Tommy_Franks/Tommy_Franks_0014.jpg,0,0.08180372
Phil_Morris/Phil_Morris_0001.jpg,Priscilla_Owen/Priscilla_Owen_0002.jpg,0,0.14450064
Phil_Morris/Phil_Morris_0001.jpg,Roberto_Guaterroma/Roberto_Guaterroma_0001.jpg,0,0.14464077
Phil_Morris/Phil_Morris_0001.jpg,Yuri_Luzhkov/Yuri_Luzhkov_0001.jpg,0,0.15755291
Queen_Rania/Queen_Rania_0003.jpg,Ronnie_Jagday/Ronnie_Jagday_0001.jpg,0,0.02227269
Radovan_Karadzic/Radovan_Karadzic_0001.jpg,Richard_Langille/Richard_Langille_0001.jpg,0,0.06527674
Randy_Jackson/Randy_Jackson_0001.jpg,Steve_Alford/Steve_Alford_0001.jpg,0,0.03093553
Reese_Witherspoon/Reese_Witherspoon_0001.jpg,Sam_Torrance/Sam_Torrance_0001.jpg,0,-0.03277487
Reese_Witherspoon/Reese_Witherspoon_0002.jpg,Toni_Jennings/Toni_Jennings_0001.jpg,0,-0.09567748
Rina_Lazo/Rina_Lazo_0001.jpg,Ronald_Reagan/Ronald_Reagan_0001.jpg,0,0.18825549
Robert_Ehrlich/Robert_Ehrlich_0002.jpg,Ron_Lantz/Ron_Lantz_0001.jpg,0,0.04791555
Robert_Mugabe/Robert_Mugabe_0001.jpg,Tessa_Jowell/Tessa_Jowell_0001.jpg,0,0.12224558
Robert_Torricelli/Robert_Torricelli_0003.jpg,Taoufik_Mathlouthi/Taoufik_Mathlouthi_0001.jpg,0,0.05573595
Robert_Tyrrell/Robert_Tyrrell_0001.jpg,Yuri_Luzhkov/Yuri_Luzhkov_0001.jpg,0,0.35602868
Robert_Wagner/Robert_Wagner_0001.jpg,Tommy_Franks/Tommy_Franks_0011.jpg,0,0.29972559
Robin_Wright_Penn/Robin_Wright_Penn_0001.jpg,Sam_Torrance/Sam_Torrance_0003.jpg,0,0.13551016
Robin_Wright_Penn/Robin_Wright_Penn_0001.jpg,Yoko_Ono/Yoko_Ono_0006.jpg,0,-0.04467933
Rogelio_Ramos/Rogelio_Ramos_0001.jpg,Ryan_Newman/Ryan_Newman_0001.jpg,0,-0.02582496
Roman_Polanski/Roman_Polanski_0004.jpg,Toby_Keith/Toby_Keith_0001.jpg,0,0.09683359
Ronnie_Jagday/Ronnie_Jagday_0001.jpg,Sidney_Kimmel/Sidney_Kimmel_0001.jpg,0,0.11158409
Scott_Yates/Scott_Yates_0001.jpg,Steve_Cox/Steve_Cox_0001.jpg,0,0.16308439
Sean_Patrick_Thomas/Sean_Patrick_Thomas_0001.jpg,William_Hochul/William_Hochul_0001.jpg,0,0.10966372
Sharon_Osbourne/Sharon_Osbourne_0002.jpg,Shimon_Peres/Shimon_Peres_0006.jpg,0,0.06695032
Stefan_Koubek/Stefan_Koubek_0001.jpg,Steve_Alford/Steve_Alford_0001.jpg,0,-0.19186082
Teri_Garr/Teri_Garr_0001.jpg,Yana_Klochkova/Yana_Klochkova_0001.jpg,0,0.22450742
Warren_Beatty/Warren_Beatty_0002.jpg,William_McDonough/William_McDonough_0001.jpg,0,0.30039105
Aaron_Eckhart/Aaron_Eckhart_0001.jpg,Akiko_Morigami/Akiko_Morigami_0001.jpg,0,0.03241398
Aaron_Eckhart/Aaron_Eckhart_0001.jpg,AnFernce_Negron/AnFernce_Negron_0001.jpg,0,0.16492245
Aaron_Eckhart/Aaron_Eckhart_0001.jpg,Sadie_Frost/Sadie_Frost_0001.jpg,0,0.03572490
Abdel_Aziz_Al-Hakim/Abdel_Aziz_Al-Hakim_0001.jpg,Joe_Darrell/Joe_Darrell_0001.jpg,0,0.20781529
Abdullah_al-Attiyah/Abdullah_al-Attiyah_0001.jpg,Rachel_Wadsworth/Rachel_Wadsworth_0001.jpg,0,0.08551496
Abdullah_al-Attiyah/Abdullah_al-Attiyah_0002.jpg,John_Lisowski/John_Lisowski_0001.jpg,0,0.03618523
Abraham_Foxman/Abraham_Foxman_0001.jpg,Doug_Melvin/Doug_Melvin_0002.jpg,0,0.32166958
Abraham_Foxman/Abraham_Foxman_0001.jpg,Nikki_Reed/Nikki_Reed_0001.jpg,0,0.09298046
Adam_Rich/Adam_Rich_0001.jpg,Jean-Claude_Trichet/Jean-Claude_Trichet_0001.jpg,0,-0.01680621
Adam_Rich/Adam_Rich_0001.jpg,John_Goold/John_Goold_0001.jpg,0,0.01905339
Adam_Rich/Adam_Rich_0001.jpg,Lisa_Girman/Lisa_Girman_0001.jpg,0,0.06824438
Adam_Rich/Adam_Rich_0001.jpg,Roger_Clemens/Roger_Clemens_0001.jpg,0,0.01798291
Adam_Rich/Adam_Rich_0001.jpg,Suzanne_Somers/Suzanne_Somers_0001.jpg,0,-0.09177105
Adrian_Fernandez/Adrian_Fernandez_0001.jpg,Nicolas_Massu/Nicolas_Massu_0001.jpg,0,-0.14910942
Aiysha_Smith/Aiysha_Smith_0001.jpg,Yossi_Beilin/Yossi_Beilin_0001.jpg,0,0.04859468
Akiko_Morigami/Akiko_Morigami_0001.jpg,Shane_Mosley/Shane_Mosley_0001.jpg,0,-0.02980432
Alastair_Johnston/Alastair_Johnston_0001.jpg,Aleksander_Kwasniewski/Aleksander_Kwasniewski_0004.jpg,0,0.09659374
Alastair_Johnston/Alastair_Johnston_0001.jpg,Bill_Duffey/Bill_Duffey_0001.jpg,0,0.20080604
Albert_Brooks/Albert_Brooks_0001.jpg,Robinson_Stevenin/Robinson_Stevenin_0001.jpg,0,-0.06756751
Albert_Brooks/Albert_Brooks_0001.jpg,Sheila_Copps/Sheila_Copps_0003.jpg,0,0.12289427
Aleksander_Kwasniewski/Aleksander_Kwasniewski_0001.jpg,Guangdong_Ou_Guangyuan/Guangdong_Ou_Guangyuan_0001.jpg,0,-0.00469315
Aleksander_Kwasniewski/Aleksander_Kwasniewski_0002.jpg,George_Plimpton/George_Plimpton_0001.jpg,0,0.29997361
Aleksander_Kwasniewski/Aleksander_Kwasniewski_0002.jpg,Juan_Jose_Lucas/Juan_Jose_Lucas_0001.jpg,0,0.11742112
Aleksander_Kwasniewski/Aleksander_Kwasniewski_0003.jpg,Billy_Crawford/Billy_Crawford_0001.jpg,0,0.13740046
Aleksander_Voloshin/Aleksander_Voloshin_0001.jpg,Kristen_Rivera/Kristen_Rivera_0001.jpg,0,-0.11367732
Alessandro_Nesta/Alessandro_Nesta_0001.jpg,Paul_Kelleher/Paul_Kelleher_0001.jpg,0,0.06315608
Alfredo_di_Stefano/Alfredo_di_Stefano_0001.jpg,Chris_Moore/Chris_Moore_0001.jpg,0,-0.18455371
Alfredo_di_Stefano/Alfredo_di_Stefano_0001.jpg,Maryn_McKenna/Maryn_McKenna_0001.jpg,0,0.19650894
Alfredo_di_Stefano/Alfredo_di_Stefano_0001.jpg,Shamai_Leibowitz/Shamai_Leibowitz_0001.jpg,0,-0.05149945
Ali_Naimi/Ali_Naimi_0005.jpg,Morris_Dees/Morris_Dees_0001.jpg,0,0.04456372
Aline_Chretien/Aline_Chretien_0001.jpg,Guillermo_Coria/Guillermo_Coria_0017.jpg,0,0.04756862
Amy_Yasbeck/Amy_Yasbeck_0001.jpg,Chawki_Armali/Chawki_Armali_0001.jpg,0,-0.01601458
AnFernce_Negron/AnFernce_Negron_0001.jpg,Kristen_Rivera/Kristen_Rivera_0001.jpg,0,0.28185418
Andrew_Cuomo/Andrew_Cuomo_0002.jpg,Todd_Petit/Todd_Petit_0001.jpg,0,-0.02800136
Anil_Ramsook/Anil_Ramsook_0001.jpg,Takeo_Hiranuma/Takeo_Hiranuma_0001.jpg,0,-0.02431214
Annie_Chaplin/Annie_Chaplin_0001.jpg,Charles_Tannok/Charles_Tannok_0001.jpg,0,-0.00217940
Antanas_Valionis/Antanas_Valionis_0001.jpg,William_Rehnquist/William_Rehnquist_0001.jpg,0,0.11844581
Avril_Lavigne/Avril_Lavigne_0001.jpg,Shia_LaBeouf/Shia_LaBeouf_0002.jpg,0,-0.08478012
Barbara_Becker/Barbara_Becker_0001.jpg,Chris_Noth/Chris_Noth_0001.jpg,0,-0.01516911
Barbara_Becker/Barbara_Becker_0001.jpg,Franz_Beckenbauer/Franz_Beckenbauer_0002.jpg,0,-0.01612801
Barbora_Strycova/Barbora_Strycova_0001.jpg,Christiane_Wulff/Christiane_Wulff_0001.jpg,0,0.15942082
Barry_Diller/Barry_Diller_0001.jpg,Meles_Zenawi/Meles_Zenawi_0001.jpg,0,0.09537786
Bartosz_Kizierowski/Bartosz_Kizierowski_0001.jpg,Faye_Wong/Faye_Wong_0001.jpg,0,0.06120403
Ben_Wallace/Ben_Wallace_0001.jpg,Nia_Vardalos/Nia_Vardalos_0005.jpg,0,0.07778408
Bernard_Lord/Bernard_Lord_0001.jpg,Joxel_Garcia/Joxel_Garcia_0001.jpg,0,0.11988112
Bernard_Lord/Bernard_Lord_0002.jpg,Bing_Crosby/Bing_Crosby_0001.jpg,0,0.10377483
Beyonce_Knowles/Beyonce_Knowles_0001.jpg,Maurice_Papon/Maurice_Papon_0001.jpg,0,-0.14412630
Bill_Duffey/Bill_Duffey_0001.jpg,Jong_Wook_Lee/Jong_Wook_Lee_0001.jpg,0,0.09684495
Bill_Guerin/Bill_Guerin_0001.jpg,Julie_Goodenough/Julie_Goodenough_0001.jpg,0,-0.09659296
Bill_Herrion/Bill_Herrion_0001.jpg,Fernando_Valenzuela/Fernando_Valenzuela_0001.jpg,0,0.12708008
Bill_Herrion/Bill_Herrion_0001.jpg,Johnny_Unitas/Johnny_Unitas_0002.jpg,0,0.07169844
Bill_Richardson/Bill_Richardson_0001.jpg,George_McCloud/George_McCloud_0001.jpg,0,-0.10713651
Billy_Andrade/Billy_Andrade_0001.jpg,Kellie_Coffey/Kellie_Coffey_0001.jpg,0,-0.05257200
Billy_Crawford/Billy_Crawford_0001.jpg,Jim_Edmonds/Jim_Edmonds_0002.jpg,0,-0.04564611
Billy_Edelin/Billy_Edelin_0001.jpg,Himmler_Rebu/Himmler_Rebu_0001.jpg,0,0.05399656
Bing_Crosby/Bing_Crosby_0001.jpg,Stephen_Webster/Stephen_Webster_0001.jpg,0,0.09178985
Bixente_LIzarazu/Bixente_LIzarazu_0001.jpg,Chris_Bell/Chris_Bell_0002.jpg,0,-0.06348021
Bixente_LIzarazu/Bixente_LIzarazu_0001.jpg,Todd_Wike/Todd_Wike_0001.jpg,0,0.00799035
Blythe_Danner/Blythe_Danner_0002.jpg,Hank_McKinnell/Hank_McKinnell_0001.jpg,0,0.11634935
Bob_Eskridge/Bob_Eskridge_0001.jpg,Marco_Pantani/Marco_Pantani_0001.jpg,0,-0.02393812
Bob_Hartley/Bob_Hartley_0001.jpg,Lou_Piniella/Lou_Piniella_0003.jpg,0,0.12779689
Bob_Krueger/Bob_Krueger_0001.jpg,Gordana_Grubin/Gordana_Grubin_0001.jpg,0,0.05513318
Bob_Krueger/Bob_Krueger_0001.jpg,Mariana_Pollack/Mariana_Pollack_0001.jpg,0,0.04491067
Bob_Sulkin/Bob_Sulkin_0001.jpg,Branko_Crvenkovski/Branko_Crvenkovski_0003.jpg,0,0.02065342
Bobby_Kielty/Bobby_Kielty_0001.jpg,Robert_Horan/Robert_Horan_0002.jpg,0,0.12638849
Brajesh_Mishra/Brajesh_Mishra_0001.jpg,Mark_Podlesny/Mark_Podlesny_0001.jpg,0,0.01058603
Brandon_Knight/Brandon_Knight_0001.jpg,Claudia_Cardinale/Claudia_Cardinale_0001.jpg,0,0.12098486
Brandon_Knight/Brandon_Knight_0001.jpg,Phil_Donahue/Phil_Donahue_0001.jpg,0,-0.11259589
Brandon_Lloyd/Brandon_Lloyd_0001.jpg,Cha_Yung-gu/Cha_Yung-gu_0001.jpg,0,0.11765136
Brandon_Lloyd/Brandon_Lloyd_0001.jpg,James_Coburn/James_Coburn_0001.jpg,0,-0.00858032
Brian_Schneider/Brian_Schneider_0001.jpg,Michael_Rolinee/Michael_Rolinee_0001.jpg,0,0.00594037
Bruce_Springsteen/Bruce_Springsteen_0004.jpg,Ion_Tiriac/Ion_Tiriac_0001.jpg,0,0.21749906
Cameron_Diaz/Cameron_Diaz_0002.jpg,Shia_LaBeouf/Shia_LaBeouf_0001.jpg,0,-0.12851816
Cameron_Diaz/Cameron_Diaz_0005.jpg,Nadia_Petrova/Nadia_Petrova_0002.jpg,0,0.12814072
Carla_Gugino/Carla_Gugino_0001.jpg,Kelly_Osbourne/Kelly_Osbourne_0001.jpg,0,0.06914006
Carla_Gugino/Carla_Gugino_0001.jpg,Kenny_Chesney/Kenny_Chesney_0001.jpg,0,-0.05699165
Carla_Gugino/Carla_Gugino_0001.jpg,Michael_Douglas/Michael_Douglas_0003.jpg,0,-0.04279485
Carla_Gugino/Carla_Gugino_0001.jpg,Miguel_Aldana_Ibarra/Miguel_Aldana_Ibarra_0001.jpg,0,0.07153092
Carlos_Fasciolo/Carlos_Fasciolo_0001.jpg,Debbie_Allen/Debbie_Allen_0001.jpg,0,0.16310127
Carol_Williams/Carol_Williams_0001.jpg,Gorden_Tallis/Gorden_Tallis_0001.jpg,0,-0.00643034
Carrie-Anne_Moss/Carrie-Anne_Moss_0002.jpg,Horacio_Julio_Pina/Horacio_Julio_Pina_0001.jpg,0,-0.10570248
Carrie-Anne_Moss/Carrie-Anne_Moss_0004.jpg,Michael_Goldrich/Michael_Goldrich_0001.jpg,0,0.15047915
Casey_Crowder/Casey_Crowder_0001.jpg,Keiko_Sofia_Fujimori/Keiko_Sofia_Fujimori_0001.jpg,0,-0.00146496
Casey_Crowder/Casey_Crowder_0001.jpg,Phoenix_Chang/Phoenix_Chang_0001.jpg,0,0.04419984
Cha_Yung-gu/Cha_Yung-gu_0001.jpg,Takeo_Hiranuma/Takeo_Hiranuma_0001.jpg,0,0.53011435
Charlene_Barshefsky/Charlene_Barshefsky_0001.jpg,James_Coburn/James_Coburn_0001.jpg,0,-0.15246326
Charles_Tannok/Charles_Tannok_0001.jpg,Larry_Coker/Larry_Coker_0004.jpg,0,0.10078917
Charlie_Hunnam/Charlie_Hunnam_0001.jpg,Hestrie_Cloette/Hestrie_Cloette_0001.jpg,0,0.11538900
Charlie_Hunnam/Charlie_Hunnam_0001.jpg,Veronica_Lake/Veronica_Lake_0001.jpg,0,0.07331141
Charlton_Heston/Charlton_Heston_0004.jpg,Desiree_Lemosi/Desiree_Lemosi_0001.jpg,0,-0.00915302
Chawki_Armali/Chawki_Armali_0001.jpg,Shoshannah_Stern/Shoshannah_Stern_0001.jpg,0,0.04888147
Chris_Bell/Chris_Bell_0002.jpg,Pharrell_Williams/Pharrell_Williams_0001.jpg,0,0.11352657
Chris_Forsyth/Chris_Forsyth_0001.jpg,Nikki_Reed/Nikki_Reed_0002.jpg,0,0.01037502
Chris_Neil/Chris_Neil_0001.jpg,John_Kerry/John_Kerry_0014.jpg,0,0.02334620
Chris_Noth/Chris_Noth_0001.jpg,Takeshi_Kitano/Takeshi_Kitano_0001.jpg,0,-0.12876269
Christine_Arron/Christine_Arron_0001.jpg,Robert_Duvall/Robert_Duvall_0005.jpg,0,0.08942532
Christine_Arron/Christine_Arron_0001.jpg,Steve_McManaman/Steve_McManaman_0001.jpg,0,0.20227773
Chuck_Hagel/Chuck_Hagel_0001.jpg,Jeff_Roehm/Jeff_Roehm_0001.jpg,0,0.01044036
Chuck_Hagel/Chuck_Hagel_0001.jpg,Margaret_Hasley/Margaret_Hasley_0001.jpg,0,0.04215115
Chuck_Hagel/Chuck_Hagel_0001.jpg,Sebastian_Porto/Sebastian_Porto_0001.jpg,0,0.14135388
Cliff_Ellis/Cliff_Ellis_0001.jpg,John_Lisowski/John_Lisowski_0001.jpg,0,0.07798160
Clifford_Etienne/Clifford_Etienne_0001.jpg,Pharrell_Williams/Pharrell_Williams_0001.jpg,0,0.35420781
Clifford_Etienne/Clifford_Etienne_0001.jpg,Ray_Lewis/Ray_Lewis_0001.jpg,0,0.24031943
Clive_Lloyd/Clive_Lloyd_0001.jpg,Harland_Braun/Harland_Braun_0001.jpg,0,0.16568656
Colin_Montgomerie/Colin_Montgomerie_0001.jpg,Horacio_Julio_Pina/Horacio_Julio_Pina_0001.jpg,0,0.24681969
Daniel_Montenegro/Daniel_Montenegro_0001.jpg,Gustavo_Cisneros/Gustavo_Cisneros_0001.jpg,0,-0.01444215
Daniel_Montenegro/Daniel_Montenegro_0001.jpg,Nadia_Petrova/Nadia_Petrova_0004.jpg,0,0.02012179
Daniel_Montenegro/Daniel_Montenegro_0001.jpg,Omar_Khan_Sharif/Omar_Khan_Sharif_0001.jpg,0,0.15547527
Daniel_Montenegro/Daniel_Montenegro_0001.jpg,Rick_Santorum/Rick_Santorum_0001.jpg,0,0.06694283
Danny_Glover/Danny_Glover_0001.jpg,Morris_Dees/Morris_Dees_0001.jpg,0,0.23406997
Danny_Glover/Danny_Glover_0001.jpg,Patrice_Chereau/Patrice_Chereau_0002.jpg,0,0.06439404
David_Trimble/David_Trimble_0004.jpg,John_Elway/John_Elway_0001.jpg,0,0.01819929
David_Wolf/David_Wolf_0002.jpg,Emanuel_Ginobili/Emanuel_Ginobili_0004.jpg,0,-0.02193613
David_Wolf/David_Wolf_0002.jpg,Kathleen_Glynn/Kathleen_Glynn_0002.jpg,0,-0.05568951
David_Wolf/David_Wolf_0002.jpg,Venus_Williams/Venus_Williams_0006.jpg,0,-0.07912229
Debbie_Allen/Debbie_Allen_0001.jpg,Sebastian_Cuattrin/Sebastian_Cuattrin_0001.jpg,0,-0.00508918
Demetrius_Ferraciu/Demetrius_Ferraciu_0002.jpg,Edward_Seaga/Edward_Seaga_0001.jpg,0,0.22987214
Denise_Johnson/Denise_Johnson_0001.jpg,Nikki_Cascone/Nikki_Cascone_0001.jpg,0,-0.03165977
Denise_Johnson/Denise_Johnson_0002.jpg,Emanuel_Ginobili/Emanuel_Ginobili_0003.jpg,0,0.07157338
Denise_Johnson/Denise_Johnson_0002.jpg,Filippo_Inzaghi/Filippo_Inzaghi_0002.jpg,0,0.14835355
Dennis_Powell/Dennis_Powell_0001.jpg,Horst_Koehler/Horst_Koehler_0003.jpg,0,0.10388668
Dennis_Powell/Dennis_Powell_0001.jpg,Michael_Chiklis/Michael_Chiklis_0002.jpg,0,0.15631576
Desiree_Lemosi/Desiree_Lemosi_0002.jpg,Dion_Glover/Dion_Glover_0001.jpg,0,-0.08786432
Dion_Glover/Dion_Glover_0001.jpg,Michael_Weiss/Michael_Weiss_0001.jpg,0,-0.08213568
Doug_Melvin/Doug_Melvin_0001.jpg,Gustavo_Cisneros/Gustavo_Cisneros_0001.jpg,0,0.12031139
Doug_Melvin/Doug_Melvin_0003.jpg,Emma_Nicholson/Emma_Nicholson_0001.jpg,0,0.05547212
Doug_Racine/Doug_Racine_0001.jpg,Marisol_Breton/Marisol_Breton_0001.jpg,0,0.08151165
Ed_Book/Ed_Book_0001.jpg,Nur_Jaafar/Nur_Jaafar_0001.jpg,0,-0.13413239
Ed_Case/Ed_Case_0001.jpg,Sadam_Hassan/Sadam_Hassan_0001.jpg,0,0.10330346
Edward_Seaga/Edward_Seaga_0001.jpg,George_Roy_Hill/George_Roy_Hill_0001.jpg,0,0.14664029
Edward_Seaga/Edward_Seaga_0001.jpg,Sarah_Price/Sarah_Price_0001.jpg,0,0.03400377
Eileen_Spina/Eileen_Spina_0001.jpg,Jeff_Bzdelik/Jeff_Bzdelik_0001.jpg,0,-0.01658492
Ekke_Hard_Forberg/Ekke_Hard_Forberg_0001.jpg,Nikki_Reed/Nikki_Reed_0001.jpg,0,-0.13347447
Elena_Bereznaya/Elena_Bereznaya_0001.jpg,Lene_Espersen/Lene_Espersen_0001.jpg,0,0.13254380
Elena_Bereznaya/Elena_Bereznaya_0001.jpg,Mario_Lobo_Zagallo/Mario_Lobo_Zagallo_0001.jpg,0,0.11069147
Elena_Bereznaya/Elena_Bereznaya_0001.jpg,Rick_Stansbury/Rick_Stansbury_0002.jpg,0,-0.02708934
Elisha_Cuthbert/Elisha_Cuthbert_0001.jpg,Mariana_Pollack/Mariana_Pollack_0002.jpg,0,-0.03547216
Eliza_Manningham-Buller/Eliza_Manningham-Buller_0001.jpg,Lawrence_MacAulay/Lawrence_MacAulay_0002.jpg,0,0.03897934
Eric_Clapton/Eric_Clapton_0002.jpg,Niall_Connolly/Niall_Connolly_0001.jpg,0,0.07674970
Eric_Taino/Eric_Taino_0001.jpg,Michael_Goldrich/Michael_Goldrich_0001.jpg,0,0.24341422
Farida_Ragoonanan/Farida_Ragoonanan_0001.jpg,Jorge_Enrique_Jimenez/Jorge_Enrique_Jimenez_0001.jpg,0,0.05479152
Felix_Trinidad/Felix_Trinidad_0001.jpg,Joe_Darrell/Joe_Darrell_0001.jpg,0,0.05885686
Felix_Trinidad/Felix_Trinidad_0001.jpg,Justine_Pasek/Justine_Pasek_0004.jpg,0,0.06874966
Fernando_Valenzuela/Fernando_Valenzuela_0001.jpg,Luis_Figo/Luis_Figo_0003.jpg,0,0.08564430
Fernando_Valenzuela/Fernando_Valenzuela_0001.jpg,Nicolas_Macrozonaris/Nicolas_Macrozonaris_0001.jpg,0,0.18041241
Filippo_Inzaghi/Filippo_Inzaghi_0001.jpg,Mohammed_Al_Hindi/Mohammed_Al_Hindi_0001.jpg,0,-0.06871516
Filippo_Inzaghi/Filippo_Inzaghi_0001.jpg,Shanna_Zolman/Shanna_Zolman_0001.jpg,0,0.04092907
Francis_Ricciardone/Francis_Ricciardone_0001.jpg,Sven_Goran_Eriksson/Sven_Goran_Eriksson_0001.jpg,0,0.14395575
Franz_Beckenbauer/Franz_Beckenbauer_0001.jpg,Gerald_Ford/Gerald_Ford_0001.jpg,0,0.13785088
Franz_Beckenbauer/Franz_Beckenbauer_0002.jpg,Rick_Bragg/Rick_Bragg_0001.jpg,0,0.20642956
George_Foreman/George_Foreman_0002.jpg,Ralph_Goodale/Ralph_Goodale_0001.jpg,0,0.04901326
George_Pataki/George_Pataki_0001.jpg,James_Dingemans/James_Dingemans_0001.jpg,0,0.14081129
George_Pataki/George_Pataki_0002.jpg,Masahiko_Nagasawa/Masahiko_Nagasawa_0002.jpg,0,0.10829244
George_Plimpton/George_Plimpton_0001.jpg,Ximena_Bohorquez/Ximena_Bohorquez_0001.jpg,0,-0.11270324
Gerald_Ford/Gerald_Ford_0001.jpg,Kurt_Budke/Kurt_Budke_0001.jpg,0,0.14272228
Gerald_Ford/Gerald_Ford_0001.jpg,Li_Peng/Li_Peng_0001.jpg,0,0.10347445
Giselle_Estefania_Tavarelli/Giselle_Estefania_Tavarelli_0001.jpg,John_Sununu/John_Sununu_0001.jpg,0,0.00261845
Giulio_Andreotti/Giulio_Andreotti_0001.jpg,Kurt_Russell/Kurt_Russell_0002.jpg,0,0.14674154
Giulio_Andreotti/Giulio_Andreotti_0001.jpg,Michael_Denzel/Michael_Denzel_0001.jpg,0,-0.09913031
Gonzalo_Sanchez_de_Lozada/Gonzalo_Sanchez_de_Lozada_0003.jpg,Shannyn_Sossamon/Shannyn_Sossamon_0001.jpg,0,0.10816038
Graciano_Rocchigiani/Graciano_Rocchigiani_0001.jpg,Juan_Jose_Lucas/Juan_Jose_Lucas_0001.jpg,0,0.05188433
Gregory_Geoffroy/Gregory_Geoffroy_0001.jpg,Sybille_Schmid/Sybille_Schmid_0001.jpg,0,0.06265166
Gregory_Geoffroy/Gregory_Geoffroy_0002.jpg,Kosuke_Kitajima/Kosuke_Kitajima_0001.jpg,0,-0.01841484
Gregory_Geoffroy/Gregory_Geoffroy_0002.jpg,Wycliffe_Grousbeck/Wycliffe_Grousbeck_0001.jpg,0,0.19424434
Guangdong_Ou_Guangyuan/Guangdong_Ou_Guangyuan_0001.jpg,Li_Ruihuan/Li_Ruihuan_0001.jpg,0,0.30376673
Guangdong_Ou_Guangyuan/Guangdong_Ou_Guangyuan_0001.jpg,Nicole/Nicole_0001.jpg,0,0.17390920
Gustavo_Cisneros/Gustavo_Cisneros_0001.jpg,Steve_Blake/Steve_Blake_0001.jpg,0,-0.07084443
Gustavo_Noboa/Gustavo_Noboa_0001.jpg,Lea_Fastow/Lea_Fastow_0002.jpg,0,-0.10337342
Habib_Hisham/Habib_Hisham_0001.jpg,Pat_Rochester/Pat_Rochester_0001.jpg,0,0.13842998
Habib_Hisham/Habib_Hisham_0001.jpg,Paul_Wilson/Paul_Wilson_0001.jpg,0,0.00206850
Habib_Rizieq/Habib_Rizieq_0001.jpg,Olivia_Newton-John/Olivia_Newton-John_0002.jpg,0,0.06063446
Habib_Rizieq/Habib_Rizieq_0003.jpg,Kenny_Chesney/Kenny_Chesney_0001.jpg,0,0.14181402
Hal_Sutton/Hal_Sutton_0002.jpg,Kellie_Coffey/Kellie_Coffey_0001.jpg,0,0.12380753
Harland_Braun/Harland_Braun_0001.jpg,Kathryn_Tucker/Kathryn_Tucker_0001.jpg,0,-0.13790971
Hassanal_Bolkiah/Hassanal_Bolkiah_0001.jpg,Michael_Leavitt/Michael_Leavitt_0001.jpg,0,0.02341915
Hestrie_Cloette/Hestrie_Cloette_0001.jpg,Nicholas_Byron/Nicholas_Byron_0002.jpg,0,0.10458300
Hitoshi_Tanaka/Hitoshi_Tanaka_0001.jpg,Ramon_Ponce_de_Leon/Ramon_Ponce_de_Leon_0001.jpg,0,0.16402620
Horacio_Julio_Pina/Horacio_Julio_Pina_0001.jpg,Zaini_Abdullah/Zaini_Abdullah_0001.jpg,0,0.17769702
Huang_Suey-Sheng/Huang_Suey-Sheng_0001.jpg,Lucrecia_Orozco/Lucrecia_Orozco_0001.jpg,0,0.20918186
Huang_Suey-Sheng/Huang_Suey-Sheng_0001.jpg,Paul_Cerjan/Paul_Cerjan_0001.jpg,0,0.19646153
Huang_Suey-Sheng/Huang_Suey-Sheng_0001.jpg,Robinson_Stevenin/Robinson_Stevenin_0001.jpg,0,-0.02107782
Ian_Knop/Ian_Knop_0001.jpg,Michel_Minard/Michel_Minard_0001.jpg,0,-0.01720341
Ilan_Ramon/Ilan_Ramon_0003.jpg,Tatiana_Kennedy_Schlossberg/Tatiana_Kennedy_Schlossberg_0001.jpg,0,0.10583005
Ion_Tiriac/Ion_Tiriac_0001.jpg,Lawrence_MacAulay/Lawrence_MacAulay_0001.jpg,0,0.15944402
Ismail_Abu_Shanab/Ismail_Abu_Shanab_0001.jpg,Michael_Denzel/Michael_Denzel_0001.jpg,0,0.18413888
Ismail_Abu_Shanab/Ismail_Abu_Shanab_0001.jpg,Rebecca_Romijn-Stamos/Rebecca_Romijn-Stamos_0001.jpg,0,-0.05662247
Jack_Welch/Jack_Welch_0001.jpg,Keizo_Yamada/Keizo_Yamada_0001.jpg,0,0.30549037
James_Dingemans/James_Dingemans_0001.jpg,Robert_Duvall/Robert_Duvall_0005.jpg,0,0.31516698
James_Dingemans/James_Dingemans_0001.jpg,William_Morrow/William_Morrow_0001.jpg,0,0.17133774
Jamie_Lee_Curtis/Jamie_Lee_Curtis_0001.jpg,William_Joppy/William_Joppy_0001.jpg,0,0.01522115
Jamie_Martin/Jamie_Martin_0001.jpg,Patrick_Ewing/Patrick_Ewing_0001.jpg,0,-0.05000636
Jan_Bjoerklund/Jan_Bjoerklund_0001.jpg,Li_Ruihuan/Li_Ruihuan_0001.jpg,0,0.14562705
Jan_Paul_Miller/Jan_Paul_Miller_0001.jpg,Paradorn_Srichaphan/Paradorn_Srichaphan_0008.jpg,0,-0.11290052
Jay_Garner/Jay_Garner_0003.jpg,Reggie_Sanders/Reggie_Sanders_0001.jpg,0,-0.16009994
Jeff_Bzdelik/Jeff_Bzdelik_0001.jpg,Zach_Parise/Zach_Parise_0001.jpg,0,0.17962740
Jerry_Oliver/Jerry_Oliver_0001.jpg,Rudolf_Schuster/Rudolf_Schuster_0001.jpg,0,0.06895682
Jerry_Oliver/Jerry_Oliver_0001.jpg,Stefaan_Declerk/Stefaan_Declerk_0001.jpg,0,0.08032797
Jerry_Sloan/Jerry_Sloan_0001.jpg,Julianne_Moore/Julianne_Moore_0009.jpg,0,0.14978969
Jerry_Sloan/Jerry_Sloan_0001.jpg,Keiko_Sofia_Fujimori/Keiko_Sofia_Fujimori_0001.jpg,0,0.06997641
Jerry_Sloan/Jerry_Sloan_0001.jpg,Nikki_Cascone/Nikki_Cascone_0001.jpg,0,0.06381720
Jim_Anderson/Jim_Anderson_0001.jpg,Jose_Luis_Santiago_Vasconcelos/Jose_Luis_Santiago_Vasconcelos_0001.jpg,0,-0.05294089
Jim_Anderson/Jim_Anderson_0001.jpg,Mikhail_Wehbe/Mikhail_Wehbe_0001.jpg,0,0.12734547
Joaquim_Levy/Joaquim_Levy_0001.jpg,Judy_Vassar/Judy_Vassar_0001.jpg,0,0.22425604
Joe_Leonard/Joe_Leonard_0001.jpg,Kristen_Rivera/Kristen_Rivera_0001.jpg,0,0.14885119
John_Baldacci/John_Baldacci_0001.jpg,Nona_Gaye/Nona_Gaye_0001.jpg,0,0.09097236
John_Baldacci/John_Baldacci_0001.jpg,Shia_LaBeouf/Shia_LaBeouf_0001.jpg,0,0.05318742
John_Elway/John_Elway_0001.jpg,Mahmoud_Diyab_al-Ahmed/Mahmoud_Diyab_al-Ahmed_0001.jpg,0,0.09806108
John_Kerry/John_Kerry_0009.jpg,Raja_Ibrahim/Raja_Ibrahim_0001.jpg,0,0.14716665
John_Kerry/John_Kerry_0014.jpg,Pat_Rochester/Pat_Rochester_0001.jpg,0,0.17326641
John_Lisowski/John_Lisowski_0001.jpg,Michelle_Kwan/Michelle_Kwan_0001.jpg,0,-0.05467629
John_Malkovich/John_Malkovich_0002.jpg,Paradorn_Srichaphan/Paradorn_Srichaphan_0007.jpg,0,0.13896251
John_Malkovich/John_Malkovich_0003.jpg,Mona_Locke/Mona_Locke_0001.jpg,0,-0.01929465
John_Malkovich/John_Malkovich_0003.jpg,Richard_Palmer/Richard_Palmer_0001.jpg,0,-0.02876141
John_McCallum/John_McCallum_0001.jpg,Oliver_Phelps/Oliver_Phelps_0001.jpg,0,0.00688306
John_McCallum/John_McCallum_0002.jpg,Rick_Bragg/Rick_Bragg_0001.jpg,0,0.15322575
John_McEnroe/John_McEnroe_0002.jpg,Shane_Mosley/Shane_Mosley_0001.jpg,0,-0.02042599
John_Prescott/John_Prescott_0001.jpg,Will_Ofenheusle/Will_Ofenheusle_0001.jpg,0,0.00916149
Johnnie_Lynn/Johnnie_Lynn_0001.jpg,Larry_Coker/Larry_Coker_0004.jpg,0,0.03067628
Johnnie_Lynn/Johnnie_Lynn_0001.jpg,Richard_Palmer/Richard_Palmer_0001.jpg,0,-0.04169127
Johnny_Unitas/Johnny_Unitas_0001.jpg,Mark_Foley/Mark_Foley_0001.jpg,0,0.27398553
Jonathan_Karsh/Jonathan_Karsh_0001.jpg,Samantha_Ledster/Samantha_Ledster_0001.jpg,0,-0.06958888
Joxel_Garcia/Joxel_Garcia_0001.jpg,Lena_Olin/Lena_Olin_0001.jpg,0,0.00567976
Joy_Bryant/Joy_Bryant_0001.jpg,Richard_Chamberlain/Richard_Chamberlain_0001.jpg,0,0.27980781
Julianne_Moore/Julianne_Moore_0004.jpg,Shia_LaBeouf/Shia_LaBeouf_0001.jpg,0,-0.03042164
Julio_Iglesias_Jr/Julio_Iglesias_Jr_0001.jpg,Ramon_Ponce_de_Leon/Ramon_Ponce_de_Leon_0001.jpg,0,0.14136529
Justin_Timberlake/Justin_Timberlake_0001.jpg,Suzanne_Somers/Suzanne_Somers_0001.jpg,0,-0.03628227
Kathleen_Glynn/Kathleen_Glynn_0002.jpg,Susilo_Bambang_Yudhoyono/Susilo_Bambang_Yudhoyono_0001.jpg,0,-0.08588254
Kathryn_Morris/Kathryn_Morris_0001.jpg,Minnie_Driver/Minnie_Driver_0002.jpg,0,-0.04399144
Kathryn_Tucker/Kathryn_Tucker_0001.jpg,Stella_McCartney/Stella_McCartney_0001.jpg,0,-0.01038642
Katie_Couric/Katie_Couric_0001.jpg,Sanjay_Gupta/Sanjay_Gupta_0001.jpg,0,0.21004525
Keiko_Sofia_Fujimori/Keiko_Sofia_Fujimori_0001.jpg,Sureyya_Ayhan/Sureyya_Ayhan_0001.jpg,0,0.09487610
Kellie_Coffey/Kellie_Coffey_0001.jpg,Todd_Petit/Todd_Petit_0001.jpg,0,0.01056065
Kenny_Chesney/Kenny_Chesney_0001.jpg,Steve_Coogan/Steve_Coogan_0001.jpg,0,-0.00110231
Kevin_Tarrant/Kevin_Tarrant_0001.jpg,Marisol_Breton/Marisol_Breton_0001.jpg,0,0.12518890
Kristen_Rivera/Kristen_Rivera_0001.jpg,Valdas_Adamkus/Valdas_Adamkus_0002.jpg,0,-0.02974857
Kurt_Russell/Kurt_Russell_0002.jpg,Mahmoud_Diyab_al-Ahmed/Mahmoud_Diyab_al-Ahmed_0001.jpg,0,0.11702283
Kurt_Tanabe/Kurt_Tanabe_0001.jpg,William_Jackson/William_Jackson_0001.jpg,0,-0.06789841
Kyle_McLaren/Kyle_McLaren_0001.jpg,Sofia_Milos/Sofia_Milos_0001.jpg,0,0.14907101
Kyle_McLaren/Kyle_McLaren_0001.jpg,Will_Ofenheusle/Will_Ofenheusle_0001.jpg,0,-0.08013560
Kyle_Shewfelt/Kyle_Shewfelt_0001.jpg,Larry_Coker/Larry_Coker_0002.jpg,0,0.25882035
Lawrence_Foley/Lawrence_Foley_0001.jpg,Rachel_Wadsworth/Rachel_Wadsworth_0001.jpg,0,0.07614173
Lea_Fastow/Lea_Fastow_0001.jpg,Uday_Hussein/Uday_Hussein_0001.jpg,0,0.20732602
Lesia_Burlak/Lesia_Burlak_0001.jpg,Nur_Jaafar/Nur_Jaafar_0001.jpg,0,0.00182186
Lori_Berenson/Lori_Berenson_0001.jpg,Rudolf_Schuster/Rudolf_Schuster_0001.jpg,0,0.24710950
Lucio_Angulo/Lucio_Angulo_0001.jpg,Sarah_Price/Sarah_Price_0001.jpg,0,0.08807833
Lucio_Gutierrez/Lucio_Gutierrez_0010.jpg,Pedro_Malan/Pedro_Malan_0005.jpg,0,0.06113464
Margaret_Hasley/Margaret_Hasley_0001.jpg,Michael_Denzel/Michael_Denzel_0001.jpg,0,-0.00122241
Mark_Redman/Mark_Redman_0001.jpg,Stephen_Funk/Stephen_Funk_0001.jpg,0,0.01901505
Mark_Salter/Mark_Salter_0001.jpg,Shanna_Zolman/Shanna_Zolman_0001.jpg,0,-0.05534024
Martin_Luther_King_III/Martin_Luther_King_III_0001.jpg,Maryn_McKenna/Maryn_McKenna_0001.jpg,0,-0.05405884
Mary_Bono/Mary_Bono_0001.jpg,Todd_Wike/Todd_Wike_0001.jpg,0,0.06821224
Matt_LeBlanc/Matt_LeBlanc_0001.jpg,Robert_Redford/Robert_Redford_0002.jpg,0,0.14893493
Mauro_Viza/Mauro_Viza_0001.jpg,William_Jackson/William_Jackson_0001.jpg,0,0.09220143
Max_Baucus/Max_Baucus_0001.jpg,Paradorn_Srichaphan/Paradorn_Srichaphan_0005.jpg,0,0.22938669
Max_Baucus/Max_Baucus_0001.jpg,Yossi_Beilin/Yossi_Beilin_0002.jpg,0,0.14280415
Meles_Zenawi/Meles_Zenawi_0001.jpg,Nawabzada_Nasrullah_Khan/Nawabzada_Nasrullah_Khan_0001.jpg,0,0.12254286
Melissa_Mulloy/Melissa_Mulloy_0001.jpg,Paula_Abdul/Paula_Abdul_0001.jpg,0,0.10567214
Melissa_Mulloy/Melissa_Mulloy_0001.jpg,Roger_Lyons/Roger_Lyons_0001.jpg,0,0.03612482
Michael_Chiklis/Michael_Chiklis_0001.jpg,Mohammed_Al_Hindi/Mohammed_Al_Hindi_0001.jpg,0,0.06200728
Michael_Chiklis/Michael_Chiklis_0001.jpg,Steve_Rush/Steve_Rush_0001.jpg,0,0.17084730
Michael_Doleac/Michael_Doleac_0001.jpg,Nur_Jaafar/Nur_Jaafar_0001.jpg,0,0.11979324
Michael_Goldrich/Michael_Goldrich_0001.jpg,Suzanne_Somers/Suzanne_Somers_0001.jpg,0,0.19516282
Michael_Kahn/Michael_Kahn_0001.jpg,Rick_Caruso/Rick_Caruso_0001.jpg,0,0.18460609
Michel_Minard/Michel_Minard_0001.jpg,Suzanne_Gaudet/Suzanne_Gaudet_0001.jpg,0,0.13616921
Michelle_Bachelet/Michelle_Bachelet_0001.jpg,Sami_Al-Arian/Sami_Al-Arian_0001.jpg,0,0.19024205
Miguel_Angel_Rodriguez/Miguel_Angel_Rodriguez_0001.jpg,Sasha_Cohen/Sasha_Cohen_0001.jpg,0,0.11285420
Mike_Bryan/Mike_Bryan_0001.jpg,Shanna_Zolman/Shanna_Zolman_0001.jpg,0,0.11999546
Mike_Montgomery/Mike_Montgomery_0001.jpg,Ray_Lewis/Ray_Lewis_0001.jpg,0,-0.06278496
Milton_Wynants/Milton_Wynants_0001.jpg,Stuart_Townsend/Stuart_Townsend_0001.jpg,0,0.04473695
Miyako_Miyazaki/Miyako_Miyazaki_0002.jpg,Munir_Akram/Munir_Akram_0002.jpg,0,0.22449362
Morris_Dees/Morris_Dees_0001.jpg,Shamai_Leibowitz/Shamai_Leibowitz_0001.jpg,0,-0.01185489
Morris_Dees/Morris_Dees_0001.jpg,Suzie_McConnell_Serio/Suzie_McConnell_Serio_0001.jpg,0,-0.08997402
Nathalie_Gagnon/Nathalie_Gagnon_0001.jpg,Richard_Reid/Richard_Reid_0001.jpg,0,-0.06643423
Nicklas_Lidstrom/Nicklas_Lidstrom_0001.jpg,Norman_Jewison/Norman_Jewison_0001.jpg,0,0.00309729
Nicklas_Lidstrom/Nicklas_Lidstrom_0001.jpg,Sadie_Frost/Sadie_Frost_0003.jpg,0,0.03386980
Nicole_Hiltz/Nicole_Hiltz_0001.jpg,Zaini_Abdullah/Zaini_Abdullah_0001.jpg,0,0.16359344
Nona_Gaye/Nona_Gaye_0001.jpg,Paul_Cerjan/Paul_Cerjan_0001.jpg,0,0.10280320
Oscar_Bolanos/Oscar_Bolanos_0001.jpg,Phil_Donahue/Phil_Donahue_0001.jpg,0,0.04292471
Oscar_Bolanos/Oscar_Bolanos_0001.jpg,Tatiana_Kennedy_Schlossberg/Tatiana_Kennedy_Schlossberg_0001.jpg,0,-0.05895563
Pascal_Quignard/Pascal_Quignard_0003.jpg,Patrick_Ewing/Patrick_Ewing_0002.jpg,0,0.05356864
Pat_Rochester/Pat_Rochester_0001.jpg,Phoenix_Chang/Phoenix_Chang_0001.jpg,0,0.11571429
Pat_Rochester/Pat_Rochester_0001.jpg,Will_Ofenheusle/Will_Ofenheusle_0001.jpg,0,0.08770826
Paul_Farley/Paul_Farley_0001.jpg,Platon_Lebedev/Platon_Lebedev_0001.jpg,0,0.14760175
Paula_Abdul/Paula_Abdul_0001.jpg,Robert_Vowler/Robert_Vowler_0001.jpg,0,0.09098302
Pharrell_Williams/Pharrell_Williams_0001.jpg,Tyrone_Medley/Tyrone_Medley_0001.jpg,0,0.04710913
Phoenix_Chang/Phoenix_Chang_0001.jpg,Platon_Lebedev/Platon_Lebedev_0001.jpg,0,0.08823674
Rachel_Wadsworth/Rachel_Wadsworth_0001.jpg,Richard_Palmer/Richard_Palmer_0001.jpg,0,-0.00574144
Raymond_Odierno/Raymond_Odierno_0001.jpg,Richard_Reid/Richard_Reid_0001.jpg,0,0.09762307
Reggie_Sanders/Reggie_Sanders_0001.jpg,Rick_Santorum/Rick_Santorum_0002.jpg,0,-0.10004006
Richard_Chamberlain/Richard_Chamberlain_0001.jpg,Steve_Patterson/Steve_Patterson_0001.jpg,0,0.21282364
Richard_Ward/Richard_Ward_0001.jpg,Steve_Redgrave/Steve_Redgrave_0001.jpg,0,0.02229936
Robert_Vowler/Robert_Vowler_0001.jpg,Tab_Baldwin/Tab_Baldwin_0001.jpg,0,0.22813186
Roy_Rogers/Roy_Rogers_0001.jpg,Steven_Feldman/Steven_Feldman_0001.jpg,0,0.06571583
Scott_Rolen/Scott_Rolen_0001.jpg,William_Murabito/William_Murabito_0001.jpg,0,0.19994822
Sofia_Milos/Sofia_Milos_0001.jpg,Steve_Nash/Steve_Nash_0003.jpg,0,0.21229109
Sofia_Milos/Sofia_Milos_0001.jpg,Will_Ofenheusle/Will_Ofenheusle_0001.jpg,0,-0.05189664
Sonja_Kesselschlager/Sonja_Kesselschlager_0001.jpg,Tim_Robbins/Tim_Robbins_0003.jpg,0,-0.07318696
Takeo_Hiranuma/Takeo_Hiranuma_0001.jpg,Ty_Votaw/Ty_Votaw_0001.jpg,0,0.16483055
Ted_Washington/Ted_Washington_0001.jpg,Ximena_Bohorquez/Ximena_Bohorquez_0001.jpg,0,-0.00088892
Ty_Votaw/Ty_Votaw_0001.jpg,William_Webster/William_Webster_0001.jpg,0,0.16085941
Abdullah_Nasseef/Abdullah_Nasseef_0001.jpg,Bruce_Paltrow/Bruce_Paltrow_0001.jpg,0,0.16339211
Abdullah_Nasseef/Abdullah_Nasseef_0001.jpg,Howard_Smith/Howard_Smith_0002.jpg,0,0.14080125
Abdullah_Nasseef/Abdullah_Nasseef_0001.jpg,Jan_De_Bont/Jan_De_Bont_0001.jpg,0,0.18426505
Abdullah_Nasseef/Abdullah_Nasseef_0001.jpg,Jim_Nochols/Jim_Nochols_0001.jpg,0,0.18461561
Abdullah_Nasseef/Abdullah_Nasseef_0001.jpg,Oleg_Romantsev/Oleg_Romantsev_0001.jpg,0,0.05655529
Adam_Kennedy/Adam_Kennedy_0001.jpg,Charlie_Sheen/Charlie_Sheen_0001.jpg,0,-0.03572547
Adrian_McPherson/Adrian_McPherson_0002.jpg,Eduardo_Chillida/Eduardo_Chillida_0001.jpg,0,-0.02990411
Al_Davis/Al_Davis_0001.jpg,Julian_Fantino/Julian_Fantino_0001.jpg,0,0.16228124
Alan_Greenspan/Alan_Greenspan_0004.jpg,Kent_McCord/Kent_McCord_0001.jpg,0,0.03393203
Alastair_Campbell/Alastair_Campbell_0004.jpg,Li_Ka-shing/Li_Ka-shing_0001.jpg,0,-0.03637249
Alexa_Vega/Alexa_Vega_0001.jpg,Tony_Shalhoub/Tony_Shalhoub_0001.jpg,0,-0.06010019
Alexander_Downer/Alexander_Downer_0002.jpg,Zeljko_Rebraca/Zeljko_Rebraca_0001.jpg,0,0.22885749
Alexander_Downer/Alexander_Downer_0003.jpg,Luis_Berrondo/Luis_Berrondo_0001.jpg,0,-0.01073825
Alexandra_Pelosi/Alexandra_Pelosi_0001.jpg,Ken_Kutaragi/Ken_Kutaragi_0001.jpg,0,0.17887606
Alexandre_Herchcovitch/Alexandre_Herchcovitch_0001.jpg,Karen_Clarkson/Karen_Clarkson_0001.jpg,0,0.10231800
Alice_Fisher/Alice_Fisher_0001.jpg,Gene_Sauers/Gene_Sauers_0001.jpg,0,0.06863521
Alicia_Witt/Alicia_Witt_0001.jpg,Jorge_Moreno/Jorge_Moreno_0001.jpg,0,0.06669450
Alicia_Witt/Alicia_Witt_0001.jpg,Lino_Oviedo/Lino_Oviedo_0001.jpg,0,-0.03397077
Allan_Wagner/Allan_Wagner_0001.jpg,Larry_Campbell/Larry_Campbell_0001.jpg,0,0.20699473
Allan_Wagner/Allan_Wagner_0001.jpg,Rita_Moreno/Rita_Moreno_0001.jpg,0,0.15351309
Alvaro_Silva_Calderon/Alvaro_Silva_Calderon_0002.jpg,Stepan_Demirchian/Stepan_Demirchian_0001.jpg,0,0.33401534
Alvaro_Uribe/Alvaro_Uribe_0014.jpg,Patricia_Clarkson/Patricia_Clarkson_0001.jpg,0,-0.04169993
Ana_Sebastiao/Ana_Sebastiao_0001.jpg,Marcos_Cafu/Marcos_Cafu_0001.jpg,0,0.20649782
Ana_Sebastiao/Ana_Sebastiao_0001.jpg,Raza_Rabbani/Raza_Rabbani_0001.jpg,0,-0.02144188
Andrea_De_Cruz/Andrea_De_Cruz_0001.jpg,Dionne_Warwick/Dionne_Warwick_0001.jpg,0,0.23891528
Andrea_De_Cruz/Andrea_De_Cruz_0001.jpg,Ismail_Cem/Ismail_Cem_0001.jpg,0,-0.04319769
Andrea_De_Cruz/Andrea_De_Cruz_0001.jpg,Natalya_Sazanovich/Natalya_Sazanovich_0001.jpg,0,0.12123445
Andrea_De_Cruz/Andrea_De_Cruz_0001.jpg,Yoon_Young-kwan/Yoon_Young-kwan_0001.jpg,0,0.21568443
Andres_Manuel_Lopez_Obrador/Andres_Manuel_Lopez_Obrador_0001.jpg,Jim_Parque/Jim_Parque_0001.jpg,0,0.03556874
Andres_Manuel_Lopez_Obrador/Andres_Manuel_Lopez_Obrador_0001.jpg,Norman_Mineta/Norman_Mineta_0001.jpg,0,0.16472057
Andrew_Bunner/Andrew_Bunner_0002.jpg,Oscar_Elias_Biscet/Oscar_Elias_Biscet_0002.jpg,0,0.17081319
Andrew_Weissmann/Andrew_Weissmann_0001.jpg,Ernie_Els/Ernie_Els_0002.jpg,0,0.04472799
Andy_Warhol/Andy_Warhol_0001.jpg,Edith_Masai/Edith_Masai_0001.jpg,0,0.05361573
Andy_Warhol/Andy_Warhol_0001.jpg,Paul-Henri_Mathieu/Paul-Henri_Mathieu_0002.jpg,0,0.03075286
Anibal_Ibarra/Anibal_Ibarra_0002.jpg,David_Przybyszewski/David_Przybyszewski_0001.jpg,0,0.09152995
Anthony_Ervin/Anthony_Ervin_0001.jpg,Juan_Roman_Carrasco/Juan_Roman_Carrasco_0001.jpg,0,-0.02224166
Antonio_Elias_Saca/Antonio_Elias_Saca_0001.jpg,Peter_Holmberg/Peter_Holmberg_0001.jpg,0,0.16765276
Antonio_Elias_Saca/Antonio_Elias_Saca_0001.jpg,Thomas_Fargo/Thomas_Fargo_0004.jpg,0,0.09334188
Antonio_Trillanes/Antonio_Trillanes_0001.jpg,Katrin_Cartlidge/Katrin_Cartlidge_0001.jpg,0,0.01091792
Antonio_Trillanes/Antonio_Trillanes_0003.jpg,Terry_Gilliam/Terry_Gilliam_0001.jpg,0,-0.00887477
Asa_Hutchinson/Asa_Hutchinson_0002.jpg,Gary_Sinise/Gary_Sinise_0001.jpg,0,0.09541681
Ascencion_Barajas/Ascencion_Barajas_0001.jpg,Chris_Hernandez/Chris_Hernandez_0001.jpg,0,0.03613664
Ashley_Judd/Ashley_Judd_0001.jpg,Joan_Jett/Joan_Jett_0001.jpg,0,0.02541308
Ashley_Postell/Ashley_Postell_0001.jpg,Cassandra_Heise/Cassandra_Heise_0001.jpg,0,0.01107227
Ashley_Postell/Ashley_Postell_0001.jpg,Tony_Clement/Tony_Clement_0001.jpg,0,0.05015467
Ashraf_Ghani/Ashraf_Ghani_0001.jpg,Boris_Berezovsky/Boris_Berezovsky_0001.jpg,0,0.18677002
Ashraf_Ghani/Ashraf_Ghani_0001.jpg,Qian_Qichen/Qian_Qichen_0001.jpg,0,0.16168490
Asif_Ali_Zardari/Asif_Ali_Zardari_0001.jpg,Steny_Hoyer/Steny_Hoyer_0001.jpg,0,-0.09452066
Assad_Ahmadi/Assad_Ahmadi_0001.jpg,Percy_Gibson/Percy_Gibson_0001.jpg,0,-0.09728632
Barbara_Walters/Barbara_Walters_0001.jpg,Jewel_Howard-Taylor/Jewel_Howard-Taylor_0001.jpg,0,0.25891465
Barbara_Walters/Barbara_Walters_0001.jpg,Peter_Greenaway/Peter_Greenaway_0001.jpg,0,0.04658883
Barry_Williams/Barry_Williams_0001.jpg,Wang_Fei/Wang_Fei_0001.jpg,0,0.15835944
Benazir_Bhutto/Benazir_Bhutto_0004.jpg,Jane_Pauley/Jane_Pauley_0002.jpg,0,0.04966421
Benazir_Bhutto/Benazir_Bhutto_0005.jpg,Karen_Clarkson/Karen_Clarkson_0001.jpg,0,0.20599157
Bijan_Darvish/Bijan_Darvish_0001.jpg,Franco_Dragone/Franco_Dragone_0001.jpg,0,0.02436161
Bijan_Darvish/Bijan_Darvish_0002.jpg,Frank_Taylor/Frank_Taylor_0001.jpg,0,-0.10775369
Bilal_Erdogan/Bilal_Erdogan_0001.jpg,Lubomir_Zaoralek/Lubomir_Zaoralek_0001.jpg,0,0.08411111
Bill_Self/Bill_Self_0001.jpg,Yang_Jianli/Yang_Jianli_0001.jpg,0,0.19630650
Bill_Simon/Bill_Simon_0001.jpg,Edward_Said/Edward_Said_0002.jpg,0,0.19786438
Billy_Gilman/Billy_Gilman_0001.jpg,Howard_Smith/Howard_Smith_0002.jpg,0,0.05837518
Billy_Sollie/Billy_Sollie_0001.jpg,Mark_Swartz/Mark_Swartz_0001.jpg,0,0.00208114
Billy_Sollie/Billy_Sollie_0002.jpg,Hussein_Malik/Hussein_Malik_0001.jpg,0,0.06394398
Blas_Ople/Blas_Ople_0001.jpg,Evan_Marriott/Evan_Marriott_0001.jpg,0,-0.01836521
Blas_Ople/Blas_Ople_0001.jpg,Felipe_Fernandez/Felipe_Fernandez_0001.jpg,0,-0.02501089
Blas_Ople/Blas_Ople_0001.jpg,Peter_Costello/Peter_Costello_0001.jpg,0,0.11326711
Bob_Cantrell/Bob_Cantrell_0001.jpg,Gerard_Kleisterlee/Gerard_Kleisterlee_0001.jpg,0,0.11568878
Bob_Cantrell/Bob_Cantrell_0001.jpg,Mary_Landrieu/Mary_Landrieu_0003.jpg,0,0.12952918
Bob_Goldman/Bob_Goldman_0001.jpg,Leigh_Winchell/Leigh_Winchell_0001.jpg,0,0.27232081
Bob_Goldman/Bob_Goldman_0001.jpg,Maggie_Smith/Maggie_Smith_0001.jpg,0,0.10447661
Boris_Berezovsky/Boris_Berezovsky_0002.jpg,Leander_Paes/Leander_Paes_0001.jpg,0,0.17574990
Brad_Gushue/Brad_Gushue_0001.jpg,Johannes_Rau/Johannes_Rau_0001.jpg,0,0.10229699
Brad_Miller/Brad_Miller_0001.jpg,Irina_Lobacheva/Irina_Lobacheva_0001.jpg,0,-0.05090956
Brad_Miller/Brad_Miller_0001.jpg,Percy_Gibson/Percy_Gibson_0001.jpg,0,-0.03326848
Brenda_van_Dam/Brenda_van_Dam_0001.jpg,Norbert_van_Heyst/Norbert_van_Heyst_0001.jpg,0,0.16388905
Brian_Cashman/Brian_Cashman_0001.jpg,Delphine_Chuillot/Delphine_Chuillot_0001.jpg,0,0.04664958
Brian_Cashman/Brian_Cashman_0001.jpg,Russell_Simmons/Russell_Simmons_0003.jpg,0,0.05344114
Brian_Cook/Brian_Cook_0001.jpg,Matt_Welsh/Matt_Welsh_0001.jpg,0,0.17391878
Bruno_Junquiera/Bruno_Junquiera_0001.jpg,Oscar_DLeon/Oscar_DLeon_0001.jpg,0,0.17202401
Bulent_Ecevit/Bulent_Ecevit_0006.jpg,Eduardo_Romero/Eduardo_Romero_0001.jpg,0,0.07856990
Bulent_Ecevit/Bulent_Ecevit_0006.jpg,Gilberto_Simoni/Gilberto_Simoni_0001.jpg,0,0.09475780
Candie_Kung/Candie_Kung_0001.jpg,Steve_Allan/Steve_Allan_0001.jpg,0,0.19838271
Carlo_Ancelotti/Carlo_Ancelotti_0001.jpg,John_Tyson/John_Tyson_0001.jpg,0,-0.00597829
Carlos_Vives/Carlos_Vives_0002.jpg,Randy_Johnson/Randy_Johnson_0001.jpg,0,0.21746847
Caroline_Dhavernas/Caroline_Dhavernas_0001.jpg,Evgeni_Plushenko/Evgeni_Plushenko_0001.jpg,0,0.01665113
Caroline_Dhavernas/Caroline_Dhavernas_0001.jpg,Jeremy_Fogel/Jeremy_Fogel_0001.jpg,0,0.08133838
Carson_Daly/Carson_Daly_0001.jpg,John_Moe/John_Moe_0001.jpg,0,0.04503752
Carson_Daly/Carson_Daly_0001.jpg,Tracy_Wyle/Tracy_Wyle_0001.jpg,0,-0.07609436
Cassandra_Heise/Cassandra_Heise_0001.jpg,Shaukat_Aziz/Shaukat_Aziz_0002.jpg,0,0.01737015
Cate_Blanchett/Cate_Blanchett_0003.jpg,Gina_Centrello/Gina_Centrello_0001.jpg,0,0.10427647
Cate_Blanchett/Cate_Blanchett_0003.jpg,Ryan_Goodman/Ryan_Goodman_0001.jpg,0,0.01822001
Catherine_Donkers/Catherine_Donkers_0001.jpg,Eminem/Eminem_0001.jpg,0,0.15253653
Cedric_Benson/Cedric_Benson_0001.jpg,Marcus_Allen/Marcus_Allen_0001.jpg,0,0.15218191
Cedric_Benson/Cedric_Benson_0001.jpg,Robert_Lee_Yates_Jr/Robert_Lee_Yates_Jr_0001.jpg,0,-0.02552225
Cedric_Benson/Cedric_Benson_0001.jpg,Stacy_Nelson/Stacy_Nelson_0001.jpg,0,-0.02499970
Chistian_Stahl/Chistian_Stahl_0001.jpg,Eliane_Karp/Eliane_Karp_0001.jpg,0,-0.05013004
Chris_Cooper/Chris_Cooper_0002.jpg,Irfan_Ahmed/Irfan_Ahmed_0001.jpg,0,0.01043084
Chris_Cooper/Chris_Cooper_0002.jpg,Rick_Bland/Rick_Bland_0001.jpg,0,0.30759907
Chris_Hernandez/Chris_Hernandez_0001.jpg,Mauricio_Pochetino/Mauricio_Pochetino_0001.jpg,0,0.20644265
Chris_Hernandez/Chris_Hernandez_0001.jpg,Tonga/Tonga_0001.jpg,0,-0.21437280
Chris_Hernandez/Chris_Hernandez_0001.jpg,Wolfgang_Schuessel/Wolfgang_Schuessel_0001.jpg,0,-0.00785264
Chris_Tucker/Chris_Tucker_0002.jpg,Jennifer_Pena/Jennifer_Pena_0001.jpg,0,-0.02384481
Chris_Tucker/Chris_Tucker_0002.jpg,Takuma_Sato/Takuma_Sato_0001.jpg,0,0.01265487
Chris_Whitney/Chris_Whitney_0001.jpg,Tom_Scully/Tom_Scully_0001.jpg,0,-0.06389599
Christine_Gregoire/Christine_Gregoire_0004.jpg,Robert_Lee_Yates_Jr/Robert_Lee_Yates_Jr_0001.jpg,0,-0.02849444
Christine_Gregoire/Christine_Gregoire_0004.jpg,Wang_Hailan/Wang_Hailan_0001.jpg,0,-0.07072657
Christine_Rau/Christine_Rau_0001.jpg,Jerry_Hall/Jerry_Hall_0001.jpg,0,-0.00613124
Christine_Rau/Christine_Rau_0001.jpg,Mel_Brooks/Mel_Brooks_0001.jpg,0,0.04754739
Christopher_Russell/Christopher_Russell_0001.jpg,Colleen_OClair/Colleen_OClair_0001.jpg,0,0.06299569
Christopher_Whittle/Christopher_Whittle_0001.jpg,Felipe_Fernandez/Felipe_Fernandez_0001.jpg,0,0.32185280
Colleen_OClair/Colleen_OClair_0001.jpg,Tom_Hanusik/Tom_Hanusik_0001.jpg,0,0.03321005
Curtis_Rodriguez/Curtis_Rodriguez_0001.jpg,John_Blaney/John_Blaney_0002.jpg,0,0.08128250
Curtis_Rodriguez/Curtis_Rodriguez_0001.jpg,Kathleen_Kennedy_Townsend/Kathleen_Kennedy_Townsend_0003.jpg,0,0.06957444
Dale_Bosworth/Dale_Bosworth_0001.jpg,Frank_Taylor/Frank_Taylor_0001.jpg,0,-0.01578268
Dale_Bosworth/Dale_Bosworth_0001.jpg,Vladimir_Golovlyov/Vladimir_Golovlyov_0001.jpg,0,0.04803962
Dan_Quayle/Dan_Quayle_0001.jpg,Jim_Ryan/Jim_Ryan_0001.jpg,0,0.15255271
Dan_Quayle/Dan_Quayle_0001.jpg,Nick_Turner/Nick_Turner_0001.jpg,0,0.00845486
Dan_Quayle/Dan_Quayle_0001.jpg,William_Umbach/William_Umbach_0001.jpg,0,0.08555523
Danny_Morgan/Danny_Morgan_0001.jpg,Jeff_George/Jeff_George_0001.jpg,0,-0.10232462
Danny_Morgan/Danny_Morgan_0001.jpg,John_Allen_Muhammad/John_Allen_Muhammad_0010.jpg,0,-0.06029699
Darla_Moore/Darla_Moore_0001.jpg,Paul_Johnson/Paul_Johnson_0001.jpg,0,0.09319013
Darrell_Royal/Darrell_Royal_0001.jpg,Louis_Van_Gaal/Louis_Van_Gaal_0001.jpg,0,0.29415268
Dave_McGinnis/Dave_McGinnis_0001.jpg,Michel_Therrien/Michel_Therrien_0001.jpg,0,0.10306092
David_Przybyszewski/David_Przybyszewski_0001.jpg,Elena_Bovina/Elena_Bovina_0002.jpg,0,0.01477907
Delphine_Chuillot/Delphine_Chuillot_0001.jpg,Jim_Parque/Jim_Parque_0001.jpg,0,0.05998385
Demetrin_Veal/Demetrin_Veal_0001.jpg,Robert_Hanssen/Robert_Hanssen_0001.jpg,0,0.05563224
Dennis_Hastert/Dennis_Hastert_0005.jpg,Lubomir_Zaoralek/Lubomir_Zaoralek_0001.jpg,0,-0.04592895
Dewayne_White/Dewayne_White_0001.jpg,Joe_DeLamielleure/Joe_DeLamielleure_0001.jpg,0,-0.00982022
Dick_Posthumus/Dick_Posthumus_0001.jpg,Jeff_George/Jeff_George_0001.jpg,0,0.02694250
Dick_Posthumus/Dick_Posthumus_0001.jpg,Jim_Wong/Jim_Wong_0001.jpg,0,0.11333023
Din_Samsudin/Din_Samsudin_0001.jpg,Pupi_Avati/Pupi_Avati_0002.jpg,0,0.19165561
Dionne_Warwick/Dionne_Warwick_0001.jpg,Janine_Pietsch/Janine_Pietsch_0001.jpg,0,0.02249538
Dominique_Perben/Dominique_Perben_0001.jpg,Osmond_Smith/Osmond_Smith_0001.jpg,0,0.19760159
Doug_Duncan/Doug_Duncan_0001.jpg,Kevin_Spacey/Kevin_Spacey_0002.jpg,0,0.01741922
Doug_Duncan/Doug_Duncan_0002.jpg,John_Allen_Muhammad/John_Allen_Muhammad_0002.jpg,0,0.30795884
Eddy_Hartenstein/Eddy_Hartenstein_0001.jpg,Lyudmila_Putin/Lyudmila_Putin_0001.jpg,0,0.03731456
Eddy_Hartenstein/Eddy_Hartenstein_0001.jpg,Matthias_Sammer/Matthias_Sammer_0001.jpg,0,0.02684766
Eddy_Hartenstein/Eddy_Hartenstein_0001.jpg,Sabah_Al-Ahmad_Al-Jaber_Al-Sabah/Sabah_Al-Ahmad_Al-Jaber_Al-Sabah_0001.jpg,0,0.14131735
Eduardo_Chillida/Eduardo_Chillida_0001.jpg,Stephen_Crampton/Stephen_Crampton_0001.jpg,0,-0.01567084
Eduardo_Romero/Eduardo_Romero_0001.jpg,Robert_Kocharian/Robert_Kocharian_0005.jpg,0,-0.08600825
Edward_Greenspan/Edward_Greenspan_0001.jpg,Roy_Halladay/Roy_Halladay_0001.jpg,0,0.02305042
Edward_Greenspan/Edward_Greenspan_0001.jpg,Sidney_Poitier/Sidney_Poitier_0001.jpg,0,0.01116081
Edward_Kennedy/Edward_Kennedy_0001.jpg,Mathilda_Karel_Spak/Mathilda_Karel_Spak_0001.jpg,0,0.09607711
Edward_Kennedy/Edward_Kennedy_0002.jpg,Jennifer_Pena/Jennifer_Pena_0001.jpg,0,0.07185066
Edward_Said/Edward_Said_0001.jpg,Frank_Abagnale_Jr/Frank_Abagnale_Jr_0001.jpg,0,0.05434581
Eminem/Eminem_0001.jpg,Wolfgang_Clement/Wolfgang_Clement_0001.jpg,0,0.20611055
Enrique_Bolanos/Enrique_Bolanos_0004.jpg,Janine_Pietsch/Janine_Pietsch_0001.jpg,0,0.09754583
Enrique_Bolanos/Enrique_Bolanos_0004.jpg,Liam_Neeson/Liam_Neeson_0002.jpg,0,0.14015207
Ernie_Els/Ernie_Els_0002.jpg,Marcus_Allen/Marcus_Allen_0001.jpg,0,-0.04812748
Evgeni_Plushenko/Evgeni_Plushenko_0001.jpg,Queen_Sofia/Queen_Sofia_0001.jpg,0,-0.04843801
Evgeni_Plushenko/Evgeni_Plushenko_0001.jpg,Riek_Blanjaar/Riek_Blanjaar_0001.jpg,0,0.02740548
Franco_Dragone/Franco_Dragone_0002.jpg,Louis_Van_Gaal/Louis_Van_Gaal_0001.jpg,0,0.08820930
Franco_Frattini/Franco_Frattini_0001.jpg,Irina_Lobacheva/Irina_Lobacheva_0001.jpg,0,-0.00942447
Frank_Abagnale_Jr/Frank_Abagnale_Jr_0001.jpg,Nate_Hybl/Nate_Hybl_0001.jpg,0,0.18721591
Frank_Shea/Frank_Shea_0001.jpg,Rob_Moore/Rob_Moore_0001.jpg,0,0.10085331
Frank_Taylor/Frank_Taylor_0001.jpg,Jason_Jennings/Jason_Jennings_0001.jpg,0,0.00656669
Gabriel_Batistuta/Gabriel_Batistuta_0001.jpg,Peter_Costello/Peter_Costello_0001.jpg,0,0.04644585
Gabriel_Jorge_Ferreia/Gabriel_Jorge_Ferreia_0001.jpg,Zulfiqar_Ahmed/Zulfiqar_Ahmed_0001.jpg,0,0.01859372
Gary_Doer/Gary_Doer_0003.jpg,Wang_Hailan/Wang_Hailan_0001.jpg,0,-0.03724845
Gary_Sinise/Gary_Sinise_0001.jpg,Roy_Halladay/Roy_Halladay_0001.jpg,0,0.14674059
Gene_Hackman/Gene_Hackman_0001.jpg,Queen_Noor/Queen_Noor_0001.jpg,0,-0.04415148
Gene_Sauers/Gene_Sauers_0001.jpg,Gina_Centrello/Gina_Centrello_0001.jpg,0,-0.09051208
Geoff_Dixon/Geoff_Dixon_0001.jpg,Jean_Todt/Jean_Todt_0001.jpg,0,0.17571039
George_Allen/George_Allen_0001.jpg,Roy_Halladay/Roy_Halladay_0001.jpg,0,0.06035927
George_Allen/George_Allen_0001.jpg,Wan_Yanhai/Wan_Yanhai_0001.jpg,0,0.19183517
George_Harrison/George_Harrison_0001.jpg,Robert_Lee_Yates_Jr/Robert_Lee_Yates_Jr_0001.jpg,0,0.06892687
Georgi_Parvanov/Georgi_Parvanov_0001.jpg,Luis_Fonsi/Luis_Fonsi_0001.jpg,0,-0.05034629
Gianni_Agnelli/Gianni_Agnelli_0001.jpg,Marco_Irizarry/Marco_Irizarry_0001.jpg,0,0.09808585
Gilberto_Simoni/Gilberto_Simoni_0001.jpg,Julio_Cesar_Chavez/Julio_Cesar_Chavez_0001.jpg,0,0.19400974
Gong_Ruina/Gong_Ruina_0001.jpg,Hong_Myung/Hong_Myung_0001.jpg,0,0.03358750
Gong_Ruina/Gong_Ruina_0001.jpg,Qian_Qichen/Qian_Qichen_0001.jpg,0,0.13618904
Gro_Harlem_Brundtland/Gro_Harlem_Brundtland_0002.jpg,Turner_Gill/Turner_Gill_0001.jpg,0,0.08469425
Hector_Grullon/Hector_Grullon_0001.jpg,Jeong_Se-hyun/Jeong_Se-hyun_0009.jpg,0,0.33439660
Henk_Bekedam/Henk_Bekedam_0001.jpg,Koichi_Haraguchi/Koichi_Haraguchi_0001.jpg,0,0.16790797
Henk_Bekedam/Henk_Bekedam_0001.jpg,Manuel_Gehring/Manuel_Gehring_0001.jpg,0,0.06536385
Henk_Bekedam/Henk_Bekedam_0001.jpg,Michael_Kirby/Michael_Kirby_0001.jpg,0,0.06296986
Hiroki_Gomi/Hiroki_Gomi_0001.jpg,Kenneth_Cooper/Kenneth_Cooper_0001.jpg,0,0.14285240
Hiroki_Gomi/Hiroki_Gomi_0001.jpg,Sophia_Loren/Sophia_Loren_0002.jpg,0,0.13803513
Irina_Lobacheva/Irina_Lobacheva_0001.jpg,Steve_Allan/Steve_Allan_0001.jpg,0,-0.01239076
Ismail_Cem/Ismail_Cem_0001.jpg,Linda_Amicangioli/Linda_Amicangioli_0001.jpg,0,-0.11267198
Jack_Osbourne/Jack_Osbourne_0001.jpg,Kent_McCord/Kent_McCord_0001.jpg,0,-0.00518936
Jack_Straw/Jack_Straw_0001.jpg,Manuel_Gehring/Manuel_Gehring_0001.jpg,0,0.24054913
Jack_Straw/Jack_Straw_0003.jpg,Norman_Mineta/Norman_Mineta_0001.jpg,0,0.06645688
James_Ballenger/James_Ballenger_0001.jpg,Raza_Rabbani/Raza_Rabbani_0001.jpg,0,0.03916609
James_Coviello/James_Coviello_0001.jpg,Judith_Nathan/Judith_Nathan_0001.jpg,0,-0.06117707
James_Coviello/James_Coviello_0001.jpg,Robert_F_Kennedy_Jr/Robert_F_Kennedy_Jr_0001.jpg,0,0.08558994
James_Morris/James_Morris_0002.jpg,Silvio_Fernandez/Silvio_Fernandez_0002.jpg,0,0.08015123
James_Schultz/James_Schultz_0001.jpg,Tim_Curley/Tim_Curley_0001.jpg,0,0.21025129
James_W_Kennedy/James_W_Kennedy_0001.jpg,John_Connolly/John_Connolly_0001.jpg,0,0.20826131
James_W_Kennedy/James_W_Kennedy_0001.jpg,Toutai_Kefu/Toutai_Kefu_0001.jpg,0,0.05713956
James_Williams/James_Williams_0001.jpg,Phillip_Seymor_Hoffmann/Phillip_Seymor_Hoffmann_0001.jpg,0,0.25262511
James_Williams/James_Williams_0001.jpg,Shaun_Pollock/Shaun_Pollock_0001.jpg,0,0.07696285
Jan_Ullrich/Jan_Ullrich_0003.jpg,Javier_Weber/Javier_Weber_0001.jpg,0,0.06534586
Jane_Menelaus/Jane_Menelaus_0001.jpg,Junichiro_Koizumi/Junichiro_Koizumi_0042.jpg,0,-0.00326485
Jane_Menelaus/Jane_Menelaus_0001.jpg,Sophia_Loren/Sophia_Loren_0001.jpg,0,0.10489665
Jason_Petty/Jason_Petty_0001.jpg,Mayumi_Moriyama/Mayumi_Moriyama_0001.jpg,0,-0.16272444
Jean_Todt/Jean_Todt_0001.jpg,Roger_Etchegaray/Roger_Etchegaray_0001.jpg,0,0.07376884
Jennifer_Pena/Jennifer_Pena_0001.jpg,Sonia_Lopez/Sonia_Lopez_0001.jpg,0,0.20599735
Jennifer_Pena/Jennifer_Pena_0001.jpg,Tony_LaRussa/Tony_LaRussa_0001.jpg,0,0.09131567
Jennifer_Rodriguez/Jennifer_Rodriguez_0001.jpg,Terry_Gilliam/Terry_Gilliam_0001.jpg,0,0.01242252
Jennifer_Rodriguez/Jennifer_Rodriguez_0002.jpg,Joanna_Poitier/Joanna_Poitier_0001.jpg,0,0.09134008
Jennifer_Rodriguez/Jennifer_Rodriguez_0002.jpg,Tony_Fernandes/Tony_Fernandes_0001.jpg,0,-0.08799480
Jerome_Golmard/Jerome_Golmard_0001.jpg,Kristin_Chenoweth/Kristin_Chenoweth_0001.jpg,0,0.03150247
Jewel_Howard-Taylor/Jewel_Howard-Taylor_0001.jpg,Ken_Kutaragi/Ken_Kutaragi_0001.jpg,0,0.21492136
Jim_Parque/Jim_Parque_0001.jpg,Michael_Adams/Michael_Adams_0001.jpg,0,0.03623304
Jim_Parque/Jim_Parque_0001.jpg,Rachel_Leigh_Cook/Rachel_Leigh_Cook_0001.jpg,0,0.05136480
Jim_Ryan/Jim_Ryan_0001.jpg,Luis_Berrondo/Luis_Berrondo_0001.jpg,0,0.04777645
Jimmy_Gobble/Jimmy_Gobble_0001.jpg,Robert_De_Niro/Robert_De_Niro_0005.jpg,0,0.10942529
Joan_Collins/Joan_Collins_0001.jpg,Zydrunas_Ilgauskas/Zydrunas_Ilgauskas_0001.jpg,0,-0.05460282
Joan_Jett/Joan_Jett_0001.jpg,Kevin_James/Kevin_James_0001.jpg,0,-0.10017677
Joanna_Poitier/Joanna_Poitier_0001.jpg,Michael_Moore/Michael_Moore_0001.jpg,0,0.04495607
Joe_Lieberman/Joe_Lieberman_0010.jpg,Joe_Mantello/Joe_Mantello_0001.jpg,0,-0.02829800
Johannes_Rau/Johannes_Rau_0001.jpg,Oleksandr_Moroz/Oleksandr_Moroz_0001.jpg,0,0.19120878
John_Connolly/John_Connolly_0001.jpg,Mel_Gibson/Mel_Gibson_0001.jpg,0,0.09237713
John_Connolly/John_Connolly_0001.jpg,Michael_Moore/Michael_Moore_0003.jpg,0,0.11427066
John_Connolly/John_Connolly_0001.jpg,Norman_Mineta/Norman_Mineta_0001.jpg,0,0.26286328
John_Connolly/John_Connolly_0001.jpg,Uzi_Even/Uzi_Even_0001.jpg,0,0.19791380
John_Cruz/John_Cruz_0001.jpg,Sean_Astin/Sean_Astin_0003.jpg,0,0.07915302
John_Cruz/John_Cruz_0001.jpg,Steven_Briggs/Steven_Briggs_0001.jpg,0,0.13519582
John_Hartson/John_Hartson_0001.jpg,Oscar_Elias_Biscet/Oscar_Elias_Biscet_0002.jpg,0,0.06013614
Joseph_Deiss/Joseph_Deiss_0001.jpg,Tony_Fernandes/Tony_Fernandes_0001.jpg,0,0.00416654
Joseph_Lopez/Joseph_Lopez_0001.jpg,Rick_Pitino/Rick_Pitino_0001.jpg,0,0.13635617
Julian_Fantino/Julian_Fantino_0001.jpg,Quin_Snyder/Quin_Snyder_0001.jpg,0,-0.09137666
Julio_Cesar_Chavez/Julio_Cesar_Chavez_0001.jpg,Tom_Brennan/Tom_Brennan_0001.jpg,0,0.02069380
Junichi_Inamoto/Junichi_Inamoto_0001.jpg,Oleg_Romantsev/Oleg_Romantsev_0001.jpg,0,0.12224735
Junichiro_Koizumi/Junichiro_Koizumi_0020.jpg,Tony_Fernandes/Tony_Fernandes_0001.jpg,0,0.08176666
Karen_Clarkson/Karen_Clarkson_0001.jpg,Kristen_Breitweiser/Kristen_Breitweiser_0003.jpg,0,0.04574808
Karol_Kucera/Karol_Kucera_0001.jpg,Qian_Qichen/Qian_Qichen_0001.jpg,0,-0.07283612
Karol_Kucera/Karol_Kucera_0001.jpg,Turner_Gill/Turner_Gill_0001.jpg,0,0.01371094
Katrin_Cartlidge/Katrin_Cartlidge_0001.jpg,Tony_LaRussa/Tony_LaRussa_0001.jpg,0,0.13263960
Keith_Osik/Keith_Osik_0001.jpg,Pupi_Avati/Pupi_Avati_0001.jpg,0,-0.02925418
Kenneth_Cooper/Kenneth_Cooper_0001.jpg,Norman_Mineta/Norman_Mineta_0001.jpg,0,-0.00231362
Kent_McCord/Kent_McCord_0001.jpg,Natasha_Henstridge/Natasha_Henstridge_0001.jpg,0,0.02198954
Kevin_James/Kevin_James_0001.jpg,Roy_Halladay/Roy_Halladay_0001.jpg,0,0.25590122
Kevin_James/Kevin_James_0001.jpg,Suzanne_Haik_Terrell/Suzanne_Haik_Terrell_0001.jpg,0,0.09699283
Kevin_James/Kevin_James_0001.jpg,Yang_Jianli/Yang_Jianli_0001.jpg,0,0.18056712
Kevin_Spacey/Kevin_Spacey_0002.jpg,Ray_Evernham/Ray_Evernham_0001.jpg,0,0.17381744
Koji_Uehara/Koji_Uehara_0001.jpg,Rob_Moore/Rob_Moore_0001.jpg,0,0.06119314
Krishna_Bhadur_Mahara/Krishna_Bhadur_Mahara_0001.jpg,Peter_Holmberg/Peter_Holmberg_0001.jpg,0,0.15886554
Krishna_Bhadur_Mahara/Krishna_Bhadur_Mahara_0001.jpg,Silvio_Fernandez/Silvio_Fernandez_0002.jpg,0,0.19258836
Kristen_Breitweiser/Kristen_Breitweiser_0001.jpg,Tatiana_Shchegoleva/Tatiana_Shchegoleva_0001.jpg,0,0.25747609
Laila_Ali/Laila_Ali_0003.jpg,Tony_Fernandes/Tony_Fernandes_0001.jpg,0,0.21321438
Larry_Johnson/Larry_Johnson_0001.jpg,Terry_Gilliam/Terry_Gilliam_0001.jpg,0,0.05844746
Larry_Johnson/Larry_Johnson_0002.jpg,Marc_Racicot/Marc_Racicot_0001.jpg,0,0.22758886
Larry_Johnson/Larry_Johnson_0002.jpg,Tom_Hanusik/Tom_Hanusik_0001.jpg,0,0.18341948
Lars_Von_Trier/Lars_Von_Trier_0001.jpg,Zhang_Wenkang/Zhang_Wenkang_0002.jpg,0,0.18459541
Leander_Paes/Leander_Paes_0001.jpg,Ralph_Firman/Ralph_Firman_0001.jpg,0,0.11573271
Leo_Ramirez/Leo_Ramirez_0001.jpg,Sabah_Al-Ahmad_Al-Jaber_Al-Sabah/Sabah_Al-Ahmad_Al-Jaber_Al-Sabah_0001.jpg,0,0.09377411
Leonardo_Del_Vecchio/Leonardo_Del_Vecchio_0001.jpg,Maggie_Smith/Maggie_Smith_0001.jpg,0,0.03717092
Leonardo_Del_Vecchio/Leonardo_Del_Vecchio_0001.jpg,Tatiana_Shchegoleva/Tatiana_Shchegoleva_0001.jpg,0,0.06472509
Liam_Neeson/Liam_Neeson_0001.jpg,Paul_Kagame/Paul_Kagame_0002.jpg,0,0.09178887
Lokendra_Bahadur_Chand/Lokendra_Bahadur_Chand_0001.jpg,Steffeny_Holtz/Steffeny_Holtz_0001.jpg,0,0.00565298
Louis_Van_Gaal/Louis_Van_Gaal_0001.jpg,Natasha_Henstridge/Natasha_Henstridge_0001.jpg,0,-0.05405876
Lubomir_Zaoralek/Lubomir_Zaoralek_0001.jpg,Luis_Berrondo/Luis_Berrondo_0001.jpg,0,-0.06808488
Lubomir_Zaoralek/Lubomir_Zaoralek_0001.jpg,William_Umbach/William_Umbach_0001.jpg,0,0.00864678
Luis_Berrondo/Luis_Berrondo_0001.jpg,Rita_Moreno/Rita_Moreno_0002.jpg,0,-0.00057438
Luis_Fonsi/Luis_Fonsi_0001.jpg,Oscar_DLeon/Oscar_DLeon_0001.jpg,0,0.01915278
Luis_Fonsi/Luis_Fonsi_0001.jpg,Steven_Briggs/Steven_Briggs_0001.jpg,0,0.09180666
Luis_Rosario_Huertas/Luis_Rosario_Huertas_0001.jpg,Mary_Steenburgen/Mary_Steenburgen_0002.jpg,0,0.06050724
Makiko_Tanaka/Makiko_Tanaka_0001.jpg,Peter_Greenaway/Peter_Greenaway_0001.jpg,0,0.08101983
Manijeh_Hekmat/Manijeh_Hekmat_0001.jpg,Roger_Winter/Roger_Winter_0001.jpg,0,0.15218732
Manijeh_Hekmat/Manijeh_Hekmat_0001.jpg,T_Boone_Pickens/T_Boone_Pickens_0001.jpg,0,-0.04560856
Marcelo_Salas/Marcelo_Salas_0002.jpg,Tara_VanDerveer/Tara_VanDerveer_0001.jpg,0,0.14143874
Marco_Irizarry/Marco_Irizarry_0001.jpg,Yang_Jianli/Yang_Jianli_0001.jpg,0,0.02860082
Mariangel_Ruiz_Torrealba/Mariangel_Ruiz_Torrealba_0003.jpg,Pupi_Avati/Pupi_Avati_0001.jpg,0,-0.05512801
Marisa_Tomei/Marisa_Tomei_0002.jpg,Peter_Costello/Peter_Costello_0002.jpg,0,-0.10880315
Mark_Polansky/Mark_Polansky_0001.jpg,Miranda_Gaddis/Miranda_Gaddis_0001.jpg,0,0.15793785
Mary_Landrieu/Mary_Landrieu_0003.jpg,Percy_Gibson/Percy_Gibson_0001.jpg,0,0.00599163
Mathilda_Karel_Spak/Mathilda_Karel_Spak_0001.jpg,Mauricio_Macri/Mauricio_Macri_0001.jpg,0,-0.04349782
Mathilda_Karel_Spak/Mathilda_Karel_Spak_0001.jpg,Tamara_Brooks/Tamara_Brooks_0002.jpg,0,-0.00879056
Matt_Welsh/Matt_Welsh_0001.jpg,Randy_Johnson/Randy_Johnson_0001.jpg,0,0.15758637
Mel_Brooks/Mel_Brooks_0002.jpg,Shoshana_Johnson/Shoshana_Johnson_0001.jpg,0,-0.09123478
Michael_Kirby/Michael_Kirby_0001.jpg,Ranil_Wickremasinghe/Ranil_Wickremasinghe_0002.jpg,0,-0.00762455
Michael_Sheehan/Michael_Sheehan_0001.jpg,Robert_Hanssen/Robert_Hanssen_0001.jpg,0,0.03135585
Michel_Duclos/Michel_Duclos_0001.jpg,Quin_Snyder/Quin_Snyder_0001.jpg,0,0.02611331
Michel_Duclos/Michel_Duclos_0001.jpg,Suh_Young-hoon/Suh_Young-hoon_0001.jpg,0,0.16643858
Mike_Gable/Mike_Gable_0001.jpg,Mohamed_Hammam/Mohamed_Hammam_0001.jpg,0,-0.14644194
Mikhail_Khodorkovsky/Mikhail_Khodorkovsky_0001.jpg,Rita_Moreno/Rita_Moreno_0002.jpg,0,0.19110405
Mireya_Moscoso/Mireya_Moscoso_0004.jpg,San_Lan/San_Lan_0001.jpg,0,-0.07855270
Mohamed_Hammam/Mohamed_Hammam_0001.jpg,Roger_Moore/Roger_Moore_0004.jpg,0,0.03689592
Nabil_Shaath/Nabil_Shaath_0003.jpg,Silvie_Cabero/Silvie_Cabero_0001.jpg,0,0.05191478
Naomi_Hayashi/Naomi_Hayashi_0001.jpg,Prakash_Hinduja/Prakash_Hinduja_0001.jpg,0,0.01866812
Natalya_Sazanovich/Natalya_Sazanovich_0001.jpg,Pupi_Avati/Pupi_Avati_0004.jpg,0,-0.12271530
Nikki_Teasley/Nikki_Teasley_0001.jpg,Ryan_Goodman/Ryan_Goodman_0001.jpg,0,-0.00680476
Oleksandr_Moroz/Oleksandr_Moroz_0001.jpg,Robert_De_Niro/Robert_De_Niro_0001.jpg,0,-0.00715720
Oscar_DLeon/Oscar_DLeon_0001.jpg,Steven_Curtis_Chapman/Steven_Curtis_Chapman_0001.jpg,0,-0.02414489
Paul_Byrd/Paul_Byrd_0001.jpg,Wolfgang_Schwarz/Wolfgang_Schwarz_0001.jpg,0,0.07162147
Paul_Wollnough/Paul_Wollnough_0001.jpg,Philip_Cummings/Philip_Cummings_0001.jpg,0,0.13104644
Paul_Wollnough/Paul_Wollnough_0001.jpg,Yuvraj_Singh/Yuvraj_Singh_0001.jpg,0,0.12039305
Penelope_Taylor/Penelope_Taylor_0001.jpg,Wang_Fei/Wang_Fei_0001.jpg,0,0.07689232
Peter_Caruana/Peter_Caruana_0001.jpg,Philip_Cummings/Philip_Cummings_0001.jpg,0,0.10528938
Phillip_Seymor_Hoffmann/Phillip_Seymor_Hoffmann_0001.jpg,Silvio_Fernandez/Silvio_Fernandez_0001.jpg,0,-0.11085629
Phillips_Idowu/Phillips_Idowu_0001.jpg,Prince_Naruhito/Prince_Naruhito_0002.jpg,0,0.00708959
Princess_Masako/Princess_Masako_0002.jpg,Thomas_Wilkens/Thomas_Wilkens_0001.jpg,0,-0.11720695
Quin_Snyder/Quin_Snyder_0001.jpg,Vagit_Alekperov/Vagit_Alekperov_0001.jpg,0,-0.05689763
Ranil_Wickremasinghe/Ranil_Wickremasinghe_0003.jpg,Stacy_Nelson/Stacy_Nelson_0001.jpg,0,0.13853842
Reina_Hayes/Reina_Hayes_0001.jpg,Steffeny_Holtz/Steffeny_Holtz_0001.jpg,0,0.10420477
Rick_Pitino/Rick_Pitino_0003.jpg,Tony_Clement/Tony_Clement_0001.jpg,0,-0.00280965
Ricky_Martin/Ricky_Martin_0002.jpg,Roger_Etchegaray/Roger_Etchegaray_0001.jpg,0,-0.01468943
Robert_F_Kennedy_Jr/Robert_F_Kennedy_Jr_0001.jpg,Ron_Dittemore/Ron_Dittemore_0001.jpg,0,0.05592909
Sidney_Poitier/Sidney_Poitier_0001.jpg,Svend_Aage_Jensby/Svend_Aage_Jensby_0001.jpg,0,0.04702194
Aaron_Tippin/Aaron_Tippin_0001.jpg,Enos_Slaughter/Enos_Slaughter_0001.jpg,0,0.09492283
Aaron_Tippin/Aaron_Tippin_0001.jpg,Juan_Carlos_Ortega/Juan_Carlos_Ortega_0001.jpg,0,0.14130302
Aaron_Tippin/Aaron_Tippin_0001.jpg,Marlon_Devonish/Marlon_Devonish_0001.jpg,0,0.15207016
Adam_Ant/Adam_Ant_0001.jpg,John_Perrota/John_Perrota_0001.jpg,0,-0.02613556
Adam_Ant/Adam_Ant_0001.jpg,Noel_Forgeard/Noel_Forgeard_0001.jpg,0,0.08296973
Adam_Ant/Adam_Ant_0001.jpg,Richard_Regenhard/Richard_Regenhard_0001.jpg,0,0.08154280
Adam_Mair/Adam_Mair_0001.jpg,Daniel_Osorno/Daniel_Osorno_0001.jpg,0,0.09687566
Adoor_Gopalakarishnan/Adoor_Gopalakarishnan_0001.jpg,Nathalia_Gillot/Nathalia_Gillot_0001.jpg,0,0.10073842
Alain_Ducasse/Alain_Ducasse_0001.jpg,Paul_ONeill/Paul_ONeill_0002.jpg,0,-0.06288178
Alan_Greer/Alan_Greer_0001.jpg,Alan_Trammell/Alan_Trammell_0001.jpg,0,-0.09058160
Alan_Greer/Alan_Greer_0001.jpg,Bob_Hayes/Bob_Hayes_0001.jpg,0,-0.14307573
Alan_Trammell/Alan_Trammell_0001.jpg,Heidi_Fleiss/Heidi_Fleiss_0002.jpg,0,0.06844184
Alan_Trammell/Alan_Trammell_0001.jpg,Julie_Taymor/Julie_Taymor_0002.jpg,0,-0.00800743
Aldo_Paredes/Aldo_Paredes_0001.jpg,Suzanne_Mubarak/Suzanne_Mubarak_0001.jpg,0,0.21729118
Aldo_Paredes/Aldo_Paredes_0002.jpg,Zafarullah_Khan_Jamali/Zafarullah_Khan_Jamali_0001.jpg,0,0.03376288
Alecos_Markides/Alecos_Markides_0001.jpg,Darryl_Stingley/Darryl_Stingley_0001.jpg,0,0.09539793
Alecos_Markides/Alecos_Markides_0001.jpg,Wolfgang_Schneiderhan/Wolfgang_Schneiderhan_0001.jpg,0,0.21780494
Alejandro_Avila/Alejandro_Avila_0003.jpg,Benjamin_Franklin/Benjamin_Franklin_0001.jpg,0,0.02628122
Alejandro_Avila/Alejandro_Avila_0003.jpg,Darrell_Porter/Darrell_Porter_0001.jpg,0,0.15148214
Alek_Wek/Alek_Wek_0001.jpg,Barbara_Bodine/Barbara_Bodine_0001.jpg,0,-0.00363776
Alek_Wek/Alek_Wek_0001.jpg,Nasser_al-Kidwa/Nasser_al-Kidwa_0001.jpg,0,0.02449809
Alek_Wek/Alek_Wek_0001.jpg,Ray_Bradbury/Ray_Bradbury_0001.jpg,0,-0.09350626
Alina_Kabaeva/Alina_Kabaeva_0001.jpg,Donald_Trump/Donald_Trump_0001.jpg,0,0.01722261
Alina_Kabaeva/Alina_Kabaeva_0001.jpg,Jayson_Williams/Jayson_Williams_0002.jpg,0,0.01908820
Alyse_Beaupre/Alyse_Beaupre_0001.jpg,Elmar_Brok/Elmar_Brok_0001.jpg,0,0.21867892
Alyse_Beaupre/Alyse_Beaupre_0001.jpg,Helo_Pinheiro/Helo_Pinheiro_0001.jpg,0,-0.06401643
Alyse_Beaupre/Alyse_Beaupre_0001.jpg,Hunter_Bates/Hunter_Bates_0001.jpg,0,0.15675730
Ambrose_Lee/Ambrose_Lee_0001.jpg,Ben_Chandler/Ben_Chandler_0001.jpg,0,-0.02412443
Amy_Gale/Amy_Gale_0001.jpg,Herman_Edwards/Herman_Edwards_0001.jpg,0,-0.13251558
Anastasia_Kelesidou/Anastasia_Kelesidou_0001.jpg,Brendan_Hansen/Brendan_Hansen_0002.jpg,0,0.30321407
Anastasia_Kelesidou/Anastasia_Kelesidou_0001.jpg,Thomas_Wyman/Thomas_Wyman_0002.jpg,0,0.03328621
Andrew_Niccol/Andrew_Niccol_0001.jpg,Prince_Felipe/Prince_Felipe_0001.jpg,0,0.07799885
Andrew_Sabey/Andrew_Sabey_0001.jpg,Federico_Castelan_Sayre/Federico_Castelan_Sayre_0001.jpg,0,-0.10674930
Andrew_Sabey/Andrew_Sabey_0001.jpg,Greg_Rusedski/Greg_Rusedski_0001.jpg,0,0.28653517
Andy_Madikians/Andy_Madikians_0001.jpg,Jon_Gruden/Jon_Gruden_0001.jpg,0,0.09407961
Andy_Madikians/Andy_Madikians_0001.jpg,Pedro_Alvarez/Pedro_Alvarez_0001.jpg,0,0.03902392
Andy_Madikians/Andy_Madikians_0001.jpg,Pierce_Brosnan/Pierce_Brosnan_0001.jpg,0,0.09186432
Andy_Perez/Andy_Perez_0001.jpg,Elena_Dementieva/Elena_Dementieva_0001.jpg,0,0.12989485
Andy_Perez/Andy_Perez_0001.jpg,Stephen_Joseph/Stephen_Joseph_0001.jpg,0,0.03874156
Angie_Martinez/Angie_Martinez_0001.jpg,Ruth_Pearce/Ruth_Pearce_0001.jpg,0,0.06687155
Ann_Godbehere/Ann_Godbehere_0001.jpg,Tom_Watson/Tom_Watson_0001.jpg,0,0.05577016
Anne_McLellan/Anne_McLellan_0001.jpg,Tim_Howard/Tim_Howard_0001.jpg,0,-0.20578019
Annette_Bening/Annette_Bening_0001.jpg,Ross_Verba/Ross_Verba_0001.jpg,0,-0.05969876
Anthony_Hopkins/Anthony_Hopkins_0002.jpg,Orlando_Bloom/Orlando_Bloom_0001.jpg,0,-0.00523237
Antonio_Bernardo/Antonio_Bernardo_0001.jpg,Billy_Donovan/Billy_Donovan_0001.jpg,0,0.12607096
Antonio_Bernardo/Antonio_Bernardo_0001.jpg,Dwain_Kyles/Dwain_Kyles_0001.jpg,0,0.18080346
Antonio_Bernardo/Antonio_Bernardo_0001.jpg,Elizabeth_Hill/Elizabeth_Hill_0001.jpg,0,0.01453728
Antonio_Bernardo/Antonio_Bernardo_0001.jpg,Guy_Hemmings/Guy_Hemmings_0001.jpg,0,0.19006087
Antonio_Bernardo/Antonio_Bernardo_0001.jpg,Kareena_Kapoor/Kareena_Kapoor_0001.jpg,0,-0.09766485
Anzori_Kikalishvili/Anzori_Kikalishvili_0001.jpg,Carlos_Quintanilla_Schmidt/Carlos_Quintanilla_Schmidt_0002.jpg,0,0.20132211
Anzori_Kikalishvili/Anzori_Kikalishvili_0001.jpg,Earl_Fritts/Earl_Fritts_0001.jpg,0,0.30484200
Anzori_Kikalishvili/Anzori_Kikalishvili_0001.jpg,Salman_Rushdie/Salman_Rushdie_0001.jpg,0,-0.01288315
Aram_Adler/Aram_Adler_0001.jpg,Cesar_Gaviria/Cesar_Gaviria_0003.jpg,0,0.04534519
Aram_Adler/Aram_Adler_0001.jpg,Deepa_Mehta/Deepa_Mehta_0001.jpg,0,0.07884389
Arie_Haan/Arie_Haan_0001.jpg,Tony_Parker/Tony_Parker_0002.jpg,0,-0.02279134
Ariel_Sharon/Ariel_Sharon_0030.jpg,David_Ballantyne/David_Ballantyne_0001.jpg,0,0.24920809
Art_Hoffmann/Art_Hoffmann_0002.jpg,Juan_Carlos_Ortega/Juan_Carlos_Ortega_0001.jpg,0,-0.10505650
Atiabet_Ijan_Amabel/Atiabet_Ijan_Amabel_0001.jpg,John_Perrota/John_Perrota_0001.jpg,0,-0.05799686
Augustin_Calleri/Augustin_Calleri_0003.jpg,Lee_Jun/Lee_Jun_0002.jpg,0,-0.09143673
Barry_Nakell/Barry_Nakell_0001.jpg,Maria_Simon/Maria_Simon_0001.jpg,0,-0.12127121
Basdeo_Panday/Basdeo_Panday_0001.jpg,Filippo_Volandri/Filippo_Volandri_0001.jpg,0,0.07767385
Ben_Betts/Ben_Betts_0001.jpg,Kimi_Raikkonen/Kimi_Raikkonen_0003.jpg,0,0.20875350
Ben_Braun/Ben_Braun_0001.jpg,Cecilia_Chang/Cecilia_Chang_0001.jpg,0,-0.07960461
Ben_Braun/Ben_Braun_0001.jpg,Horace_Newcomb/Horace_Newcomb_0001.jpg,0,0.11767849
Ben_Chandler/Ben_Chandler_0001.jpg,Larry_Hagman/Larry_Hagman_0001.jpg,0,-0.00555116
Ben_Lee/Ben_Lee_0001.jpg,Horace_Newcomb/Horace_Newcomb_0001.jpg,0,0.03291007
Ben_Stein/Ben_Stein_0001.jpg,David_Canary/David_Canary_0001.jpg,0,0.12032993
Ben_Stein/Ben_Stein_0001.jpg,Lionel_Richie/Lionel_Richie_0002.jpg,0,0.01434673
Bernadette_Peters/Bernadette_Peters_0001.jpg,Ed_Smart/Ed_Smart_0001.jpg,0,0.08130354
Bertie_Ahern/Bertie_Ahern_0004.jpg,Jim_Leach/Jim_Leach_0001.jpg,0,0.08663082
Bill_OReilly/Bill_OReilly_0001.jpg,Jim_Wessling/Jim_Wessling_0001.jpg,0,0.15496859
Billy_Boyd/Billy_Boyd_0001.jpg,Sid_Caesar/Sid_Caesar_0001.jpg,0,0.17014000
Billy_Donovan/Billy_Donovan_0001.jpg,Brandon_Spann/Brandon_Spann_0001.jpg,0,0.06326370
Billy_Donovan/Billy_Donovan_0001.jpg,Cabas/Cabas_0001.jpg,0,0.30287218
Billy_Donovan/Billy_Donovan_0001.jpg,William_Nessen/William_Nessen_0001.jpg,0,-0.08709698
Binyamin_Ben-Eliezer/Binyamin_Ben-Eliezer_0001.jpg,Jenny_Romero/Jenny_Romero_0001.jpg,0,0.02582135
Bo_Ryan/Bo_Ryan_0002.jpg,Heidi_Fleiss/Heidi_Fleiss_0003.jpg,0,0.03336688
Bob_Beauprez/Bob_Beauprez_0002.jpg,Hedayat_Amin_Arsala/Hedayat_Amin_Arsala_0001.jpg,0,0.10892327
Bob_Beauprez/Bob_Beauprez_0002.jpg,John_Norquist/John_Norquist_0001.jpg,0,0.20102426
Bob_Hayes/Bob_Hayes_0001.jpg,Zhu_Rongji/Zhu_Rongji_0008.jpg,0,0.11922468
Brady_Rodgers/Brady_Rodgers_0001.jpg,Jenna_Elfman/Jenna_Elfman_0001.jpg,0,-0.02688030
Brandon_Larson/Brandon_Larson_0001.jpg,Chita_Rivera/Chita_Rivera_0001.jpg,0,0.07995141
Brendan_Hansen/Brendan_Hansen_0002.jpg,Dorothy_Wilson/Dorothy_Wilson_0001.jpg,0,0.07628126
Caio_Blat/Caio_Blat_0001.jpg,Sanja_Papic/Sanja_Papic_0001.jpg,0,0.06319777
Carlos_Quintanilla_Schmidt/Carlos_Quintanilla_Schmidt_0001.jpg,Nova_Esther_Guthrie/Nova_Esther_Guthrie_0001.jpg,0,0.08848761
Carlos_Quintanilla_Schmidt/Carlos_Quintanilla_Schmidt_0002.jpg,Chris_Thomas/Chris_Thomas_0001.jpg,0,-0.11633874
Carroll_Weimer/Carroll_Weimer_0001.jpg,Chris_Pronger/Chris_Pronger_0001.jpg,0,-0.03267073
Carroll_Weimer/Carroll_Weimer_0001.jpg,Debbie_Reynolds/Debbie_Reynolds_0002.jpg,0,-0.05559896
Cecilia_Bolocco/Cecilia_Bolocco_0001.jpg,John_Perrota/John_Perrota_0001.jpg,0,0.07650410
Cecilia_Bolocco/Cecilia_Bolocco_0001.jpg,Kurt_Schottenheimer/Kurt_Schottenheimer_0001.jpg,0,0.03634432
Celia_Cruz/Celia_Cruz_0001.jpg,Rob_Ramsay/Rob_Ramsay_0001.jpg,0,0.06453478
Charlie_Zaa/Charlie_Zaa_0002.jpg,Theo_Epstein/Theo_Epstein_0002.jpg,0,0.11713597
Chris_Pronger/Chris_Pronger_0001.jpg,Edgar_Savisaar/Edgar_Savisaar_0001.jpg,0,0.22530708
Christian_Longo/Christian_Longo_0002.jpg,David_Carradine/David_Carradine_0001.jpg,0,0.03641245
Christian_Wulff/Christian_Wulff_0002.jpg,Kjell_Magne_Bondevik/Kjell_Magne_Bondevik_0003.jpg,0,0.24558157
Cindy_Klassen/Cindy_Klassen_0001.jpg,Val_Ackerman/Val_Ackerman_0001.jpg,0,0.16561824
Cindy_Taylor/Cindy_Taylor_0001.jpg,Fabian_Vargas/Fabian_Vargas_0001.jpg,0,0.15156262
Claudette_Robinson/Claudette_Robinson_0001.jpg,Eric_Fehr/Eric_Fehr_0001.jpg,0,0.21681234
Clifford_Robinson/Clifford_Robinson_0001.jpg,Magdalena_Maleeva/Magdalena_Maleeva_0002.jpg,0,-0.07177975
Clifford_Robinson/Clifford_Robinson_0001.jpg,Shirley_Jones/Shirley_Jones_0001.jpg,0,0.04883898
Clifford_Robinson/Clifford_Robinson_0001.jpg,Tim_Howard/Tim_Howard_0001.jpg,0,-0.10372755
Colin_Jackson/Colin_Jackson_0001.jpg,Marcelo_Ebrard/Marcelo_Ebrard_0003.jpg,0,0.05378788
Colin_Jackson/Colin_Jackson_0002.jpg,Hunter_Bates/Hunter_Bates_0001.jpg,0,-0.11078957
Columba_Bush/Columba_Bush_0001.jpg,Larry_Anderson/Larry_Anderson_0001.jpg,0,0.16315326
Columba_Bush/Columba_Bush_0001.jpg,Neil_Goldman/Neil_Goldman_0001.jpg,0,-0.10785701
Craig_Fitzgibbon/Craig_Fitzgibbon_0001.jpg,Joe_Dumars/Joe_Dumars_0001.jpg,0,0.11087063
Cristian_Barros/Cristian_Barros_0001.jpg,Steve_Largent/Steve_Largent_0001.jpg,0,-0.11353787
Curtis_Strange/Curtis_Strange_0001.jpg,Kurt_Schottenheimer/Kurt_Schottenheimer_0001.jpg,0,0.03337364
Curtis_Strange/Curtis_Strange_0001.jpg,Raul_Chacon/Raul_Chacon_0001.jpg,0,0.31447589
Dan_Kellner/Dan_Kellner_0001.jpg,Freda_Black/Freda_Black_0001.jpg,0,0.05332864
Dan_LaCoutre/Dan_LaCoutre_0001.jpg,Gustavo_Kuerten/Gustavo_Kuerten_0002.jpg,0,0.23084509
Dan_Monson/Dan_Monson_0001.jpg,Jim_Flaherty/Jim_Flaherty_0001.jpg,0,0.11857229
Dan_Monson/Dan_Monson_0001.jpg,Rafael_Vinoly/Rafael_Vinoly_0001.jpg,0,0.06399324
Darrell_Porter/Darrell_Porter_0002.jpg,Robert_Towne/Robert_Towne_0001.jpg,0,0.11756802
Dave_Campo/Dave_Campo_0002.jpg,Jenny_Romero/Jenny_Romero_0001.jpg,0,0.03279818
David_Ballantyne/David_Ballantyne_0001.jpg,Diana_Taurasi/Diana_Taurasi_0002.jpg,0,-0.07478736
David_Carradine/David_Carradine_0001.jpg,Kobe_Bryant/Kobe_Bryant_0001.jpg,0,0.02985929
David_Dodge/David_Dodge_0001.jpg,Francois_Botha/Francois_Botha_0001.jpg,0,0.21516553
David_Dodge/David_Dodge_0001.jpg,Larry_Anderson/Larry_Anderson_0001.jpg,0,0.08976407
David_Dodge/David_Dodge_0002.jpg,Thomas_Wyman/Thomas_Wyman_0002.jpg,0,0.43650270
David_Heyman/David_Heyman_0001.jpg,Rod_Paige/Rod_Paige_0001.jpg,0,0.15439069
David_Oh/David_Oh_0001.jpg,Desiree_McKenzie/Desiree_McKenzie_0001.jpg,0,0.02777050
David_Oh/David_Oh_0001.jpg,Joe_Garner/Joe_Garner_0001.jpg,0,0.10827489
David_Spade/David_Spade_0002.jpg,Denise_Locke/Denise_Locke_0001.jpg,0,0.02750945
David_Suazo/David_Suazo_0001.jpg,Jane_Krakowski/Jane_Krakowski_0001.jpg,0,0.04966253
David_Wells/David_Wells_0001.jpg,Mary_Hill/Mary_Hill_0001.jpg,0,-0.02880591
David_Wells/David_Wells_0001.jpg,Yannos_Papantoniou/Yannos_Papantoniou_0001.jpg,0,0.00805446
Dawna_LoPiccolo/Dawna_LoPiccolo_0001.jpg,Jean-Claude_Juncker/Jean-Claude_Juncker_0002.jpg,0,0.13892692
Debbie_Reynolds/Debbie_Reynolds_0001.jpg,Nick_Nolte/Nick_Nolte_0001.jpg,0,-0.05340111
Deniz_Baykal/Deniz_Baykal_0001.jpg,Kathy_Bates/Kathy_Bates_0001.jpg,0,0.15394963
Deniz_Baykal/Deniz_Baykal_0001.jpg,Robin_Wagner/Robin_Wagner_0001.jpg,0,-0.02493359
Desiree_McKenzie/Desiree_McKenzie_0001.jpg,John_Danforth/John_Danforth_0001.jpg,0,-0.10398558
Dick_Devine/Dick_Devine_0001.jpg,Michael_Jackson/Michael_Jackson_0009.jpg,0,0.15498894
Dinora_Rosales/Dinora_Rosales_0001.jpg,Robbie_Fowler/Robbie_Fowler_0001.jpg,0,-0.19811329
Dirk_Kempthorne/Dirk_Kempthorne_0001.jpg,Janusz_Kaminski/Janusz_Kaminski_0001.jpg,0,-0.15407835
Donald_Evans/Donald_Evans_0002.jpg,Fred_Funk/Fred_Funk_0002.jpg,0,0.17047557
Dorothy_Wilson/Dorothy_Wilson_0001.jpg,Jim_Thome/Jim_Thome_0001.jpg,0,0.07971489
Drew_Gooden/Drew_Gooden_0001.jpg,Kimi_Raikkonen/Kimi_Raikkonen_0003.jpg,0,0.08855182
Dwain_Kyles/Dwain_Kyles_0001.jpg,Gregory_Peck/Gregory_Peck_0001.jpg,0,0.07249899
Ed_Smart/Ed_Smart_0003.jpg,Jason_Gardner/Jason_Gardner_0001.jpg,0,0.00905491
Edgar_Savisaar/Edgar_Savisaar_0001.jpg,Kirk_Doerger/Kirk_Doerger_0001.jpg,0,0.12874739
Edward_Burns/Edward_Burns_0001.jpg,Paul_ONeill/Paul_ONeill_0001.jpg,0,0.05258466
Elmar_Brok/Elmar_Brok_0001.jpg,Jose_Jose/Jose_Jose_0001.jpg,0,0.01497679
Emily_Mortimer/Emily_Mortimer_0001.jpg,Maria_Simon/Maria_Simon_0001.jpg,0,0.09628411
Enos_Slaughter/Enos_Slaughter_0001.jpg,Qais_al-Kazali/Qais_al-Kazali_0001.jpg,0,-0.02010053
Eric_Fehr/Eric_Fehr_0001.jpg,Lee_Jun/Lee_Jun_0002.jpg,0,-0.00462865
Eric_Fehr/Eric_Fehr_0001.jpg,Tamara_Mowry/Tamara_Mowry_0001.jpg,0,0.01037289
Faisal_Saleh_Hayat/Faisal_Saleh_Hayat_0001.jpg,Marwan_Barghouthi/Marwan_Barghouthi_0001.jpg,0,0.20509261
Federico_Castelan_Sayre/Federico_Castelan_Sayre_0001.jpg,Jimmy_Jimenez/Jimmy_Jimenez_0001.jpg,0,0.09573164
Fiona_Milne/Fiona_Milne_0001.jpg,Hartmut_Mehdorn/Hartmut_Mehdorn_0001.jpg,0,0.07393387
Fiona_Milne/Fiona_Milne_0001.jpg,Josh_Kronfeld/Josh_Kronfeld_0001.jpg,0,0.03769612
Floyd_Keith/Floyd_Keith_0001.jpg,Halle_Berry/Halle_Berry_0001.jpg,0,-0.00682632
Franklin_Brown/Franklin_Brown_0001.jpg,Michael_Jackson/Michael_Jackson_0010.jpg,0,0.37001878
Franklin_Brown/Franklin_Brown_0001.jpg,Tamara_Mowry/Tamara_Mowry_0001.jpg,0,-0.12214403
Franklin_Brown/Franklin_Brown_0001.jpg,Yolanda_King/Yolanda_King_0001.jpg,0,0.20123316
Freda_Black/Freda_Black_0001.jpg,Rod_Paige/Rod_Paige_0001.jpg,0,0.01946285
Fruit_Chan/Fruit_Chan_0001.jpg,Kjell_Magne_Bondevik/Kjell_Magne_Bondevik_0003.jpg,0,0.13480124
Gary_Winnick/Gary_Winnick_0001.jpg,Michael_Patrick_King/Michael_Patrick_King_0002.jpg,0,0.10607275
George_Robertson/George_Robertson_0005.jpg,Robbie_Mc_Ewen/Robbie_Mc_Ewen_0001.jpg,0,0.04223653
Gloria_Trevi/Gloria_Trevi_0004.jpg,William_Ragland/William_Ragland_0001.jpg,0,0.16247851
Grace_Dodd/Grace_Dodd_0001.jpg,Henrique_Meirelles/Henrique_Meirelles_0001.jpg,0,0.00298988
Graeme_Lloyd/Graeme_Lloyd_0001.jpg,Humberto_Coelho/Humberto_Coelho_0001.jpg,0,-0.05036761
Graeme_Lloyd/Graeme_Lloyd_0001.jpg,Laura_Pausini/Laura_Pausini_0001.jpg,0,0.12306814
Greg_Rusedski/Greg_Rusedski_0002.jpg,Horace_Newcomb/Horace_Newcomb_0001.jpg,0,0.03690863
Greg_Rusedski/Greg_Rusedski_0003.jpg,Javier_Bardem/Javier_Bardem_0001.jpg,0,0.06487770
Greg_Rusedski/Greg_Rusedski_0003.jpg,Marcos_Milinkovic/Marcos_Milinkovic_0001.jpg,0,0.05803723
Gregory_Peck/Gregory_Peck_0001.jpg,Jacqueline_Obradors/Jacqueline_Obradors_0001.jpg,0,0.09450111
Guillermo_Ruiz_Polanco/Guillermo_Ruiz_Polanco_0001.jpg,Jon_Constance/Jon_Constance_0001.jpg,0,0.03813130
Gustavo_Kuerten/Gustavo_Kuerten_0001.jpg,Rani_Mukherjee/Rani_Mukherjee_0001.jpg,0,-0.05806112
Halle_Berry/Halle_Berry_0012.jpg,Janet_Chandler/Janet_Chandler_0001.jpg,0,0.06810196
Hartmut_Mehdorn/Hartmut_Mehdorn_0001.jpg,Natanaela_Barnova/Natanaela_Barnova_0001.jpg,0,0.13768241
Hartmut_Mehdorn/Hartmut_Mehdorn_0001.jpg,Sanja_Papic/Sanja_Papic_0001.jpg,0,-0.04865189
Hartmut_Mehdorn/Hartmut_Mehdorn_0001.jpg,Svetlana_Belousova/Svetlana_Belousova_0001.jpg,0,-0.00145243
Haydar_Aliyev/Haydar_Aliyev_0001.jpg,Nuon_Chea/Nuon_Chea_0001.jpg,0,0.28286958
Heather_Willson/Heather_Willson_0001.jpg,Lynn_Redgrave/Lynn_Redgrave_0003.jpg,0,0.03248124
Hector_Mitelman/Hector_Mitelman_0001.jpg,Jon_Gruden/Jon_Gruden_0002.jpg,0,0.13608980
Helo_Pinheiro/Helo_Pinheiro_0001.jpg,Robert_Durst/Robert_Durst_0001.jpg,0,0.08083127
Herman_Edwards/Herman_Edwards_0001.jpg,Patrick_Eaves/Patrick_Eaves_0001.jpg,0,0.06547735
Hermogenes_Ebdane_Jr/Hermogenes_Ebdane_Jr_0001.jpg,Sanja_Papic/Sanja_Papic_0001.jpg,0,-0.05895951
Horace_Newcomb/Horace_Newcomb_0001.jpg,Stephan_Eberharter/Stephan_Eberharter_0001.jpg,0,0.11990742
Hugo_Colace/Hugo_Colace_0001.jpg,Kim_Yun-kyu/Kim_Yun-kyu_0001.jpg,0,0.03476526
Humberto_Coelho/Humberto_Coelho_0001.jpg,Sue_Wicks/Sue_Wicks_0002.jpg,0,-0.07522094
Hunter_Bates/Hunter_Bates_0001.jpg,Pedro_Alvarez/Pedro_Alvarez_0001.jpg,0,0.06012052
Hunter_Bates/Hunter_Bates_0001.jpg,William_Rosenberg/William_Rosenberg_0001.jpg,0,-0.12337682
Igor_Trunov/Igor_Trunov_0001.jpg,Peter_Sejna/Peter_Sejna_0001.jpg,0,0.07472699
Ivan_Stambolic/Ivan_Stambolic_0001.jpg,Michael_Bloomberg/Michael_Bloomberg_0018.jpg,0,0.12016368
Jack_LaLanne/Jack_LaLanne_0001.jpg,Yves_Brodeur/Yves_Brodeur_0001.jpg,0,0.06045000
Jacqueline_Obradors/Jacqueline_Obradors_0001.jpg,Julie_Taymor/Julie_Taymor_0001.jpg,0,0.08292034
Jada_Pinkett_Smith/Jada_Pinkett_Smith_0002.jpg,Jenny_Romero/Jenny_Romero_0001.jpg,0,0.09782451
James_Cunningham/James_Cunningham_0003.jpg,Stephen_Daldry/Stephen_Daldry_0001.jpg,0,0.10298288
James_Gibson/James_Gibson_0001.jpg,Roger_Corbett/Roger_Corbett_0001.jpg,0,0.09084223
James_Parker/James_Parker_0001.jpg,Saeed_Mortazavi/Saeed_Mortazavi_0001.jpg,0,0.05520687
Jane_Krakowski/Jane_Krakowski_0001.jpg,Shingo_Suetsugu/Shingo_Suetsugu_0001.jpg,0,0.04496852
Janice_Goldfinger/Janice_Goldfinger_0001.jpg,Pyar_Jung_Thapa/Pyar_Jung_Thapa_0001.jpg,0,-0.05455848
Janusz_Kaminski/Janusz_Kaminski_0001.jpg,Lisa_Stone/Lisa_Stone_0001.jpg,0,0.02444181
Jason_Lezak/Jason_Lezak_0001.jpg,John_Bolton/John_Bolton_0004.jpg,0,-0.07866591
Jason_Lezak/Jason_Lezak_0001.jpg,Simon_Cowell/Simon_Cowell_0001.jpg,0,0.09696886
Javier_Vazquez/Javier_Vazquez_0001.jpg,Karin_Stoiber/Karin_Stoiber_0002.jpg,0,-0.06340609
Jay_Rasulo/Jay_Rasulo_0001.jpg,Nova_Esther_Guthrie/Nova_Esther_Guthrie_0001.jpg,0,0.27484703
Jean-Marc_Olive/Jean-Marc_Olive_0001.jpg,John_Timoney/John_Timoney_0001.jpg,0,0.22313362
Jean-Marc_Olive/Jean-Marc_Olive_0001.jpg,Tino_Martinez/Tino_Martinez_0001.jpg,0,0.10990420
Jeri_Ryan/Jeri_Ryan_0001.jpg,Nova_Esther_Guthrie/Nova_Esther_Guthrie_0001.jpg,0,0.07132813
Jeri_Ryan/Jeri_Ryan_0001.jpg,Peter_Goldmark/Peter_Goldmark_0001.jpg,0,0.14617717
Jeri_Ryan/Jeri_Ryan_0001.jpg,Scott_Sullivan/Scott_Sullivan_0002.jpg,0,-0.01564627
Jeri_Ryan/Jeri_Ryan_0001.jpg,Skip_Prosser/Skip_Prosser_0001.jpg,0,0.05127408
Jesse_James_Leija/Jesse_James_Leija_0002.jpg,Joaquin_Phoenix/Joaquin_Phoenix_0001.jpg,0,0.30461568
Jesse_James_Leija/Jesse_James_Leija_0002.jpg,Nick_Nolte/Nick_Nolte_0004.jpg,0,0.07946754
Jesse_Ventura/Jesse_Ventura_0002.jpg,Lela_Rochon/Lela_Rochon_0001.jpg,0,0.01942019
Jessica_Biel/Jessica_Biel_0001.jpg,Jim_Fassel/Jim_Fassel_0001.jpg,0,0.03415968
Jim_Flaherty/Jim_Flaherty_0001.jpg,Mark_Andrew/Mark_Andrew_0001.jpg,0,0.08976366
Jim_Tressel/Jim_Tressel_0003.jpg,Ralf_Schumacher/Ralf_Schumacher_0003.jpg,0,0.16123655
Jimmy_Jimenez/Jimmy_Jimenez_0001.jpg,Miles_Stewart/Miles_Stewart_0001.jpg,0,-0.04300985
Jimmy_Lee/Jimmy_Lee_0001.jpg,Nova_Esther_Guthrie/Nova_Esther_Guthrie_0001.jpg,0,0.08412886
Joan_Laporta/Joan_Laporta_0003.jpg,Roy_Romanow/Roy_Romanow_0001.jpg,0,0.07423584
Joaquin_Phoenix/Joaquin_Phoenix_0001.jpg,Rainer_Geulen/Rainer_Geulen_0001.jpg,0,-0.02622745
Joe_Dumars/Joe_Dumars_0002.jpg,Timothy_McVeigh/Timothy_McVeigh_0001.jpg,0,0.05216334
John_Bolton/John_Bolton_0014.jpg,Kim_Yun-kyu/Kim_Yun-kyu_0001.jpg,0,0.12644917
John_Kerr/John_Kerr_0001.jpg,Li_Changchun/Li_Changchun_0001.jpg,0,-0.02458757
John_Swofford/John_Swofford_0002.jpg,Sok_An/Sok_An_0001.jpg,0,0.04066780
Juan_Fernandez/Juan_Fernandez_0001.jpg,Paul_Krueger/Paul_Krueger_0001.jpg,0,-0.07519470
Juan_Fernandez/Juan_Fernandez_0001.jpg,Suzanne_Mubarak/Suzanne_Mubarak_0001.jpg,0,0.10827252
Justin_Wilson/Justin_Wilson_0001.jpg,Larry_Hagman/Larry_Hagman_0001.jpg,0,-0.16499466
Justin_Wilson/Justin_Wilson_0001.jpg,Ray_Bradbury/Ray_Bradbury_0001.jpg,0,0.10489079
Kara_Lynn_Joyce/Kara_Lynn_Joyce_0001.jpg,Zach_Pillar/Zach_Pillar_0001.jpg,0,-0.04317559
Kim_Chinn/Kim_Chinn_0001.jpg,Robert_Flodquist/Robert_Flodquist_0001.jpg,0,-0.09356362
Kim_Chinn/Kim_Chinn_0001.jpg,Ruth_Harlow/Ruth_Harlow_0002.jpg,0,0.22198778
Kim_Yong-il/Kim_Yong-il_0002.jpg,Linda_Ham/Linda_Ham_0001.jpg,0,0.08139431
Kwon_Yang-sook/Kwon_Yang-sook_0003.jpg,Tommy_Robredo/Tommy_Robredo_0001.jpg,0,-0.00218251
Lane_Bryant/Lane_Bryant_0001.jpg,Yannos_Papantoniou/Yannos_Papantoniou_0001.jpg,0,0.04223891
Larry_Hagman/Larry_Hagman_0001.jpg,Teddy_Kollek/Teddy_Kollek_0001.jpg,0,0.16917117
Larry_Hagman/Larry_Hagman_0001.jpg,Val_Ackerman/Val_Ackerman_0001.jpg,0,0.20090199
Laura_Gobai/Laura_Gobai_0001.jpg,Robin_Wagner/Robin_Wagner_0001.jpg,0,0.07207498
Laura_Pausini/Laura_Pausini_0001.jpg,Thad_Matta/Thad_Matta_0001.jpg,0,-0.12782067
Laura_Romero/Laura_Romero_0001.jpg,Paula_Zahn/Paula_Zahn_0002.jpg,0,-0.10074712
Lee_Jun/Lee_Jun_0001.jpg,Ruth_Pearce/Ruth_Pearce_0001.jpg,0,0.19449872
Lee_Jun/Lee_Jun_0002.jpg,Stephen_Friedman/Stephen_Friedman_0001.jpg,0,-0.06041789
Lela_Rochon/Lela_Rochon_0001.jpg,Michael_Haneke/Michael_Haneke_0001.jpg,0,0.11852331
Lela_Rochon/Lela_Rochon_0001.jpg,Yannos_Papantoniou/Yannos_Papantoniou_0001.jpg,0,0.11922812
Lesley_Flood/Lesley_Flood_0001.jpg,Peter_Goldmark/Peter_Goldmark_0001.jpg,0,0.05495665
Li_Changchun/Li_Changchun_0001.jpg,Pieter_Bouw/Pieter_Bouw_0001.jpg,0,0.18029021
Lina_Krasnoroutskaya/Lina_Krasnoroutskaya_0001.jpg,Troy_Polamalu/Troy_Polamalu_0001.jpg,0,0.04794719
Linda_Lingle/Linda_Lingle_0001.jpg,Victor_Hanescu/Victor_Hanescu_0001.jpg,0,0.16603814
Lisa_Stone/Lisa_Stone_0001.jpg,Rod_Paige/Rod_Paige_0001.jpg,0,0.05123322
Lisa_Stone/Lisa_Stone_0001.jpg,Scott_Sullivan/Scott_Sullivan_0002.jpg,0,-0.04779384
Lou_Lang/Lou_Lang_0001.jpg,Nova_Esther_Guthrie/Nova_Esther_Guthrie_0001.jpg,0,0.23682103
Luc_Montagnier/Luc_Montagnier_0001.jpg,Paul_Krueger/Paul_Krueger_0001.jpg,0,0.12871543
Luc_Montagnier/Luc_Montagnier_0001.jpg,Pedro_Alvarez/Pedro_Alvarez_0001.jpg,0,0.23014817
Luc_Montagnier/Luc_Montagnier_0001.jpg,Pierre_Pettigrew/Pierre_Pettigrew_0002.jpg,0,0.10966827
Luis_Guzman/Luis_Guzman_0001.jpg,Patsy_Kensit/Patsy_Kensit_0001.jpg,0,-0.02653264
Marcelo_Ebrard/Marcelo_Ebrard_0002.jpg,Mike_Scioscia/Mike_Scioscia_0002.jpg,0,0.34137401
Marcelo_Rios/Marcelo_Rios_0004.jpg,Maria_Shriver/Maria_Shriver_0003.jpg,0,0.11055712
Marcelo_Rios/Marcelo_Rios_0004.jpg,Pierre_Pettigrew/Pierre_Pettigrew_0001.jpg,0,-0.13174628
Marcelo_Rios/Marcelo_Rios_0004.jpg,Saeed_Mortazavi/Saeed_Mortazavi_0001.jpg,0,0.01167609
Margaret_Thatcher/Margaret_Thatcher_0001.jpg,Pedro_Alvarez/Pedro_Alvarez_0001.jpg,0,0.17274833
Margaret_Thatcher/Margaret_Thatcher_0001.jpg,Salman_Rushdie/Salman_Rushdie_0002.jpg,0,0.09411849
Maria_Simon/Maria_Simon_0001.jpg,Mona_Rishmawi/Mona_Rishmawi_0001.jpg,0,0.09434828
Maria_Simon/Maria_Simon_0001.jpg,Robert_Durst/Robert_Durst_0001.jpg,0,0.02696846
Marlon_Devonish/Marlon_Devonish_0001.jpg,Patrick_Clawsen/Patrick_Clawsen_0001.jpg,0,0.15625663
Max_von_Sydow/Max_von_Sydow_0001.jpg,Zhu_Rongji/Zhu_Rongji_0001.jpg,0,0.12792973
Mel_Karmazin/Mel_Karmazin_0001.jpg,Pierre_Pettigrew/Pierre_Pettigrew_0001.jpg,0,0.31179509
Melana_Scantlin/Melana_Scantlin_0001.jpg,William_Ragland/William_Ragland_0001.jpg,0,0.03862904
Michael_Bloomberg/Michael_Bloomberg_0015.jpg,Ozzy_Osbourne/Ozzy_Osbourne_0002.jpg,0,0.26306182
Michael_J_Fox/Michael_J_Fox_0001.jpg,Ricky_Barnes/Ricky_Barnes_0001.jpg,0,0.07144587
Michael_J_Fox/Michael_J_Fox_0001.jpg,Thomas_Daily/Thomas_Daily_0001.jpg,0,0.16881725
Micky_Ward/Micky_Ward_0001.jpg,Takenori_Kanzaki/Takenori_Kanzaki_0001.jpg,0,0.12801361
Mike_Babcock/Mike_Babcock_0001.jpg,Tony_Parker/Tony_Parker_0002.jpg,0,-0.12763989
Mike_Martz/Mike_Martz_0005.jpg,William_Burns/William_Burns_0001.jpg,0,0.22014809
Mira_Sorvino/Mira_Sorvino_0001.jpg,Simon_Cowell/Simon_Cowell_0002.jpg,0,0.13576876
Mira_Sorvino/Mira_Sorvino_0001.jpg,Tom_Tunney/Tom_Tunney_0001.jpg,0,0.12625110
Miroljub/Miroljub_0002.jpg,Theo_Epstein/Theo_Epstein_0001.jpg,0,0.02002021
Mitzi_Gaynor/Mitzi_Gaynor_0001.jpg,Ruth_Harlow/Ruth_Harlow_0001.jpg,0,0.12250778
Mohammed_Dahlan/Mohammed_Dahlan_0001.jpg,Ronald_White/Ronald_White_0001.jpg,0,0.27476934
Natanaela_Barnova/Natanaela_Barnova_0001.jpg,Nuon_Chea/Nuon_Chea_0001.jpg,0,0.20122331
Noel_Forgeard/Noel_Forgeard_0001.jpg,Zach_Pillar/Zach_Pillar_0001.jpg,0,-0.03981102
Normand_Legault/Normand_Legault_0001.jpg,Omar_Vizquel/Omar_Vizquel_0001.jpg,0,-0.02715237
Normand_Legault/Normand_Legault_0001.jpg,Rupert_Grint/Rupert_Grint_0003.jpg,0,0.05476449
Nova_Esther_Guthrie/Nova_Esther_Guthrie_0001.jpg,Stephen_Joseph/Stephen_Joseph_0001.jpg,0,-0.08144641
Ontario_Lett/Ontario_Lett_0001.jpg,Wallace_Capel/Wallace_Capel_0001.jpg,0,-0.03919718
Orlando_Bloom/Orlando_Bloom_0001.jpg,Ray_Liotta/Ray_Liotta_0001.jpg,0,0.11576697
Patrick_Clawsen/Patrick_Clawsen_0001.jpg,Sandra_Banning/Sandra_Banning_0001.jpg,0,0.20129406
Paul_Coppin/Paul_Coppin_0002.jpg,Rick_Husband/Rick_Husband_0001.jpg,0,0.04955819
Paul_Murphy/Paul_Murphy_0001.jpg,Qazi_Hussain_Ahmed/Qazi_Hussain_Ahmed_0001.jpg,0,0.24111709
Paul_Newman/Paul_Newman_0001.jpg,Robert_Blake/Robert_Blake_0003.jpg,0,0.08038136
Paula_Zahn/Paula_Zahn_0001.jpg,Tamara_Mowry/Tamara_Mowry_0001.jpg,0,-0.06145572
Peter_Ahearn/Peter_Ahearn_0001.jpg,Romain_Duris/Romain_Duris_0001.jpg,0,0.00869146
Peter_Gabriel/Peter_Gabriel_0001.jpg,Peter_OToole/Peter_OToole_0001.jpg,0,-0.04023162
Peter_Lundgren/Peter_Lundgren_0001.jpg,William_Rosenberg/William_Rosenberg_0001.jpg,0,0.19192520
Peter_OToole/Peter_OToole_0001.jpg,Qazi_Afzal/Qazi_Afzal_0001.jpg,0,0.08398934
Qais_al-Kazali/Qais_al-Kazali_0001.jpg,Ringo_Starr/Ringo_Starr_0001.jpg,0,0.16044347
Randy_Brown/Randy_Brown_0001.jpg,Val_Ackerman/Val_Ackerman_0001.jpg,0,0.02588499
Rani_Mukherjee/Rani_Mukherjee_0001.jpg,Timothy_McVeigh/Timothy_McVeigh_0001.jpg,0,0.06671631
Ringo_Starr/Ringo_Starr_0001.jpg,Zach_Pillar/Zach_Pillar_0001.jpg,0,0.16955452
Roger_Corbett/Roger_Corbett_0001.jpg,Tocker_Pudwill/Tocker_Pudwill_0001.jpg,0,-0.00127190
Ruth_Harlow/Ruth_Harlow_0001.jpg,Virgina_Ruano_Pascal/Virgina_Ruano_Pascal_0001.jpg,0,0.20836249
Sandra_Banning/Sandra_Banning_0001.jpg,Wolfgang_Schneiderhan/Wolfgang_Schneiderhan_0001.jpg,0,0.04952926
Scott_Wolf/Scott_Wolf_0002.jpg,Troy_Polamalu/Troy_Polamalu_0001.jpg,0,0.11854945
Sergei_Alexandrovitch_Ordzhonikidze/Sergei_Alexandrovitch_Ordzhonikidze_0001.jpg,Yolanda_King/Yolanda_King_0001.jpg,0,0.08334161
Shane_Loux/Shane_Loux_0001.jpg,Val_Ackerman/Val_Ackerman_0001.jpg,0,0.04365795
Shawn_Marion/Shawn_Marion_0001.jpg,Shirley_Jones/Shirley_Jones_0001.jpg,0,-0.05030654
Slobodan_Milosevic/Slobodan_Milosevic_0002.jpg,Sok_An/Sok_An_0001.jpg,0,0.30027544
